timestamp,BOROS_collateral,BOROS_size,BOROS_entry_rate,BOROS_realized_settlements,BOROS_liquidation_count,PT_amount,PT_cash,PT_py_index_high,LENDING_collateral,LENDING_borrowed,LENDING_liquidation_count,BOROS_seconds_to_expiry,BOROS_mark_rate,BOROS_funding_rate,BOROS_funding_period_seconds,BOROS_underlying_price,PT_seconds_to_expiry,PT_implied_apy,PT_asset_price,PT_sy_exchange_rate,PT_total_pt,PT_total_sy,PT_scalar_root,PT_ln_fee_rate_root,LENDING_collateral_price,LENDING_debt_price,LENDING_lending_rate,LENDING_borrowing_rate,LENDING_collateral_market_price,BOROS_balance,PT_balance,LENDING_balance,net_balance
2026-08-19 20:00:00+00:00,19953.801870643558,119.5640653312598,0.03450032025651831,0.0,0,0.0,0.0,1.2441364215420931,348531.53534512187,265200.2707486541,0,10987200.0,0.03450032025651831,0.0,3600.0,2218.06,8481600.0,0.040694709285520325,1.0,1.2441364215420931,354847.60764505167,1408834.7914777456,57.6,0.00098686,0.9893293421882834,1.0,0.0,1.1395771956e-06,0.9893293421882834,19953.801870643558,0.0,79612.20384620776,99566.00571685132
2026-08-19 21:00:00+00:00,19952.69415609162,119.5640653312598,0.03450032025651831,-1.107714551935904,0,0.0,0.0,1.2441425890144167,348531.53534512187,265200.57210481784,0,10983600.0,0.03450032025651831,0.0,3600.0,2286.12,8478000.0,0.04156548732933896,1.0,1.2441425890144167,369479.50375203026,1397202.7228864972,57.6,0.00098686,0.9891114222210942,1.0,0.0,1.1363336532e-06,0.9891114222210942,19952.69415609162,0.0,79535.9505092972,99488.64466538881
2026-08-19 22:00:00+00:00,19951.604132062617,119.5640653312598,0.03450032025651831,-2.197738580937238,0,0.0,0.0,1.2441488732044477,348531.53534512187,265200.87260483037,0,10980000.0,0.03450032025651831,0.0,3600.0,2249.61,8474400.0,0.041565487356992836,1.0,1.2441488732044477,369479.50375203026,1397202.7228864972,57.6,0.00098686,0.9891160205605546,1.0,0.0,1.13310405e-06,0.9891160205605546,19951.604132062617,0.0,79537.25267559686,99488.85680765947
2026-08-19 23:00:00+00:00,19950.512872458883,119.5640653312598,0.03450032025651831,-3.28899818467106,0,0.0,0.0,1.2441551570420277,348531.53534512187,265201.1734275308,0,10976400.0,0.03450032025651831,0.0,3600.0,2252.16,8470800.0,0.041565487384669586,1.0,1.2441551570420277,369479.50375203026,1397202.7228864972,57.6,0.00098686,0.9891206189213926,1.0,0.0,1.1343195324e-06,0.9891206189213926,19950.512872458883,0.0,79538.55452665937,99489.06739911826
2026-08-20 00:00:00+00:00,19976.458795008002,119.5640653312598,0.03450032025651831,22.656924364449303,0,0.0,0.0,1.244161403467852,348531.53534512187,265201.4733981374,0,10972800.0,0.03450032025651831,0.0001,3600.0,2261.7,8467200.0,0.04185262641504628,1.0,1.244161403467852,380094.5698271166,1414457.0983985104,57.6,0.00098686,0.989052016783787,1.0,0.0,1.13110524e-06,0.989052016783787,19976.458795008002,0.0,79514.34454770514,99490.80334271314
2026-08-20 01:00:00+00:00,19975.36098928088,119.5640653312598,0.03450032025651831,21.559118637328844,0,0.0,0.0,1.24416757923385,348531.53534512187,265201.7676454547,0,10969200.0,0.03450032025651831,0.0,3600.0,2265.67,8463600.0,0.04267780591551751,1.0,1.24416757923385,394752.80734798824,1402807.4446993168,57.6,0.00098686,0.9888465132187219,1.0,0.0,1.1095230743999999e-06,0.9888465132187219,19975.36098928088,0.0,79442.42582733679,99417.78681661768
2026-08-20 02:00:00+00:00,19974.270151226174,119.5640653312598,0.03450032025651831,20.4682805826214,0,0.0,0.0,1.2441738428056166,348531.53534512187,265202.0610563439,0,10965600.0,0.03450032025651831,0.0,3600.0,2251.29,8460000.0,0.04267780594402226,1.0,1.2441738428056166,394752.80734798824,1402807.4446993168,57.6,0.00098686,0.9888512308127273,1.0,0.0,1.1063679156000001e-06,0.9888512308127273,19974.270151226174,0.0,79443.77664672944,99418.04679795561
2026-08-20 03:00:00+00:00,19973.179521523285,119.5640653312598,0.03450032025651831,19.37765087973159,0,0.0,0.0,1.2441801273851245,348531.53534512187,265202.3536344063,0,10962000.0,0.03450032025651831,0.0,3600.0,2250.86,8456400.0,0.04267780597255211,1.0,1.2441801273851245,394752.80734798824,1402807.4446993168,57.6,0.00098686,0.9888559484292393,1.0,0.0,1.1032263468000001e-06,0.9888559484292393,19973.179521523285,0.0,79445.1283067931,99418.30782831639
2026-08-20 04:00:00+00:00,19972.089405431852,119.5640653312598,0.03450032025651831,18.287534788299208,0,0.0,0.0,1.2441864158971563,348531.53534512187,265202.64538324514,0,10958400.0,0.03737414393489906,0.0,3600.0,2249.8,8452800.0,0.04267780600110571,1.0,1.2441864158971563,394752.80734798824,1402807.4446993168,57.6,0.00098686,0.9888606660682582,1.0,0.0,1.1000983752000001e-06,0.9888606660682582,20240.71367421288,0.0,79446.48080392473,99687.19447813761
2026-08-20 05:00:00+00:00,19971.000219655514,119.5640653312598,0.03450032025651831,17.19834901195952,0,0.0,0.0,1.2441927088217657,348531.53534512187,265202.93630646175,0,10954800.0,0.03737414393489906,0.0,3600.0,2247.88,8449200.0,0.042677806029683296,1.0,1.2441927088217657,394752.80734798824,1402807.4446993168,57.6,0.00098686,0.9888653837297842,1.0,0.0,1.0969839936e-06,0.9888653837297842,20239.30707019564,0.0,79447.834134523,99687.14120471865
2026-08-20 06:00:00+00:00,19969.90414373302,119.5640653312598,0.03450032025651831,16.10227308946455,0,0.0,0.0,1.2441989886055276,348531.53534512187,265203.2264076595,0,10951200.0,0.03737414393489906,0.0,3600.0,2262.1,8445600.0,0.04268807038668698,1.0,1.2441989886055276,394752.80734798824,1402003.3426362213,57.6,0.00098686,0.9888674944149238,1.0,0.0,1.0938832092e-06,0.9888674944149238,20239.819563208745,0.0,79448.27967365767,99688.09923686642
2026-08-20 07:00:00+00:00,19968.81320877049,119.5640653312598,0.03450032025651831,15.01133812693495,0,0.0,0.0,1.2442052474046477,348531.53534512187,265203.51569043973,0,10947600.0,0.03737414393489906,0.0,3600.0,2251.49,8442000.0,0.04296747569699111,1.0,1.2442052474046477,399811.9019619811,1397982.9247099564,57.6,0.00098686,0.9888012905032235,1.0,0.0,1.0907960148000001e-06,0.9888012905032235,20237.374321898053,0.0,79424.91623988666,99662.29056178471
2026-08-20 08:00:00+00:00,19994.99109247889,119.5640653312598,0.03450032025651831,41.189221835335154,0,0.0,0.0,1.2442116215363976,348531.53534512187,265203.80415840494,0,10944000.0,0.04623590419481773,0.0001,3600.0,2281.92,8438400.0,0.042348886757887616,1.0,1.2442116215363976,388677.54073195765,1406833.4664484465,57.6,0.00098686,0.9889630246532515,1.0,0.0,1.087722414e-06,0.9889630246532515,21106.147690550915,0.0,79480.99722354842,100587.14491409934
2026-08-20 09:00:00+00:00,19993.8871670228,119.5640653312598,0.03450032025651831,40.08529637924555,0,0.0,0.0,1.2442179237976965,348531.53534512187,265204.09181515744,0,10940400.0,0.04623590419481773,0.0,3600.0,2278.3,8434800.0,0.04234831909076564,1.0,1.2442179237976965,388667.4323261366,1406841.50146939,57.6,0.00098686,0.9889678512469575,1.0,0.0,1.0846624068e-06,0.9889678512469575,21102.91611252019,0.0,79482.39178691077,100585.30789943096
2026-08-20 10:00:00+00:00,19992.77934587226,119.5640653312598,0.03450032025651831,38.97747522870527,0,0.0,0.0,1.2442242519385418,348531.53534512187,265204.37866429973,0,10936800.0,0.04623590419481773,0.0,3600.0,2286.34,8431200.0,0.04221399734769582,1.0,1.2442242519385418,386281.3695890878,1408738.2130720003,57.6,0.00098686,0.9890066087511996,1.0,0.0,1.0816159932e-06,0.9890066087511996,21105.355775741067,0.0,79495.6131502281,100600.96892596918
2026-08-20 11:00:00+00:00,19991.667037889554,119.5640653312598,0.03450032025651831,37.865167245999174,0,0.0,0.0,1.244230588050339,348531.53534512187,265204.66470943333,0,10933200.0,0.04623590419481773,0.0,3600.0,2295.6,8427600.0,0.042213997376100654,1.0,1.244230588050339,386281.3695890878,1408738.2130720003,57.6,0.00098686,0.9890112768768168,1.0,0.0,1.0785831696e-06,0.9890112768768168,21108.381856211432,0.0,79496.95409408305,100605.33595029448
2026-08-20 12:00:00+00:00,19990.557651677685,119.5640653312598,0.03450032025651831,36.75578103413108,0,0.0,0.0,1.2442369170729763,348531.53534512187,265204.97114692756,0,10929600.0,0.04623590419481773,0.0,3600.0,2289.57,8424000.0,0.042258527538271196,1.0,1.2442369170729763,387071.1521747378,1408110.4665934865,57.6,0.00098686,0.989004657456292,1.0,0.0,1.1554748388e-06,0.989004657456292,21103.9723860473,0.0,79494.34057979018,100598.31296583748
2026-08-20 13:00:00+00:00,19989.454826125377,119.5640653312598,0.03450032025651831,35.65295548182295,0,0.0,0.0,1.2442433090359983,348531.53534512187,265205.27674469247,0,10926000.0,0.04623590419481773,0.0,3600.0,2276.03,8420400.0,0.04190351379653601,1.0,1.2442433090359983,456117.50999578787,1692538.9250237504,57.6,0.00098686,0.989099298791638,1.0,0.0,1.1523071664e-06,0.989099298791638,21095.920508568703,0.0,79527.02047194057,100622.94098050927
2026-08-20 14:00:00+00:00,19988.350018808105,119.5640653312598,0.03450032025651831,34.548148164551726,0,0.0,0.0,1.244249667774824,348531.53534512187,265205.54957672715,0,10922400.0,0.04623590419481773,0.0,3600.0,2280.12,8416800.0,0.041903513824801175,1.0,1.244249667774824,456117.50999578787,1692538.9250237504,57.6,0.00098686,0.9891039337126089,1.0,0.0,1.0287574128000003e-06,0.9891039337126089,21096.438783767437,0.0,79528.36305602809,100624.80183979552
2026-08-20 15:00:00+00:00,19987.22340723085,119.5640653312598,0.03450032025651831,33.421536587295414,0,0.0,0.0,1.2442560286301243,348531.53534512187,265205.82163225004,0,10918800.0,0.04623590419481773,0.0,3600.0,2325.12,8413200.0,0.041903513853089436,1.0,1.2442560286301243,456117.50999578787,1692538.9250237504,57.6,0.00098686,0.9891085686552991,1.0,0.0,1.0258283952e-06,0.9891085686552991,21116.808762478624,0.0,79529.70642419724,100646.51518667587
2026-08-20 16:00:00+00:00,20072.61921076364,113.1455230989103,0.03450032025651831,60.31090551322953,0,0.0,0.0,1.2442623921877243,348531.53534512187,265206.3174124598,0,10915200.0,0.04623590419481773,0.0001,3600.0,2343.94,8409600.0,0.04187210088612536,1.0,1.2442623921877243,456117.5093368613,1695513.0478460018,57.6,0.00098686,0.9891211561415526,1.0,0.0,1.86941502e-06,0.9891211561415526,21149.862159262542,0.0,79533.59777989751,100683.45993916005
2026-08-20 17:00:00+00:00,20071.544834602424,113.1455230989103,0.03450032025651831,59.23652935201292,0,0.0,0.0,1.2442687388359934,348531.53534512187,265206.81217417365,0,10911600.0,0.04623590419481773,0.0,3600.0,2343.1,8406000.0,0.04187162076770301,1.0,1.2442687388359934,456107.4416623379,1695521.1204158436,57.6,0.00098686,0.989125909265549,1.0,0.0,1.8655711416e-06,0.989125909265549,21148.0465666407,0.0,79534.75963178783,100682.80619842853
2026-08-20 18:00:00+00:00,20070.483246777658,113.1455230989103,0.03450032025651831,58.17494152724646,0,0.0,0.0,1.2442750364706618,348531.53534512187,265207.3059205489,0,10908000.0,0.04623590419481773,0.0,3600.0,2315.21,8402400.0,0.04187162079604301,1.0,1.2442750364706618,456107.4416623379,1695521.1204158436,57.6,0.00098686,0.9891305408548062,1.0,0.0,1.8617391899999998e-06,0.9891305408548062,21133.820405267154,0.0,79535.8801403275,100669.70054559465
2026-08-20 19:00:00+00:00,20069.41821541016,113.1455230989103,0.03450032025651831,57.109910159749965,0,0.0,0.0,1.2442813759939764,348531.53534512187,265207.798654746,0,10904400.0,0.04623590419481773,0.0,3600.0,2322.72,8398800.0,0.04187162082440654,1.0,1.2442813759939764,456107.4416623379,1695521.1204158436,57.6,0.00098686,0.9891351724657511,1.0,0.0,1.8579191760000001e-06,0.9891351724657511,21135.8525163479,0.0,79537.00166860415,100672.85418495204
2026-08-20 20:00:00+00:00,20068.35555463067,113.1455230989103,0.03450032025651831,56.04724938025804,0,0.0,0.0,1.2442877290128884,348531.53534512187,265208.8622800498,0,10900800.0,0.04623590419481773,0.0,3600.0,2317.55,8395200.0,0.04187162085279539,1.0,1.2442877290128884,456107.4416623379,1695521.1204158436,57.6,0.00098686,0.9891398040983832,1.0,0.0,4.0105275048e-06,0.9891398040983832,21132.06485381041,0.0,79537.55231333274,100669.61716714315
2026-08-20 21:00:00+00:00,20067.292861754242,113.1455230989103,0.03450032025651831,54.98455650382987,0,0.0,0.0,1.2442940847149113,348531.53534512187,265209.92590065516,0,10897200.0,0.04623590419481773,0.0,3600.0,2317.62,8391600.0,0.041871620881208216,1.0,1.2442940847149113,456107.4416623379,1695521.1204158436,57.6,0.00098686,0.9891444357527032,1.0,0.0,4.0104937044e-06,0.9891444357527032,21130.682987879598,0.0,79538.10297031875,100668.78595819835
2026-08-20 22:00:00+00:00,20066.232135961476,113.1455230989103,0.03450032025651831,53.923830711065065,0,0.0,0.0,1.2443004426251671,348531.53534512187,265210.9895165629,0,10893600.0,0.04623590419481773,0.0,3600.0,2313.33,8388000.0,0.041871620909645024,1.0,1.2443004426251671,456107.4416623379,1695521.1204158436,57.6,0.00098686,0.9891490674287109,1.0,0.0,4.0104599075999995e-06,0.9891490674287109,21127.30323640048,0.0,79538.6536395612,100665.95687596168
2026-08-20 23:00:00+00:00,20065.165518088274,113.1455230989103,0.03450032025651831,52.85721283786339,0,0.0,0.0,1.2443068009544165,348531.53534512187,265212.053127771,0,10890000.0,0.04623590419481773,0.0,3600.0,2326.18,8384400.0,0.0418716209381067,1.0,1.2443068009544165,456125.20950417826,1695587.1700970212,57.6,0.00098686,0.9891536991264065,1.0,0.0,4.0104261036e-06,0.9891536991264065,21131.778017892968,0.0,79539.20432106219,100670.98233895516
2026-08-21 00:00:00+00:00,20088.002598307663,113.1455230989103,0.03450032025651831,75.69429305725413,0,0.0,0.0,1.2443131575127166,348531.53534512187,265213.1167342813,0,10886400.0,0.04623590419481773,9.031e-05,3600.0,2339.95,8380800.0,0.04187162096659258,1.0,1.2443131575127166,504179.1711597361,1874221.6308935839,57.6,0.00098686,0.9891583308457901,1.0,0.0,4.0103923068e-06,0.9891583308457901,21160.574305777416,0.0,79539.75501481997,100700.32932059738
2026-08-21 01:00:00+00:00,20086.921064529666,113.1455230989103,0.03450032025651831,74.61275927925779,0,0.0,0.0,1.2443195025820928,348531.53534512187,265214.18033609365,0,10882800.0,0.04623590419481773,0.0,3600.0,2358.71,8377200.0,0.04187162099510311,1.0,1.2443195025820928,504179.1711597361,1874221.6308935839,57.6,0.00098686,0.9891629625868615,1.0,0.0,4.01035851e-06,0.9891629625868615,21167.734333933295,0.0,79540.30572083453,100708.04005476783
2026-08-21 02:00:00+00:00,20085.845940968364,113.1455230989103,0.03450032025651831,73.53763571795464,0,0.0,0.0,1.244325331114875,348531.53534512187,265215.243933208,0,10879200.0,0.04623590419481773,0.0,3600.0,2344.73,8373600.0,0.04187162102363895,1.0,1.244325331114875,504179.1711597361,1874221.6308935839,57.6,0.00098686,0.9891675943496211,1.0,0.0,4.0103247132e-06,0.9891675943496211,21159.897853153532,0.0,79540.85643910617,100700.75429225969
2026-08-21 03:00:00+00:00,20084.77303209566,113.1455230989103,0.03450032025651831,72.4647268452515,0,0.0,0.0,1.2443310929365723,348531.53534512187,265216.3075256243,0,10875600.0,0.04623590419481773,0.0,3600.0,2339.9,8370000.0,0.04187162105219855,1.0,1.2443310929365723,504179.1711597361,1874221.6308935839,57.6,0.00098686,0.9891722261340691,1.0,0.0,4.0102909164e-06,0.9891722261340691,21156.257784380014,0.0,79541.40716963488,100697.6649540149
2026-08-21 04:00:00+00:00,20083.694061487287,113.1455230989103,0.03450032025651831,71.38575623687711,0,0.0,0.0,1.2443368511510307,348531.53534512187,265217.3711133424,0,10872000.0,0.04597545432221115,0.0,3600.0,2353.12,8366400.0,0.04187162108078235,1.0,1.2443368511510307,504179.1711597361,1874221.6308935839,57.6,0.00098686,0.9891768579402056,1.0,0.0,4.0102571196e-06,0.9891768579402056,21136.969737019535,0.0,79541.95791242097,100678.9276494405
2026-08-21 05:00:00+00:00,20082.608561445028,113.1455230989103,0.03450032025651831,70.30025619461783,0,0.0,0.0,1.2443426136721922,348531.53534512187,265218.4346963613,0,10868400.0,0.04597545432221115,0.0,3600.0,2367.36,8362800.0,0.04187162110939102,1.0,1.2443426136721922,504179.1711597361,1874221.6308935839,57.6,0.00098686,0.9891814897680304,1.0,0.0,4.0102233192e-06,0.9891814897680304,21141.90729959003,0.0,79542.5086674653,100684.41596705533
2026-08-21 06:00:00+00:00,20081.521158512976,113.1455230989103,0.03450032025651831,69.21285326256765,0,0.0,0.0,1.24434824651893,348531.53534512187,265219.4982746818,0,10864800.0,0.04597545432221115,0.0,3600.0,2371.51,8359200.0,0.0428924143121403,1.0,1.24434824651893,541668.0137191557,1901963.761338078,57.6,0.00098686,0.9889293833303393,1.0,0.0,4.0101895223999995e-06,0.9889293833303393,21142.325362917643,0.0,79453.5780453459,100595.90340826355
2026-08-21 07:00:00+00:00,20080.433755580925,113.1455230989103,0.03450032025651831,68.12545033051747,0,0.0,0.0,1.2443540034921672,348531.53534512187,265220.5618483049,0,10861200.0,0.04597545432221115,0.0,3600.0,2371.51,8355600.0,0.04293832035120371,1.0,1.2443540034921672,542854.0017855663,1901247.7929092154,57.6,0.00098686,0.9889225911799843,1.0,0.0,4.0101557292000005e-06,0.9889225911799843,21140.886467538807,0.0,79450.14719313133,100591.03366067013
2026-08-21 08:00:00+00:00,20106.97554168608,113.1455230989103,0.03450032025651831,94.66723643567244,0,0.0,0.0,1.2443598872712762,348531.53534512187,265221.62541723036,0,10857600.0,0.04871519716537929,0.0001,3600.0,2444.89,8352000.0,0.04198735144063015,1.0,1.2443598872712762,519742.48106980225,1919619.5988965053,57.6,0.00098686,0.9891662870480716,1.0,0.0,4.010121936e-06,0.9891662870480716,21460.814580844766,0.0,79534.0193192676,100994.83390011237
2026-08-21 09:00:00+00:00,20105.873346651704,113.1455230989103,0.03450032025651831,93.56504140129591,0,0.0,0.0,1.2443656556451428,348531.53534512187,265222.6889814572,0,10854000.0,0.04871519716537929,0.0,3600.0,2403.77,8348400.0,0.04198735146941934,1.0,1.2443656556451428,519742.48106980225,1919619.5988965053,57.6,0.00098686,0.989170931368638,1.0,0.0,4.0100881392e-06,0.989170931368638,21436.501166048212,0.0,79534.57444721839,100971.0756132666
2026-08-21 10:00:00+00:00,20104.77529670738,113.1455230989103,0.03450032025651831,92.46699145696992,0,0.0,0.0,1.2443713934236698,348531.53534512187,265223.7525409863,0,10850400.0,0.04871519716537929,0.0,3600.0,2394.73,8344800.0,0.04198735149871258,1.0,1.2443713934236698,519742.48106980225,1919619.5988965053,57.6,0.00098686,0.9891755757108899,1.0,0.0,4.010054346e-06,0.9891755757108899,21429.959269200313,0.0,79535.12958742498,100965.08885662528
2026-08-21 11:00:00+00:00,20103.68839357048,113.1455230989103,0.03450032025651831,91.38008832006963,0,0.0,0.0,1.2443773029424299,348531.53534512187,265224.81609581655,0,10846800.0,0.04871519716537929,0.0,3600.0,2370.42,8341200.0,0.04108166060713048,1.0,1.2443773029424299,522135.4053830978,2028602.8925630902,57.6,0.00098686,0.9894077579378912,1.0,0.0,4.0100205492e-06,0.9894077579378912,21414.98460437206,0.0,79614.98886065133,101029.97346502339
2026-08-21 12:00:00+00:00,20102.593544149222,113.1455230989103,0.03450032025651831,90.28523889881363,0,0.0,0.0,1.244383095914145,348531.53534512187,265225.8796459489,0,10843200.0,0.04871519716537929,0.0,3600.0,2387.75,8337600.0,0.041081660635359674,1.0,1.244383095914145,522135.4053830978,2028602.8925630902,57.6,0.00098686,0.989412305176959,1.0,0.0,4.009986756e-06,0.989412305176959,21423.038169128376,0.0,79615.51016673289,101038.54833586127
2026-08-21 13:00:00+00:00,20101.499047794263,113.1455230989103,0.03450032025651831,89.19074254385617,0,0.0,0.0,1.2443887193254846,348531.53534512187,265226.94319138315,0,10839600.0,0.04871519716537929,0.0,3600.0,2386.98,8334000.0,0.042389673582800436,1.0,1.2443887193254846,554592.6029360612,2002806.1190148701,57.6,0.00098686,0.9890885994417257,1.0,0.0,4.009952962800001e-06,0.9890885994417257,21421.079603430022,0.0,79501.62496439775,100922.70456782778
2026-08-21 14:00:00+00:00,20100.401726908916,113.1455230989103,0.03450032025651831,88.09342165851031,0,0.0,0.0,1.2443945240113772,348531.53534512187,265228.00673212024,0,10836000.0,0.04871519716537929,0.0,3600.0,2393.14,8330400.0,0.0423896736119973,1.0,1.2443945240113772,554592.6029360612,2002806.1190148701,57.6,0.00098686,0.9890932869848336,1.0,0.0,4.0099191732e-06,0.9890932869848336,21422.94829601115,0.0,79502.19518025703,100925.14347626817
2026-08-21 15:00:00+00:00,20099.304456461614,113.1455230989103,0.03450032025651831,86.99615121120709,0,0.0,0.0,1.2444003332552704,348531.53534512187,265229.0702681591,0,10832400.0,0.04871519716537929,0.0,3600.0,2393.03,8326800.0,0.042389673641218595,1.0,1.2444003332552704,554592.6029360612,2002806.1190148701,57.6,0.00098686,0.9890979745501572,1.0,0.0,4.009885379999999e-06,0.9890979745501572,21421.350871040595,0.0,79502.76540855749,100924.11627959809
2026-08-21 16:00:00+00:00,20125.41460702671,113.1455230989103,0.03450032025651831,113.10630177630057,0,0.0,0.0,1.2444062174394008,348531.53534512187,265230.13379950065,0,10828800.0,0.04871519716537929,0.0001,3600.0,2405.13,8323200.0,0.041810786518020615,1.0,1.2444062174394008,563535.2489092748,2102002.7106662844,57.6,0.00098686,0.9892476866325898,1.0,0.0,4.0098515904e-06,0.9892476866325898,21453.704166893596,0.0,79553.88125916588,101007.58542605948
2026-08-21 17:00:00+00:00,20124.303603675973,113.1455230989103,0.03450032025651831,111.99529842556666,0,0.0,0.0,1.244412017096023,348531.53534512187,265231.1973261428,0,10825200.0,0.04871519716537929,0.0,3600.0,2422.98,8319600.0,0.04181078654688486,1.0,1.244412017096023,563535.2489092748,2102002.7106662844,57.6,0.00098686,0.9892523121979995,1.0,0.0,4.0098177936e-06,0.9892523121979995,21462.00638258136,0.0,79554.42988793779,101016.43627051915
2026-08-21 18:00:00+00:00,20123.194058443198,113.1455230989103,0.03450032025651831,110.885753192793,0,0.0,0.0,1.244417744908634,348531.53534512187,265232.2608480875,0,10821600.0,0.04871519716537929,0.0,3600.0,2419.8,8316000.0,0.04181078657577486,1.0,1.244417744908634,563535.2489092748,2102002.7106662844,57.6,0.00098686,0.9892569377850373,1.0,0.0,4.009784004e-06,0.9892569377850373,21458.696912415897,0.0,79554.97852894524,101013.67544136113
2026-08-21 19:00:00+00:00,20122.087901729836,113.1455230989103,0.03450032025651831,109.77959647943013,0,0.0,0.0,1.2444235037312343,348531.53534512187,265233.3243653345,0,10818000.0,0.04871519716537929,0.0,3600.0,2412.41,8312400.0,0.042016697093387956,1.0,1.2444235037312343,568900.4660265628,2097738.0032277037,57.6,0.00098686,0.9892100326565157,1.0,0.0,4.0097502144e-06,0.9892100326565157,21453.06924593409,0.0,79537.56709523906,100990.63634117316
2026-08-21 20:00:00+00:00,20120.969062141383,113.1455230989103,0.03450032025651831,108.66075689097902,0,0.0,0.0,1.2444292614013925,348531.53534512187,265234.38787788386,0,10814400.0,0.051505724869245144,0.0,3600.0,2440.07,8308800.0,0.04201669712247247,1.0,1.2444292614013925,568900.4660265628,2097738.0032277037,57.6,0.00098686,0.9892146803626893,1.0,0.0,4.0097164248e-06,0.9892146803626893,21730.956368217667,0.0,79538.12345485826,101269.07982307592
2026-08-21 21:00:00+00:00,20228.21659068507,105.52350941537617,0.03450032025651831,107.50823844586735,0,0.0,0.0,1.2444350225184124,348531.53534512187,265235.4513857363,0,10810800.0,0.051505724869245144,0.0,3600.0,2513.52,8305200.0,0.04202268825145028,1.0,1.2444350225184124,569057.1558559139,2097613.4536686633,57.6,0.00098686,0.9892178302473852,1.0,0.0,4.0096826387999996e-06,0.9892178302473852,21774.43118130909,0.0,79538.15778115502,101312.58896246411
2026-08-21 22:00:00+00:00,20227.13808491436,105.52350941537617,0.03450032025651831,106.42973267515634,0,0.0,0.0,1.2444407693109525,348531.53534512187,265236.51488889084,0,10807200.0,0.051505724869245144,0.0,3600.0,2522.0,8301600.0,0.04202268828058964,1.0,1.2444407693109525,569057.1558559139,2097613.4536686633,57.6,0.00098686,0.9892224786394568,1.0,0.0,4.0096488492e-06,0.9892224786394568,21778.05259724784,0.0,79538.71438922605,101316.76698647389
2026-08-21 23:00:00+00:00,20226.06215780733,105.52350941537617,0.03450032025651831,105.35380556812393,0,0.0,0.0,1.2444464522769372,348531.53534512187,265237.57838734746,0,10803600.0,0.051505724869245144,0.0,3600.0,2515.97,8298000.0,0.04202440288450626,1.0,1.2444464522769372,569057.1558559139,2097412.50468381,57.6,0.00098686,0.9892266987597184,1.0,0.0,4.0096150596e-06,0.9892266987597184,21772.753104415562,0.0,79539.12173576356,101311.87484017912
2026-08-22 00:00:00+00:00,20251.5935424505,105.52350941537617,0.03450032025651831,130.88519021129508,0,0.0,0.0,1.244452111109281,348531.53534512187,265238.64188110596,0,10800000.0,0.051505724869245144,0.0001,3600.0,2521.69,8294400.0,0.04202440291369691,1.0,1.244452111109281,569057.1558559139,2097412.50468381,57.6,0.00098686,0.989231347379275,1.0,0.0,4.00958127e-06,0.989231347379275,21801.284291813285,0.0,79539.67843251635,101340.96272432963
2026-08-22 01:00:00+00:00,20250.521759166197,105.52350941537617,0.03450032025651831,129.81340692698993,0,0.0,0.0,1.244457679152185,348531.53534512187,265239.7053701672,0,10796400.0,0.07508334634757392,0.0,3600.0,2506.28,8290800.0,0.04270139341429302,1.0,1.244457679152185,586976.892512675,2083170.2257934595,57.6,0.00098686,0.989067101215212,1.0,0.0,4.009547484e-06,0.989067101215212,23924.99933630288,0.0,79481.36997571966,103406.36931202254
2026-08-22 02:00:00+00:00,20249.44610574818,105.52350941537617,0.03450032025651831,128.73775350897148,0,0.0,0.0,1.2444633096495568,348531.53534512187,265240.7688545302,0,10792800.0,0.07508334634757392,0.0,3600.0,2515.33,8287200.0,0.042701393444015245,1.0,1.2444633096495568,586976.892512675,2083170.2257934595,57.6,0.00098686,0.9890718224156192,1.0,0.0,4.0095136944e-06,0.9890718224156192,23935.962303292617,0.0,79481.9519785833,103417.91428187591
2026-08-22 03:00:00+00:00,20248.370871416464,105.52350941537617,0.03450032025651831,127.66251917725569,0,0.0,0.0,1.244468958117955,348531.53534512187,265241.8323341958,0,10789200.0,0.07508334634757392,0.0,3600.0,2514.35,8283600.0,0.04270139347376389,1.0,1.244468958117955,586976.892512675,2083170.2257934595,57.6,0.00098686,0.9890765436385623,1.0,0.0,4.0094799084e-06,0.9890765436385623,23932.221582628983,0.0,79482.53399399878,103414.75557662777
2026-08-22 04:00:00+00:00,20247.29583807512,105.52350941537617,0.03450032025651831,126.58748583590955,0,0.0,0.0,1.2444744736145408,348531.53534512187,265242.8958091639,0,10785600.0,0.07508334634757392,0.0,3600.0,2513.88,8280000.0,0.04372958625618528,1.0,1.2444744736145408,615009.3387015117,2060897.359737884,57.6,0.00098686,0.9888253473391951,1.0,0.0,4.0094461224e-06,0.9888253473391951,23929.2289883332,0.0,79393.92068713915,103323.14967547235
2026-08-22 05:00:00+00:00,20246.252638187212,105.52350941537617,0.03450032025651831,125.54428594800184,0,0.0,0.0,1.2444801274861446,348531.53534512187,265243.95927943446,0,10782000.0,0.07508334634757392,0.0,3600.0,2439.44,8276400.0,0.04372958628671819,1.0,1.2444801274861446,615009.3387015117,2060897.359737884,57.6,0.00098686,0.9888301786400813,1.0,0.0,4.009412336399999e-06,0.9888301786400813,23817.965311478027,0.0,79394.5410775842,103212.50638906223
2026-08-22 06:00:00+00:00,20245.210507397016,105.52350941537617,0.03450032025651831,124.50215515780499,0,0.0,0.0,1.2444857816754276,348531.53534512187,265245.02274500736,0,10778400.0,0.06929392965700826,0.0,3600.0,2436.94,8272800.0,0.04372955509372911,1.0,1.2444857816754276,615009.3387008801,2060900.9508256891,57.6,0.00098686,0.9888350177246139,1.0,0.0,4.0093785504e-06,0.9888350177246139,23303.236948866,0.0,79395.16418557311,102698.40113443912
2026-08-22 07:00:00+00:00,20244.17025821879,105.52350941537617,0.03450032025651831,123.46190597957924,0,0.0,0.0,1.2444913926820962,348531.53534512187,265246.0862058824,0,10774800.0,0.06283741578312765,0.0,3600.0,2432.54,8269200.0,0.044031743843034654,1.0,1.2444913926820962,623435.9385654983,2054206.190516553,57.6,0.00098686,0.9887647916257197,1.0,0.0,4.0093447643999995e-06,0.9887647916257197,22729.403543009685,0.0,79369.62471462914,102099.02825763883
2026-08-22 08:00:00+00:00,20268.72612687452,105.52350941537617,0.03450032025651831,148.0177746353096,0,0.0,0.0,1.2444970381466471,348531.53534512187,265247.1496620606,0,10771200.0,0.061728398987562084,0.0001,3600.0,2425.34,8265600.0,0.04403174387386288,1.0,1.2444970381466471,623435.9385654983,2054206.190516553,57.6,0.00098686,0.9887696553025214,1.0,0.0,4.009310982e-06,0.9887696553025214,22648.832330855694,0.0,79370.2564031941,102019.08873404979
2026-08-22 09:00:00+00:00,20267.690603108178,105.52350941537617,0.03450032025651831,146.98225086896582,0,0.0,0.0,1.2445027221186373,348531.53534512187,265248.2131135409,0,10767600.0,0.06151645909757375,0.0,3600.0,2421.49,8262000.0,0.04376506089739807,1.0,1.2445027221186373,615995.2779762808,2060118.5400854652,57.6,0.00098686,0.9888406991150668,1.0,0.0,4.009277196e-06,0.9888406991150668,22624.733532440652,0.0,79393.95396077703,102018.68749321767
2026-08-22 10:00:00+00:00,20266.65907776727,105.52350941537617,0.03450032025651831,145.95072552806064,0,0.0,0.0,1.2445083157266934,348531.53534512187,265249.27656032407,0,10764000.0,0.06151645909757375,0.0,3600.0,2412.14,8258400.0,0.04376506092808974,1.0,1.2445083157266934,615995.2779762808,2060118.5400854652,57.6,0.00098686,0.9888455343275417,1.0,0.0,4.0092434136e-06,0.9888455343275417,22613.815851664378,0.0,79394.57573802146,102008.39158968584
2026-08-22 11:00:00+00:00,20265.622732933887,105.52350941537617,0.03450032025651831,144.91438069467495,0,0.0,0.0,1.2445139598625414,348531.53534512187,265250.3400024082,0,10760400.0,0.06151645909757375,0.0,3600.0,2423.41,8254800.0,0.04376506095880872,1.0,1.2445139598625414,615995.2779762808,2060118.5400854652,57.6,0.00098686,0.9888503695636596,1.0,0.0,4.009209624e-06,0.9888503695636596,22622.957222262747,0.0,79395.19752820523,102018.15475046798
2026-08-22 12:00:00+00:00,20264.584720308074,105.52350941537617,0.03450032025651831,143.8763680688603,0,0.0,0.0,1.2445194512208246,348531.53534512187,265251.403439796,0,10756800.0,0.06151645909757375,0.0,3600.0,2427.31,8251200.0,0.044979590171656536,1.0,1.2445194512208246,650422.862076597,2032772.977432212,57.6,0.00098686,0.9885543688350859,1.0,0.0,4.009175845200001e-06,0.9885543688350859,22624.922934984654,0.0,79290.96850242437,101915.89143740902
2026-08-22 13:00:00+00:00,20263.545835298526,105.52350941537617,0.03450032025651831,142.8374830593136,0,0.0,0.0,1.2445251237745618,348531.53534512187,265252.46687248646,0,10753200.0,0.06151645909757375,0.0,3600.0,2429.35,8247600.0,0.04481815709730519,1.0,1.2445251237745618,650422.8614142917,2051153.2002603624,57.6,0.00098686,0.9885992778172091,1.0,0.0,4.0091420628e-06,0.9885992778172091,22625.077161384794,0.0,79305.55726622412,101930.63442760891
2026-08-22 14:00:00+00:00,20262.513933635226,105.52350941537617,0.03450032025651831,141.80558139601422,0,0.0,0.0,1.244530747297977,348531.53534512187,265253.5303004795,0,10749600.0,0.06151645909757375,0.0,3600.0,2413.02,8244000.0,0.044879822126151714,1.0,1.244530747297977,663384.6925729375,2084855.9883354213,57.6,0.00098686,0.9885889733429372,1.0,0.0,4.0091082804e-06,0.9885889733429372,22607.385845664478,0.0,79300.90240399214,101908.28824965662
2026-08-22 15:00:00+00:00,20261.4831652155,105.52350941537617,0.03450032025651831,140.77481297628833,0,0.0,0.0,1.2445364304802882,348531.53534512187,265254.593723775,0,10746000.0,0.06151645909757375,0.0,3600.0,2410.37,8240400.0,0.044749874074604845,1.0,1.2445364304802882,659557.8956395009,2087896.0184314142,57.6,0.00098686,0.9886260567905717,1.0,0.0,4.009074498e-06,0.9886260567905717,22602.99549184028,0.0,79312.76373163657,101915.75922347685
2026-08-22 16:00:00+00:00,20286.004103615323,105.52350941537617,0.03450032025651831,165.29575137611135,0,0.0,0.0,1.2445420538851604,348531.53534512187,265255.65714237385,0,10742400.0,0.0601374187469063,0.0001,3600.0,2421.89,8236800.0,0.044895753386609005,1.0,1.2445420538851604,663857.2593028926,2084480.993792526,57.6,0.00098686,0.98859494540108,1.0,0.0,4.0090407192e-06,0.98859494540108,22517.865521654396,0.0,79300.8570126915,101818.7225343459
2026-08-22 17:00:00+00:00,20284.966693960618,105.52350941537617,0.03450032025651831,164.25834172140563,0,0.0,0.0,1.244547694138711,348531.53534512187,265256.72055627406,0,10738800.0,0.0601374187469063,0.0,3600.0,2425.9,8233200.0,0.04489575341830343,1.0,1.244547694138711,663857.2593028926,2084480.993792526,57.6,0.00098686,0.98859990159811,1.0,0.0,4.0090069332e-06,0.98859990159811,22519.7742944292,0.0,79301.52098975162,101821.29528418081
2026-08-22 18:00:00+00:00,20283.9290106169,105.52350941537617,0.03450032025651831,163.22065837768594,0,0.0,0.0,1.2445533224032506,348531.53534512187,265257.78396547737,0,10735200.0,0.0601374187469063,0.0,3600.0,2426.54,8229600.0,0.044895753450026055,1.0,1.2445533224032506,663857.2593028926,2084480.993792526,57.6,0.00098686,0.9886048578199871,1.0,0.0,4.008973154399999e-06,0.9886048578199871,22518.576818286714,0.0,79302.18498016865,101820.76179845537
2026-08-22 19:00:00+00:00,20282.88634955424,105.52350941537617,0.03450032025651831,162.1779973150245,0,0.0,0.0,1.2445589715370435,348531.53534512187,265258.84736998373,0,10731600.0,0.0601374187469063,0.0,3600.0,2438.18,8226000.0,0.04489575348177599,1.0,1.2445589715370435,663857.2593028926,2084480.993792526,57.6,0.00098686,0.9886098140667117,1.0,0.0,4.0089393756e-06,0.9886098140667117,22527.50068565295,0.0,79302.84898394276,101830.34966959571
2026-08-22 20:00:00+00:00,20281.84675038742,105.52350941537617,0.03450032025651831,161.13839814820696,0,0.0,0.0,1.2445646204903509,348531.53534512187,265259.9107697931,0,10728000.0,0.0601374187469063,0.0,3600.0,2431.02,8222400.0,0.04489575351355368,1.0,1.2445646204903509,663857.2593028926,2084480.993792526,57.6,0.00098686,0.9886147703382838,1.0,0.0,4.0089055968e-06,0.9886147703382838,22519.11875222218,0.0,79303.51300107402,101822.63175329621
2026-08-22 21:00:00+00:00,20280.81768397125,105.52350941537617,0.03450032025651831,160.10933173203676,0,0.0,0.0,1.2445702686183764,348531.53534512187,265260.9741649054,0,10724400.0,0.0601374187469063,0.0,3600.0,2406.39,8218800.0,0.04489575354535935,1.0,1.2445702686183764,663857.2593028926,2084480.993792526,57.6,0.00098686,0.9886197266347035,1.0,0.0,4.008871818e-06,0.9886197266347035,22494.67949725258,0.0,79304.17703156255,101798.85652881513
2026-08-22 22:00:00+00:00,20279.78571816209,105.52350941537617,0.03450032025651831,159.07736592287472,0,0.0,0.0,1.2445759152115434,348531.53534512187,265262.0375553204,0,10720800.0,0.0601374187469063,0.0,3600.0,2413.17,8215200.0,0.044895753577193886,1.0,1.2445759152115434,686121.6102631823,2154390.02282775,57.6,0.00098686,0.9886246829559708,1.0,0.0,4.0088380392e-06,0.9886246829559708,22499.139833712463,0.0,79304.84107540845,101803.9809091209
2026-08-22 23:00:00+00:00,20278.750232883263,105.52350941537617,0.03450032025651831,158.04188064404855,0,0.0,0.0,1.2445815590565645,348531.53534512187,265263.10094103724,0,10717200.0,0.0601374187469063,0.0,3600.0,2421.4,8211600.0,0.04489575360905507,1.0,1.2445815590565645,686121.6102631823,2154390.02282775,57.6,0.00098686,0.9886296393020864,1.0,0.0,4.0088042568e-06,0.9886296393020864,22504.925557189577,0.0,79305.50513261295,101810.43068980252
2026-08-23 00:00:00+00:00,20303.352776460655,105.52350941537617,0.03450032025651831,182.64442422144057,0,0.0,0.0,1.2445872026768448,348531.53534512187,265264.16432205663,0,10713600.0,0.0601374187469063,0.0001,3600.0,2429.95,8208000.0,0.044895753640944225,1.0,1.2445872026768448,686121.6102631823,2154390.02282775,57.6,0.00098686,0.9886345956730499,1.0,0.0,4.008770478e-06,0.9886345956730499,22536.63832751343,0.0,79306.16920317523,101842.80753068866
2026-08-23 01:00:00+00:00,20302.31689347748,105.52350941537617,0.03450032025651831,181.60854123826596,0,0.0,0.0,1.2445928543430755,348531.53534512187,265265.2276983795,0,10710000.0,0.0601374187469063,0.0,3600.0,2422.33,8204400.0,0.04489575367286203,1.0,1.2445928543430755,686121.6102631823,2154390.02282775,57.6,0.00098686,0.9886395520688613,1.0,0.0,4.0087367028e-06,0.9886395520688613,22527.851079366486,0.0,79306.83328709431,101834.6843664608
2026-08-23 02:00:00+00:00,20301.28372600249,105.52350941537617,0.03450032025651831,180.5753737632769,0,0.0,0.0,1.2445984790096676,348531.53534512187,265266.29107000574,0,10706400.0,0.0601374187469063,0.0,3600.0,2415.98,8200800.0,0.04489575370480825,1.0,1.2445984790096676,686121.6102631823,2154390.02282775,57.6,0.00098686,0.988644508489521,1.0,0.0,4.0087029275999996e-06,0.988644508489521,22520.23768322679,0.0,79307.49738437036,101827.73506759715
2026-08-23 03:00:00+00:00,20300.251751640546,105.52350941537617,0.03450032025651831,179.54339940133318,0,0.0,0.0,1.2446041415151572,348531.53534512187,265267.3544369353,0,10702800.0,0.0601374187469063,0.0,3600.0,2413.19,8197200.0,0.04489575373678134,1.0,1.2446041415151572,686121.6102631823,2154390.02282775,57.6,0.00098686,0.9886494649350294,1.0,0.0,4.0086691524000005e-06,0.9886494649350294,22515.897980636088,0.0,79308.16149500373,101824.05947563982
2026-08-23 04:00:00+00:00,20296.80755824908,111.539801617653,0.035883147493968884,178.52637102538722,0,0.0,0.0,1.2446098064357936,348531.53534512187,265268.41779916704,0,10699200.0,0.0601374187469063,0.0,3600.0,2378.24,8193600.0,0.04487705728470193,1.0,1.2446098064357936,685582.4124532165,2154942.161488891,57.6,0.00098686,0.9886590176648729,1.0,0.0,4.0086353736e-06,0.9886590176648729,22479.630332213885,0.0,79310.42756037106,101790.05789258494
2026-08-23 05:00:00+00:00,20295.693319486123,111.539801617653,0.035883147493968884,177.41213226243346,0,0.0,0.0,1.2446153626600978,348531.53534512187,265269.481156701,0,10695600.0,0.0601374187469063,0.0,3600.0,2372.6,8190000.0,0.045701463069600656,1.0,1.2446153626600978,711076.7054673969,2134695.7956990716,57.6,0.00098686,0.9884614903254705,1.0,0.0,4.0086015947999994e-06,0.9884614903254705,22472.606804921827,0.0,79240.51969596255,101713.12650088438
2026-08-23 06:00:00+00:00,20294.571214458614,111.539801617653,0.035883147493968884,176.29002723492627,0,0.0,0.0,1.244621024972608,348531.53534512187,265270.5445095379,0,10692000.0,0.0601374187469063,0.0,3600.0,2389.35,8186400.0,0.045701463102246764,1.0,1.244621024972608,711119.1905428235,2134823.3384960666,57.6,0.00098686,0.9884665328285854,1.0,0.0,4.0085678196e-06,0.9884665328285854,22486.115305325788,0.0,79241.21381447825,101727.32911980404
2026-08-23 07:00:00+00:00,20293.449607236507,111.539801617653,0.035883147493968884,175.16842001281768,0,0.0,0.0,1.2446266916894733,348531.53534512187,265271.6078576788,0,10688400.0,0.0601374187469063,0.0,3600.0,2388.29,8182800.0,0.0456669539399972,1.0,1.2446266916894733,711119.1905428235,2138932.4360699113,57.6,0.00098686,0.9884800397471681,1.0,0.0,4.008534048e-06,0.9884800397471681,22483.283885509558,0.0,79244.8580534088,101728.14193891836
2026-08-23 08:00:00+00:00,20319.222936379098,111.539801617653,0.035883147493968884,200.94174915540802,0,0.0,0.0,1.2446323539456794,348531.53534512187,265272.67120112246,0,10684800.0,0.0601374187469063,0.0001,3600.0,2412.25,8179200.0,0.045666953972675284,1.0,1.2446323539456794,711119.1905428235,2138932.4360699113,57.6,0.00098686,0.9884850786209969,1.0,0.0,4.0085002728e-06,0.9884850786209969,22530.281285034816,0.0,79245.55091639707,101775.83220143188
2026-08-23 09:00:00+00:00,20318.090706177634,111.539801617653,0.035883147493968884,199.8095189539443,0,0.0,0.0,1.2446380146058256,348531.53534512187,265273.7345398698,0,10681200.0,0.0601374187469063,0.0,3600.0,2410.91,8175600.0,0.04560047013342827,1.0,1.2446380146058256,711119.1905427931,2146871.363006121,57.6,0.00098686,0.9885064114437853,1.0,0.0,4.0084665012e-06,0.9885064114437853,22527.176264465154,0.0,79251.9227391294,101779.09900359454
2026-08-23 10:00:00+00:00,20316.956649124284,111.539801617653,0.035883147493968884,198.6754619005932,0,0.0,0.0,1.2446436585672844,348531.53534512187,265274.79787391983,0,10677600.0,0.0601374187469063,0.0,3600.0,2414.8,8172000.0,0.04554795086349106,1.0,1.2446436585672844,709472.8658045308,2148178.972325299,57.6,0.00098686,0.988524310071743,1.0,0.0,4.008432725999999e-06,0.988524310071743,22528.860810692655,0.0,79257.09764136211,101785.95845205477
2026-08-23 11:00:00+00:00,20315.813908654123,111.539801617653,0.035883147493968884,197.5327214304306,0,0.0,0.0,1.2446492874498354,348531.53534512187,265275.8612032724,0,10674000.0,0.0601374187469063,0.0,3600.0,2433.29,8168400.0,0.04577007396961563,1.0,1.2446492874498354,716455.080302733,2142635.328469342,57.6,0.00098686,0.9884749472627489,1.0,0.0,4.0083989508e-06,0.9884749472627489,22543.903043720755,0.0,79238.82981640182,101782.73286012257
2026-08-23 12:00:00+00:00,20314.674305297227,111.539801617653,0.035883147493968884,196.39311807353468,0,0.0,0.0,1.2446549450676834,348531.53534512187,265276.9245279275,0,10670400.0,0.0601374187469063,0.0,3600.0,2426.61,8164800.0,0.045770074002484895,1.0,1.2446549450676834,716455.080302733,2142635.328469342,57.6,0.00098686,0.988479997237943,1.0,0.0,4.0083651756e-06,0.988479997237943,22535.897368440903,0.0,79239.52656735462,101775.42393579552
2026-08-23 13:00:00+00:00,20313.519659763995,111.539801617653,0.035883147493968884,195.23847254030167,0,0.0,0.0,1.2446605599060103,348531.53534512187,265277.98784788686,0,10666800.0,0.0601374187469063,0.0,3600.0,2458.64,8161200.0,0.046102058794258216,1.0,1.2446605599060103,726982.0287772471,2134276.111258436,57.6,0.00098686,0.9884038553412043,1.0,0.0,4.0083314076e-06,0.9884038553412043,22563.30242911626,0.0,79211.92539522081,101775.22782433707
2026-08-23 14:00:00+00:00,20312.374735524867,111.539801617653,0.035883147493968884,194.09354830117348,0,0.0,0.0,1.2446662175231038,348531.53534512187,265279.05116314854,0,10663200.0,0.0601374187469063,0.0,3600.0,2437.94,8157600.0,0.04610205882742924,1.0,1.2446662175231038,726982.0287772471,2134276.111258436,57.6,0.00098686,0.9884089407665437,1.0,0.0,4.0082976323999996e-06,0.9884089407665437,22542.463034708326,0.0,79212.63451106055,101755.09754576888
2026-08-23 15:00:00+00:00,20311.229928692672,111.539801617653,0.035883147493968884,192.94874146897894,0,0.0,0.0,1.2446718752002763,348531.53534512187,265280.1144737143,0,10659600.0,0.0601374187469063,0.0,3600.0,2437.69,8154000.0,0.04610142023503783,1.0,1.2446718752002763,726982.0287772471,2134352.0373451235,57.6,0.00098686,0.9884141822363074,1.0,0.0,4.008263864400001e-06,0.9884141822363074,22540.33671986501,0.0,79213.39801799896,101753.73473786397
2026-08-23 16:00:00+00:00,20337.403386833663,111.539801617653,0.035883147493968884,219.1221996099691,0,0.0,0.0,1.2446775326868522,348531.53534512187,265281.17777958215,0,10656000.0,0.0601374187469063,0.0001,3600.0,2449.7,8150400.0,0.04610142026826747,1.0,1.2446775326868522,726982.0287772471,2134352.0373451235,57.6,0.00098686,0.988419267645897,1.0,0.0,4.0082300892e-06,0.988419267645897,22576.73599991364,0.0,79214.10713774327,101790.8431376569
2026-08-23 17:00:00+00:00,20336.25785207848,111.539801617653,0.035883147493968884,217.97666485478604,0,0.0,0.0,1.2446831884674638,348531.53534512187,265282.24108075304,0,10652400.0,0.0601374187469063,0.0,3600.0,2439.24,8146800.0,0.046101420301527085,1.0,1.2446831884674638,726982.0287772471,2134352.0373451235,57.6,0.00098686,0.9884243530816511,1.0,0.0,4.0081963176e-06,0.9884243530816511,22565.2754141268,0.0,79214.81627130369,101780.0916854305
2026-08-23 18:00:00+00:00,20335.108395931715,111.539801617653,0.035883147493968884,216.8272087080196,0,0.0,0.0,1.2446888242299785,348531.53534512187,265283.30437722773,0,10648800.0,0.0601374187469063,0.0,3600.0,2447.59,8143200.0,0.04610142033481446,1.0,1.2446888242299785,726982.0287772471,2134352.0373451235,57.6,0.00098686,0.9884294385435701,1.0,0.0,4.0081625496e-06,0.9884294385435701,22571.000445414116,0.0,79215.52541867952,101786.52586409364
2026-08-23 19:00:00+00:00,20333.960822992165,111.539801617653,0.035883147493968884,215.67963576846867,0,0.0,0.0,1.244694485699806,348531.53534512187,265284.3676690052,0,10645200.0,0.0601374187469063,0.0,3600.0,2443.58,8139600.0,0.04610142036813314,1.0,1.244694485699806,726982.0287772471,2134352.0373451235,57.6,0.00098686,0.9884345240316537,1.0,0.0,4.008128778e-06,0.9884345240316537,22565.435065754256,0.0,79216.23457987182,101781.66964562607
2026-08-23 20:00:00+00:00,20332.81060135219,111.539801617653,0.035883147493968884,214.52941412849495,0,0.0,0.0,1.2447001501606334,348531.53534512187,265285.42990716716,0,10641600.0,0.0601374187469063,0.0,3600.0,2449.22,8136000.0,0.04610142040148002,1.0,1.2447001501606334,726982.0287772471,2134352.0373451235,57.6,0.00098686,0.9884396095459023,1.0,0.0,4.0041410832e-06,0.9884396095459023,22568.678902107782,0.0,79216.94480379892,101785.6237059067
2026-08-23 21:00:00+00:00,20331.651024727744,111.539801617653,0.035883147493968884,213.36983750404934,0,0.0,0.0,1.2447058146138965,348531.53534512187,265286.49214070936,0,10638000.0,0.0601374187469063,0.0,3600.0,2469.14,8132400.0,0.04610142043485643,1.0,1.2447058146138965,726982.0287772471,2134352.0373451235,57.6,0.00098686,0.988444695086316,1.0,0.0,4.0041076356e-06,0.988444695086316,22584.941558236147,0.0,79217.65504146519,101802.59659970133
2026-08-23 22:00:00+00:00,20330.498497215594,111.539801617653,0.035883147493968884,212.21730999189907,0,0.0,0.0,1.2447114767862453,348531.53534512187,265287.55436963256,0,10634400.0,0.0601374187469063,0.0,3600.0,2454.13,8128800.0,0.046101420468263266,1.0,1.2447114767862453,726982.0287772471,2134352.0373451235,57.6,0.00098686,0.9884497806528948,1.0,0.0,4.0040741916000004e-06,0.9884497806528948,22569.333288804795,0.0,79218.3652928698,101787.6985816746
2026-08-23 23:00:00+00:00,20329.342001349087,111.539801617653,0.035883147493968884,211.060814125392,0,0.0,0.0,1.2447171383521447,348531.53534512187,265288.6165939357,0,10630800.0,0.0601374187469063,0.0,3600.0,2462.58,8125200.0,0.046101420501698964,1.0,1.2447171383521447,726982.0287772471,2134352.0373451235,57.6,0.00098686,0.988454866245639,1.0,0.0,4.0040407440000005e-06,0.988454866245639,22575.12498480852,0.0,79219.07555801398,101794.20054282251
2026-08-24 00:00:00+00:00,20355.67465634124,111.539801617653,0.035883147493968884,237.3934691175479,0,0.0,0.0,1.2447227999177783,348531.53534512187,265289.6788136197,0,10627200.0,0.0601374187469063,0.0001,3600.0,2464.6,8121600.0,0.046101420535165305,1.0,1.2447227999177783,726982.0287772471,2134352.0373451235,57.6,0.00098686,0.9884599518645485,1.0,0.0,4.0040073e-06,0.9884599518645485,22602.53867319787,0.0,79219.78583689663,101822.32451009449
2026-08-24 01:00:00+00:00,20354.534273402307,111.539801617653,0.035883147493968884,236.25308617861268,0,0.0,0.0,1.2447284614834115,348531.53534512187,265290.7410286845,0,10623600.0,0.0601374187469063,0.0,3600.0,2428.27,8118000.0,0.04610142056866029,1.0,1.2447284614834115,726982.0287772471,2134352.0373451235,57.6,0.00098686,0.9884650375096239,1.0,0.0,4.003973856e-06,0.9884650375096239,22567.52796417378,0.0,79220.4961295182,101788.02409369199
2026-08-24 02:00:00+00:00,20353.3871888756,111.539801617653,0.035883147493968884,235.10600165190564,0,0.0,0.0,1.244734047867756,348531.53534512187,265291.8032391299,0,10620000.0,0.06076895158781174,0.0,3600.0,2442.54,8114400.0,0.046344629902825174,1.0,1.244734047867756,734763.3180205843,2128173.325317461,57.6,0.00098686,0.9884110002069236,1.0,0.0,4.003940412e-06,0.9884110002069236,22636.572386271328,0.0,79200.60021499678,101837.1726012681
2026-08-24 03:00:00+00:00,20352.246096798786,111.539801617653,0.035883147493968884,233.96490957509127,0,0.0,0.0,1.2447397304518406,348531.53534512187,265292.8654449559,0,10616400.0,0.06076895158781174,0.0,3600.0,2429.78,8110800.0,0.04633780857381664,1.0,1.2447397304518406,734763.3180205843,2128981.9485114967,57.6,0.00098686,0.9884177691065945,1.0,0.0,4.003906968000001e-06,0.9884177691065945,22622.73385698525,0.0,79201.89718416566,101824.63104115092
2026-08-24 04:00:00+00:00,20351.101745505493,111.539801617653,0.035883147493968884,232.82055828179924,0,0.0,0.0,1.244745412036745,348531.53534512187,265293.9276461624,0,10612800.0,0.06076895158781174,0.0,3600.0,2436.72,8107200.0,0.04633780860757741,1.0,1.244745412036745,734763.3180205843,2128981.9485114967,57.6,0.00098686,0.9884228800287828,1.0,0.0,4.003873524e-06,0.9884228800287828,22627.302414192014,0.0,79202.61630051647,101829.91871470849
2026-08-24 05:00:00+00:00,20349.952063937413,111.539801617653,0.035883147493968884,231.67087671372025,0,0.0,0.0,1.2447510936217732,348531.53534512187,265294.9898427493,0,10609200.0,0.06076895158781174,0.0,3600.0,2448.07,8103600.0,0.04633780864136816,1.0,1.2447510936217732,734763.3180205843,2128981.9485114967,57.6,0.00098686,0.9884279909773988,1.0,0.0,4.00384008e-06,0.9884279909773988,22635.97933614456,0.0,79203.33543069771,101839.31476684228
2026-08-24 06:00:00+00:00,20348.798855465047,111.539801617653,0.035883147493968884,230.5176682413549,0,0.0,0.0,1.244756774543351,348531.53534512187,265296.0520347175,0,10605600.0,0.06076895158781174,0.0,3600.0,2455.58,8100000.0,0.04633780867518844,1.0,1.244756774543351,734763.3180205843,2128981.9485114967,57.6,0.00098686,0.9884331019524426,1.0,0.0,4.0038066396e-06,0.9884331019524426,22641.06093247822,0.0,79204.05457470869,101845.11550718691
2026-08-24 07:00:00+00:00,20347.646403093335,111.539801617653,0.035883147493968884,229.36521586964216,0,0.0,0.0,1.2447624494926888,348531.53534512187,265297.11422206595,0,10602000.0,0.06076895158781174,0.0,3600.0,2453.97,8096400.0,0.04633780870903981,1.0,1.2447624494926888,734763.3180205843,2128981.9485114967,57.6,0.00098686,0.988438212953914,1.0,0.0,4.0037731956e-06,0.988438212953914,22637.62797655717,0.0,79204.77373255021,101842.40170910738
2026-08-24 08:00:00+00:00,20373.86174389584,111.539801617653,0.035883147493968884,255.58055667214708,0,0.0,0.0,1.2447680121278928,348531.53534512187,265298.17640479543,0,10598400.0,0.06242248888400871,0.0001,3600.0,2453.62,8092800.0,0.04726373337132861,1.0,1.2447680121278928,764929.5422663128,2105034.1660952317,57.6,0.00098686,0.9882189841889142,1.0,0.0,4.0037397551999995e-06,0.9882189841889142,22814.82370323279,0.0,79127.30341176351,101942.1271149963
2026-08-24 09:00:00+00:00,20372.70542648787,111.539801617653,0.035883147493968884,254.42423926417914,0,0.0,0.0,1.2447738067284868,348531.53534512187,265299.2385829059,0,10594800.0,0.06242248888400871,0.0,3600.0,2462.2,8089200.0,0.046390774916544864,1.0,1.2447738067284868,736467.8715728599,2127635.5555970827,57.6,0.00098686,0.9884356009314907,1.0,0.0,4.0037063148e-06,0.9884356009314907,22821.37109178414,0.0,79201.73899952474,102023.11009130887
2026-08-24 10:00:00+00:00,20371.548151039326,111.539801617653,0.035883147493968884,253.26696381563275,0,0.0,0.0,1.2447794507933605,348531.53534512187,265300.3007563973,0,10591200.0,0.06242248888400871,0.0,3600.0,2464.24,8085600.0,0.046390232548426225,1.0,1.2447794507933605,736467.8715728599,2127699.8213098105,57.6,0.00098686,0.9884408490238011,1.0,0.0,4.003672874399999e-06,0.9884408490238011,22821.40988294206,0.0,79202.50595170393,102023.915834646
2026-08-24 11:00:00+00:00,20370.37712489071,111.539801617653,0.035883147493968884,252.0959376670192,0,0.0,0.0,1.244785135482832,348531.53534512187,265301.36292526854,0,10587600.0,0.06242248888400871,0.0,3600.0,2493.52,8082000.0,0.04639023258243724,1.0,1.244785135482832,736467.8715728599,2127699.8213098105,57.6,0.00098686,0.9884459657185178,1.0,0.0,4.0036394304e-06,0.9884459657185178,22848.505400622926,0.0,79203.22711229819,102051.73251292112
2026-08-24 12:00:00+00:00,20507.454410625018,105.61444316638264,0.035883147493968884,250.91623749414885,0,0.0,0.0,1.2447908243486405,348531.53534512187,265302.4250895215,0,10584000.0,0.06405965759665447,0.0,3600.0,2511.99,8078400.0,0.04639898660015063,1.0,1.2447908243486405,736749.5229159439,2127476.1812382187,57.6,0.00098686,0.9884489641580868,1.0,0.0,4.003605993599999e-06,0.9884489641580868,23016.286784455788,0.0,79203.2099987918,102219.4967832476
2026-08-24 13:00:00+00:00,20506.345931165422,105.61444316638264,0.035883147493968884,249.80775803455253,0,0.0,0.0,1.2447965143470887,348531.53534512187,265303.4872491551,0,10580400.0,0.06087975616953478,0.0,3600.0,2492.76,8074800.0,0.046398986634228034,1.0,1.2447965143470887,736775.1382525977,2127550.149414526,57.6,0.00098686,0.9884540818387901,1.0,0.0,4.0035725532000005e-06,0.9884540818387901,22714.25077385136,0.0,79203.93151227117,101918.18228612252
2026-08-24 14:00:00+00:00,20505.227562032058,105.61444316638264,0.035883147493968884,248.6893889011884,0,0.0,0.0,1.244802205509962,348531.53534512187,265304.54940416926,0,10576800.0,0.06087975616953478,0.0,3600.0,2515.0,8071200.0,0.04638864562272649,1.0,1.244802205509962,736775.1382525977,2128775.647708877,57.6,0.00098686,0.9884616996615797,1.0,0.0,4.0035391128e-06,0.9884616996615797,22732.073027213122,0.0,79205.52440872986,101937.59743594298
2026-08-24 15:00:00+00:00,20504.121804011465,105.61444316638264,0.035883147493968884,247.58363088059653,0,0.0,0.0,1.244807894736741,348531.53534512187,265304.81517378526,0,10573200.0,0.05801931567064106,0.0,3600.0,2486.64,8067600.0,0.04638864565685785,1.0,1.244807894736741,736775.1382525977,2128775.647708877,57.6,0.00098686,0.9884668162930879,1.0,0.0,1.001752452e-06,0.9884668162930879,22453.241522289893,0.0,79207.0419465492,101660.2834688391
2026-08-24 16:00:00+00:00,20529.18133377724,105.61444316638264,0.035883147493968884,272.6431606463714,0,0.0,0.0,1.2448135842185586,348531.53534512187,265305.0801872631,0,10569600.0,0.061002344756895054,0.0001,3600.0,2477.03,8064000.0,0.046388645691019637,1.0,1.2448135842185586,736775.1382525977,2128775.647708877,57.6,0.00098686,0.9884719329510816,1.0,0.0,9.98901378e-07,0.9884719329510816,22731.662897116545,0.0,79208.56024973775,101940.2231468543
2026-08-24 17:00:00+00:00,20528.083900158308,105.61444316638264,0.035883147493968884,271.54572702744025,0,0.0,0.0,1.244819273735528,348531.53534512187,265305.34444785066,0,10566000.0,0.061002344756895054,0.0,3600.0,2467.92,8060400.0,0.046388645725211175,1.0,1.244819273735528,736775.1382525977,2128775.647708877,57.6,0.00098686,0.988477049635561,1.0,0.0,9.960625548e-07,0.988477049635561,22721.717790344366,0.0,79210.07931504765,101931.79710539202
2026-08-24 18:00:00+00:00,20526.98411418442,105.61444316638264,0.035883147493968884,270.4459410535526,0,0.0,0.0,1.2448249442874406,348531.53534512187,265305.60795879597,0,10562400.0,0.061002344756895054,0.0,3600.0,2473.21,8056800.0,0.046388645759434466,1.0,1.2448249442874406,736775.1382525977,2128775.647708877,57.6,0.00098686,0.9884821663465261,1.0,0.0,9.932359824e-07,0.9884821663465261,22724.571063455744,0.0,79211.59913923091,101936.17020268666
2026-08-24 19:00:00+00:00,20525.885515505,105.61444316638264,0.035883147493968884,269.34734237413255,0,0.0,0.0,1.2448306341995479,348531.53534512187,265305.87072334794,0,10558800.0,0.061002344756895054,0.0,3600.0,2470.54,8053200.0,0.04638522371079956,1.0,1.2448306341995479,736775.138167943,2129181.3400095627,57.6,0.00098686,0.9884881086111291,1.0,0.0,9.904216644000002e-07,0.9884881086111291,22720.3518202477,0.0,79213.40744128451,101933.7592615322
2026-08-24 20:00:00+00:00,20524.785182575233,105.61444316638264,0.035883147493968884,268.24700944436654,0,0.0,0.0,1.2448363344360072,348531.53534512187,265306.1327447555,0,10555200.0,0.061002344756895054,0.0,3600.0,2474.44,8049600.0,0.046385223745081694,1.0,1.2448363344360072,736775.138167943,2129181.3400095627,57.6,0.00098686,0.9884932250103048,1.0,0.0,9.876196008e-07,0.9884932250103048,22721.966297118306,0.0,79214.92864633707,101936.89494345538
2026-08-24 21:00:00+00:00,20523.681141017805,105.61444316638264,0.035883147493968884,267.1429678869376,0,0.0,0.0,1.2448420346719948,348531.53534512187,265306.3940262666,0,10551600.0,0.061002344756895054,0.0,3600.0,2482.78,8046000.0,0.04638522377939314,1.0,1.2448420346719948,736775.138167943,2129181.3400095627,57.6,0.00098686,0.988498341435963,1.0,0.0,9.84829788e-07,0.988498341435963,22727.51586029737,0.0,79216.45060051611,101943.96646081348
2026-08-24 22:00:00+00:00,20522.58127944839,105.61444316638264,0.035883147493968884,266.043106317522,0,0.0,0.0,1.2448477349008518,348531.53534512187,265306.65457112936,0,10548000.0,0.061002344756895054,0.0,3600.0,2473.38,8042400.0,0.046385223813736554,1.0,1.2448477349008518,736775.138167943,2129181.3400095627,57.6,0.00098686,0.9885034578881036,1.0,0.0,9.82052226e-07,0.9885034578881036,22717.32304883605,0.0,79217.97330057342,101935.29634940947
2026-08-24 23:00:00+00:00,20521.47801608022,105.61444316638264,0.035883147493968884,264.9398429493509,0,0.0,0.0,1.2448534307039902,348531.53534512187,265306.9143825937,0,10544400.0,0.061002344756895054,0.0,3600.0,2481.03,8038800.0,0.04641928993692068,1.0,1.2448534307039902,736775.138167943,2125146.3268307527,57.6,0.00098686,0.988500371099442,1.0,0.0,9.79286922e-07,0.988500371099442,22722.25660052137,0.0,79216.63764591754,101938.89424643891
2026-08-25 00:00:00+00:00,20544.8537952066,105.61444316638264,0.035883147493968884,288.31562207573336,0,0.0,0.0,1.2448591393321,348531.53534512187,265307.1734639068,0,10540800.0,0.061002344756895054,9.302e-05,3600.0,2492.2,8035200.0,0.046362519112167044,1.0,1.2448591393321,736775.1370745987,2131874.8961589327,57.6,0.00098686,0.988519156048434,1.0,0.0,9.765338652000002e-07,0.988519156048434,22754.785884032677,0.0,79222.92571171798,101977.71159575066
2026-08-25 01:00:00+00:00,20543.7443774731,105.61444316638264,0.035883147493968884,287.2062043422319,0,0.0,0.0,1.2448648411221965,348531.53534512187,265307.43181831855,0,10537200.0,0.061002344756895054,0.0,3600.0,2494.87,8031600.0,0.04636251914658529,1.0,1.2448648411221965,736775.1370745987,2131874.8961589327,57.6,0.00098686,0.9885242701597394,1.0,0.0,9.737930664e-07,0.9885242701597394,22755.28849383277,0.0,79224.4497863715,101979.73828020427
2026-08-25 02:00:00+00:00,20542.629592457117,105.61444316638264,0.035883147493968884,286.0914193262495,0,0.0,0.0,1.244870572168536,348531.53534512187,265307.6894490762,0,10533600.0,0.061002344756895054,0.0,3600.0,2506.94,8028000.0,0.046362519181033734,1.0,1.244870572168536,736775.1370745987,2131874.8961589327,57.6,0.00098686,0.9885293842975028,1.0,0.0,9.710645147999999e-07,0.9885293842975028,22764.113776544335,0.0,79225.9745939005,101990.08837044484
2026-08-25 03:00:00+00:00,20541.518800663725,105.61444316638264,0.035883147493968884,284.98062753285853,0,0.0,0.0,1.2448763866093424,348531.53534512187,265307.94635942875,0,10530000.0,0.061002344756895054,0.0,3600.0,2497.96,8024400.0,0.04636251921551393,1.0,1.2448763866093424,736775.1370745987,2131874.8961589327,57.6,0.00098686,0.9885344984617241,1.0,0.0,9.683482176e-07,0.9885344984617241,22754.289000897013,0.0,79227.500131056,101981.78913195302
2026-08-25 04:00:00+00:00,20540.409894311735,105.61444316638264,0.035883147493968884,283.8717211808694,0,0.0,0.0,1.2448822151695216,348531.53534512187,265308.2025526254,0,10526400.0,0.061002344756895054,0.0,3600.0,2493.72,8020800.0,0.04636251925002455,1.0,1.2448822151695216,736775.1370745987,2131874.8961589327,57.6,0.00098686,0.9885396126524038,1.0,0.0,9.656441748e-07,0.9885396126524038,22748.668952895896,0.0,79229.02639458893,101977.69534748483
2026-08-25 05:00:00+00:00,20539.294811360436,105.61444316638264,0.035883147493968884,282.7566382295711,0,0.0,0.0,1.244888063105821,348531.53534512187,265308.4580319142,0,10522800.0,0.061002344756895054,0.0,3600.0,2507.61,8017200.0,0.04620890539081568,1.0,1.244888063105821,736775.1370745987,2150189.400904399,57.6,0.00098686,0.9885816246925477,1.0,0.0,9.629523828e-07,0.9885816246925477,22759.09442971867,0.0,79243.41343615449,102002.50786587315
2026-08-25 06:00:00+00:00,20538.183156888666,105.61444316638264,0.035883147493968884,281.6449837578029,0,0.0,0.0,1.244893892402992,348531.53534512187,265308.71280054434,0,10519200.0,0.061002344756895054,0.0,3600.0,2499.9,8013600.0,0.046208905425271674,1.0,1.244893892402992,736775.1370745987,2150189.400904399,57.6,0.00098686,0.988586722558269,1.0,0.0,9.602728452000002e-07,0.988586722558269,22750.400598629047,0.0,79244.93543449114,101995.33603312018
2026-08-25 07:00:00+00:00,20537.081392090666,105.61444316638264,0.035883147493968884,280.5432189598025,0,0.0,0.0,1.2448997210484745,348531.53534512187,265308.9668617641,0,10515600.0,0.061002344756895054,0.0,3600.0,2477.66,8010000.0,0.04620890545975853,1.0,1.2448997210484745,736775.1370745987,2150189.400904399,57.6,0.00098686,0.9885918204502787,1.0,0.0,9.576055583999999e-07,0.9885918204502787,22728.867805427817,0.0,79246.4581494006,101975.32595482841
2026-08-25 08:00:00+00:00,20553.648453231108,105.61444316638264,0.035883147493968884,297.11028010024285,0,0.0,0.0,1.2449054176590535,348531.53534512187,265309.22021882253,0,10512000.0,0.061002344756895054,6.736e-05,3600.0,2484.0,8006400.0,0.047237105256175305,1.0,1.2449054176590535,770470.4338871951,2123439.409882365,57.6,0.00098686,0.9883504043958514,1.0,0.0,9.549505259999999e-07,0.9883504043958514,22750.29107948738,0.0,79162.06368423568,101912.35476372305
2026-08-25 09:00:00+00:00,20552.548484938594,105.61444316638264,0.035883147493968884,296.01031180772907,0,0.0,0.0,1.2449112475905448,348531.53534512187,265309.47287496884,0,10508400.0,0.061002344756895054,0.0,3600.0,2473.62,8002800.0,0.04723710529151037,1.0,1.2449112475905448,770470.4338871951,2123439.409882365,57.6,0.00098686,0.9883556118984185,1.0,0.0,9.52307748e-07,0.9883556118984185,22739.26277277722,0.0,79163.62600695435,101902.88877973157
2026-08-25 10:00:00+00:00,20551.445261591583,105.61444316638264,0.035883147493968884,294.90708846071976,0,0.0,0.0,1.2449170850330518,348531.53534512187,265309.7248334513,0,10504800.0,0.061002344756895054,0.0,3600.0,2480.94,7999200.0,0.04702366287914406,1.0,1.2449170850330518,763388.8369369276,2129062.1568761994,57.6,0.00098686,0.9884119224676213,1.0,0.0,9.496772208000001e-07,0.9884119224676213,22743.87918250234,0.0,79183.00005761231,101926.87924011465
2026-08-25 11:00:00+00:00,20550.343745814145,105.61444316638264,0.035883147493968884,293.80557268328187,0,0.0,0.0,1.2449229464846823,348531.53534512187,265309.9760975183,0,10501200.0,0.061002344756895054,0.0,3600.0,2477.1,7995600.0,0.04676972124728085,1.0,1.2449229464846823,755023.1050428452,2135704.909396265,57.6,0.00098686,0.9884778967431991,1.0,0.0,9.470589444000001e-07,0.9884778967431991,22738.63403133873,0.0,79205.74290910573,101944.37694044446
2026-08-25 12:00:00+00:00,20549.244191073638,105.61444316638264,0.035883147493968884,292.70601794277366,0,0.0,0.0,1.2449287544143166,348531.53534512187,265310.22667041887,0,10497600.0,0.061002344756895054,0.0,3600.0,2472.69,7992000.0,0.04676979315497931,1.0,1.2449287544143166,755023.1050428452,2135704.909396265,57.6,0.00098686,0.988483037345303,1.0,0.0,9.444529224000001e-07,0.988483037345303,22732.88979707387,0.0,79207.28399814904,101940.17379522292
2026-08-25 13:00:00+00:00,20548.15028376374,105.61444316638264,0.035883147493968884,291.61211063287925,0,0.0,0.0,1.2449346383160969,348531.53534512187,265310.4765554024,0,10494000.0,0.06002984992039853,0.0,3600.0,2459.99,7988400.0,0.046481126791717786,1.0,1.2449346383160969,745594.541036052,2143192.1291256966,57.6,0.00098686,0.988557258079652,1.0,0.0,9.418591547999998e-07,0.988557258079652,22635.7582158129,0.0,79232.90237966261,101868.66059547552
2026-08-25 14:00:00+00:00,20547.04927492102,105.61444316638264,0.035883147493968884,290.5111017901579,0,0.0,0.0,1.244940472990581,348531.53534512187,265310.7257557162,0,10490400.0,0.06002984992039853,0.0,3600.0,2475.96,7984800.0,0.046481126826631636,1.0,1.244940472990581,745594.541036052,2143192.1291256966,57.6,0.00098686,0.9885623851790533,1.0,0.0,9.392776344e-07,0.9885623851790533,22647.488931432443,0.0,79234.44013517495,101881.9290666074
2026-08-25 15:00:00+00:00,20545.945775872675,105.61444316638264,0.035883147493968884,289.40760274181156,0,0.0,0.0,1.244946308275525,348531.53534512187,265310.97427461063,0,10486800.0,0.05981268926035717,0.0,3600.0,2481.56,7981200.0,0.04648112686157746,1.0,1.244946308275525,745594.541036052,2143192.1291256966,57.6,0.00098686,0.9885675123050458,1.0,0.0,9.367083719999999e-07,0.9885675123050458,22631.487363694247,0.0,79235.97858137463,101867.46594506888
2026-08-25 16:00:00+00:00,20564.143386731143,105.61444316638264,0.035883147493968884,307.60521360028036,0,0.0,0.0,1.2449521436111772,348531.53534512187,265311.22211533395,0,10483200.0,0.05981268926035717,7.398e-05,3600.0,2469.59,7977600.0,0.046481126896553926,1.0,1.2449521436111772,745594.541036052,2143192.1291256966,57.6,0.00098686,0.9885726394576302,1.0,0.0,9.341513603999999e-07,0.9885726394576302,22638.91271107131,0.0,79237.51771501353,101876.43042608484
2026-08-25 17:00:00+00:00,20563.045059306263,105.61444316638264,0.035883147493968884,306.50688617540163,0,0.0,0.0,1.2449579789481025,348531.53534512187,265311.4513127841,0,10479600.0,0.05981268926035717,0.0,3600.0,2469.93,7974000.0,0.046481126931562367,1.0,1.2449579789481025,745594.541036052,2143192.1291256966,57.6,0.00098686,0.9885777666368062,1.0,0.0,8.638811028e-07,0.9885777666368062,22637.387439280796,0.0,79239.07550119353,101876.46294047432
2026-08-25 18:00:00+00:00,20561.948461684933,105.61444316638264,0.035883147493968884,305.4102885540731,0,0.0,0.0,1.2449637949680885,348531.53534512187,265311.67985802086,0,10476000.0,0.05981268926035717,0.0,3600.0,2466.04,7970400.0,0.04648112696660256,1.0,1.2449637949680885,745594.541036052,2143192.1291256966,57.6,0.00098686,0.9885828938425739,1.0,0.0,8.614220652000001e-07,0.9885828938425739,22632.312404505992,0.0,79240.63394885504,101872.94635336104
2026-08-25 19:00:00+00:00,20560.853647228705,105.61444316638264,0.035883147493968884,304.3154740978439,0,0.0,0.0,1.244969630752926,348531.53534512187,265311.90775384486,0,10472400.0,0.05981268926035717,0.0,3600.0,2462.03,7966800.0,0.04648112700167517,1.0,1.244969630752926,745594.541036052,2143192.1291256966,57.6,0.00098686,0.9885880210749335,1.0,0.0,8.5897359e-07,0.9885880210749335,22627.140686084123,0.0,79242.19305519742,101869.33374128155
2026-08-25 20:00:00+00:00,20559.77074129152,105.61444316638264,0.035883147493968884,303.232568160657,0,0.0,0.0,1.2449754666935802,348531.53534512187,265312.1350030577,0,10468800.0,0.05981268926035717,0.0,3600.0,2435.25,7963200.0,0.0464811270367782,1.0,1.2449754666935802,745594.541036052,2143192.1291256966,57.6,0.00098686,0.9885931483338856,1.0,0.0,8.565356808e-07,0.9885931483338856,22602.87977445624,0.0,79243.75281741924,101846.63259187547
2026-08-25 21:00:00+00:00,20558.685367382684,105.61444316638264,0.035883147493968884,302.147194251824,0,0.0,0.0,1.2449813025781988,348531.53534512187,265312.3616084601,0,10465200.0,0.05981268926035717,0.0,3600.0,2440.8,7959600.0,0.046481127071913875,1.0,1.2449813025781988,745594.541036052,2143192.1291256966,57.6,0.00098686,0.9885982756194296,1.0,0.0,8.541083340000001e-07,0.9885982756194296,22605.74651737485,0.0,79245.31323271967,101851.05975009452
2026-08-25 22:00:00+00:00,20557.594701786897,105.61444316638264,0.035883147493968884,301.0565286560378,0,0.0,0.0,1.2449871384637436,348531.53534512187,265312.58757285273,0,10461600.0,0.05981268926035717,0.0,3600.0,2452.7,7956000.0,0.04648112710708108,1.0,1.2449871384637436,745594.541036052,2143192.1291256966,57.6,0.00098686,0.988603402931566,1.0,0.0,8.516915496e-07,0.988603402931566,22613.92858082466,0.0,79246.87429829815,101860.80287912281
2026-08-25 23:00:00+00:00,20556.508918772855,105.61444316638264,0.035883147493968884,299.97074564199494,0,0.0,0.0,1.2449929743501407,348531.53534512187,265312.8128990363,0,10458000.0,0.05981268926035717,0.0,3600.0,2441.72,7952400.0,0.04648112714227959,1.0,1.2449929743501407,745594.541036052,2143192.1291256966,57.6,0.00098686,0.9886085302702953,1.0,0.0,8.492853276e-07,0.9886085302702953,22602.9327608597,0.0,79248.43601135415,101851.36877221384
2026-08-26 00:00:00+00:00,20563.540545256255,105.61444316638264,0.035883147493968884,307.0023721253937,0,0.0,0.0,1.2449988102810696,348531.53534512187,265313.03758981236,0,10454400.0,0.05981268926035717,3.144e-05,3600.0,2445.07,7948800.0,0.04648112717751074,1.0,1.2449988102810696,745594.541036052,2143192.1291256966,57.6,0.00098686,0.9886136576356168,1.0,0.0,8.468896716e-07,0.9886136576356168,22612.066632145063,0.0,79249.99836908584,101862.06500123089
2026-08-26 01:00:00+00:00,20562.44886134424,105.61444316638264,0.035883147493968884,305.91068821337876,0,0.0,0.0,1.2450046331891633,348531.53534512187,265313.2616479818,0,10450800.0,0.05981268926035717,0.0,3600.0,2454.99,7945200.0,0.046431289879725224,1.0,1.2450046331891633,745594.5401830495,2149155.4666507905,57.6,0.00098686,0.9886306471779207,1.0,0.0,8.44504578e-07,0.9886306471779207,22618.577835360007,0.0,79255.69570218038,101874.27353754039
2026-08-26 02:00:00+00:00,20561.353090826924,105.61444316638264,0.035883147493968884,304.8149176960614,0,0.0,0.0,1.245010450073383,348531.53534512187,265313.4850763453,0,10447200.0,0.05981268926035717,0.0,3600.0,2464.18,7941600.0,0.04642814103829851,1.0,1.245010450073383,745494.4024020648,2149234.987516716,57.6,0.00098686,0.9886365184584568,1.0,0.0,8.421300468e-07,0.9886365184584568,22624.46804137936,0.0,79257.51860023651,101881.98664161586
2026-08-26 03:00:00+00:00,20560.257142437775,105.61444316638264,0.035883147493968884,303.71896930691366,0,0.0,0.0,1.2450163116704684,348531.53534512187,265313.70787770464,0,10443600.0,0.05981268926035717,0.0,3600.0,2464.58,7938000.0,0.04622966003699114,1.0,1.2450163116704684,741600.861793345,2161768.1356798364,57.6,0.00098686,0.9886888470536012,1.0,0.0,8.397660816e-07,0.9886888470536012,22622.995945728646,0.0,79275.53396448534,101898.52991021398
2026-08-26 04:00:00+00:00,20559.16511167569,105.61444316638264,0.035883147493968884,302.6269385448295,0,0.0,0.0,1.2450221494195253,348531.53534512187,265313.9300548605,0,10440000.0,0.05981268926035717,0.0,3600.0,2455.77,7934400.0,0.04622966007215479,1.0,1.2450221494195253,741600.861793345,2161768.1356798364,57.6,0.00098686,0.9886939477111355,1.0,0.0,8.374126787999999e-07,0.9886939477111355,22613.82185249924,0.0,79277.08952733123,101890.91137983048
2026-08-26 05:00:00+00:00,20558.069487902634,105.61444316638264,0.035883147493968884,301.53131477177214,0,0.0,0.0,1.2450279873766583,348531.53534512187,265314.1516106137,0,10436400.0,0.0619518202476993,0.0,3600.0,2463.85,7930800.0,0.0462294990045371,1.0,1.2450279873766583,741595.633709422,2161772.2875822587,57.6,0.00098686,0.9886990866819232,1.0,0.0,8.350698384e-07,0.9886990866819232,22802.9881353405,0.0,79278.65906495677,102081.64720029727
2026-08-26 06:00:00+00:00,20556.976007485133,105.61444316638264,0.035883147493968884,300.4378343542706,0,0.0,0.0,1.2450338253499096,348531.53534512187,265314.37254776503,0,10432800.0,0.0619518202476993,0.0,3600.0,2459.03,7927200.0,0.04622949903976381,1.0,1.2450338253499096,741595.633709422,2161772.2875822587,57.6,0.00098686,0.9887041873749046,1.0,0.0,8.327375604000001e-07,0.9887041873749046,22796.730085683306,0.0,79280.21588016156,102076.94596584486
2026-08-26 07:00:00+00:00,20555.88186894186,105.61444316638264,0.035883147493968884,299.34369581099673,0,0.0,0.0,1.2450396540925188,348531.53534512187,265314.5928691163,0,10429200.0,0.0619518202476993,0.0,3600.0,2460.51,7923600.0,0.046303737994154215,1.0,1.2450396540925188,744007.633709422,2159856.994140859,57.6,0.00098686,0.9886916614373362,1.0,0.0,8.304158483999999e-07,0.9886916614373362,22796.210645844094,0.0,79275.62987455796,102071.84052040205
2026-08-26 08:00:00+00:00,20580.721662577464,105.61444316638264,0.035883147493968884,324.1834894466026,0,0.0,0.0,1.2450455039606676,348531.53534512187,265314.8125774673,0,10425600.0,0.0619518202476993,0.0001,3600.0,2455.31,7920000.0,0.04621513873654193,1.0,1.2450455039606676,744007.6334579887,2170538.154232266,57.6,0.00098686,0.9887177970937165,1.0,0.0,8.281046952000001e-07,0.9887177970937165,22815.544073911442,0.0,79284.51926665241,102100.06334056385
2026-08-26 09:00:00+00:00,20579.633620591176,105.61444316638264,0.035883147493968884,323.09544746031423,0,0.0,0.0,1.2450513430225305,348531.53534512187,265315.03167561995,0,10422000.0,0.0619518202476993,0.0,3600.0,2446.8,7916400.0,0.04621513877185368,1.0,1.2450513430225305,744007.6334579887,2170538.154232266,57.6,0.00098686,0.9887228963340104,1.0,0.0,8.258041079999999e-07,0.9887228963340104,22805.941214359827,0.0,79286.07741454849,102092.01862890832
2026-08-26 10:00:00+00:00,20578.53629814214,105.61444316638264,0.035883147493968884,321.998125011277,0,0.0,0.0,1.2450571462755697,348531.53534512187,265315.25016637595,0,10418400.0,0.0619518202476993,0.0,3600.0,2467.67,7912800.0,0.04621513880719874,1.0,1.2450571462755697,744007.6334579887,2170538.154232266,57.6,0.00098686,0.988727995600603,1.0,0.0,8.235140868000001e-07,0.988727995600603,22823.057622669956,0.0,79287.63617900712,102110.69380167709
2026-08-26 11:00:00+00:00,20577.44148368591,105.61444316638264,0.035883147493968884,320.9033105550478,0,0.0,0.0,1.2450630255900783,348531.53534512187,265315.4680525352,0,10414800.0,0.0619518202476993,0.0,3600.0,2462.03,7909200.0,0.04621513884257533,1.0,1.2450630255900783,744007.6334579887,2170538.154232266,57.6,0.00098686,0.9887330948934948,1.0,0.0,8.212346244000001e-07,0.9887330948934948,22816.059022303827,0.0,79289.19555722864,102105.25457953247
2026-08-26 12:00:00+00:00,20576.350240006675,105.61444316638264,0.035883147493968884,319.812066875813,0,0.0,0.0,1.2450689247716793,348531.53534512187,265315.68533689965,0,10411200.0,0.0619518202476993,0.0,3600.0,2454.0,7905600.0,0.046215138877983675,1.0,1.2450689247716793,744007.6334579887,2170538.154232266,57.6,0.00098686,0.9887381942126859,1.0,0.0,8.18965728e-07,0.9887381942126859,22806.895165363076,0.0,79290.75554641109,102097.65071177417
2026-08-26 13:00:00+00:00,20575.258035819556,105.61444316638264,0.035883147493968884,318.71986268869426,0,0.0,0.0,1.2450748247990568,348531.53534512187,265315.9020222701,0,10407600.0,0.0619518202476993,0.0,3600.0,2456.16,7902000.0,0.04621513891342466,1.0,1.2450748247990568,744007.6334579887,2170538.154232266,57.6,0.00098686,0.9887432935581764,1.0,0.0,8.16707394e-07,0.9887432935581764,22806.99431702993,0.0,79292.31614375365,102099.31046078357
2026-08-26 14:00:00+00:00,20574.173862545576,105.61444316638264,0.035883147493968884,317.6356894147161,0,0.0,0.0,1.245080724103786,348531.53534512187,265316.1181114484,0,10404000.0,0.0619518202476993,0.0,3600.0,2438.1,7898400.0,0.046022341193645566,1.0,1.245080724103786,737748.6885859848,2175508.9119600873,57.6,0.00098686,0.9887940333174842,1.0,0.0,8.144596260000001e-07,0.9887940333174842,22788.73403436234,0.0,79309.78446078993,102098.51849515227
2026-08-26 15:00:00+00:00,20573.084855604608,105.61444316638264,0.035883147493968884,316.54668247374804,0,0.0,0.0,1.245086583890608,348531.53534512187,265316.92578921554,0,10400400.0,0.0619518202476993,0.0,3600.0,2448.97,7894800.0,0.046022341229000396,1.0,1.245086583890608,737748.6885859848,2175508.9119600873,57.6,0.00098686,0.9887991121480433,1.0,0.0,3.0442045643999995e-06,0.9887991121480433,22796.74869955893,0.0,79310.7469156353,102107.49561519423
2026-08-26 16:00:00+00:00,20591.228182139093,105.61444316638264,0.035883147493968884,334.690009008233,0,0.0,0.0,1.2450924416850715,348531.53534512187,265317.7334559615,0,10396800.0,0.0619518202476993,7.451e-05,3600.0,2443.66,7891200.0,0.04602234126438676,1.0,1.2450924416850715,737748.6885859848,2175508.9119600873,57.6,0.00098686,0.9888041910046894,1.0,0.0,3.0441537576e-06,0.9888041910046894,22809.302516800326,0.0,79311.70939059404,102121.01190739436
2026-08-26 17:00:00+00:00,20590.134297063178,105.61444316638264,0.035883147493968884,333.5961239323174,0,0.0,0.0,1.2450980733330026,348531.53534512187,265318.54111168516,0,10393200.0,0.0619518202476993,0.0,3600.0,2459.94,7887600.0,0.04776618299636537,1.0,1.2450980733330026,795734.2925869857,2129480.2796585904,57.6,0.00098686,0.988397395606255,1.0,0.0,3.0441029472e-06,0.988397395606255,22822.212600894854,0.0,79169.1207100827,101991.33331097756
2026-08-26 18:00:00+00:00,20589.035173661858,105.61444316638264,0.035883147493968884,332.4970005309978,0,0.0,0.0,1.245103910376378,348531.53534512187,265319.3487563883,0,10389600.0,0.0619518202476993,0.0,3600.0,2471.72,7884000.0,0.04776618303318991,1.0,1.245103910376378,795734.2925869857,2129480.2796585904,57.6,0.00098686,0.9884026603456557,1.0,0.0,3.0440521440000003e-06,0.9884026603456557,22831.025457875476,0.0,79170.14799308608,102001.17345096156
2026-08-26 19:00:00+00:00,20587.9370330024,105.61444316638264,0.035883147493968884,331.39885987154094,0,0.0,0.0,1.2451097685931019,348531.53534512187,265320.15639007086,0,10386000.0,0.0619518202476993,0.0,3600.0,2469.51,7880400.0,0.04776618307004865,1.0,1.2451097685931019,795734.2925869857,2129480.2796585904,57.6,0.00098686,0.9884079251130992,1.0,0.0,3.0440013408e-06,0.9884079251130992,22827.14656600434,0.0,79171.17529688386,101998.3218628882
2026-08-26 20:00:00+00:00,20586.838105260093,105.61444316638264,0.035883147493968884,330.2999321292347,0,0.0,0.0,1.245115629531341,348531.53534512187,265320.96401273273,0,10382400.0,0.0619518202476993,0.0,3600.0,2471.28,7876800.0,0.047766183106941584,1.0,1.245115629531341,795734.2925869857,2129480.2796585904,57.6,0.00098686,0.9884131899085855,1.0,0.0,3.0439505376e-06,0.9884131899085855,22826.875860267675,0.0,79172.20262147608,101999.07848174375
2026-08-26 21:00:00+00:00,20585.728233953425,105.61444316638264,0.035883147493968884,329.19006082256584,0,0.0,0.0,1.2451214907004575,348531.53534512187,265321.77162437467,0,10378800.0,0.0619518202476993,0.0,3600.0,2495.89,7873200.0,0.04776618314386738,1.0,1.2451214907004575,795734.2925869857,2129480.2796585904,57.6,0.00098686,0.9884184547321153,1.0,0.0,3.043899738e-06,0.9884184547321153,22847.288738765463,0.0,79173.2299668623,102020.51870562776
2026-08-26 22:00:00+00:00,20584.619821195764,105.61444316638264,0.035883147493968884,328.0816480649059,0,0.0,0.0,1.2451273519394257,348531.53534512187,265322.5792249967,0,10375200.0,0.0619518202476993,0.0,3600.0,2492.61,7869600.0,0.04776618318082715,1.0,1.2451273519394257,795734.2925869857,2129480.2796585904,57.6,0.00098686,0.9884237195836882,1.0,0.0,3.0438489384e-06,0.9884237195836882,22842.424856526843,0.0,79174.25733304239,102016.68218956923
2026-08-26 23:00:00+00:00,20583.50560536964,105.61444316638264,0.035883147493968884,326.9674322387806,0,0.0,0.0,1.2451332132241404,348531.53534512187,265323.3868145986,0,10371600.0,0.0619518202476993,0.0,3600.0,2505.66,7866000.0,0.04776618321782089,1.0,1.2451332132241404,795734.2925869857,2129480.2796585904,57.6,0.00098686,0.9884289844633046,1.0,0.0,3.0437981388e-06,0.9884289844633046,22852.343807328984,0.0,79175.28472001659,102027.62852734557
2026-08-27 00:00:00+00:00,20608.703532477066,105.61444316638264,0.035883147493968884,352.16535934620896,0,0.0,0.0,1.2451390745395232,348531.53534512187,265324.1943931812,0,10368000.0,0.0619518202476993,0.0001,3600.0,2490.71,7862400.0,0.04776618325484905,1.0,1.2451390745395232,798094.9509128855,2135797.684097291,57.6,0.00098686,0.9884342493709645,1.0,0.0,3.0437473428000004e-06,0.9884342493709645,22863.221910885874,0.0,79176.31212778413,102039.53403867
2026-08-27 01:00:00+00:00,20607.593252065188,105.61444316638264,0.035883147493968884,351.0550789343303,0,0.0,0.0,1.2451449358549054,348531.53534512187,265325.0019607435,0,10364400.0,0.0619518202476993,0.0,3600.0,2496.81,7858800.0,0.047766183291910735,1.0,1.2451449358549054,798094.9509128855,2135797.684097291,57.6,0.00098686,0.9884395143066682,1.0,0.0,3.0436965432e-06,0.9884395143066682,22866.848437286928,0.0,79177.33955634612,102044.18799363305
2026-08-27 02:00:00+00:00,20606.484296798444,105.61444316638264,0.035883147493968884,349.9461236675878,0,0.0,0.0,1.2451508038088759,348531.53534512187,265325.8095172863,0,10360800.0,0.0619518202476993,0.0,3600.0,2493.83,7855200.0,0.0475573142229897,1.0,1.2451508038088759,798094.9509128855,2160753.578462233,57.6,0.00098686,0.9884938663231562,1.0,0.0,3.0436457472e-06,0.9884938663231562,22862.259209656735,0.0,79195.47539155895,102057.73460121569
2026-08-27 03:00:00+00:00,20605.376177529306,105.61444316638264,0.035883147493968884,348.83800439844794,0,0.0,0.0,1.2451567264268404,348531.53534512187,265326.6170628114,0,10357200.0,0.0619518202476993,0.0,3600.0,2491.95,7851600.0,0.047070239781170864,1.0,1.2451567264268404,781497.1386672343,2173932.283800829,57.6,0.00098686,0.9886135737732643,1.0,0.0,3.0435949584000004e-06,0.9886135737732643,22858.667342113447,0.0,79236.38966741232,102095.05700952577
2026-08-27 04:00:00+00:00,20604.270503997832,105.61444316638264,0.035883147493968884,347.7323308669755,0,0.0,0.0,1.245162586869965,348531.53534512187,265327.42459731776,0,10353600.0,0.0619518202476993,0.0,3600.0,2486.45,7848000.0,0.047070239817781134,1.0,1.245162586869965,781497.1386672343,2173932.283800829,57.6,0.00098686,0.9886187646785295,1.0,0.0,3.043544166e-06,0.9886187646785295,22851.806934157918,0.0,79237.39132708788,102089.1982612458
2026-08-27 05:00:00+00:00,20603.160797222605,105.61444316638264,0.035883147493968884,346.6226240917497,0,0.0,0.0,1.245168448683367,348531.53534512187,265328.2321208052,0,10350000.0,0.0619518202476993,0.0,3600.0,2495.52,7844400.0,0.04707023974223756,1.0,1.245168448683367,781497.1386672343,2173932.297490064,57.6,0.00098686,0.9886239556373988,1.0,0.0,3.0434933736e-06,0.9886239556373988,22858.111394768,0.0,79238.39301646507,102096.50441123307
2026-08-27 06:00:00+00:00,20602.052629038713,105.61444316638264,0.035883147493968884,345.5144559078565,0,0.0,0.0,1.245174310496755,348531.53534512187,265329.03963327454,0,10346400.0,0.0619518202476993,0.0,3600.0,2492.06,7840800.0,0.04707023977891489,1.0,1.245174310496755,781497.1386672343,2173932.297490064,57.6,0.00098686,0.9886291465971639,1.0,0.0,3.0434425848e-06,0.9886291465971639,22853.093529170837,0.0,79239.39471717254,102092.48824634339
2026-08-27 07:00:00+00:00,20600.94262432817,105.61444316638264,0.035883147493968884,344.40445119731487,0,0.0,0.0,1.2451801381875411,348531.53534512187,265329.8471347258,0,10342800.0,0.0619518202476993,0.0,3600.0,2496.19,7837200.0,0.04733487240061973,1.0,1.2451801381875411,790484.9690293231,2166797.0092453384,57.6,0.00098686,0.988572252252716,1.0,0.0,3.043391796e-06,0.988572252252716,22854.929551090212,0.0,79218.75774249848,102073.6872935887
2026-08-27 08:00:00+00:00,20616.453126649398,105.61444316638264,0.035883147493968884,359.91495351854047,0,0.0,0.0,1.2451859996170973,348531.53534512187,265330.6546251587,0,10339200.0,0.0619518202476993,6.226e-05,3600.0,2529.9,7833600.0,0.047334872437576614,1.0,1.2451859996170973,790484.9690293231,2166797.0092453384,57.6,0.00098686,0.9885774714589655,1.0,0.0,3.0433410072e-06,0.9885774714589655,22900.08406627391,0.0,79219.76931003295,102119.85337630686
2026-08-27 09:00:00+00:00,20615.32649981631,105.61444316638264,0.035883147493968884,358.7883266854521,0,0.0,0.0,1.245191861308605,348531.53534512187,265331.4621045751,0,10335600.0,0.0619518202476993,0.0,3600.0,2533.57,7830000.0,0.047334872474566136,1.0,1.245191861308605,790484.9690293231,2166797.0092453384,57.6,0.00098686,0.9885826906927703,1.0,0.0,3.0432902255999998e-06,0.9885826906927703,22901.47389958796,0.0,79220.78089818783,102122.2547977758
2026-08-27 10:00:00+00:00,20614.21357800775,105.61444316638264,0.035883147493968884,357.6754048768926,0,0.0,0.0,1.2451976451777218,348531.53534512187,265332.269572974,0,10332000.0,0.0619518202476993,0.0,3600.0,2502.75,7826400.0,0.04733487251159074,1.0,1.2451976451777218,790484.9690293231,2166797.0092453384,57.6,0.00098686,0.98858790995413,1.0,0.0,3.0432394404e-06,0.98858790995413,22871.76418486628,0.0,79221.792506964,102093.55669183028
2026-08-27 11:00:00+00:00,20613.1016967494,105.61444316638264,0.035883147493968884,356.5635236185407,0,0.0,0.0,1.2452035136886634,348531.53534512187,265333.0770303553,0,10328400.0,0.0619518202476993,0.0,3600.0,2500.41,7822800.0,0.047334872548648654,1.0,1.2452035136886634,790484.9690293231,2166797.0092453384,57.6,0.00098686,0.9885931292430452,1.0,0.0,3.0431886551999997e-06,0.9885931292430452,22867.755690512517,0.0,79222.80413636175,102090.55982687426
2026-08-27 12:00:00+00:00,20611.992701461495,105.61444316638264,0.035883147493968884,355.4545283306364,0,0.0,0.0,1.2452093805566795,348531.53534512187,265333.8844767197,0,10324800.0,0.0619518202476993,0.0,3600.0,2493.92,7819200.0,0.047334872585741206,1.0,1.2452093805566795,790484.9690293231,2166797.0092453384,57.6,0.00098686,0.9885983485595157,1.0,0.0,3.0431378736e-06,0.9885983485595157,22860.01074543495,0.0,79223.8157863802,102083.82653181515
2026-08-27 13:00:00+00:00,20610.88311919655,105.61444316638264,0.035883147493968884,354.34494606569183,0,0.0,0.0,1.2452152405877022,348531.53534512187,265334.6919120672,0,10321200.0,0.0619518202476993,0.0,3600.0,2495.24,7815600.0,0.047334872622868174,1.0,1.2452152405877022,790484.9690293231,2166797.0092453384,57.6,0.00098686,0.9886035679035418,1.0,0.0,3.043087092e-06,0.9886035679035418,22859.306767765807,0.0,79224.82745701965,102084.13422478546
2026-08-27 14:00:00+00:00,20609.76420310731,105.61444316638264,0.035883147493968884,353.22602997644935,0,0.0,0.0,1.2452211076002788,348531.53534512187,265335.49933639856,0,10317600.0,0.0619518202476993,0.0,3600.0,2516.23,7812000.0,0.04733487266002934,1.0,1.2452211076002788,790484.9690293231,2166797.0092453384,57.6,0.00098686,0.9886087872751236,1.0,0.0,3.0430363139999997e-06,0.9886087872751236,22876.31078875905,0.0,79225.83914827922,102102.14993703827
2026-08-27 15:00:00+00:00,20608.64335266191,105.61444316638264,0.035883147493968884,352.10517953105176,0,0.0,0.0,1.2452269813928873,348531.53534512187,265336.30674971367,0,10314000.0,0.0619518202476993,0.0,3600.0,2520.58,7808400.0,0.04733487269722447,1.0,1.2452269813928873,790484.9690293231,2166797.0092453384,57.6,0.00098686,0.9886140066742612,1.0,0.0,3.042985536e-06,0.9886140066742612,22878.316084537073,0.0,79226.85086015915,102105.16694469622
2026-08-27 16:00:00+00:00,20610.403316485572,105.61444316638264,0.035883147493968884,353.8651433547121,0,0.0,0.0,1.2452328549571932,348531.53534512187,265337.11415201344,0,10310400.0,0.0619518202476993,1.082e-05,3600.0,2521.19,7804800.0,0.04733487273445336,1.0,1.2452328549571932,790484.9690293231,2166797.0092453384,57.6,0.00098686,0.9886192261009551,1.0,0.0,3.0429347616000004e-06,0.9886192261009551,22879.83292823936,0.0,79227.86259265861,102107.69552089798
2026-08-27 17:00:00+00:00,20609.284044652668,105.61444316638264,0.035883147493968884,352.7458715218089,0,0.0,0.0,1.2452387284979187,348531.53534512187,265337.9215432967,0,10306800.0,0.0619518202476993,0.0,3600.0,2517.03,7801200.0,0.04733487277171733,1.0,1.2452387284979187,792461.7136914358,2172215.460689351,57.6,0.00098686,0.988624445555205,1.0,0.0,3.0428839836e-06,0.988624445555205,22874.17797355359,0.0,79228.87434577872,102103.05231933232
2026-08-27 18:00:00+00:00,20608.169837720136,105.61444316638264,0.035883147493968884,351.63166458927515,0,0.0,0.0,1.2452445628817064,348531.53534512187,265338.7289235644,0,10303200.0,0.0619518202476993,0.0,3600.0,2505.64,7797600.0,0.047334872809015494,1.0,1.2452445628817064,792461.7136914358,2172215.460689351,57.6,0.00098686,0.9886296650370113,1.0,0.0,3.0428332091999997e-06,0.9886296650370113,22862.027215030528,0.0,79229.88611951866,102091.91333454919
2026-08-27 19:00:00+00:00,20607.05956620185,105.61444316638264,0.035883147493968884,350.521393070988,0,0.0,0.0,1.2452504366475277,348531.53534512187,265339.5362928164,0,10299600.0,0.0619518202476993,0.0,3600.0,2496.79,7794000.0,0.04733487284634852,1.0,1.2452504366475277,792461.7136914358,2172215.460689351,57.6,0.00098686,0.9886348845463739,1.0,0.0,3.0427824348e-06,0.9886348845463739,22852.17151792838,0.0,79230.89791387861,102083.06943180699
2026-08-27 20:00:00+00:00,20605.944772292274,105.61444316638264,0.035883147493968884,349.406599161414,0,0.0,0.0,1.2452563102563177,348531.53534512187,265340.3436510535,0,10296000.0,0.0619518202476993,0.0,3600.0,2506.96,7790400.0,0.04733487288371574,1.0,1.2452563102563177,792461.7136914358,2172215.460689351,57.6,0.00098686,0.9886401040832932,1.0,0.0,3.042731664e-06,0.9886401040832932,22859.413655252494,0.0,79231.90972885775,102091.32338411023
2026-08-27 21:00:00+00:00,20604.831694845863,105.61444316638264,0.035883147493968884,348.293521715003,0,0.0,0.0,1.2452621830454282,348531.53534512187,265341.15099827555,0,10292400.0,0.0619518202476993,0.0,3600.0,2503.1,7786800.0,0.047334607026233266,1.0,1.2452621830454282,792452.6253197055,2172222.676498292,57.6,0.00098686,0.9886453856228948,1.0,0.0,3.0426808932e-06,0.9886453856228948,22854.04416848303,0.0,79232.94316474209,102086.98733322512
2026-08-27 22:00:00+00:00,20603.71385932799,105.61444316638264,0.035883147493968884,347.17568619712995,0,0.0,0.0,1.2452680479620675,348531.53534512187,265341.9583344825,0,10288800.0,0.0619518202476993,0.0,3600.0,2513.8,7783200.0,0.04739504650623205,1.0,1.2452680479620675,794520.3657117336,2170581.1404958693,57.6,0.00098686,0.9886365248255075,1.0,0.0,3.0426301224e-06,0.9886365248255075,22861.750964151557,0.0,79229.04756121727,102090.79852536882
2026-08-27 23:00:00+00:00,20602.597829209193,105.61444316638264,0.035883147493968884,346.059656078335,0,0.0,0.0,1.2452739206387564,348531.53534512187,265342.7656596752,0,10285200.0,0.0619518202476993,0.0,3600.0,2509.74,7779600.0,0.047395046543751373,1.0,1.2452739206387564,794520.3657117336,2170581.1404958693,57.6,0.00098686,0.9886417508550671,1.0,0.0,3.0425793552000002e-06,0.9886417508550671,22856.199212855572,0.0,79230.06167213083,102086.2608849864
2026-08-28 00:00:00+00:00,20606.979637977634,105.61444316638264,0.035883147493968884,350.4414648467752,0,0.0,0.0,1.2452797563931068,348531.53534512187,265343.57297385344,0,10281600.0,0.06188249642805376,2.071e-05,3600.0,2514.53,7776000.0,0.0476823532082693,1.0,1.2452797563931068,804400.7358592874,2162737.844094664,57.6,0.00098686,0.988580119159871,1.0,0.0,3.042528588e-06,0.988580119159871,22858.08957279898,0.0,79207.7737685999,102065.86334139889
2026-08-28 01:00:00+00:00,20605.86304311578,105.61444316638264,0.035883147493968884,349.3248699849189,0,0.0,0.0,1.2452856185683163,348531.53534512187,265344.3802770181,0,10278000.0,0.058442195463457546,0.0,3600.0,2511.01,7772400.0,0.04768235324609216,1.0,1.2452856185683163,804400.7358592874,2162737.844094664,57.6,0.00098686,0.9885853758429933,1.0,0.0,3.0424778244e-06,0.9885853758429933,22555.683084712113,0.0,79208.79858527472,101764.48166998684
2026-08-28 02:00:00+00:00,20604.75544856854,105.61444316638264,0.035883147493968884,348.2172754376786,0,0.0,0.0,1.2452919834395844,348531.53534512187,265345.18756916915,0,10274400.0,0.058442195463457546,0.0,3600.0,2490.77,7768800.0,0.04768235328394965,1.0,1.2452919834395844,804400.7358592874,2162737.844094664,57.6,0.00098686,0.9885906325540678,1.0,0.0,3.0424270608e-06,0.9885906325540678,22538.181518381905,0.0,79209.82342270529,101748.00494108719
2026-08-28 03:00:00+00:00,20603.648814529184,105.61444316638264,0.035883147493968884,347.11064139832223,0,0.0,0.0,1.2452987663396455,348531.53534512187,265345.9948503064,0,10270800.0,0.058442195463457546,0.0,3600.0,2488.61,7765200.0,0.04768235332184134,1.0,1.2452987663396455,804400.7358592874,2162737.844094664,57.6,0.00098686,0.9885958892930945,1.0,0.0,3.0423762972e-06,0.9885958892930945,22534.721357118833,0.0,79210.84828089195,101745.56963801078
2026-08-28 04:00:00+00:00,20602.543901399786,105.61444316638264,0.035883147493968884,346.00572826892454,0,0.0,0.0,1.2453055519111655,348531.53534512187,265346.8021204298,0,10267200.0,0.058442195463457546,0.0,3600.0,2484.74,7761600.0,0.047682353359769225,1.0,1.2453055519111655,804400.7358592874,2162737.844094664,57.6,0.00098686,0.9886011460600731,1.0,0.0,3.0423255336000003e-06,0.9886011460600731,22529.937657845625,0.0,79211.87315983453,101741.81081768016
2026-08-28 05:00:00+00:00,20601.435742109483,105.61444316638264,0.035883147493968884,344.89756897862287,0,0.0,0.0,1.2453122021863128,348531.53534512187,265347.6093795401,0,10263600.0,0.058442195463457546,0.0,3600.0,2492.04,7758000.0,0.048752628133595266,1.0,1.2453122021863128,841947.5280207716,2132939.683457194,57.6,0.00098686,0.9883581147267289,1.0,0.0,3.0422747736e-06,0.9883581147267289,22533.81426282358,0.0,79126.36181697686,101660.17607980044
2026-08-28 06:00:00+00:00,20600.323287214476,105.61444316638264,0.035883147493968884,343.7851140836181,0,0.0,0.0,1.2453189907839808,348531.53534512187,265348.4166276372,0,10260000.0,0.058442195463457546,0.0,3600.0,2501.7,7754400.0,0.048752628172465506,1.0,1.2453189907839808,841947.5280207716,2132939.683457194,57.6,0.00098686,0.9883634854302289,1.0,0.0,3.0422240136e-06,0.9883634854302289,22539.511951402248,0.0,79127.42642841645,101666.9383798187
2026-08-28 07:00:00+00:00,20599.213660481575,105.61444316638264,0.035883147493968884,342.67548735071597,0,0.0,0.0,1.2453257793816492,348531.53534512187,265349.223864722,0,10256400.0,0.058442195463457546,0.0,3600.0,2495.34,7750800.0,0.048752628211372606,1.0,1.2453257793816492,841947.5280207716,2132939.683457194,57.6,0.00098686,0.988368856162913,1.0,0.0,3.0421732572000003e-06,0.988368856162913,22532.79369379892,0.0,79128.49106103997,101661.28475483888
2026-08-28 08:00:00+00:00,20597.758289248643,105.61444316638264,0.035883147493968884,341.2201161177817,0,0.0,0.0,1.2453325679793144,348531.53534512187,265350.0310907953,0,10252800.0,0.05953908237033006,-1.33e-06,3600.0,2487.19,7747200.0,0.04875262825031612,1.0,1.2453325679793144,841947.5280207716,2132939.683457194,57.6,0.00098686,0.9883742269247815,1.0,0.0,3.0421225044e-06,0.9883742269247815,22618.022969626323,0.0,79129.5557148467,101747.57868447303
2026-08-28 09:00:00+00:00,20596.65165076249,105.61444316638264,0.035883147493968884,340.11347763162956,0,0.0,0.0,1.2453395659564874,348531.53534512187,265350.838305856,0,10249200.0,0.05953908237033006,0.0,3600.0,2488.62,7743600.0,0.04712492503367893,1.0,1.2453395659564874,785313.3585739582,2177903.099844226,57.6,0.00098686,0.9887566332707055,1.0,0.0,3.042071748e-06,0.9887566332707055,22617.368103840767,0.0,79262.02917065663,101879.3972744974
2026-08-28 10:00:00+00:00,20595.537497191508,105.61444316638264,0.035883147493968884,338.9993240606449,0,0.0,0.0,1.2453462820354928,348531.53534512187,265351.645509904,0,10245600.0,0.05953908237033006,0.0,3600.0,2505.52,7740000.0,0.04732887637698546,1.0,1.2453462820354928,792261.676724833,2172386.8828532156,57.6,0.00098686,0.9887145699891666,1.0,0.0,3.0420209916e-06,0.9887145699891666,22629.26186791693,0.0,79246.5615865122,101875.82345442913
2026-08-28 11:00:00+00:00,20594.423970618725,105.61444316638264,0.035883147493968884,337.8857974878622,0,0.0,0.0,1.2453530688685812,348531.53534512187,265352.4527029402,0,10242000.0,0.05953908237033006,0.0,3600.0,2504.11,7736400.0,0.047328876414872045,1.0,1.2453530688685812,792261.676724833,2172386.8828532156,57.6,0.00098686,0.9887197893005084,1.0,0.0,3.0419702388000003e-06,0.9887197893005084,22626.28965954935,0.0,79247.57348807139,101873.86314762074
2026-08-28 12:00:00+00:00,20593.313165484946,105.61444316638264,0.035883147493968884,336.77499235408396,0,0.0,0.0,1.245359911759719,348531.53534512187,265353.25988496444,0,10238400.0,0.05953908237033006,0.0,3600.0,2497.99,7732800.0,0.046879759433248624,1.0,1.245359911759719,777018.0382995735,2184490.845558758,57.6,0.00098686,0.9888290002004289,1.0,0.0,3.041919486e-06,0.9888290002004289,22619.500568227584,0.0,79284.82974867284,101904.33031690042
2026-08-28 13:00:00+00:00,20592.19768232203,105.61444316638264,0.035883147493968884,335.6595091911674,0,0.0,0.0,1.2453666964066379,348531.53534512187,265354.1747389923,0,10234800.0,0.05953908237033006,0.0,3600.0,2508.51,7729200.0,0.04687975947083767,1.0,1.2453666964066379,777018.0382995735,2184490.845558758,57.6,0.00098686,0.9888341716999124,1.0,0.0,3.4476774516e-06,0.9888341716999124,22626.202699033685,0.0,79285.71732530004,101911.92002433373
2026-08-28 14:00:00+00:00,20591.08062944021,105.61444316638264,0.035883147493968884,334.5424563093479,0,0.0,0.0,1.2453734845650195,348531.53534512187,265355.1048788387,0,10231200.0,0.05953908237033006,0.0,3600.0,2512.04,7725600.0,0.0468465983060522,1.0,1.2453734845650195,777018.037246431,2188525.0976607064,57.6,0.00098686,0.9888470167243462,1.0,0.0,3.5052707088e-06,0.9888470167243462,22627.23146808347,0.0,79289.2640815411,101916.49554962457
2026-08-28 15:00:00+00:00,20589.98211524991,105.61444316638264,0.035883147493968884,333.44394211904734,0,0.0,0.0,1.245380270651602,348531.53534512187,265356.03515269683,0,10227600.0,0.05953908237033006,0.0,3600.0,2470.35,7722000.0,0.0468465983436841,1.0,1.245380270651602,777018.037246431,2188525.0976607064,57.6,0.00098686,0.9888521847423069,1.0,0.0,3.505763448e-06,0.9888521847423069,22591.63628558088,0.0,79290.13502491749,101881.77131049837
2026-08-28 16:00:00+00:00,20603.38950759255,105.61444316638264,0.035883147493968884,346.8513344616889,0,0.0,0.0,1.2453870521450086,348531.53534512187,265356.96556059475,0,10224000.0,0.05953908237033006,5.622e-05,3600.0,2440.83,7718400.0,0.04684659838135019,1.0,1.2453870521450086,777018.037246431,2188525.0976607064,57.6,0.00098686,0.9888573527872774,1.0,0.0,3.506256288e-06,0.9888573527872774,22580.428323170334,0.0,79291.00584366784,101871.43416683817
2026-08-28 17:00:00+00:00,20602.303399962417,105.61444316638264,0.035883147493968884,345.76522683155565,0,0.0,0.0,1.245393752258341,348531.53534512187,265357.8961025607,0,10220400.0,0.05953908237033006,0.0,3600.0,2442.45,7714800.0,0.04732878457696832,1.0,1.245393752258341,793399.6728111388,2175520.0339374435,57.6,0.00098686,0.9887511270099912,1.0,0.0,3.5067492288000003e-06,0.9887511270099912,22579.957790853852,0.0,79253.05226845114,101833.01005930499
2026-08-28 18:00:00+00:00,20601.22395363233,105.61444316638264,0.035883147493968884,344.6857805014692,0,0.0,0.0,1.2454005007559772,348531.53534512187,265358.8267786246,0,10216800.0,0.05953908237033006,0.0,3600.0,2427.47,7711200.0,0.047069809347658476,1.0,1.2454005007559772,784572.0321622299,2182529.2641376974,57.6,0.00098686,0.9888161390062902,1.0,0.0,3.5072422776e-06,0.9888161390062902,22566.056692348662,0.0,79274.78032327315,101840.83701562182
2026-08-28 19:00:00+00:00,20600.141416779188,105.61444316638264,0.035883147493968884,343.6032436483303,0,0.0,0.0,1.2454072382673353,348531.53534512187,265359.7575888147,0,10213200.0,0.05953908237033006,0.0,3600.0,2434.42,7707600.0,0.047069809385614336,1.0,1.2454072382673353,784572.0321622299,2182529.2641376974,57.6,0.00098686,0.9888213309286035,1.0,0.0,3.5077354272000003e-06,0.9888213309286035,22569.90528352801,0.0,79275.65906173829,101845.56434526629
2026-08-28 20:00:00+00:00,20599.062343979946,105.61444316638264,0.035883147493968884,342.5241708490876,0,0.0,0.0,1.2454139760026837,348531.53534512187,265360.68853316014,0,10209600.0,0.05953908237033006,0.0,3600.0,2426.63,7704000.0,0.04706980942360617,1.0,1.2454139760026837,784572.0321622299,2182529.2641376974,57.6,0.00098686,0.9888265228781776,1.0,0.0,3.5082286812e-06,0.9888265228781776,22561.830992373376,0.0,79276.53767554939,101838.36866792277
2026-08-28 21:00:00+00:00,20597.98444513478,105.61444316638264,0.035883147493968884,341.4462720039253,0,0.0,0.0,1.2454207121470167,348531.53534512187,265361.61961169087,0,10206000.0,0.05953908237033006,0.0,3600.0,2423.99,7700400.0,0.04708408056607505,1.0,1.2454207121470167,785056.7009917417,2182144.467782087,57.6,0.00098686,0.9888284240107496,1.0,0.0,3.5087220432e-06,0.9888284240107496,22557.926403973295,0.0,79276.26920167287,101834.19560564616
2026-08-28 22:00:00+00:00,20596.899013417602,105.61444316638264,0.035883147493968884,340.36084028674736,0,0.0,0.0,1.2454274504857399,348531.53534512187,265362.550824435,0,10202400.0,0.05953908237033006,0.0,3600.0,2440.93,7696800.0,0.04708408060414948,1.0,1.2454274504857399,785056.7009917417,2182144.467782087,57.6,0.00098686,0.9888336175360666,1.0,0.0,3.509215506e-06,0.9888336175360666,22569.841813931558,0.0,79277.14809628128,101846.98991021284
2026-08-28 23:00:00+00:00,20595.813150361235,105.61444316638264,0.035883147493968884,339.27497723038084,0,0.0,0.0,1.2454341892970286,348531.53534512187,265363.4821714217,0,10198800.0,0.05953908237033006,0.0,3600.0,2441.9,7693200.0,0.04708408064225944,1.0,1.2454341892970286,785056.7009917417,2182144.467782087,57.6,0.00098686,0.9888388110886611,1.0,0.0,3.5097090732000004e-06,0.9888388110886611,22568.843532067913,0.0,79278.02686615428,101846.87039822219
2026-08-29 00:00:00+00:00,20598.829881743182,105.61444316638264,0.035883147493968884,342.2917086123299,0,0.0,0.0,1.2454409282774548,348531.53534512187,265364.41365268,0,10195200.0,0.06087975616953478,1.591e-05,3600.0,2441.42,7689600.0,0.04708408068040559,1.0,1.2454409282774548,785056.7009917417,2182144.467782087,57.6,0.00098686,0.9888440046685331,1.0,0.0,3.5102027448000003e-06,0.9888440046685331,22682.533979480228,0.0,79278.90551126271,101961.43949074294
2026-08-29 01:00:00+00:00,20597.743778559845,105.61444316638264,0.035883147493968884,341.2056054289924,0,0.0,0.0,1.2454476671311572,348531.53534512187,265365.3452682381,0,10191600.0,0.06087975616953478,0.0,3600.0,2442.44,7686000.0,0.047084080718587495,1.0,1.2454476671311572,785056.7009917417,2182144.467782087,57.6,0.00098686,0.9888491982756827,1.0,0.0,3.5106965172e-06,0.9888491982756827,22681.582347677802,0.0,79279.78403157846,101961.36637925626
2026-08-29 02:00:00+00:00,20596.65983207245,105.61444316638264,0.035883147493968884,340.12165894159796,0,0.0,0.0,1.2454543157030336,348531.53534512187,265366.27701812604,0,10188000.0,0.06087975616953478,0.0,3600.0,2437.59,7682400.0,0.04708408075680426,1.0,1.2454543157030336,785056.7009917417,2182144.467782087,57.6,0.00098686,0.9888543919101105,1.0,0.0,3.5111903976e-06,0.9888543919101105,22675.625865963335,0.0,79280.6624270716,101956.28829303493
2026-08-29 03:00:00+00:00,20595.577459750755,105.61444316638264,0.035883147493968884,339.03928661990216,0,0.0,0.0,1.2454610522802156,348531.53534512187,265367.2089023729,0,10184400.0,0.06087975616953478,0.0,3600.0,2434.05,7678800.0,0.0470840807950581,1.0,1.2454610522802156,785056.7009917417,2182144.467782087,57.6,0.00098686,0.988859585571816,1.0,0.0,3.5116843824e-06,0.988859585571816,22670.790756633625,0.0,79281.54069771303,101952.33145434665
2026-08-29 04:00:00+00:00,20594.49282401002,105.61444316638264,0.035883147493968884,337.95465087916506,0,0.0,0.0,1.2454677891153685,348531.53534512187,265368.14092100685,0,10180800.0,0.06087975616953478,0.0,3600.0,2439.14,7675200.0,0.04708408083334703,1.0,1.2454677891153685,785056.7009917417,2182144.467782087,57.6,0.00098686,0.9888647792607997,1.0,0.0,3.512178468e-06,0.9888647792607997,22673.310650066513,0.0,79282.4188434747,101955.72949354122
2026-08-29 05:00:00+00:00,20593.408784139916,105.61444316638264,0.035883147493968884,336.87061100905964,0,0.0,0.0,1.2454745232193802,348531.53534512187,265369.07307405595,0,10177200.0,0.06087975616953478,0.0,3600.0,2437.8,7671600.0,0.04708667607745021,1.0,1.2454745232193802,785144.8570225444,2182074.4775893516,57.6,0.00098686,0.9888693767549113,1.0,0.0,3.5126726544e-06,0.9888693767549113,22670.34988155502,0.0,79283.08906210703,101953.43894366204
2026-08-29 06:00:00+00:00,20592.32646517977,105.61444316638264,0.035883147493968884,335.7882920489129,0,0.0,0.0,1.2454812476493475,348531.53534512187,265370.0053615513,0,10173600.0,0.06087975616953478,0.0,3600.0,2433.93,7668000.0,0.047086676115813075,1.0,1.2454812476493475,785144.8570225444,2182074.4775893516,57.6,0.00098686,0.9888745707751064,1.0,0.0,3.5131669524e-06,0.9888745707751064,22665.236911034335,0.0,79283.96705444495,101949.20396547928
2026-08-29 07:00:00+00:00,20591.24358147656,105.61444316638264,0.035883147493968884,334.7054083457048,0,0.0,0.0,1.2454879716408156,348531.53534512187,265370.937783521,0,10170000.0,0.06087975616953478,0.0,3600.0,2435.2,7664400.0,0.04708667615421258,1.0,1.2454879716408156,785144.8570225444,2182074.4775893516,57.6,0.00098686,0.988879764822583,1.0,0.0,3.5136613512000006e-06,0.988879764822583,22664.50175428927,0.0,79284.8449218169,101949.34667610617
2026-08-29 08:00:00+00:00,20597.377060770425,105.61444316638264,0.035883147493968884,340.8388876395685,0,0.0,0.0,1.2454946956055402,348531.53534512187,265371.8703399923,0,10166400.0,0.06087975616953478,2.808e-05,3600.0,2432.98,7660800.0,0.04708667619264806,1.0,1.2454946956055402,785144.8570225444,2182074.4775893516,57.6,0.00098686,0.9888849588973412,1.0,0.0,3.5141558472e-06,0.9888849588973412,22668.01196275003,0.0,79285.72266419575,101953.73462694578
2026-08-29 09:00:00+00:00,20596.2946173,105.61444316638264,0.035883147493968884,339.75644416914054,0,0.0,0.0,1.2455014232201531,348531.53534512187,265372.8030309961,0,10162800.0,0.06087975616953478,0.0,3600.0,2434.21,7657200.0,0.04708667623111973,1.0,1.2455014232201531,785144.8570225444,2182074.4775893516,57.6,0.00098686,0.9888901529993812,1.0,0.0,3.5146504547999994e-06,0.9888901529993812,22667.24273633675,0.0,79286.60028155067,101953.84301788741
2026-08-29 10:00:00+00:00,20595.212453977703,105.61444316638264,0.035883147493968884,338.6742808468454,0,0.0,0.0,1.2455080847574904,348531.53534512187,265373.73585656064,0,10159200.0,0.06087975616953478,0.0,3600.0,2433.58,7653600.0,0.047086676269626926,1.0,1.2455080847574904,785144.8570225444,2182074.4775893516,57.6,0.00098686,0.9888953471287032,1.0,0.0,3.5151451632e-06,0.9888953471287032,22664.891180658105,0.0,79287.47777385352,101952.36895451162
2026-08-29 11:00:00+00:00,20594.129717018754,105.61444316638264,0.035883147493968884,337.5915438878974,0,0.0,0.0,1.2455148135998333,348531.53534512187,265374.66881671594,0,10155600.0,0.06087975616953478,0.0,3600.0,2434.87,7650000.0,0.04708667630817165,1.0,1.2455148135998333,785144.8570225444,2182074.4775893516,57.6,0.00098686,0.9889005412853071,1.0,0.0,3.5156399796e-06,0.9889005412853071,22664.17174848267,0.0,79288.35514107422,101952.52688955689
2026-08-29 12:00:00+00:00,20593.04758037723,105.61444316638264,0.035883147493968884,336.5094072463768,0,0.0,0.0,1.2455215430681783,348531.53534512187,265375.60191148915,0,10152000.0,0.06087975616953478,0.0,3600.0,2433.52,7646400.0,0.047086676346751455,1.0,1.2455215430681783,785144.8570225444,2182074.4775893516,57.6,0.00098686,0.9889057354691935,1.0,0.0,3.5161348932e-06,0.9889057354691935,22661.208498263426,0.0,79289.23238318576,101950.44088144919
2026-08-29 13:00:00+00:00,20591.964967928565,105.61444316638264,0.035883147493968884,335.42679479771,0,0.0,0.0,1.245528272546856,348531.53534512187,265376.5351409104,0,10148400.0,0.06087975616953478,0.0,3600.0,2434.59,7642800.0,0.04708667638536901,1.0,1.245528272546856,785144.8570225444,2182074.4775893516,57.6,0.00098686,0.9889109296803619,1.0,0.0,3.5166299148e-06,0.9889109296803619,22660.301527377982,0.0,79290.10950015794,101950.41102753591
2026-08-29 14:00:00+00:00,20590.876685815307,105.61444316638264,0.035883147493968884,334.3385126844506,0,0.0,0.0,1.2455350023833538,348531.53534512187,265377.4685050088,0,10144800.0,0.06087975616953478,0.0,3600.0,2447.34,7639200.0,0.04708667642466646,1.0,1.2455350023833538,785144.8570225444,2182074.4775893516,57.6,0.00098686,0.9889161239186656,1.0,0.0,3.5171250407999993e-06,0.9889161239186656,22669.307612815734,0.0,79290.98649191053,101960.29410472626
2026-08-29 15:00:00+00:00,20589.790106824825,105.61444316638264,0.035883147493968884,333.2519336939669,0,0.0,0.0,1.2455417549060492,348531.53534512187,265378.40200381237,0,10141200.0,0.06087975616953478,0.0,3600.0,2443.51,7635600.0,0.04676993467630686,1.0,1.2455417549060492,791453.0947663571,2238707.241876743,57.6,0.00098686,0.9889937622194946,1.0,0.0,3.5176202675999995e-06,0.9889937622194946,22664.23196231049,0.0,79317.11238929647,101981.34435160695
2026-08-29 16:00:00+00:00,20604.407891181258,105.61444316638264,0.035883147493968884,347.8697180504012,0,0.0,0.0,1.2455484593356125,348531.53534512187,265379.3356373513,0,10137600.0,0.06087975616953478,6.071e-05,3600.0,2449.7,7632000.0,0.0467699347147672,1.0,1.2455484593356125,791453.0947663571,2238707.241876743,57.6,0.00098686,0.9889989227360472,1.0,0.0,3.5181156024e-06,0.9889989227360472,22683.366541502368,0.0,79317.97735851473,102001.3439000171
2026-08-29 17:00:00+00:00,20603.31871970885,105.61444316638264,0.035883147493968884,346.78054657799004,0,0.0,0.0,1.245555164351429,348531.53534512187,265380.26940565277,0,10134000.0,0.06087975616953478,0.0,3600.0,2449.34,7628400.0,0.046769934753263964,1.0,1.245555164351429,791453.0947663571,2238707.241876743,57.6,0.00098686,0.9890040832795268,1.0,0.0,3.5186110344000004e-06,0.9890040832795268,22681.2336949084,0.0,79318.8422023555,102000.0758972639
2026-08-29 18:00:00+00:00,20602.22875670679,105.61444316638264,0.035883147493968884,345.6905835759338,0,0.0,0.0,1.2455618026300126,348531.53534512187,265381.2033087478,0,10130400.0,0.06087975616953478,0.0,3600.0,2451.12,7624800.0,0.04677253970801343,1.0,1.2455618026300126,791542.659030951,2238636.1285899202,57.6,0.00098686,0.9890086487854256,1.0,0.0,3.519106578e-06,0.9890086487854256,22680.91511302951,0.0,79319.499522041,102000.41463507051
2026-08-29 19:00:00+00:00,20601.138331237977,105.61444316638264,0.035883147493968884,344.6001581071186,0,0.0,0.0,1.2455685082902752,348531.53534512187,265382.1373466635,0,10126800.0,0.06085723570290323,0.0,3600.0,2452.16,7621200.0,0.046772539746584796,1.0,1.2455685082902752,791542.659030951,2238636.1285899202,57.6,0.00098686,0.9890138096606121,1.0,0.0,3.5196022188000005e-06,0.9890138096606121,22678.09475525726,0.0,79320.36421187775,101998.45896713501
2026-08-29 20:00:00+00:00,20600.048181470498,105.61444316638264,0.035883147493968884,343.5100083396405,0,0.0,0.0,1.2455752097508925,348531.53534512187,265383.07151942997,0,10123200.0,0.06085723570290323,0.0,3600.0,2451.54,7617600.0,0.04680381078197393,1.0,1.2455752097508925,792618.4242410065,2237782.088977155,57.6,0.00098686,0.9890118338612839,1.0,0.0,3.5200979676000004e-06,0.9890118338612839,22675.74131587613,0.0,79318.74141073792,101994.48272661405
2026-08-29 21:00:00+00:00,20598.95856531851,105.61444316638264,0.035883147493968884,342.4203921876534,0,0.0,0.0,1.2455819185243697,348531.53534512187,265384.0058270764,0,10119600.0,0.06085723570290323,0.0,3600.0,2450.34,7614000.0,0.046803810820645,1.0,1.2455819185243697,792618.4242410065,2237782.088977155,57.6,0.00098686,0.9890169981258228,1.0,0.0,3.5205938207999996e-06,0.9890169981258228,22672.89787821012,0.0,79319.60701214016,101992.50489035028
2026-08-29 22:00:00+00:00,20597.868442231807,105.61444316638264,0.035883147493968884,341.33026910094986,0,0.0,0.0,1.2455886277945365,348531.53534512187,265384.9402696318,0,10116000.0,0.06085723570290323,0.0,3600.0,2451.48,7610400.0,0.04680381085935248,1.0,1.2455886277945365,792618.4242410065,2237782.088977155,57.6,0.00098686,0.9890221624173277,1.0,0.0,3.5210897784000003e-06,0.9890221624173277,22672.03450049391,0.0,79320.4724880319,101992.50698852581
2026-08-29 23:00:00+00:00,20596.77608685363,105.61444316638264,0.035883147493968884,340.2379137227753,0,0.0,0.0,1.2455953371016415,348531.53534512187,265385.8748471234,0,10112400.0,0.06085723570290323,0.0,3600.0,2456.5,7606800.0,0.0468038108980966,1.0,1.2455953371016415,792618.4242410065,2237782.088977155,57.6,0.00098686,0.9890273267357985,1.0,0.0,3.5215858332e-06,0.9890273267357985,22674.449854385493,0.0,79321.33783838595,101995.78769277144
2026-08-30 00:00:00+00:00,20603.901459171342,105.61444316638264,0.035883147493968884,347.3632860404869,0,0.0,0.0,1.2456020464977358,348531.53534512187,265386.8095595822,0,10108800.0,0.06085723570290323,3.166e-05,3600.0,2457.81,7603200.0,0.04680381093687758,1.0,1.2456020464977358,792618.4242410065,2237782.088977155,57.6,0.00098686,0.9890324910812357,1.0,0.0,3.5220819995999998e-06,0.9890324910812357,22681.943163265812,0.0,79322.20306317142,102004.14622643722
2026-08-30 01:00:00+00:00,20602.80957515352,105.61444316638264,0.035883147493968884,346.2714020226628,0,0.0,0.0,1.2456087529066406,348531.53534512187,265387.7444070364,0,10105200.0,0.06085723570290323,0.0,3600.0,2455.44,7599600.0,0.04680381097569586,1.0,1.2456087529066406,792618.4242410065,2237782.088977155,57.6,0.00098686,0.989037655453639,1.0,0.0,3.5225782668e-06,0.989037655453639,22678.108149851425,0.0,79323.06816236005,102001.17631221148
2026-08-30 02:00:00+00:00,20601.71846932495,105.61444316638264,0.035883147493968884,345.1802961940965,0,0.0,0.0,1.245615412681956,348531.53534512187,265388.6793895151,0,10101600.0,0.06085723570290323,0.0,3600.0,2453.69,7596000.0,0.04677983228761229,1.0,1.245615412681956,791793.5015617702,2238437.125491586,57.6,0.00098686,0.9890482769345466,1.0,0.0,3.5230746383999998e-06,0.9890482769345466,22674.799169226215,0.0,79325.83510092972,102000.63427015593
2026-08-30 03:00:00+00:00,20600.626336286565,105.61444316638264,0.035883147493968884,344.08816315570994,0,0.0,0.0,1.2456220915685987,348531.53534512187,265389.6145070464,0,10098000.0,0.06085723570290323,0.0,3600.0,2456.0,7592400.0,0.046779832326483195,1.0,1.2456220915685987,791793.5015617702,2238437.125491586,57.6,0.00098686,0.9890534388030673,1.0,0.0,3.5235711107999994e-06,0.9890534388030673,22674.919217311868,0.0,79326.69905735919,102001.61827467105
2026-08-30 04:00:00+00:00,20599.53473686367,105.61444316638264,0.035883147493968884,342.9965637328144,0,0.0,0.0,1.2456287704552418,348531.53534512187,265390.54975965945,0,10094400.0,0.06085723570290323,0.0,3600.0,2454.8,7588800.0,0.04677983236539163,1.0,1.2456287704552418,791793.5015617702,2238437.125491586,57.6,0.00098686,0.9890586006985279,1.0,0.0,3.5240676876e-06,0.9890586006985279,22672.07498270374,0.0,79327.56288809632,101999.63787080006
2026-08-30 05:00:00+00:00,20598.443052951654,105.61444316638264,0.035883147493968884,341.90487982079947,0,0.0,0.0,1.24563544934741,348531.53534512187,265391.48514738336,0,10090800.0,0.06085723570290323,0.0,3600.0,2454.99,7585200.0,0.04677983240433603,1.0,1.24563544934741,791793.5015617702,2238437.125491586,57.6,0.00098686,0.9890637626209287,1.0,0.0,3.5245643688e-06,0.9890637626209287,22670.404517879804,0.0,79328.42659311206,101998.83111099186
2026-08-30 06:00:00+00:00,20597.349096727005,105.61444316638264,0.035883147493968884,340.8109235961517,0,0.0,0.0,1.2456421283306622,348531.53534512187,265392.4206702482,0,10087200.0,0.06085723570290323,0.0,3600.0,2460.1,7581600.0,0.0467798324433184,1.0,1.2456421283306622,791793.5015617702,2238437.125491586,57.6,0.00098686,0.9890689245702695,1.0,0.0,3.5250611580000003e-06,0.9890689245702695,22672.882564525637,0.0,79329.29017237632,102002.17273690196
2026-08-30 07:00:00+00:00,20596.25776855865,105.61444316638264,0.035883147493968884,339.7195954277975,0,0.0,0.0,1.2456488066875013,348531.53534512187,265393.35632828216,0,10083600.0,0.06085723570290323,0.0,3600.0,2454.19,7578000.0,0.04677983248233719,1.0,1.2456488066875013,791793.5015617702,2238437.125491586,57.6,0.00098686,0.9890740865465508,1.0,0.0,3.5255580480000005e-06,0.9890740865465508,22666.06614308173,0.0,79330.15362586116,101996.21976894289
2026-08-30 08:00:00+00:00,20602.47227142314,105.61444316638264,0.035883147493968884,345.9340982922872,0,0.0,0.0,1.2456554872063506,348531.53534512187,265394.29212151427,0,10080000.0,0.06085723570290323,2.817e-05,3600.0,2455.86,7574400.0,0.046766429910005014,1.0,1.2456554872063506,791793.5012363045,2240106.719763729,57.6,0.00098686,0.9890822902068277,1.0,0.0,3.5260550424e-06,0.9890822902068277,22672.949630000112,0.0,79332.07706694078,102005.02669694088
2026-08-30 09:00:00+00:00,20601.381645848516,105.61444316638264,0.035883147493968884,344.8434727176629,0,0.0,0.0,1.2456620972827663,348531.53534512187,265395.22804997273,0,10076400.0,0.06085723570290323,0.0,3600.0,2452.61,7570800.0,0.04729269869311237,1.0,1.2456620972827663,810040.3262726521,2225620.6514223483,57.6,0.00098686,0.9889681090857719,1.0,0.0,3.5265521375999998e-06,0.9889681090857719,22668.380528826387,0.0,79291.34541705332,101959.7259458797
2026-08-30 10:00:00+00:00,20600.288334409255,105.61444316638264,0.035883147493968884,343.7501612784002,0,0.0,0.0,1.2456687561552016,348531.53534512187,265396.1641136877,0,10072800.0,0.06085723570290323,0.0,3600.0,2458.65,7567200.0,0.04729269873268138,1.0,1.2456687561552016,810040.3262726521,2225620.6514223483,57.6,0.00098686,0.9889733258354982,1.0,0.0,3.5270493408000003e-06,0.9889733258354982,22671.637283329597,0.0,79292.22755512997,101963.86483845956
2026-08-30 11:00:00+00:00,20599.19481841739,105.61444316638264,0.035883147493968884,342.6566452865326,0,0.0,0.0,1.2456754375441454,348531.53534512187,265397.10031268816,0,10069200.0,0.06085723570290323,0.0,3600.0,2459.11,7563600.0,0.04729269877228859,1.0,1.2456754375441454,810040.3262726521,2225620.6514223483,57.6,0.00098686,0.9889785426127425,1.0,0.0,3.5275466483999994e-06,0.9889785426127425,22670.19087065409,0.0,79293.10956751206,101963.30043816614
2026-08-30 12:00:00+00:00,20598.097353670888,105.61444316638264,0.035883147493968884,341.55918054003104,0,0.0,0.0,1.245682128087567,348531.53534512187,265398.0366470014,0,10065600.0,0.06085723570290323,0.0,3600.0,2467.99,7560000.0,0.047292698811932654,1.0,1.245682128087567,810040.3262726521,2225620.6514223483,57.6,0.00098686,0.9889837594175052,1.0,0.0,3.5280440532000005e-06,0.9889837594175052,22675.828793643544,0.0,79293.9914541723,101969.82024781583
2026-08-30 13:00:00+00:00,20596.997145251404,105.61444316638264,0.035883147493968884,340.45897212054626,0,0.0,0.0,1.2456888185485464,348531.53534512187,265398.97311665834,0,10062000.0,0.06085723570290323,0.0,3600.0,2474.16,7556400.0,0.047292698851615134,1.0,1.2456888185485464,810040.3262726521,2225620.6514223483,57.6,0.00098686,0.9889889762497861,1.0,0.0,3.5285415695999997e-06,0.9889889762497861,22679.177968565487,0.0,79294.87321507989,101974.05118364538
2026-08-30 14:00:00+00:00,20595.896225344597,105.61444316638264,0.035883147493968884,339.35805221374005,0,0.0,0.0,1.2456955090092034,348531.53534512187,265399.90972168726,0,10058400.0,0.06085723570290323,0.0,3600.0,2475.76,7552800.0,0.047292698891335805,1.0,1.2456955090092034,810040.3262726521,2225620.6514223483,57.6,0.00098686,0.9889941931095854,1.0,0.0,3.5290391868e-06,0.9889941931095854,22678.678113883765,0.0,79295.75485020649,101974.43296409026
2026-08-30 15:00:00+00:00,20594.79346001755,105.61444316638264,0.035883147493968884,338.2552868866939,0,0.0,0.0,1.2457021981441616,348531.53534512187,265400.8464621163,0,10054800.0,0.06085723570290323,0.0,3600.0,2479.91,7549200.0,0.04729269893109356,1.0,1.2457021981441616,810040.3262726521,2225620.6514223483,57.6,0.00098686,0.9889994099969034,1.0,0.0,3.5295369048e-06,0.9889994099969034,22680.319920215952,0.0,79296.6363595241,101976.95627974006
2026-08-30 16:00:00+00:00,20604.659886484143,105.61444316638264,0.035883147493968884,348.1217133532868,0,0.0,0.0,1.2457088854928957,348531.53534512187,265401.78333797544,0,10051200.0,0.06085723570290323,4.116e-05,3600.0,2528.29,7545600.0,0.047292698970889946,1.0,1.2457088854928957,810040.3262726521,2225620.6514223483,57.6,0.00098686,0.9890046269117401,1.0,0.0,3.5300347307999994e-06,0.9890046269117401,22730.111143151735,0.0,79297.51774300274,102027.62888615447
2026-08-30 17:00:00+00:00,20603.54613312478,105.61444316638264,0.035883147493968884,347.0079599939204,0,0.0,0.0,1.24571557834847,348531.53534512187,265402.7203492939,0,10047600.0,0.06085723570290323,0.0,3600.0,2504.62,7542000.0,0.04725225310269776,1.0,1.24571557834847,810040.3262726521,2230631.951185828,57.6,0.00098686,0.9890189786204007,1.0,0.0,3.5305326611999994e-06,0.9890189786204007,22708.34465208014,0.0,79301.58275473863,102009.92740681877
2026-08-30 18:00:00+00:00,20602.430049644434,105.61444316638264,0.035883147493968884,345.89187651357634,0,0.0,0.0,1.2457222423832675,348531.53534512187,265403.6574960998,0,10044000.0,0.06085723570290323,0.0,3600.0,2509.86,7538400.0,0.04692089839682945,1.0,1.2457222423832675,798512.5744432176,2239785.1850301363,57.6,0.00098686,0.9890990093512304,1.0,0.0,3.5310306923999996e-06,0.9890990093512304,22710.876373062478,0.0,79328.53884142358,102039.41521448606
2026-08-30 19:00:00+00:00,20601.31712338908,105.61444316638264,0.035883147493968884,344.77895025822113,0,0.0,0.0,1.2457287525409877,348531.53534512187,265404.5947784224,0,10040400.0,0.06085723570290323,0.0,3600.0,2502.76,7534800.0,0.048275057390313014,1.0,1.2457287525409877,846352.2356932998,2201814.053035893,57.6,0.00098686,0.9887987542649488,1.0,0.0,3.5315288280000004e-06,0.9887987542649488,22703.045405366007,0.0,79222.9531928841,101925.99859825011
2026-08-30 20:00:00+00:00,20600.210053563736,105.61444316638264,0.035883147493968884,343.67188043288036,0,0.0,0.0,1.2457354403839616,348531.53534512187,265405.5321962906,0,10036800.0,0.06085723570290323,0.0,3600.0,2489.59,7531200.0,0.048275057431109714,1.0,1.2457354403839616,846352.2356932998,2201814.053035893,57.6,0.00098686,0.9888040759500738,1.0,0.0,3.5320270680000006e-06,0.9888040759500738,22690.129028596242,0.0,79223.87055010308,101913.99957869932
2026-08-30 21:00:00+00:00,20599.1069636206,105.61444316638264,0.035883147493968884,342.56879048974383,0,0.0,0.0,1.2457421282257264,348531.53534512187,265406.4697497337,0,10033200.0,0.06085723570290323,0.0,3600.0,2480.64,7527600.0,0.04827505747194616,1.0,1.2457421282257264,846352.2356932998,2201814.053035893,57.6,0.00098686,0.9888093976638398,1.0,0.0,3.5325254124000002e-06,0.9888093976638398,22680.7658263543,0.0,79224.78778172954,101905.55360808384
2026-08-30 22:00:00+00:00,20598.008822961143,105.61444316638264,0.035883147493968884,341.47064983028696,0,0.0,0.0,1.2457488160869274,348531.53534512187,265407.40743878065,0,10029600.0,0.06085723570290323,0.0,3600.0,2469.51,7524000.0,0.04827505751282146,1.0,1.2457488160869274,846352.2356932998,2201814.053035893,57.6,0.00098686,0.9888147194062472,1.0,0.0,3.5330238611999997e-06,0.9888147194062472,22669.58424626317,0.0,79225.70488773455,101895.28913399772
2026-08-30 23:00:00+00:00,20596.9346772116,105.61444316638264,0.035883147493968884,340.3965040807451,0,0.0,0.0,1.2457555039784547,348531.53534512187,265408.3452634597,0,10026000.0,0.06085723570290323,0.0,3600.0,2415.55,7520400.0,0.04827505755373607,1.0,1.2457555039784547,846352.2356932998,2201814.053035893,57.6,0.00098686,0.9888200411772959,1.0,0.0,3.5335224107999996e-06,0.9888200411772959,22622.517846517003,0.0,79226.62186808989,101849.13971460689
2026-08-31 00:00:00+00:00,20601.915279801608,105.61444316638264,0.035883147493968884,345.3771066707519,0,0.0,0.0,1.2457621918684916,348531.53534512187,265409.283223801,0,10022400.0,0.06085723570290323,2.364e-05,3600.0,2427.14,7516800.0,0.048275057594689974,1.0,1.2457621918684916,846352.2356932998,2201814.053035893,57.6,0.00098686,0.9888253629769863,1.0,0.0,3.5340210684e-06,0.9888253629769863,22636.48654875666,0.0,79227.53872276546,101864.02527152211
2026-08-31 01:00:00+00:00,20600.842637069032,105.61444316638264,0.035883147493968884,344.3044639381766,0,0.0,0.0,1.2457688797584392,348531.53534512187,265410.2213198317,0,10018800.0,0.06085723570290323,0.0,3600.0,2412.17,7513200.0,0.04827505763568296,1.0,1.2457688797584392,846352.2356932998,2201814.053035893,57.6,0.00098686,0.9888306848053185,1.0,0.0,3.5345198232e-06,0.9888306848053185,22622.13887179179,0.0,79228.45545173425,101850.59432352603
2026-08-31 02:00:00+00:00,20599.77229777666,105.61444316638264,0.035883147493968884,343.2341246458044,0,0.0,0.0,1.2457754777212695,348531.53534512187,265411.1595515828,0,10015200.0,0.060985846797351126,0.0,3600.0,2406.99,7509600.0,0.048280816788773384,1.0,1.2457754777212695,845957.365367164,2200082.641067426,57.6,0.00098686,0.988834713022788,1.0,0.0,3.5350186896e-06,0.988834713022788,22626.38631872216,0.0,79228.92118080246,101855.30749952461
2026-08-31 03:00:00+00:00,20598.696195436984,105.61444316638264,0.035883147493968884,342.15802230612866,0,0.0,0.0,1.2457822425888947,348531.53534512187,265412.09791908256,0,10011600.0,0.060985846797351126,0.0,3600.0,2419.95,7506000.0,0.047694097911313627,1.0,1.2457822425888947,845957.3464009948,2273004.1486389213,57.6,0.00098686,0.9889718098917244,1.0,0.0,3.5355176568e-06,0.9889718098917244,22635.48975498381,0.0,79275.76539552415,101911.25515050796
2026-08-31 04:00:00+00:00,20597.621689496984,105.61444316638264,0.035883147493968884,341.08351636613037,0,0.0,0.0,1.2457889305101888,348531.53534512187,265413.03642236005,0,10008000.0,0.060985846797351126,0.0,3600.0,2416.36,7502400.0,0.047694097951918035,1.0,1.2457889305101888,845957.3464009948,2273004.1486389213,57.6,0.00098686,0.9889770699228942,1.0,0.0,3.5360167284000005e-06,0.9889770699228942,22630.662352693183,0.0,79276.6601789862,101907.32253167938
2026-08-31 05:00:00+00:00,20596.538934750854,105.61444316638264,0.035883147493968884,340.0007616199993,0,0.0,0.0,1.2457956199486344,348531.53534512187,265413.97506144433,0,10004400.0,0.060985846797351126,0.0,3600.0,2434.91,7498800.0,0.04769409799256308,1.0,1.2457956199486344,845957.3464009948,2273004.1486389213,57.6,0.00098686,0.9889823299820403,1.0,0.0,3.5365159044000003e-06,0.9889823299820403,22644.44999443842,0.0,79277.55483639211,101922.00483083053
2026-08-31 06:00:00+00:00,20595.45500605064,105.61444316638264,0.035883147493968884,338.9168329197879,0,0.0,0.0,1.2458023154884157,348531.53534512187,265414.91383636364,0,10000800.0,0.060985846797351126,0.0,3600.0,2437.55,7495200.0,0.04769409803324631,1.0,1.2458023154884157,845957.3464009948,2273004.1486389213,57.6,0.00098686,0.988987590069163,1.0,0.0,3.5370151811999994e-06,0.988987590069163,22644.848747540498,0.0,79278.44936771377,101923.29811525426
2026-08-31 07:00:00+00:00,20594.37042367145,105.61444316638264,0.035883147493968884,337.83225054059994,0,0.0,0.0,1.2458090098396757,348531.53534512187,265415.8527471471,0,9997200.0,0.060985846797351126,0.0,3600.0,2439.02,7491600.0,0.04769409807396885,1.0,1.2458090098396757,845957.3464009948,2273004.1486389213,57.6,0.00098686,0.9889928501842626,1.0,0.0,3.5375145623999996e-06,0.9889928501842626,22644.261914257415,0.0,79279.34377292206,101923.60568717947
2026-08-31 08:00:00+00:00,20602.37794809134,105.61444316638264,0.035883147493968884,345.83977496049056,0,0.0,0.0,1.2458156790112656,348531.53534512187,265416.7917938238,0,9993600.0,0.06141031541250671,3.522e-05,3600.0,2445.0,7488000.0,0.04781601911276434,1.0,1.2458156790112656,850390.9960826951,2269484.717117833,57.6,0.00098686,0.9889707848703274,1.0,0.0,3.5380140480000004e-06,0.9889707848703274,22691.29005941125,0.0,79270.71426850162,101962.00432791287
2026-08-31 09:00:00+00:00,20601.290497528887,105.61444316638264,0.035883147493968884,344.75232439803807,0,0.0,0.0,1.2458223395710248,348531.53534512187,265417.730976423,0,9990000.0,0.06141031541250671,0.0,3600.0,2445.47,7484400.0,0.04781609765950967,1.0,1.2458223395710248,850390.9960826951,2269484.717117833,57.6,0.00098686,0.9889760404477171,1.0,0.0,3.5385136380000006e-06,0.9889760404477171,22689.851523812144,0.0,79271.60682035919,101961.45834417133
2026-08-31 10:00:00+00:00,20600.19908931821,105.61444316638264,0.035883147493968884,343.66091618736016,0,0.0,0.0,1.245829019529316,348531.53534512187,265418.6702949737,0,9986400.0,0.06141031541250671,0.0,3600.0,2454.37,7480800.0,0.04781601919461864,1.0,1.245829019529316,850390.9960826951,2269484.717117833,57.6,0.00098686,0.9889813312240888,1.0,0.0,3.5390133324e-06,0.9889813312240888,22695.605813704788,0.0,79272.51150422049,101968.11731792527
2026-08-31 11:00:00+00:00,20599.1118032872,105.61444316638264,0.035883147493968884,342.57363015635076,0,0.0,0.0,1.2458357014056454,348531.53534512187,265419.60974950413,0,9982800.0,0.06141031541250671,0.0,3600.0,2445.1,7477200.0,0.047832449267294574,1.0,1.2458357014056454,850989.6781318183,2269009.4850020832,57.6,0.00098686,0.9889829276266544,1.0,0.0,3.5395131276e-06,0.9889829276266544,22685.851788494292,0.0,79272.12844632729,101957.98023482159
2026-08-31 12:00:00+00:00,20598.022067071728,105.61444316638264,0.035883147493968884,341.4838939408782,0,0.0,0.0,1.2458423868975592,348531.53534512187,265420.5493400443,0,9979200.0,0.06141031541250671,0.0,3600.0,2450.61,7473600.0,0.047832449308334635,1.0,1.2458423868975592,850989.6781318183,2269009.4850020832,57.6,0.00098686,0.9889882026244784,1.0,0.0,3.5400130308e-06,0.9889882026244784,22688.710276274374,0.0,79273.02735887759,101961.73763515196
2026-08-31 13:00:00+00:00,20596.937257905956,105.61444316638264,0.035883147493968884,340.39908477510653,0,0.0,0.0,1.2458490723896072,348531.53534512187,265421.48906662344,0,9975600.0,0.06141031541250671,0.0,3600.0,2439.53,7470000.0,0.04783244934941422,1.0,1.2458490723896072,850989.6781318183,2269009.4850020832,57.6,0.00098686,0.9889934776504379,1.0,0.0,3.5405130383999993e-06,0.9889934776504379,22677.421983405005,0.0,79273.92614519515,101951.34812860015
2026-08-31 14:00:00+00:00,20595.84033122174,105.61444316638264,0.035883147493968884,339.30215809089185,0,0.0,0.0,1.245855758512124,348531.53534512187,265422.4199268656,0,9972000.0,0.06141031541250671,0.0,3600.0,2466.78,7466400.0,0.047832449390534215,1.0,1.245855758512124,850989.6781318183,2269009.4850020832,57.6,0.00098686,0.988998752704533,1.0,0.0,3.5070958764e-06,0.988998752704533,22698.805261673522,0.0,79274.83380765578,101973.6390693293
2026-08-31 15:00:00+00:00,20594.743573515767,105.61444316638264,0.035883147493968884,338.205400384916,0,0.0,0.0,1.2458624405588823,348531.53534512187,265423.35090134887,0,9968400.0,0.06141031541250671,0.0,3600.0,2466.4,7462800.0,0.04783244943169285,1.0,1.2458624405588823,850989.6781318183,2269009.4850020832,57.6,0.00098686,0.9890040277867641,1.0,0.0,3.5075139876e-06,0.9890040277867641,22696.625472414635,0.0,79275.74136568158,101972.3668380962
2026-08-31 16:00:00+00:00,20613.72186377295,105.61444316638264,0.035883147493968884,357.1836906421001,0,0.0,0.0,1.245869116653765,348531.53534512187,265424.2819900916,0,9964800.0,0.06141031541250671,7.702e-05,3600.0,2468.0,7459200.0,0.047832449472892336,1.0,1.245869116653765,850989.6781318183,2269009.4850020832,57.6,0.00098686,0.9890093028971311,1.0,0.0,3.5079321636000002e-06,0.9890093028971311,22716.207724342585,0.0,79276.64881925419,101992.85654359678
2026-08-31 17:00:00+00:00,20612.62165090667,105.61444316638264,0.035883147493968884,356.0834777758196,0,0.0,0.0,1.2458757902509952,348531.53534512187,265425.21319311793,0,9961200.0,0.06141031541250671,0.0,3600.0,2474.17,7455600.0,0.04783244951413024,1.0,1.2458757902509952,850989.6781318183,2269009.4850020832,57.6,0.00098686,0.9890145780356344,1.0,0.0,3.508350426e-06,0.9890145780356344,22719.602258615007,0.0,79277.55616834958,101997.15842696458
2026-08-31 18:00:00+00:00,20611.520370809405,105.61444316638264,0.035883147493968884,354.98219767855693,0,0.0,0.0,1.2458824369216273,348531.53534512187,265426.1445104462,0,9957600.0,0.06141031541250671,0.0,3600.0,2476.57,7452000.0,0.04783244955540944,1.0,1.2458824369216273,850989.6781318183,2269009.4850020832,57.6,0.00098686,0.9890198532022738,1.0,0.0,3.5087687532000004e-06,0.9890198532022738,22719.782590476705,0.0,79278.46341294935,101998.24600342606
2026-08-31 19:00:00+00:00,20610.417223057924,105.61444316638264,0.035883147493968884,353.8790499270755,0,0.0,0.0,1.2458891075321716,348531.53534512187,265427.07594209956,0,9954000.0,0.06141031541250671,0.0,3600.0,2480.77,7448400.0,0.0478324495967275,1.0,1.2458891075321716,850989.6781318183,2269009.4850020832,57.6,0.00098686,0.9890251283970499,1.0,0.0,3.5091871632e-06,0.9890251283970499,22721.491333026734,0.0,79279.37055303052,102000.86188605725
2026-08-31 20:00:00+00:00,20609.31806408224,105.61444316638264,0.035883147493968884,352.77989095138986,0,0.0,0.0,1.2458957782508286,348531.53534512187,265428.0074880974,0,9950400.0,0.06141031541250671,0.0,3600.0,2471.8,7444800.0,0.04782567904858981,1.0,1.2458957782508286,850989.6781318183,2269863.454865907,57.6,0.00098686,0.9890319122836748,1.0,0.0,3.5096056416000003e-06,0.9890319122836748,22711.99818708899,0.0,79280.80340545368,101992.80159254267
2026-08-31 21:00:00+00:00,20608.216437134906,105.61444316638264,0.035883147493968884,351.678264004058,0,0.0,0.0,1.245902447876339,348531.53534512187,265428.9391484619,0,9946800.0,0.06141031541250671,0.0,3600.0,2477.35,7441200.0,0.04782567908998292,1.0,1.245902447876339,850989.6781318183,2269863.454865907,57.6,0.00098686,0.9890371868132398,1.0,0.0,3.5100241992000002e-06,0.9890371868132398,22714.855318996564,0.0,79281.71008497669,101996.56540397325
2026-08-31 22:00:00+00:00,20607.118865665307,105.61444316638264,0.035883147493968884,350.58069253445825,0,0.0,0.0,1.2459091176988317,348531.53534512187,265429.87092321337,0,9943200.0,0.06141031541250671,0.0,3600.0,2468.23,7437600.0,0.04782567913141533,1.0,1.2459091176988317,850989.6781318183,2269863.454865907,57.6,0.00098686,0.9890424613709342,1.0,0.0,3.5104428288e-06,0.9890424613709342,22705.242826658,0.0,79282.6166599167,101987.8594865747
2026-08-31 23:00:00+00:00,20606.022050150987,105.61444316638264,0.035883147493968884,349.4838770201375,0,0.0,0.0,1.2459157876029139,348531.53534512187,265430.80281237303,0,9939600.0,0.06141031541250671,0.0,3600.0,2466.53,7434000.0,0.047825679172887714,1.0,1.2459157876029139,850989.6781318183,2269863.454865907,57.6,0.00098686,0.989047735956758,1.0,0.0,3.5108615339999997e-06,0.989047735956758,22701.941806491854,0.0,79283.52313025255,101985.4649367444
2026-09-01 00:00:00+00:00,20619.839082061368,105.61444316638264,0.035883147493968884,363.3009089305195,0,0.0,0.0,1.2459224577434063,348531.53534512187,265431.73481596215,0,9936000.0,0.06141031541250671,5.716e-05,3600.0,2470.75,7430400.0,0.04782467453754857,1.0,1.2459224577434063,850953.066795537,2269892.5381516363,57.6,0.00098686,0.9890532340116626,1.0,0.0,3.5112803148000003e-06,0.9890532340116626,22718.58434430928,0.0,79284.5073721807,102003.09171648999
2026-09-01 01:00:00+00:00,20618.744383221827,105.61444316638264,0.035883147493968884,362.20621009098,0,0.0,0.0,1.245929127799411,348531.53534512187,265432.666934001,0,9932400.0,0.06141031541250671,0.0,3600.0,2461.77,7426800.0,0.04782467457910089,1.0,1.245929127799411,850953.066795537,2269892.5381516363,57.6,0.00098686,0.9890585085466803,1.0,0.0,3.5116991676000003e-06,0.9890585085466803,22709.10405438741,0.0,79285.4135959298,101994.51765031721
2026-09-01 02:00:00+00:00,20617.648768342362,105.61444316638264,0.035883147493968884,361.1105952115142,0,0.0,0.0,1.24593573137147,348531.53534512187,265433.59916651086,0,9928800.0,0.06141031541250671,0.0,3600.0,2463.83,7423200.0,0.047824674621387064,1.0,1.24593573137147,850953.066795537,2269892.5381516363,57.6,0.00098686,0.9890637831096727,1.0,0.0,3.5121180960000002e-06,0.9890637831096727,22708.999359519665,0.0,79286.31971495796,101995.31907447762
2026-09-01 03:00:00+00:00,20616.549791685302,105.61444316638264,0.035883147493968884,360.0116185544546,0,0.0,0.0,1.2459424008714057,348531.53534512187,265434.5315135139,0,9925200.0,0.06141031541250671,0.0,3600.0,2471.39,7419600.0,0.04782467466302087,1.0,1.2459424008714057,850953.066795537,2269892.5381516363,57.6,0.00098686,0.9890690577009478,1.0,0.0,3.5125371036e-06,0.9890690577009478,22713.55685753833,0.0,79287.22572935041,102000.78258688873
2026-09-01 04:00:00+00:00,20615.451904493202,105.61444316638264,0.035883147493968884,358.91373136235603,0,0.0,0.0,1.2459490703712184,348531.53534512187,265435.46397502953,0,9921600.0,0.061834953844824125,0.0,3600.0,2468.94,7416000.0,0.04782467470469465,1.0,1.2459490703712184,850953.066795537,2269892.5381516363,57.6,0.00098686,0.9890743323203518,1.0,0.0,3.5129561795999996e-06,0.9890743323203518,22744.456252884083,0.0,79288.13163903396,102032.58789191805
2026-09-01 05:00:00+00:00,20614.347538319682,105.61444316638264,0.035883147493968884,357.8093651888367,0,0.0,0.0,1.2459557398811403,348531.53534512187,265436.3965510799,0,9918000.0,0.061834953844824125,0.0,3600.0,2483.51,7412400.0,0.04782467474640928,1.0,1.2459557398811403,850953.066795537,2269892.5381516363,57.6,0.00098686,0.989079606967885,1.0,0.0,3.5133753348000004e-06,0.989079606967885,22755.138761634167,0.0,79289.0374439868,102044.17620562097
2026-09-01 06:00:00+00:00,20613.248872938326,105.61444316638264,0.035883147493968884,356.7106998074803,0,0.0,0.0,1.2459624092265276,348531.53534512187,265437.3292416853,0,9914400.0,0.061834953844824125,0.0,3600.0,2470.69,7408800.0,0.047824674788164545,1.0,1.2459624092265276,850953.066795537,2269892.5381516363,57.6,0.00098686,0.9890848816435472,1.0,0.0,3.513794562e-06,0.9890848816435472,22742.21618182754,0.0,79289.94314418838,102032.15932601591
2026-09-01 07:00:00+00:00,20612.14987404729,105.61444316638264,0.035883147493968884,355.611700916442,0,0.0,0.0,1.245969099543035,348531.53534512187,265438.262046867,0,9910800.0,0.061834953844824125,0.0,3600.0,2471.44,7405200.0,0.04766756912443704,1.0,1.245969099543035,845240.6245461173,2274427.609065443,57.6,0.00098686,0.9891249828293979,1.0,0.0,3.5142138648000007e-06,0.9891249828293979,22740.990169798253,0.0,79302.98686688032,102043.97703667858
2026-09-01 08:00:00+00:00,20633.208116313737,105.61444316638264,0.035883147493968884,376.6699431828909,0,0.0,0.0,1.2459757043864657,348531.53534512187,265439.1949666472,0,9907200.0,0.061834953844824125,8.569e-05,3600.0,2447.09,7401600.0,0.04815210800709946,1.0,1.2459757043864657,862944.1982496,2260375.571643001,57.6,0.00098686,0.9890229027898554,1.0,0.0,3.5146332468e-06,0.9890229027898554,22740.30823331796,0.0,79266.47583419032,102006.78406750828
2026-09-01 09:00:00+00:00,20632.11816220527,105.61444316638264,0.035883147493968884,375.5799890744262,0,0.0,0.0,1.2459823738691482,348531.53534512187,265440.12800104526,0,9903600.0,0.061834953844824125,0.0,3600.0,2451.1,7398000.0,0.04815210804927017,1.0,1.2459823738691482,862944.1982496,2260375.571643001,57.6,0.00098686,0.9890282124383579,1.0,0.0,3.5150526972e-06,0.9890282124383579,22741.904228178,0.0,79267.39337973698,102009.29760791498
2026-09-01 10:00:00+00:00,20631.026126996392,105.61444316638264,0.035883147493968884,374.4879538655463,0,0.0,0.0,1.2459889785196263,348531.53534512187,265443.41111047246,0,9900000.0,0.061834953844824125,0.0,3600.0,2455.78,7394400.0,0.04847272066193842,1.0,1.2459889785196263,862944.1982496,2220472.1172420327,57.6,0.00098686,0.9889626000142142,1.0,0.0,1.2368473253999998e-05,0.9889626000142142,22744.072125929993,0.0,79241.24227138527,101985.31439731526
2026-09-01 11:00:00+00:00,20629.9331624072,105.61444316638264,0.035883147493968884,373.39498927635276,0,0.0,0.0,1.2459956646302128,348531.53534512187,265444.22418530955,0,9896400.0,0.061834953844824125,0.0,3600.0,2457.87,7390800.0,0.04837222583724721,1.0,1.2459956646302128,859268.0559627227,2223390.1222719196,57.6,0.00098686,0.9889901605638154,1.0,0.0,3.0630769415999997e-06,0.9889901605638154,22744.00844209655,0.0,79250.03491721564,101994.0433593122
2026-09-01 12:00:00+00:00,20628.845823014643,105.61444316638264,0.035883147493968884,372.3076498837943,0,0.0,0.0,1.246002337741163,348531.53534512187,265445.30126965535,0,9892800.0,0.05696185161150097,0.0,3600.0,2445.22,7387200.0,0.04837211928530927,1.0,1.246002337741163,859264.16235367,2223393.212895132,57.6,0.00098686,0.988995517298613,1.0,0.0,4.0576590576e-06,0.988995517298613,22336.491578033252,0.0,79250.82482387329,101587.31640190654
2026-09-01 13:00:00+00:00,20627.75947525754,105.61444316638264,0.035883147493968884,371.22130212669003,0,0.0,0.0,1.246009012043334,348531.53534512187,265446.3786577202,0,9889200.0,0.05696185161150097,0.0,3600.0,2442.99,7383600.0,0.048372119327842356,1.0,1.246009012043334,859264.16235367,2223393.212895132,57.6,0.00098686,0.9890008504956289,1.0,0.0,4.0587867756e-06,0.9890008504956289,22333.22703841801,0.0,79251.60622315266,101584.83326157066
2026-09-01 14:00:00+00:00,20626.670792932662,105.61444316638264,0.035883147493968884,370.1326198018123,0,0.0,0.0,1.2460156274635237,348531.53534512187,265447.45572063094,0,9885600.0,0.05696185161150097,0.0,3600.0,2448.24,7380000.0,0.048372119370416744,1.0,1.2460156274635237,859264.16235367,2223393.212895132,57.6,0.00098686,0.9890061837214044,1.0,0.0,4.0575453732e-06,0.9890061837214044,22335.181234486434,0.0,79252.38795760978,101587.56919209621
2026-09-01 15:00:00+00:00,20625.58226179884,105.61444316638264,0.035883147493968884,369.0440886679904,0,0.0,0.0,1.2460221953950763,348531.53534512187,265448.53308566415,0,9882000.0,0.05696185161150097,0.0,3600.0,2447.9,7376400.0,0.04837211941303288,1.0,1.2460221953950763,859264.16235367,2223393.212895132,57.6,0.00098686,0.9890115169759394,1.0,0.0,4.0586670684000005e-06,0.9890115169759394,22333.233338387614,0.0,79253.16939996806,101586.40273835567
2026-09-01 16:00:00+00:00,20627.32596918849,105.61444316638264,0.035883147493968884,370.7877960576366,0,0.0,0.0,1.2460287648644388,348531.53534512187,265449.61075294594,0,9878400.0,0.05696185161150097,1.1e-05,3600.0,2431.68,7372800.0,0.04837211945569053,1.0,1.2460287648644388,859264.16235367,2223393.212895132,57.6,0.00098686,0.9890168502592342,1.0,0.0,4.0597892244e-06,0.9890168502592342,22323.044026986037,0.0,79253.95055010146,101576.9945770875
2026-09-01 17:00:00+00:00,20626.25104524969,105.61444316638264,0.035883147493968884,369.71287211883697,0,0.0,0.0,1.2460353392869206,348531.53534512187,265450.6887226051,0,9874800.0,0.05696185161150097,0.0,3600.0,2417.3,7369200.0,0.04837211949838993,1.0,1.2460353392869206,859264.16235367,2223393.212895132,57.6,0.00098686,0.989022183571289,1.0,0.0,4.060911852e-06,0.989022183571289,22311.32697417647,0.0,79254.73140788119,101566.05838205766
2026-09-01 18:00:00+00:00,20625.17856704856,105.61444316638264,0.035883147493968884,368.6403939177047,0,0.0,0.0,1.2460418930865136,348531.53534512187,265451.76699476765,0,9871200.0,0.05696185161150097,0.0,3600.0,2411.8,7365600.0,0.0483721195411313,1.0,1.2460418930865136,859264.16235367,2223393.212895132,57.6,0.00098686,0.9890275169121038,1.0,0.0,4.0620349404e-06,0.9890275169121038,22305.80757949141,0.0,79255.51197318139,101561.3195526728
2026-09-01 19:00:00+00:00,20624.103336280852,105.61444316638264,0.035883147493968884,367.5651631499977,0,0.0,0.0,1.2460484722151643,348531.53534512187,265452.8455695595,0,9867600.0,0.05696185161150097,0.0,3600.0,2417.99,7362000.0,0.04837211958391374,1.0,1.2460484722151643,859264.16235367,2223393.212895132,57.6,0.00098686,0.989032850281679,1.0,0.0,4.0631584896e-06,0.989032850281679,22308.4312694734,0.0,79256.29224587616,101564.72351534956
2026-09-01 20:00:00+00:00,20623.027109430896,105.61444316638264,0.035883147493968884,366.48893630004073,0,0.0,0.0,1.246055051878076,348531.53534512187,265453.9244471095,0,9864000.0,0.05696185161150097,0.0,3600.0,2420.23,7358400.0,0.04837211962673904,1.0,1.246055051878076,859264.16235367,2223393.212895132,57.6,0.00098686,0.9890381836800144,1.0,0.0,4.0642825104e-06,0.9890381836800144,22308.300322737672,0.0,79257.07222583657,101565.37254857425
2026-09-01 21:00:00+00:00,20621.95353287121,105.61444316638264,0.035883147493968884,365.41535974035605,0,0.0,0.0,1.246061631540988,348531.53534512187,265455.0036275427,0,9860400.0,0.05696185161150097,0.0,3600.0,2414.27,7354800.0,0.04837211966960564,1.0,1.246061631540988,859264.16235367,2223393.212895132,57.6,0.00098686,0.9890435171071105,1.0,0.0,4.065406988400001e-06,0.9890435171071105,22302.463084450344,0.0,79257.85191293783,101560.31499738817
2026-09-01 22:00:00+00:00,20620.8810324361,105.61444316638264,0.035883147493968884,364.34285930524504,0,0.0,0.0,1.246068211206026,348531.53534512187,265456.0831109879,0,9856800.0,0.05696185161150097,0.0,3600.0,2411.85,7351200.0,0.04837211971251465,1.0,1.246068211206026,859264.16235367,2223393.212895132,57.6,0.00098686,0.9890488505629671,1.0,0.0,4.0665319379999995e-06,0.9890488505629671,22299.09315239013,0.0,79258.631307051,101557.72445944112
2026-09-01 23:00:00+00:00,20619.806037348568,105.61444316638264,0.035883147493968884,363.2678642177133,0,0.0,0.0,1.2460747912006567,348531.53534512187,265457.1628975721,0,9853200.0,0.05696185161150097,0.0,3600.0,2417.46,7347600.0,0.04837211975546585,1.0,1.2460747912006567,859264.16235367,2223393.212895132,57.6,0.00098686,0.9890541840475847,1.0,0.0,4.067657352e-06,0.9890541840475847,22301.30734510455,0.0,79259.41040804936,101560.7177531539
2026-09-02 00:00:00+00:00,20618.96933414721,105.61444316638264,0.035883147493968884,362.43116101635474,0,0.0,0.0,1.2460813723836428,348531.53534512187,265458.2429874222,0,9849600.0,0.05696185161150097,9.2e-07,3600.0,2407.68,7344000.0,0.04837211979845879,1.0,1.2460813723836428,859264.16235367,2223393.212895132,57.6,0.00098686,0.9890595175609633,1.0,0.0,4.0687832304e-06,0.9890595175609633,22293.0561393656,0.0,79260.18921580585,101553.24535517144
2026-09-02 01:00:00+00:00,20617.90298807743,105.61444316638264,0.035883147493968884,361.36481494657403,0,0.0,0.0,1.2460879556730464,348531.53534512187,265459.3233806652,0,9846000.0,0.05696185161150097,0.0,3600.0,2398.01,7340400.0,0.04837211984149348,1.0,1.2460879556730464,859264.16235367,2223393.212895132,57.6,0.00098686,0.9890648511031033,1.0,0.0,4.0699095732e-06,0.9890648511031033,22284.656717897473,0.0,79260.96773019375,101545.62444809123
2026-09-02 02:00:00+00:00,20616.83177276629,105.61444316638264,0.035883147493968884,360.2935996354373,0,0.0,0.0,1.2460945181860685,348531.53534512187,265460.404077428,0,9842400.0,0.05844259746566801,0.0,3600.0,2408.96,7336800.0,0.048372119884571685,1.0,1.2460945181860685,859264.16235367,2223393.212895132,57.6,0.00098686,0.9890701846740042,1.0,0.0,4.071036380399999e-06,0.9890701846740042,22408.162655405016,0.0,79261.74595108593,101669.90860649095
2026-09-02 03:00:00+00:00,20615.75860975861,105.61444316638264,0.035883147493968884,359.2204366277582,0,0.0,0.0,1.2461011041626395,348531.53534512187,265461.4850778375,0,9838800.0,0.05844259746566801,0.0,3600.0,2413.34,7333200.0,0.04837211992769075,1.0,1.2461011041626395,859264.16235367,2223393.212895132,57.6,0.00098686,0.989075518273667,1.0,0.0,4.072163652e-06,0.989075518273667,22409.690115266545,0.0,79262.5238783558,101672.21399362234
2026-09-02 04:00:00+00:00,20614.685086560476,105.61444316638264,0.035883147493968884,358.1469134296226,0,0.0,0.0,1.2461076903285209,348531.53534512187,265462.5663820207,0,9835200.0,0.05844259746566801,0.0,3600.0,2414.15,7329600.0,0.04837211997085311,1.0,1.2461076903285209,859264.16235367,2223393.212895132,57.6,0.00098686,0.9890808519020912,1.0,0.0,4.073291388e-06,0.9890808519020912,22408.562080488166,0.0,79263.30151187623,101671.86359236439
2026-09-02 05:00:00+00:00,20613.60837945658,105.61444316638264,0.035883147493968884,357.07020632572363,0,0.0,0.0,1.246114276495456,348531.53534512187,265463.6479901046,0,9831600.0,0.05844259746566801,0.0,3600.0,2421.31,7326000.0,0.048372120014058106,1.0,1.246114276495456,859264.16235367,2223393.212895132,57.6,0.00098686,0.9890861855592772,1.0,0.0,4.0744195884e-06,0.9890861855592772,22412.147174243535,0.0,79264.07885152037,101676.22602576391
2026-09-02 06:00:00+00:00,20612.532454988734,105.61444316638264,0.035883147493968884,355.99428185787826,0,0.0,0.0,1.246120862719174,348531.53534512187,265464.7299022171,0,9828000.0,0.05844259746566801,0.0,3600.0,2419.55,7322400.0,0.04837212005730551,1.0,1.246120862719174,859264.16235367,2223393.212895132,57.6,0.00098686,0.9890915192452251,1.0,0.0,4.0755482568000005e-06,0.9890915192452251,22409.105843752684,0.0,79264.85589716036,101673.96174091304
2026-09-02 07:00:00+00:00,20611.45782009166,105.61444316638264,0.035883147493968884,354.91964696080294,0,0.0,0.0,1.2461274487273286,348531.53534512187,265465.81211848423,0,9824400.0,0.05844259746566801,0.0,3600.0,2416.65,7318800.0,0.04837212010059444,1.0,1.2461274487273286,859264.16235367,2223393.212895132,57.6,0.00098686,0.9890968529599353,1.0,0.0,4.076677386e-06,0.9890968529599353,22405.220593192465,0.0,79265.63264867029,101670.85324186276
2026-09-02 08:00:00+00:00,20623.26870162453,105.61444316638264,0.035883147493968884,366.7305284936738,0,0.0,0.0,1.2461340329212067,348531.53534512187,265466.8946390338,0,9820800.0,0.05844259746566801,5.096e-05,3600.0,2392.11,7315200.0,0.04837212014392711,1.0,1.2461340329212067,859264.16235367,2223393.212895132,57.6,0.00098686,0.9891021867034077,1.0,0.0,4.0778069832e-06,0.9891021867034077,22398.16599377857,0.0,79266.40910592221,101664.57509970079
2026-09-02 09:00:00+00:00,20619.94172364448,111.75575683728503,0.03712285686053828,365.6742232887167,0,0.0,0.0,1.246140611274497,348531.53534512187,265467.97746399196,0,9817200.0,0.05844259746566801,0.0,3600.0,2375.43,7311600.0,0.04837212018730197,1.0,1.246140611274497,859264.16235367,2223393.212895132,57.6,0.00098686,0.9891075204756424,1.0,0.0,4.078937041200001e-06,0.9891075204756424,22381.81670734899,0.0,79267.18526879029,101649.00197613928
2026-09-02 10:00:00+00:00,20618.7883384684,111.75575683728503,0.03712285686053828,364.52083811263884,0,0.0,0.0,1.2461471636787909,348531.53534512187,265469.0605934866,0,9813600.0,0.05844259746566801,0.0,3600.0,2371.5,7308000.0,0.04837212023072035,1.0,1.2461471636787909,859264.16235367,2223393.212895132,57.6,0.00098686,0.9891128542766396,1.0,0.0,4.0800675672e-06,0.9891128542766396,22377.103393950565,0.0,79267.9611371464,101645.06453109696
2026-09-02 11:00:00+00:00,20617.63053721077,111.75575683728503,0.03712285686053828,363.36303685500974,0,0.0,0.0,1.246153733546405,348531.53534512187,265470.1440276456,0,9810000.0,0.05844259746566801,0.0,3600.0,2380.58,7304400.0,0.04837212027418003,1.0,1.246153733546405,859264.16235367,2223393.212895132,57.6,0.00098686,0.9891181881064,1.0,0.0,4.0811985612e-06,0.9891181881064,22382.03034380296,0.0,79268.73671086307,101650.76705466604
2026-09-02 12:00:00+00:00,20616.474695954093,111.75575683728503,0.03712285686053828,362.20719559833344,0,0.0,0.0,1.2461601472950776,348531.53534512187,265471.22776659497,0,9806400.0,0.05844259746566801,0.0,3600.0,2376.55,7300800.0,0.0495595788412484,1.0,1.2461601472950776,903373.5504043294,2188392.618281092,57.6,0.00098686,0.9888643341302905,1.0,0.0,4.082330016e-06,0.9888643341302905,22377.24122222297,0.0,79179.1768558668,101556.41807808977
2026-09-02 13:00:00+00:00,20615.30633111813,111.75575683728503,0.03712285686053828,361.0388307623681,0,0.0,0.0,1.2461667196469264,348531.53534512187,265472.3118104608,0,9802800.0,0.05844259746566801,0.0,3600.0,2402.3,7297200.0,0.049559578885888245,1.0,1.2461667196469264,903373.5504043294,2188392.618281092,57.6,0.00098686,0.9888697944082716,1.0,0.0,4.0834619316e-06,0.9888697944082716,22394.49742880683,0.0,79179.99589106912,101574.49331987595
2026-09-02 14:00:00+00:00,20614.142299683772,111.75575683728503,0.03712285686053828,359.87479932801307,0,0.0,0.0,1.2461733073215542,348531.53534512187,265473.396159372,0,9799200.0,0.05844259746566801,0.0,3600.0,2393.39,7293600.0,0.04946677497108842,1.0,1.2461733073215542,899873.5504043294,2191170.143088439,57.6,0.00098686,0.988895478382934,1.0,0.0,4.0845943187999995e-06,0.988895478382934,22386.083504072605,0.0,79187.86321728077,101573.94672135338
2026-09-02 15:00:00+00:00,20612.97984403182,111.75575683728503,0.03712285686053828,358.7123436760618,0,0.0,0.0,1.2461798851137549,348531.53534512187,265474.48081345554,0,9795600.0,0.05844259746566801,0.0,3600.0,2390.15,7290000.0,0.04946677501573116,1.0,1.2461798851137549,899873.5504043294,2191170.143088439,57.6,0.00098686,0.9889009288506806,1.0,0.0,4.0857271704e-06,0.9889009288506806,22381.8722322199,0.0,79188.67822308931,101570.55045530922
2026-09-02 16:00:00+00:00,20625.638628969653,111.75575683728503,0.03712285686053828,371.3711286138963,0,0.0,0.0,1.2461864641587281,348531.53534512187,265475.56577283837,0,9792000.0,0.05844259746566801,5.184e-05,3600.0,2385.27,7286400.0,0.04946677506041852,1.0,1.2461864641587281,899873.5504043294,2191170.143088439,57.6,0.00098686,0.9889063793484683,1.0,0.0,4.0868604864e-06,0.9889063793484683,22390.270685029816,0.0,79189.49293406878,101579.7636190986
2026-09-02 17:00:00+00:00,20624.4749914809,111.75575683728503,0.03712285686053828,370.2074911251422,0,0.0,0.0,1.246193044453927,348531.53534512187,265476.6510376466,0,9788400.0,0.05844259746566801,0.0,3600.0,2392.58,7282800.0,0.04946677510514985,1.0,1.246193044453927,899873.5504043294,2191170.143088439,57.6,0.00098686,0.9889118298762972,1.0,0.0,4.0879942632e-06,0.9889118298762972,22393.864264064767,0.0,79190.30735009327,101584.17161415803
2026-09-02 18:00:00+00:00,20623.310639053834,111.75575683728503,0.03712285686053828,369.0431386980753,0,0.0,0.0,1.2461995958676775,348531.53534512187,265477.73660800804,0,9784800.0,0.05844259746566801,0.0,3600.0,2394.05,7279200.0,0.04946677514992537,1.0,1.2461995958676775,894888.6790656965,2179032.1029833136,57.6,0.00098686,0.9889172804341678,1.0,0.0,4.089128508e-06,0.9889172804341678,22393.135873726038,0.0,79191.12147103494,101584.25734476099
2026-09-02 19:00:00+00:00,20622.147210696694,111.75575683728503,0.03712285686053828,367.8797103409365,0,0.0,0.0,1.2462061723738962,348531.53534512187,265478.82248404983,0,9781200.0,0.05844259746566801,0.0,3600.0,2392.15,7275600.0,0.04946677519474463,1.0,1.2462061723738962,894888.6790656965,2179032.1029833136,57.6,0.00098686,0.9889227310220802,1.0,0.0,4.0902632172e-06,0.9889227310220802,22389.917218448474,0.0,79191.93529676675,101581.85251521523
2026-09-02 20:00:00+00:00,20620.98353916326,111.75575683728503,0.03712285686053828,366.71603880750087,0,0.0,0.0,1.2462127515389365,348531.53534512187,265479.9086658989,0,9777600.0,0.05844259746566801,0.0,3600.0,2392.65,7272000.0,0.04946677523960963,1.0,1.2462127515389365,894888.6790656965,2179032.1029833136,57.6,0.00098686,0.9889281816400342,1.0,0.0,4.0913983908e-06,0.9889281816400342,22388.472271839142,0.0,79192.74882716179,101581.22109900093
2026-09-02 21:00:00+00:00,20619.821555273324,111.75575683728503,0.03712285686053828,365.5540549175655,0,0.0,0.0,1.246219331659466,348531.53534512187,265480.9951536823,0,9774000.0,0.05844259746566801,0.0,3600.0,2389.18,7268400.0,0.04946677528451815,1.0,1.246219331659466,894888.6790656965,2179032.1029833136,57.6,0.00098686,0.9889336322880303,1.0,0.0,4.0925340288e-06,0.9889336322880303,22384.09711832766,0.0,79193.56206209311,101577.65918042077
2026-09-02 22:00:00+00:00,20618.664624586836,111.75575683728503,0.03712285686053828,364.39712423107926,0,0.0,0.0,1.2462259123768165,348531.53534512187,265482.081947527,0,9770400.0,0.05844259746566801,0.0,3600.0,2378.79,7264800.0,0.04946677532947197,1.0,1.2462259123768165,894888.6790656965,2179032.1029833136,57.6,0.00098686,0.9889390829660685,1.0,0.0,4.0936701312e-06,0.9889390829660685,22374.620755486736,0.0,79194.37500143371,101568.99575692046
2026-09-02 23:00:00+00:00,20617.501799306912,111.75575683728503,0.03712285686053828,363.23429895115675,0,0.0,0.0,1.2462324931216973,348531.53534512187,265483.1595285267,0,9766800.0,0.05844259746566801,0.0,3600.0,2390.91,7261200.0,0.04946677537446886,1.0,1.2462324931216973,894888.6790656965,2179032.1029833136,57.6,0.00098686,0.9889445336741493,1.0,0.0,4.0589511912e-06,0.9889445336741493,22381.75427884755,0.0,79195.19716409012,101576.95144293767
2026-09-03 00:00:00+00:00,20640.19510511094,111.75575683728503,0.03712285686053828,385.92760475518315,0,0.0,0.0,1.2462390871325466,348531.53534512187,265484.2373885321,0,9763200.0,0.05844259746566801,8.972e-05,3600.0,2378.66,7257600.0,0.04936726030549354,1.0,1.2462390871325466,891166.4439893739,2181986.0595908286,57.6,0.00098686,0.9889715671449248,1.0,0.0,4.0599856476e-06,0.9889715671449248,22394.761345747007,0.0,79203.54132115986,101598.30266690688
2026-09-03 01:00:00+00:00,20639.034804000978,111.75575683728503,0.03712285686053828,384.76730364522217,0,0.0,0.0,1.246245668201686,348531.53534512187,265485.3155276517,0,9759600.0,0.05844259746566801,0.0,3600.0,2385.72,7254000.0,0.049367260350487996,1.0,1.246245668201686,891166.4439893739,2181986.0595908286,57.6,0.00098686,0.9889770073261706,1.0,0.0,4.061020500000001e-06,0.9889770073261706,22398.15981420346,0.0,79204.35925676237,101602.51907096583
2026-09-03 02:00:00+00:00,20637.86512601301,111.75575683728503,0.03712285686053828,383.59762565725373,0,0.0,0.0,1.2462522085925298,348531.53534512187,265486.39394599403,0,9756000.0,0.05844259746566801,0.0,3600.0,2405.0,7250400.0,0.04936726039552708,1.0,1.2462522085925298,891166.4439893739,2181986.0595908286,57.6,0.00098686,0.9889824475373418,1.0,0.0,4.062055748400001e-06,0.9889824475373418,22410.552232247457,0.0,79205.17692357214,101615.7291558196
2026-09-03 03:00:00+00:00,20636.69671740531,111.75575683728503,0.03712285686053828,382.42921704955495,0,0.0,0.0,1.2462587965447642,348531.53534512187,265487.504707379,0,9752400.0,0.05844259746566801,0.0,3600.0,2402.39,7246800.0,0.04934975968929112,1.0,1.2462587965447642,891166.4439893739,2184106.3859118004,57.6,0.00098686,0.9889916779972129,1.0,0.0,4.1838643584e-06,0.9889916779972129,22406.806616108053,0.0,79207.28326853801,101614.08988464606
2026-09-03 04:00:00+00:00,20635.525799218227,111.75575683728503,0.03712285686053828,381.25829886247243,0,0.0,0.0,1.2462653825921977,348531.53534512187,265488.31439773034,0,9748800.0,0.05844259746566801,0.0,3600.0,2407.55,7243200.0,0.0493497597344037,1.0,1.2462653825921977,891166.4439893739,2184106.3859118004,57.6,0.00098686,0.9889971164062039,1.0,0.0,3.0498200568e-06,0.9889971164062039,22408.78282644483,0.0,79208.3690352221,101617.15186166693
2026-09-03 05:00:00+00:00,20634.35667080869,111.75575683728503,0.03712285686053828,380.0891704529349,0,0.0,0.0,1.2462719525907284,348531.53534512187,265489.1239381914,0,9745200.0,0.05844259746566801,0.0,3600.0,2403.87,7239600.0,0.04947253514918515,1.0,1.2462719525907284,895761.30114352,2180460.3140136334,57.6,0.00098686,0.988975992578987,1.0,0.0,3.0492461736e-06,0.988975992578987,22404.24940986719,0.0,79200.19717482879,101604.44658469598
2026-09-03 06:00:00+00:00,20633.185859619178,111.75575683728503,0.03712285686053828,378.91835926342304,0,0.0,0.0,1.2462785389082904,348531.53534512187,265489.9333288047,0,9741600.0,0.05844259746566801,0.0,3600.0,2407.33,7236000.0,0.049472535194502676,1.0,1.2462785389082904,895761.30114352,2180460.3140136334,57.6,0.00098686,0.9889814441100828,1.0,0.0,3.048672456e-06,0.9889814441100828,22404.97132440693,0.0,79201.28781471832,101606.25913912525
2026-09-03 07:00:00+00:00,20632.019911955602,111.75575683728503,0.03712285686053828,377.75241159984864,0,0.0,0.0,1.246285169108975,348531.53534512187,265490.7425696118,0,9738000.0,0.05844259746566801,0.0,3600.0,2397.33,7232400.0,0.04897822667637164,1.0,1.246285169108975,877354.7098404123,2195069.0678439476,57.6,0.00098686,0.9890937566589976,1.0,0.0,3.0480989004e-06,0.9890937566589976,22395.793373908687,0.0,79239.62303902296,101635.41641293165
2026-09-03 08:00:00+00:00,20653.39815900702,111.75575683728503,0.03712285686053828,399.1306586512692,0,0.0,0.0,1.2462917776291615,348531.53534512187,265491.5516606535,0,9734400.0,0.05844259746566801,8.397e-05,3600.0,2402.65,7228800.0,0.048978143457783174,1.0,1.2462917776291615,877354.7098404123,2195069.0678439476,57.6,0.00098686,0.9890991736415307,1.0,0.0,3.0475255032e-06,0.9890991736415307,22420.4321842692,0.0,79240.70193722047,101661.13412148967
2026-09-03 09:00:00+00:00,20652.234487473586,111.75575683728503,0.03712285686053828,397.9669871178335,0,0.0,0.0,1.2462983647693167,348531.53534512187,265492.3606019723,0,9730800.0,0.05844259746566801,0.0,3600.0,2392.65,7225200.0,0.048978143502770966,1.0,1.2462983647693167,877354.7098404123,2195069.0678439476,57.6,0.00098686,0.9891045726481802,1.0,0.0,3.0469522716e-06,0.9891045726481802,22411.26322253357,0.0,79241.77471997857,101653.03794251214
2026-09-03 10:00:00+00:00,20651.069313110635,111.75575683728503,0.03712285686053828,396.8018127548832,0,0.0,0.0,1.246304931098825,348531.53534512187,265493.1693936089,0,9727200.0,0.05844259746566801,0.0,3600.0,2395.74,7221600.0,0.04897814354780383,1.0,1.246304931098825,877354.7098404123,2195069.0678439476,57.6,0.00098686,0.9891099716843001,1.0,0.0,3.0463791984e-06,0.9891099716843001,22411.718145282095,0.0,79242.84766269021,101654.5658079723
2026-09-03 11:00:00+00:00,20649.899090407762,111.75575683728503,0.03712285686053828,395.63159005200976,0,0.0,0.0,1.246311484745096,348531.53534512187,265493.9780356059,0,9723600.0,0.05844259746566801,0.0,3600.0,2406.12,7218000.0,0.048685221324635375,1.0,1.246311484745096,877354.7073549959,2231057.92401861,57.6,0.00098686,0.9891785999511805,1.0,0.0,3.0458062908e-06,0.9891785999511805,22417.521836384807,0.0,79265.95813591714,101683.47997230195
2026-09-03 12:00:00+00:00,20648.720974202293,111.75575683728503,0.03712285686053828,394.45347384653974,0,0.0,0.0,1.2463179351819267,348531.53534512187,265494.78652800486,0,9720000.0,0.05844259746566801,0.0,3600.0,2422.35,7214400.0,0.04868502575642597,1.0,1.2463179351819267,877347.4450874823,2231063.6882315762,57.6,0.00098686,0.9891840100652793,1.0,0.0,3.0452335452000003e-06,0.9891840100652793,22427.608017926537,0.0,79267.03523889143,101694.64325681797
2026-09-03 13:00:00+00:00,20647.539745340222,111.75575683728503,0.03712285686053828,393.2722449844697,0,0.0,0.0,1.2463243829449722,348531.53534512187,265495.5948708475,0,9716400.0,0.05844259746566801,0.0,3600.0,2428.75,7210800.0,0.04868502580131717,1.0,1.2463243829449722,877347.4450874823,2231063.6882315762,57.6,0.00098686,0.9891893779768893,1.0,0.0,3.0446609616e-06,0.9891893779768893,22430.466131974987,0.0,79268.09778252384,101698.56391449882
2026-09-03 14:00:00+00:00,20646.329544454144,111.75575683728503,0.03712285686053828,392.06204409839,0,0.0,0.0,1.2463308397621846,348531.53534512187,265496.6720787013,0,9712800.0,0.05844259746566801,0.0,3600.0,2488.32,7207200.0,0.04868502584625389,1.0,1.2463308397621846,877347.4450874823,2231063.6882315762,57.6,0.00098686,0.9891947459176288,1.0,0.0,4.05733914e-06,0.9891947459176288,22472.309012343143,0.0,79268.8914712976,101741.20048364074
2026-09-03 15:00:00+00:00,20745.604462155476,105.52416725296882,0.03712285686053828,390.83838583604125,0,0.0,0.0,1.2463373297394686,348531.53534512187,265497.749566797,0,9709200.0,0.05844259746566801,0.0,3600.0,2515.99,7203600.0,0.048685025891235245,1.0,1.2463373297394686,877347.4450874823,2231063.6882315762,57.6,0.00098686,0.989200113887498,1.0,0.0,4.058378211600001e-06,0.989200113887498,22488.292302448906,0.0,79269.6848899821,101757.97719243102
2026-09-03 16:00:00+00:00,20767.583526267892,105.52416725296882,0.03712285686053828,412.8174499484581,0,0.0,0.0,1.2463438202345083,348531.53534512187,265498.82733524486,0,9705600.0,0.05844259746566801,8.789e-05,3600.0,2493.29,7200000.0,0.048685025936261894,1.0,1.2463438202345083,877347.4450874823,2231063.6882315762,57.6,0.00098686,0.9892054818864969,1.0,0.0,4.0594176864e-06,0.9892054818864969,22493.907997473863,0.0,79270.47803846706,101764.38603594093
2026-09-03 17:00:00+00:00,20766.435737208092,105.52416725296882,0.03712285686053828,411.6696608886592,0,0.0,0.0,1.246350303259569,348531.53534512187,265499.9053841525,0,9702000.0,0.05844259746566801,0.0,3600.0,2499.36,7196400.0,0.04868502598133251,1.0,1.246350303259569,877347.4450874823,2231063.6882315762,57.6,0.00098686,0.9892108499146262,1.0,0.0,4.0604575536e-06,0.9892108499146262,22496.321117566345,0.0,79271.27091664507,101767.59203421141
2026-09-03 18:00:00+00:00,20765.282180179456,105.52416725296882,0.03712285686053828,410.5161038600239,0,0.0,0.0,1.2463567626023642,348531.53534512187,265500.9837136303,0,9698400.0,0.05844259746566801,0.0,3600.0,2511.92,7192800.0,0.048685026026449085,1.0,1.2463567626023642,877347.4450874823,2231063.6882315762,57.6,0.00098686,0.9892162179718854,1.0,0.0,4.061497824e-06,0.9892162179718854,22503.215617505557,0.0,79272.06352440565,101775.2791419112
2026-09-03 19:00:00+00:00,20764.126276469233,105.52416725296882,0.03712285686053828,409.3602001497999,0,0.0,0.0,1.2463632460894076,348531.53534512187,265502.0623237878,0,9694800.0,0.05844259746566801,0.0,3600.0,2517.03,7189200.0,0.04870950172762201,1.0,1.2463632460894076,878256.4157129328,2230342.2868780787,57.6,0.00098686,0.9892163228495423,1.0,0.0,4.062538494e-06,0.9892163228495423,22504.94876759097,0.0,79271.02146741899,101775.97023500997
2026-09-03 20:00:00+00:00,20762.976439229416,105.52416725296882,0.03712285686053828,408.21036290998427,0,0.0,0.0,1.246369738046739,348531.53534512187,265503.1412147335,0,9691200.0,0.05844259746566801,0.0,3600.0,2503.82,7185600.0,0.04870950177285249,1.0,1.246369738046739,878256.4157129328,2230342.2868780787,57.6,0.00098686,0.9892216935720611,1.0,0.0,4.06357956e-06,0.9892216935720611,22494.019628189588,0.0,79271.81444263866,101765.83407082825
2026-09-03 21:00:00+00:00,20761.823704228187,105.52416725296882,0.03712285686053828,407.0576279087548,0,0.0,0.0,1.24637621462773,348531.53534512187,265504.22038657684,0,9687600.0,0.05844259746566801,0.0,3600.0,2510.13,7182000.0,0.04870950181812894,1.0,1.24637621462773,878256.4157129328,2230342.2868780787,57.6,0.00098686,0.989227064323739,1.0,0.0,4.0646210255999995e-06,0.989227064323739,22496.584727391226,0.0,79272.60714712355,101769.19187451477
2026-09-03 22:00:00+00:00,20760.67767862383,105.52416725296882,0.03712285686053828,405.91160230439635,0,0.0,0.0,1.24638264990266,348531.53534512187,265505.29983942833,0,9684000.0,0.05844259746566801,0.0,3600.0,2495.52,7178400.0,0.04870958528291536,1.0,1.24638264990266,878256.4157129328,2230342.2868780787,57.6,0.00098686,0.9892324171930921,1.0,0.0,4.0656628944e-06,0.9892324171930921,22484.700770756343,0.0,79273.39333804615,101758.0941088025
2026-09-03 23:00:00+00:00,20759.526647377726,105.52416725296882,0.03712285686053828,404.76057105829295,0,0.0,0.0,1.246389128658303,348531.53534512187,265506.3795733974,0,9680400.0,0.05844259746566801,0.0,3600.0,2506.42,7174800.0,0.04870950190881618,1.0,1.246389128658303,878256.4157129328,2230342.2868780787,57.6,0.00098686,0.989237805914573,1.0,0.0,4.066705162799999e-06,0.989237805914573,22490.43627425125,0.0,79274.19174344843,101764.62801769968
2026-09-04 00:00:00+00:00,20783.53231575823,105.52416725296882,0.03712285686053828,428.76623943879935,0,0.0,0.0,1.2463955858371738,348531.53534512187,265507.45958859165,0,9676800.0,0.05844259746566801,9.533e-05,3600.0,2500.49,7171200.0,0.048709501954228074,1.0,1.2463955858371738,878256.4157129328,2230342.2868780787,57.6,0.00098686,0.9892431767537292,1.0,0.0,4.0677478236e-06,0.9892431767537292,22509.70456429759,0.0,79274.98363507137,101784.68819936896
2026-09-04 01:00:00+00:00,20782.38153249805,105.52416725296882,0.03712285686053828,427.61545617861725,0,0.0,0.0,1.2464020413819519,348531.53534512187,265508.53988512064,0,9673200.0,0.05844259746566801,0.0,3600.0,2505.88,7167600.0,0.04871224755735537,1.0,1.2464020413819519,878358.4157129328,2230261.3348612827,57.6,0.00098686,0.9892479589854685,1.0,0.0,4.068790884e-06,0.9892479589854685,22511.631117670768,0.0,79275.57009711285,101787.20121478362
2026-09-04 02:00:00+00:00,20781.23023948903,105.52416725296882,0.03712285686053828,426.4641631695969,0,0.0,0.0,1.2464083924453535,348531.53534512187,265509.62046309473,0,9669600.0,0.05844259746566801,0.0,3600.0,2506.99,7164000.0,0.048712247602861414,1.0,1.2464083924453535,878358.4157129328,2230261.3348612827,57.6,0.00098686,0.9892533301753982,1.0,0.0,4.0698343476e-06,0.9892533301753982,22510.601963371064,0.0,79276.3615482116,101786.96351158267
2026-09-04 03:00:00+00:00,20780.0804435802,105.52416725296882,0.03712285686053828,425.3143672607681,0,0.0,0.0,1.2464147650426272,348531.53534512187,265510.70132262155,0,9666000.0,0.05844259746566801,0.0,3600.0,2503.73,7160400.0,0.0487122476484132,1.0,1.2464147650426272,878358.4157129328,2230261.3348612827,57.6,0.00098686,0.9892587013944911,1.0,0.0,4.070878203600001e-06,0.9892587013944911,22506.560345141246,0.0,79277.1527279219,101783.71307306315
2026-09-04 04:00:00+00:00,20778.92846631373,105.52416725296882,0.03712285686053828,424.16238999429817,0,0.0,0.0,1.2464211328960617,348531.53534512187,265511.78246381244,0,9662400.0,0.05878224137224064,0.0,3600.0,2508.48,7156800.0,0.048712247694010724,1.0,1.2464211328960617,878358.4157129328,2230261.3348612827,57.6,0.00098686,0.9892640726427475,1.0,0.0,4.0719224664e-06,0.9892640726427475,22535.58596101951,0.0,79277.94363613252,101813.52959715202
2026-09-04 05:00:00+00:00,20777.776737033182,105.52416725296882,0.03712285686053828,423.0106607137496,0,0.0,0.0,1.246427501281425,348531.53534512187,265512.8638867751,0,9658800.0,0.05878224137224064,0.0,3600.0,2507.94,7153200.0,0.04871224773965466,1.0,1.246427501281425,878358.4157129328,2230261.3348612827,57.6,0.00098686,0.9892694439201672,1.0,0.0,4.0729671216e-06,0.9892694439201672,22533.40172495521,0.0,79278.73427273572,101812.13599769093
2026-09-04 06:00:00+00:00,20776.625600163447,105.52416725296882,0.03712285686053828,421.859523844013,0,0.0,0.0,1.246433869725649,348531.53534512187,265513.94559161994,0,9655200.0,0.05878224137224064,0.0,3600.0,2506.65,7149600.0,0.04871224778534389,1.0,1.246433869725649,878358.4157129328,2230261.3348612827,57.6,0.00098686,0.989274815226751,1.0,0.0,4.07401218e-06,0.989274815226751,22530.693538737796,0.0,79279.5246376213,101810.2181763591
2026-09-04 07:00:00+00:00,20775.475896101256,105.52416725296882,0.03712285686053828,420.70981978182175,0,0.0,0.0,1.246440231871468,348531.53534512187,265515.0275784565,0,9651600.0,0.05878224137224064,0.0,3600.0,2503.53,7146000.0,0.04879789855655625,1.0,1.246440231871468,881544.3088207599,2227732.901202961,57.6,0.00098686,0.9892618790782607,1.0,0.0,4.075057637999999e-06,0.9892618790782607,22526.707364538463,0.0,79273.93399509002,101800.64135962848
2026-09-04 08:00:00+00:00,20790.32230488832,105.52416725296882,0.03712285686053828,435.55622856888414,0,0.0,0.0,1.2464466100904683,348531.53534512187,265516.11787716934,0,9648000.0,0.05878224137224064,6.004e-05,3600.0,2526.43,7142400.0,0.04879789860242045,1.0,1.2464466100904683,881544.3088207599,2227732.901202961,57.6,0.00098686,0.9892672595666324,1.0,0.0,4.106345633999999e-06,0.9892672595666324,22556.913259496476,0.0,79274.71896625025,101831.63222574673
2026-09-04 09:00:00+00:00,20789.165037255527,105.52416725296882,0.03712285686053828,434.39896093609286,0,0.0,0.0,1.2464529611842081,348531.53534512187,265517.2084597635,0,9644400.0,0.05878224137224064,0.0,3600.0,2520.0,7138800.0,0.0490103300071556,1.0,1.2464529611842081,889479.2846540215,2221435.7195485723,57.6,0.00098686,0.9892272869306982,1.0,0.0,4.1073979356000005e-06,0.9892272869306982,22550.60235504175,0.0,79259.69665948214,101810.29901452389
2026-09-04 10:00:00+00:00,20788.005473456797,105.52416725296882,0.03712285686053828,433.23939713736354,0,0.0,0.0,1.2464593203167569,348531.53534512187,265518.29932635045,0,9640800.0,0.05878224137224064,0.0,3600.0,2525.0,7135200.0,0.04901033005331734,1.0,1.2464593203167569,889479.2846540215,2221435.7195485723,57.6,0.00098686,0.9892326901014656,1.0,0.0,4.108450644e-06,0.9892326901014656,22552.278903930815,0.0,79260.48896829854,101812.76787222935
2026-09-04 11:00:00+00:00,20786.84733787328,105.52416725296882,0.03712285686053828,432.0812615538477,0,0.0,0.0,1.2464656204926186,348531.53534512187,265519.3904770398,0,9637200.0,0.05878224137224064,0.0,3600.0,2521.89,7131600.0,0.049010330099525046,1.0,1.2464656204926186,889479.2846540215,2221435.7195485723,57.6,0.00098686,0.9892380933017455,1.0,0.0,4.109503752e-06,0.9892380933017455,22548.289751269513,0.0,79261.28100329847,101809.57075456798
2026-09-04 12:00:00+00:00,20785.72216145564,105.52416725296882,0.03712285686053828,430.95608513620704,0,0.0,0.0,1.2464719000302698,348531.53534512187,265520.48191194393,0,9633600.0,0.05878224137224064,0.0,3600.0,2450.12,7128000.0,0.049010330145780046,1.0,1.2464719000302698,889479.2846540215,2221435.7195485723,57.6,0.00098686,0.9892434965315375,1.0,0.0,4.1105572704e-06,0.9892434965315375,22496.39674620675,0.0,79262.0727643696,101758.46951057635
2026-09-04 13:00:00+00:00,20784.596571728132,105.52416725296882,0.03712285686053828,429.8304954086975,0,0.0,0.0,1.2464781801934572,348531.53534512187,265521.57363117347,0,9630000.0,0.05878224137224064,0.0,3600.0,2451.02,7124400.0,0.0490103301920819,1.0,1.2464781801934572,889479.2846540215,2221435.7195485723,57.6,0.00098686,0.989248899790842,1.0,0.0,4.1116111920000005e-06,0.989248899790842,22495.26003641275,0.0,79262.86425140128,101758.12428781402
2026-09-04 14:00:00+00:00,20783.47657546085,105.52416725296882,0.03712285686053828,428.71049914141315,0,0.0,0.0,1.2464843763779079,348531.53534512187,265522.6656348379,0,9626400.0,0.05878224137224064,0.0,3600.0,2438.84,7120800.0,0.04900762377251855,1.0,1.2464843763779079,889377.8969838975,2221516.1880274517,57.6,0.00098686,0.9892548793862846,1.0,0.0,4.112665513200001e-06,0.9892548793862846,22485.002815618787,0.0,79263.85632531729,101748.85914093608
2026-09-04 15:00:00+00:00,20782.351017879664,105.52416725296882,0.03712285686053828,427.58494156022675,0,0.0,0.0,1.2464906303276413,348531.53534512187,265523.7579230496,0,9622800.0,0.05878224137224064,0.0,3600.0,2450.95,7117200.0,0.04854684481406912,1.0,1.2464906303276413,872229.2419173848,2235127.9420633405,57.6,0.00098686,0.9893583767915949,1.0,0.0,4.1137202448e-06,0.9893583767915949,22491.68666261165,0.0,79298.83614668256,101790.52280929421
2026-09-04 16:00:00+00:00,20782.763123136385,105.52416725296882,0.03712285686053828,427.99704681694874,0,0.0,0.0,1.2464968230900553,348531.53534512187,265524.8504959183,0,9619200.0,0.05878224137224064,5.94e-06,3600.0,2459.15,7113600.0,0.048546844860061666,1.0,1.2464968230900553,872229.2419173848,2235127.9420633405,57.6,0.00098686,0.9893637307665558,1.0,0.0,4.114775376e-06,0.9893637307665558,22497.17597054018,0.0,79299.60960292717,101796.78557346735
2026-09-04 17:00:00+00:00,20781.64072507953,105.52416725296882,0.03712285686053828,426.8746487600931,0,0.0,0.0,1.2465030188351782,348531.53534512187,265525.9433535564,0,9615600.0,0.05878224137224064,0.0,3600.0,2444.07,7110000.0,0.04854673855013725,1.0,1.2465030188351782,872225.3095420026,2235131.0633900114,57.6,0.00098686,0.9893691073958432,1.0,0.0,4.1158309176e-06,0.9893691073958432,22484.902762739817,0.0,79300.39067014959,101785.2934328894
2026-09-04 18:00:00+00:00,20780.515847163464,105.52416725296882,0.03712285686053828,425.7497708440244,0,0.0,0.0,1.2465092235979036,348531.53534512187,265527.0364960724,0,9612000.0,0.05878224137224064,0.0,3600.0,2449.47,7106400.0,0.04854673859622305,1.0,1.2465092235979036,872225.3095420026,2235131.0633900114,57.6,0.00098686,0.9893744614174174,1.0,0.0,4.1168868551999995e-06,0.9893744614174174,22486.902026019317,0.0,79301.16357299307,101788.06559901239
2026-09-04 19:00:00+00:00,20779.38858123482,105.52416725296882,0.03712285686053828,424.6225049153801,0,0.0,0.0,1.2465154407560728,348531.53534512187,265528.12992357893,0,9608400.0,0.05878224137224064,0.0,3600.0,2454.67,7102800.0,0.04854673864235659,1.0,1.2465154407560728,872225.3095420026,2235131.0633900114,57.6,0.00098686,0.989379815467965,1.0,0.0,4.1179432032e-06,0.989379815467965,22488.756808648723,0.0,79301.9362009443,101790.69300959303
2026-09-04 20:00:00+00:00,20778.263391040182,105.52416725296882,0.03712285686053828,423.4973147207438,0,0.0,0.0,1.2465216170552427,348531.53534512187,265529.2236361855,0,9604800.0,0.05878224137224064,0.0,3600.0,2450.15,7099200.0,0.048854820445877634,1.0,1.2465216170552427,883666.4188962226,2226051.068090036,57.6,0.00098686,0.9893197408559359,1.0,0.0,4.1189999508000005e-06,0.9893197408559359,22483.844734863094,0.0,79279.90459157189,101763.74932643498
2026-09-04 21:00:00+00:00,20777.137948267293,105.52416725296882,0.03712285686053828,422.37187194785434,0,0.0,0.0,1.2465278180134274,348531.53534512187,265530.3176340037,0,9601200.0,0.05878224137224064,0.0,3600.0,2450.7,7095600.0,0.04900573950636766,1.0,1.2465278180134274,889307.4975114577,2221574.2952553183,57.6,0.00098686,0.9892931011122859,1.0,0.0,4.1200571052e-06,0.9892931011122859,22482.46273738865,0.0,79269.52580299816,101751.98854038681
2026-09-04 22:00:00+00:00,20776.012831549968,105.52416725296882,0.03712285686053828,421.24675523052804,0,0.0,0.0,1.2465340409544845,348531.53534512187,265531.41191714496,0,9597600.0,0.05878224137224064,0.0,3600.0,2449.99,7092000.0,0.04900241618464585,1.0,1.2465340409544845,889183.0223361771,2221673.088067944,57.6,0.00098686,0.9892992089889191,1.0,0.0,4.1211146664e-06,0.9892992089889191,22480.20433404518,0.0,79270.5603074776,101750.76464152278
2026-09-04 23:00:00+00:00,20774.885611544643,105.52416725296882,0.03712285686053828,420.11953522520247,0,0.0,0.0,1.2465402640258656,348531.53534512187,265532.5111692592,0,9594000.0,0.05878224137224064,0.0,3600.0,2454.57,7088400.0,0.049002416231410884,1.0,1.2465402640258656,889183.0223361771,2221673.088067944,57.6,0.00098686,0.9893046117004731,1.0,0.0,4.1398109208e-06,0.9893046117004731,22481.62249517228,0.0,79271.3440707163,101752.96656588858
2026-09-05 00:00:00+00:00,20778.93532946261,105.52416725296882,0.03712285686053828,424.16925314316666,0,0.0,0.0,1.2465464885539925,348531.53534512187,265533.61070828885,0,9590400.0,0.05878224137224064,2.001e-05,3600.0,2450.95,7084800.0,0.04900241627822477,1.0,1.2465464885539925,889183.0223361771,2221673.088067944,57.6,0.00098686,0.9893100144415319,1.0,0.0,4.1408743068e-06,0.9893100144415319,22482.51563532344,0.0,79272.12755732297,101754.64319264641
2026-09-05 01:00:00+00:00,20777.809882097386,105.52416725296882,0.03712285686053828,423.0438057779453,0,0.0,0.0,1.2465527136287204,348531.53534512187,265534.7105343474,0,9586800.0,0.05878224137224064,0.0,3600.0,2450.71,7081200.0,0.049002416325085285,1.0,1.2465527136287204,889183.0223361771,2221673.088067944,57.6,0.00098686,0.989315417212096,1.0,0.0,4.1419381068e-06,0.989315417212096,22480.583951828212,0.0,79272.91076718422,101753.49471901244
2026-09-05 02:00:00+00:00,20776.683718328393,105.52416725296882,0.03712285686053828,421.91764200895125,0,0.0,0.0,1.2465589182779024,348531.53534512187,265535.8106475473,0,9583200.0,0.05878224137224064,0.0,3600.0,2452.27,7077600.0,0.049002416371993096,1.0,1.2465589182779024,889183.0223361771,2221673.088067944,57.6,0.00098686,0.9893208200121656,1.0,0.0,4.1430023172e-06,0.9893208200121656,22479.90186277456,0.0,79273.69370018772,101753.59556296229
2026-09-05 03:00:00+00:00,20775.55787602263,105.52416725296882,0.03712285686053828,420.79179970318853,0,0.0,0.0,1.2465651480224147,348531.53534512187,265536.91104800114,0,9579600.0,0.05878224137224064,0.0,3600.0,2451.57,7074000.0,0.049002416418949535,1.0,1.2465651480224147,889183.0223361771,2221673.088067944,57.6,0.00098686,0.9893262228417405,1.0,0.0,4.144066938e-06,0.9893262228417405,22477.650193314756,0.0,79274.47635622084,101752.12654953559
2026-09-05 04:00:00+00:00,20774.433668587015,105.52416725296882,0.03712285686053828,419.66759226757375,0,0.0,0.0,1.2465713811122614,348531.53534512187,265538.01173581945,0,9576000.0,0.05878224137224064,0.0,3600.0,2448.01,7070400.0,0.049002416465953935,1.0,1.2465713811122614,889183.0223361771,2221673.088067944,57.6,0.00098686,0.989331625700821,1.0,0.0,4.145131962e-06,0.989331625700821,22473.41561039704,0.0,79275.25873517315,101748.6743455702
2026-09-05 05:00:00+00:00,20773.30852890803,105.52416725296882,0.03712285686053828,418.5424525885881,0,0.0,0.0,1.2465776143975278,348531.53534512187,265539.7064573712,0,9572400.0,0.05878224137224064,0.0,3600.0,2450.04,7066800.0,0.049002416513006075,1.0,1.2465776143975278,889183.0223361771,2221673.088067944,57.6,0.00098686,0.9893370285894074,1.0,0.0,6.3821979108e-06,0.9893370285894074,22473.060098295053,0.0,79275.4470906757,101748.50718897076
2026-09-05 06:00:00+00:00,20772.182273292397,105.52416725296882,0.03712285686053828,417.4161969729565,0,0.0,0.0,1.2465838481874039,348531.53534512187,265541.4027246022,0,9568800.0,0.05878224137224064,0.0,3600.0,2452.47,7063200.0,0.04900241656010618,1.0,1.2465838481874039,889183.0223361771,2221673.088067944,57.6,0.00098686,0.9893424315074998,1.0,0.0,6.3879780384e-06,0.9893424315074998,22472.979812518806,0.0,79275.63391078275,101748.61372330156
2026-09-05 07:00:00+00:00,20771.05429095998,105.52416725296882,0.03712285686053828,416.28821464053954,0,0.0,0.0,1.2465900659014646,348531.53534512187,265543.10053962405,0,9565200.0,0.05878224137224064,0.0,3600.0,2456.23,7059600.0,0.04912481529047352,1.0,1.2465900659014646,893774.9380224439,2218029.002086148,57.6,0.00098686,0.9893219945005944,1.0,0.0,6.3937660068e-06,0.9893219945005944,22473.818545183967,0.0,79266.81315436633,101740.6316995503
2026-09-05 08:00:00+00:00,20785.743836080244,105.52416725296882,0.03712285686053828,430.9777597608041,0,0.0,0.0,1.2465963007239926,348531.53534512187,265544.79990454554,0,9561600.0,0.05878224137224064,6.104e-05,3600.0,2455.64,7056000.0,0.04912481533779012,1.0,1.2465963007239926,893774.9380224439,2218029.002086148,57.6,0.00098686,0.9893274105133865,1.0,0.0,6.3995618052000005e-06,0.9893274105133865,22487.458371160403,0.0,79267.00144069869,101754.4598118591
2026-09-05 09:00:00+00:00,20784.615242967688,105.52416725296882,0.03712285686053828,429.84916664824755,0,0.0,0.0,1.2466025546925004,348531.53534512187,265546.5008214764,0,9558000.0,0.05878224137224064,0.0,3600.0,2457.56,7052400.0,0.04906761821322503,1.0,1.2466025546925004,891627.2517589034,2219733.551906391,57.6,0.00098686,0.9893448889809924,1.0,0.0,6.4053654372e-06,0.9893448889809924,22487.019096932545,0.0,79271.39232091804,101758.41141785058
2026-09-05 10:00:00+00:00,20783.488693442818,105.52416725296882,0.03712285686053828,428.7226171233759,0,0.0,0.0,1.2466087618302761,348531.53534512187,265547.61344623484,0,9554400.0,0.05878224137224064,0.0,3600.0,2453.11,7048800.0,0.049067683423490216,1.0,1.2466087618302761,891629.6966368068,2219731.6116553084,57.6,0.00098686,0.9893502852257666,1.0,0.0,4.1899344336e-06,0.9893502852257666,22482.16989250669,0.0,79272.16045763582,101754.33035014251
2026-09-05 11:00:00+00:00,20782.362378126872,105.52416725296882,0.03712285686053828,427.59630180743,0,0.0,0.0,1.2466150116699029,348531.53534512187,265548.7263615864,0,9550800.0,0.05878224137224064,0.0,3600.0,2452.6,7045200.0,0.04906768347089585,1.0,1.2466150116699029,891629.6966368068,2219731.6116553084,57.6,0.00098686,0.989355695242917,1.0,0.0,4.19101119e-06,0.989355695242917,22480.050509854445,0.0,79272.93310386792,101752.98361372238
2026-09-05 12:00:00+00:00,20781.233716129336,105.52416725296882,0.03712285686053828,426.46763980989533,0,0.0,0.0,1.2466212628564604,348531.53534512187,265549.83956764557,0,9547200.0,0.05878224137224064,0.0,3600.0,2457.71,7041600.0,0.049067683518349225,1.0,1.2466212628564604,891629.6966368068,2219731.6116553084,57.6,0.00098686,0.9893611052896508,1.0,0.0,4.192088364e-06,0.9893611052896508,22481.817740686292,0.0,79273.70546970319,101755.52321038948
2026-09-05 13:00:00+00:00,20780.107258451102,105.52416725296882,0.03712285686053828,425.3411821316612,0,0.0,0.0,1.2466275164101197,348531.53534512187,265550.953064525,0,9543600.0,0.05878224137224064,0.0,3600.0,2452.91,7038000.0,0.04906768356585167,1.0,1.2466275164101197,891629.6966368068,2219731.6116553084,57.6,0.00098686,0.9893665153659681,1.0,0.0,4.1931659484e-06,0.9893665153659681,22476.729985009566,0.0,79274.47755502898,101751.20754003854
2026-09-05 14:00:00+00:00,20778.979331226667,105.52416725296882,0.03712285686053828,424.2132549072267,0,0.0,0.0,1.2466337818334579,348531.53534512187,265552.06685233914,0,9540000.0,0.05878224137224064,0.0,3600.0,2456.11,7034400.0,0.04906768361340319,1.0,1.2466337818334579,891629.6966368068,2219731.6116553084,57.6,0.00098686,0.9893719254718689,1.0,0.0,4.1942439503999994e-06,0.9893719254718689,22477.17459747414,0.0,79275.2493597308,101752.42395720494
2026-09-05 15:00:00+00:00,20777.850237549934,105.52416725296882,0.03712285686053828,423.0841612304957,0,0.0,0.0,1.246640049915854,348531.53534512187,265553.18093120155,0,9536400.0,0.05878224137224064,0.0,3600.0,2458.65,7030800.0,0.04906768366100267,1.0,1.246640049915854,891629.6966368068,2219731.6116553084,57.6,0.00098686,0.9893773356073537,1.0,0.0,4.1953223664e-06,0.9893773356073537,22477.16021088496,0.0,79276.02088369534,101753.1810945803
2026-09-05 16:00:00+00:00,20781.564013079438,105.52416725296882,0.03712285686053828,426.7979367600005,0,0.0,0.0,1.2466463201992601,348531.53534512187,265554.2953012249,0,9532800.0,0.05878224137224064,1.86e-05,3600.0,2470.06,7027200.0,0.04906768370865211,1.0,1.2466463201992601,891629.6966368068,2219731.6116553084,57.6,0.00098686,0.9893827457724222,1.0,0.0,4.1964011928e-06,0.9893827457724222,22488.11560488118,0.0,79276.79212680977,101764.90773169095
2026-09-05 17:00:00+00:00,20780.425055073836,105.52416725296882,0.03712285686053828,425.65897875439947,0,0.0,0.0,1.2466525948038254,348531.53534512187,265555.40996252466,0,9529200.0,0.05878224137224064,0.0,3600.0,2480.13,7023600.0,0.049067683756349956,1.0,1.2466525948038254,898940.2663189038,2237931.434612944,57.6,0.00098686,0.9893881559670751,1.0,0.0,4.1974804404e-06,0.9893881559670751,22493.286861931723,0.0,79277.56308895891,101770.84995089064
2026-09-05 18:00:00+00:00,20779.286390977475,105.52416725296882,0.03712285686053828,424.52031465803856,0,0.0,0.0,1.2466588566476742,348531.53534512187,265556.2879007983,0,9525600.0,0.05878224137224064,0.0,3600.0,2479.49,7020000.0,0.049067683804095985,1.0,1.2466588566476742,898940.2663189038,2237931.434612944,57.6,0.00098686,0.9893935661913122,1.0,0.0,3.3060400560000002e-06,0.9893935661913122,22491.059263628333,0.0,79278.57078444521,101769.63004807354
2026-09-05 19:00:00+00:00,20778.149081619016,105.52416725296882,0.03712285686053828,423.3830052995811,0,0.0,0.0,1.2466651395874444,348531.53534512187,265557.16583591246,0,9522000.0,0.05878224137224064,0.0,3600.0,2476.54,7016400.0,0.04906768385189153,1.0,1.2466651395874444,898940.2663189038,2237931.434612944,57.6,0.00098686,0.9893989764451339,1.0,0.0,3.3060172284e-06,0.9893989764451339,22487.23919517852,0.0,79279.5784934021,101766.81768858063
2026-09-05 20:00:00+00:00,20777.011795222217,105.52416725296882,0.03712285686053828,422.245718902783,0,0.0,0.0,1.2466714231786102,348531.53534512187,265558.0437678689,0,9518400.0,0.05878224137224064,0.0,3600.0,2476.49,7012800.0,0.049067683899736814,1.0,1.2466714231786102,898940.2663189038,2237931.434612944,57.6,0.00098686,0.98940438672854,1.0,0.0,3.305994408e-06,0.98940438672854,22485.42125739137,0.0,79280.5862158279,101766.00747321927
2026-09-05 21:00:00+00:00,20775.869236828425,105.52416725296882,0.03712285686053828,421.10316050899104,0,0.0,0.0,1.2466777177429544,348531.53534512187,265558.92169666576,0,9514800.0,0.05878224137224064,0.0,3600.0,2487.97,7009200.0,0.04906768394763006,1.0,1.2466777177429544,898940.2663189038,2237931.434612944,57.6,0.00098686,0.9894097970415311,1.0,0.0,3.3059715804e-06,0.9894097970415311,22491.549049086112,0.0,79281.59395172447,101773.14300081058
2026-09-05 22:00:00+00:00,20774.730370669462,105.52416725296882,0.03712285686053828,419.96429435002756,0,0.0,0.0,1.246684020402633,348531.53534512187,265559.7996223048,0,9511200.0,0.05878224137224064,0.0,3600.0,2479.93,7005600.0,0.04906768399557304,1.0,1.246684020402633,898940.2663189038,2237931.434612944,57.6,0.00098686,0.9894152073841072,1.0,0.0,3.3059487600000002e-06,0.9894152073841072,22484.218834128438,0.0,79282.60170109023,101766.82053521866
2026-09-05 23:00:00+00:00,20773.59185352772,105.52416725296882,0.03712285686053828,418.82577720828664,0,0.0,0.0,1.2466903240719387,348531.53534512187,265560.67754478514,0,9507600.0,0.05878224137224064,0.0,3600.0,2479.17,7002000.0,0.04906768404356532,1.0,1.2466903240719387,898940.2663189038,2237931.434612944,57.6,0.00098686,0.9894206177562682,1.0,0.0,3.3059259359999996e-06,0.9894206177562682,22481.90958167112,0.0,79283.609463926,101765.51904559712
2026-09-06 00:00:00+00:00,20790.88703617159,105.52416725296882,0.03712285686053828,436.12095985215535,0,0.0,0.0,1.2466966285380117,348531.53534512187,265561.5554641066,0,9504000.0,0.05878224137224064,7.02e-05,3600.0,2489.03,6998400.0,0.04906319794605585,1.0,1.2466966285380117,898770.5957887168,2238066.097644069,57.6,0.00098686,0.9894269671166727,1.0,0.0,3.3059031120000003e-06,0.9894269671166727,22505.349561207007,0.0,79284.94449693471,101790.29405814172
2026-09-06 01:00:00+00:00,20789.736808583562,105.52416725296882,0.03712285686053828,434.9707322641303,0,0.0,0.0,1.2467029359086632,348531.53534512187,265562.4333361706,0,9500400.0,0.05878224137224064,0.0,3600.0,2504.67,6994800.0,0.04905710881219494,1.0,1.2467029359086632,898540.3309644216,2238248.8530102246,57.6,0.00098686,0.9894336509065235,1.0,0.0,3.3057142308e-06,0.9894336509065235,22514.31878459123,0.0,79286.39613640931,101800.71492100054
2026-09-06 02:00:00+00:00,20788.587660193527,105.52416725296882,0.03712285686053828,433.82158387409606,0,0.0,0.0,1.2467092032556935,348531.53534512187,265563.31124772865,0,9496800.0,0.05878224137224064,0.0,3600.0,2502.32,6991200.0,0.049057108860325105,1.0,1.2467092032556935,898540.3309644216,2238248.8530102246,57.6,0.00098686,0.9894390602409241,1.0,0.0,3.3058520207999997e-06,0.9894390602409241,22510.898666582867,0.0,79287.40354847518,101798.30221505805
2026-09-06 03:00:00+00:00,20787.435641596072,105.52416725296882,0.03712285686053828,432.6695652766393,0,0.0,0.0,1.2467155135870367,348531.53534512187,265564.1891562979,0,9493200.0,0.05878224137224064,0.0,3600.0,2508.57,6987600.0,0.049057108908505676,1.0,1.2467155135870367,898540.3309644216,2238248.8530102246,57.6,0.00098686,0.989444469604898,1.0,0.0,3.3058298376e-06,0.989444469604898,22513.393917602232,0.0,79288.41097383696,101801.80489143918
2026-09-06 04:00:00+00:00,20786.286070711507,105.52416725296882,0.03712285686053828,431.5199943920725,0,0.0,0.0,1.24672182839946,348531.53534512187,265565.0670618773,0,9489600.0,0.05878224137224064,0.0,3600.0,2503.24,6984000.0,0.04905710895673443,1.0,1.24672182839946,898540.3309644216,2238248.8530102246,57.6,0.00098686,0.9894498789984456,1.0,0.0,3.3058076508e-06,0.9894498789984456,22507.92404955711,0.0,79289.41841249604,101797.34246205316
2026-09-06 05:00:00+00:00,20785.132279473946,105.52416725296882,0.03712285686053828,430.3662031545115,0,0.0,0.0,1.2467281436486946,348531.53534512187,265565.9449644668,0,9486000.0,0.05878224137224064,0.0,3600.0,2512.43,6980400.0,0.049057109005014254,1.0,1.2467281436486946,898540.3309644216,2238248.8530102246,57.6,0.00098686,0.9894552884215666,1.0,0.0,3.305785464e-06,0.9894552884215666,22512.435285134972,0.0,79290.4258644522,101802.86114958717
2026-09-06 06:00:00+00:00,20783.98207025525,105.52416725296882,0.03712285686053828,429.2159939358139,0,0.0,0.0,1.2467347934785282,348531.53534512187,265566.8228640664,0,9482400.0,0.05878224137224064,0.0,3600.0,2504.63,6976800.0,0.04905710902111782,1.0,1.2467347934785282,898540.3309644216,2238248.8530102246,57.6,0.00098686,0.989460697880986,1.0,0.0,3.3057632772e-06,0.989460697880986,22505.2690651533,0.0,79291.4333320494,101796.70239720271
2026-09-06 07:00:00+00:00,20782.836003319906,105.52416725296882,0.03712285686053828,428.0699270004686,0,0.0,0.0,1.246740855601699,348531.53534512187,265567.700760677,0,9478800.0,0.05878224137224064,0.0,3600.0,2495.61,6973200.0,0.04905710909930194,1.0,1.246740855601699,898540.3309644216,2238248.8530102246,57.6,0.00098686,0.9894661073570357,1.0,0.0,3.3057410939999997e-06,0.9894661073570357,22497.272940722272,0.0,79292.44080843183,101789.71374915409
2026-09-06 08:00:00+00:00,20800.484150872566,105.52416725296882,0.03712285686053828,445.71807455313024,0,0.0,0.0,1.246747235339646,348531.53534512187,265568.57865429757,0,9475200.0,0.05878224137224064,7.14e-05,3600.0,2494.37,6969600.0,0.04905694744150946,1.0,1.246747235339646,898534.2167731486,2238253.7057032078,57.6,0.00098686,0.9894715505768163,1.0,0.0,3.3057189072e-06,0.9894715505768163,22513.418420800994,0.0,79293.46004855866,101806.87846935965
2026-09-06 09:00:00+00:00,20799.336990962234,105.52416725296882,0.03712285686053828,444.5709146427984,0,0.0,0.0,1.2467536172277176,348531.53534512187,265569.456544929,0,9471600.0,0.05878224137224064,0.0,3600.0,2497.99,6966000.0,0.049056947489986014,1.0,1.2467536172277176,898534.2167731486,2238253.7057032078,57.6,0.00098686,0.9894769601010073,1.0,0.0,3.305696724e-06,0.9894769601010073,22514.105432627395,0.0,79294.46754769894,101808.57298032634
2026-09-06 10:00:00+00:00,20798.18866919194,105.52416725296882,0.03712285686053828,443.4225928725019,0,0.0,0.0,1.2467599588037321,348531.53534512187,265570.33443257137,0,9468000.0,0.05878224137224064,0.0,3600.0,2500.52,6962400.0,0.04905694753851342,1.0,1.2467599588037321,898534.2167731486,2238253.7057032078,57.6,0.00098686,0.9894823696547724,1.0,0.0,3.3056745408e-06,0.9894823696547724,22514.041437359432,0.0,79295.47506013588,101809.51649749532
2026-09-06 11:00:00+00:00,20797.040301498324,105.52416725296882,0.03712285686053828,442.27422517888664,0,0.0,0.0,1.2467662835430298,348531.53534512187,265571.2123172245,0,9464400.0,0.05878224137224064,0.0,3600.0,2500.62,6958800.0,0.04905694758708967,1.0,1.2467662835430298,898534.2167731486,2238253.7057032078,57.6,0.00098686,0.9894877792381124,1.0,0.0,3.3056523576000003e-06,0.9894877792381124,22512.30924791122,0.0,79296.48258586985,101808.79183378107
2026-09-06 12:00:00+00:00,20795.892471107538,105.52416725296882,0.03712285686053828,441.12639478810087,0,0.0,0.0,1.2467725837347727,348531.53534512187,265572.0901988884,0,9460800.0,0.05878224137224064,0.0,3600.0,2499.45,6955200.0,0.04905694763571744,1.0,1.2467725837347727,898534.2167731486,2238253.7057032078,57.6,0.00098686,0.9894931888510267,1.0,0.0,3.3056301744e-06,0.9894931888510267,22509.70673435969,0.0,79297.49012490053,101807.19685926022
2026-09-06 13:00:00+00:00,20794.747322638566,105.52416725296882,0.03712285686053828,439.9812463191308,0,0.0,0.0,1.246778885393211,348531.53534512187,265572.9680775629,0,9457200.0,0.05878224137224064,0.0,3600.0,2493.61,6951600.0,0.0490569476843945,1.0,1.246778885393211,898534.2167731486,2238253.7057032078,57.6,0.00098686,0.989498598493516,1.0,0.0,3.3056079912e-06,0.989498598493516,22503.906622214763,0.0,79298.49767722847,101802.40429944324
2026-09-06 14:00:00+00:00,20793.60971937087,105.52416725296882,0.03712285686053828,438.8436430514332,0,0.0,0.0,1.2467852017111367,348531.53534512187,265573.84595324716,0,9453600.0,0.05878224137224064,0.0,3600.0,2477.18,6948000.0,0.049044795576184574,1.0,1.2467852017111367,898379.1060592959,2239376.7713574897,57.6,0.00098686,0.9895065335537132,1.0,0.0,3.3055858044e-06,0.9895065335537132,22490.861314128786,0.0,79300.38542025787,101791.24673438666
2026-09-06 15:00:00+00:00,20792.47154206169,105.52416725296882,0.03712285686053828,437.70546574225114,0,0.0,0.0,1.2467915179744489,348531.53534512187,265574.72382594296,0,9450000.0,0.05878224137224064,0.0,3600.0,2478.43,6944400.0,0.0490447956249509,1.0,1.2467915179744489,898379.1060592959,2239376.7713574897,57.6,0.00098686,0.9895119419606614,1.0,0.0,3.3055636248e-06,0.9895119419606614,22489.9329282758,0.0,79301.3925479395,101791.3254762153
2026-09-06 16:00:00+00:00,20796.179064119777,105.52416725296882,0.03712285686053828,441.4129878003396,0,0.0,0.0,1.2467978310096177,348531.53534512187,265575.6016956493,0,9446400.0,0.05878224137224064,1.85e-05,3600.0,2483.33,6940800.0,0.04906970328963456,1.0,1.2467978310096177,899321.1792344364,2238629.134318751,57.6,0.00098686,0.9895121795920253,1.0,0.0,3.3055414416000003e-06,0.9895121795920253,22496.348499618693,0.0,79300.5975002572,101796.94599987588
2026-09-06 17:00:00+00:00,20795.035500005302,105.52416725296882,0.03712285686053828,440.2694236858668,0,0.0,0.0,1.2468041515499617,348531.53534512187,265576.4189055422,0,9442800.0,0.05878224137224064,0.0,3600.0,2490.16,6937200.0,0.049069703338527226,1.0,1.2468041515499617,899321.1792344364,2238629.134318751,57.6,0.00098686,0.9895175907117889,1.0,0.0,3.07712241e-06,0.9895175907117889,22499.231265801463,0.0,79301.6662362435,101800.89750204497
2026-09-06 18:00:00+00:00,20793.89056737593,105.52416725296882,0.03712285686053828,439.1244910564949,0,0.0,0.0,1.2468104339834634,348531.53534512187,265577.2358973203,0,9439200.0,0.05878224137224064,0.0,3600.0,2493.14,6933600.0,0.049069703387471186,1.0,1.2468104339834634,899321.1792344364,2238629.134318751,57.6,0.00098686,0.9895230018611431,1.0,0.0,3.076291656e-06,0.9895230018611431,22499.47527174451,0.0,79302.73520065774,101802.21047240225
2026-09-06 19:00:00+00:00,20792.747242062713,105.52416725296882,0.03712285686053828,437.98116574327963,0,0.0,0.0,1.2468167667953964,348531.53534512187,265578.0526710707,0,9435600.0,0.05878224137224064,0.0,3600.0,2489.64,6930000.0,0.049069703436465995,1.0,1.2468167667953964,899321.1792344364,2238629.134318751,57.6,0.00098686,0.9895284130400879,1.0,0.0,3.0754612368e-06,0.9895284130400879,22495.287980862944,0.0,79303.80439341307,101799.09237427602
2026-09-06 20:00:00+00:00,20791.59983875879,105.52416725296882,0.03712285686053828,436.8337624393584,0,0.0,0.0,1.2468233350813631,348531.53534512187,265578.86922688206,0,9432000.0,0.05878224137224064,0.0,3600.0,2498.52,6926400.0,0.04723407525539658,1.0,1.2468233350813631,831667.4468197399,2292339.426602108,57.6,0.00098686,0.9899145180018051,1.0,0.0,3.0746311596e-06,0.9899145180018051,22499.56127339685,0.0,79437.55759271333,101937.11886611018
2026-09-06 21:00:00+00:00,20790.4484493108,105.52416725296882,0.03712285686053828,435.68237299136865,0,0.0,0.0,1.2468296645831112,348531.53534512187,265579.74565713544,0,9428400.0,0.05878224137224064,0.0,3600.0,2507.2,6922800.0,0.04731493686097932,1.0,1.2468296645831112,834571.7686956901,2290033.6712542716,57.6,0.00098686,0.989902954920218,1.0,0.0,3.3000698051999997e-06,0.989902954920218,22503.68928032144,0.0,79432.65106388106,101936.3403442025
2026-09-06 22:00:00+00:00,20789.29716548644,105.52416725296882,0.03712285686053828,434.53108916701206,0,0.0,0.0,1.2468360175238091,348531.53534512187,265580.6220837128,0,9424800.0,0.05878224137224064,0.0,3600.0,2506.97,6919200.0,0.04731493690833033,1.0,1.2468360175238091,834571.7686956901,2290033.6712542716,57.6,0.00098686,0.9899081789998369,1.0,0.0,3.3000450732000002e-06,0.9899081789998369,22501.72673259417,0.0,79433.59539379406,101935.32212638823
2026-09-06 23:00:00+00:00,20788.142896646365,105.52416725296882,0.03712285686053828,433.37682032693596,0,0.0,0.0,1.2468423724769957,348531.53534512187,265581.4985066121,0,9421200.0,0.05878224137224064,0.0,3600.0,2513.47,6915600.0,0.047314936955730635,1.0,1.2468423724769957,834571.7686956901,2290033.6712542716,57.6,0.00098686,0.9899134031070252,1.0,0.0,3.3000203340000004e-06,0.9899134031070252,22504.35660776981,0.0,79434.53973699396,101938.89634476377
2026-09-07 00:00:00+00:00,20804.88993297973,105.52416725296882,0.03712285686053828,450.1238566603032,0,0.0,0.0,1.2468487274865272,348531.53534512187,265582.37492583523,0,9417600.0,0.05878224137224064,6.753e-05,3600.0,2512.0,6912000.0,0.04731493700317935,1.0,1.2468487274865272,834571.7686956901,2290033.6712542716,57.6,0.00098686,0.9899186272417833,1.0,0.0,3.299995602e-06,0.9899186272417833,22519.444507744338,0.0,79435.48409347888,101954.92860122322
2026-09-07 01:00:00+00:00,20803.74055038077,105.52416725296882,0.03712285686053828,448.9744740613433,0,0.0,0.0,1.2468550830857046,348531.53534512187,265583.25134138117,0,9414000.0,0.05878224137224064,0.0,3600.0,2502.83,6908400.0,0.04731493705067891,1.0,1.2468550830857046,834571.7686956901,2290033.6712542716,57.6,0.00098686,0.9899238514041108,1.0,0.0,3.2999708664e-06,0.9899238514041108,22511.383163684986,0.0,79436.42846324982,101947.8116269348
2026-09-07 02:00:00+00:00,20802.587503100975,105.52416725296882,0.03712285686053828,447.8214267815462,0,0.0,0.0,1.2468613361511558,348531.53534512187,265584.1277532509,0,9410400.0,0.05878224137224064,0.0,3600.0,2510.81,6904800.0,0.04731493709822754,1.0,1.2468613361511558,834571.7686956901,2290033.6712542716,57.6,0.00098686,0.9899290755940081,1.0,0.0,3.2999461344e-06,0.9899290755940081,22515.019648018577,0.0,79437.37284630595,101952.39249432454
2026-09-07 03:00:00+00:00,20801.441252472356,105.52416725296882,0.03712285686053828,446.67517615292587,0,0.0,0.0,1.2468676692434186,348531.53534512187,265585.00416144327,0,9406800.0,0.05878224137224064,0.0,3600.0,2496.01,6901200.0,0.0475241553634318,1.0,1.2468676692434186,842118.6839803377,2284042.1598908305,57.6,0.00098686,0.9898910291322669,1.0,0.0,3.2999213987999996e-06,0.9898910291322669,22503.128206552312,0.0,79423.23604638845,101926.36425294077
2026-09-07 04:00:00+00:00,20800.294625272523,105.52416725296882,0.03712285686053828,445.5285489530917,0,0.0,0.0,1.246874034011807,348531.53534512187,265585.88056596025,0,9403200.0,0.05878224137224064,0.0,3600.0,2496.83,6897600.0,0.047524155411295066,1.0,1.246874034011807,842118.6839803377,2284042.1598908305,57.6,0.00098686,0.9898962757206137,1.0,0.0,3.2998966704000002e-06,0.9898962757206137,22501.889172173946,0.0,79424.18824336334,101926.0774155373
2026-09-07 05:00:00+00:00,20799.144971725982,105.52416725296882,0.03712285686053828,444.37889540655107,0,0.0,0.0,1.246880400589267,348531.53534512187,265586.7569668007,0,9399600.0,0.05878224137224064,0.0,3600.0,2503.42,6894000.0,0.04752415545920807,1.0,1.246880400589267,842118.6839803377,2284042.1598908305,57.6,0.00098686,0.9899015223367682,1.0,0.0,3.2998719384e-06,0.9899015223367682,22504.577444419418,0.0,79425.14045370655,101929.71789812596
2026-09-07 06:00:00+00:00,20797.998330749153,105.52416725296882,0.03712285686053828,443.23225442972125,0,0.0,0.0,1.2468867671861676,348531.53534512187,265587.6333639638,0,9396000.0,0.05878224137224064,0.0,3600.0,2496.86,6890400.0,0.04752415550717193,1.0,1.2468867671861676,842118.6839803377,2284042.1598908305,57.6,0.00098686,0.9899067689807306,1.0,0.0,3.2998472028000002e-06,0.9899067689807306,22498.3104015824,0.0,79426.09267741907,101924.40307900147
2026-09-07 07:00:00+00:00,20796.855758578364,105.52416725296882,0.03712285686053828,442.0896822589337,0,0.0,0.0,1.246893134088951,348531.53534512187,265588.5097574513,0,9392400.0,0.05878224137224064,0.0,3600.0,2488.0,6886800.0,0.04752415555518508,1.0,1.246893134088951,842118.6839803377,2284042.1598908305,57.6,0.00098686,0.9899120156525012,1.0,0.0,3.2998224744e-06,0.9899120156525012,22490.4851964928,0.0,79427.04491449927,101917.53011099207
2026-09-07 08:00:00+00:00,20798.247939255292,105.52416725296882,0.03712285686053828,443.4818629358628,0,0.0,0.0,1.2468995052410177,348531.53534512187,265589.3861472612,0,9388800.0,0.05878224137224064,9.65e-06,3600.0,2490.15,6883200.0,0.047524155603249296,1.0,1.2468995052410177,842118.6839803377,2284042.1598908305,57.6,0.00098686,0.9899172623520799,1.0,0.0,3.2997977388000004e-06,0.9899172623520799,22492.69121366428,0.0,79427.99716494902,101920.6883786133
2026-09-07 09:00:00+00:00,20797.107488741833,105.52416725296882,0.03712285686053828,442.341412422402,0,0.0,0.0,1.2469058788137084,348531.53534512187,265590.2625333954,0,9385200.0,0.05878224137224064,0.0,3600.0,2483.38,6879600.0,0.04752386878211445,1.0,1.2469058788137084,842108.304339569,2284050.4006752796,57.6,0.00098686,0.9899225682189879,1.0,0.0,3.2997730103999997e-06,0.9899225682189879,22486.29611688399,0.0,79428.97004075465,101915.26615763863
2026-09-07 10:00:00+00:00,20795.96502678701,105.52416725296882,0.03712285686053828,441.1989504675795,0,0.0,0.0,1.2469122617943482,348531.53534512187,265591.17680858134,0,9381600.0,0.05878224137224064,0.0,3600.0,2487.76,6876000.0,0.04731043656338718,1.0,1.2469122617943482,834410.3165612272,2290162.275214507,57.6,0.00098686,0.989971797739427,1.0,0.0,3.4424214336e-06,0.989971797739427,22487.48383329195,0.0,79445.2138059116,101932.69763920354
2026-09-07 11:00:00+00:00,20794.822468393217,105.52416725296882,0.03712285686053828,440.05639207378755,0,0.0,0.0,1.2469186397288468,348531.53534512187,265592.09112282406,0,9378000.0,0.05878224137224064,0.0,3600.0,2487.97,6872400.0,0.0473104366113799,1.0,1.2469186397288468,834410.3165612272,2290162.275214507,57.6,0.00098686,0.9899770216966809,1.0,0.0,3.4425566388e-06,0.9899770216966809,22485.834920504934,0.0,79446.12020551116,101931.9551260161
2026-09-07 12:00:00+00:00,20793.672373982816,105.52416725296882,0.03712285686053828,438.90629766338685,0,0.0,0.0,1.2469250215394285,348531.53534512187,265593.0054761268,0,9374400.0,0.05878224137224064,0.0,3600.0,2504.38,6868800.0,0.047310436659423916,1.0,1.2469250215394285,834410.3165612272,2290162.275214507,57.6,0.00098686,0.9899822456815006,1.0,0.0,3.4426918548e-06,0.9899822456815006,22495.18487973672,0.0,79447.02657565824,101942.21145539495
2026-09-07 13:00:00+00:00,20792.525273772797,105.52416725296882,0.03712285686053828,437.75919745336944,0,0.0,0.0,1.246931420878093,348531.53534512187,265593.9198684918,0,9370800.0,0.05878224137224064,0.0,3600.0,2497.86,6865200.0,0.04718658786823027,1.0,1.246931420878093,829965.9383759407,2293691.0678279633,57.6,0.00098686,0.9900129570075802,1.0,0.0,3.4428270779999996e-06,0.9900129570075802,22488.956274417153,0.0,79456.81604892423,101945.77232334139
2026-09-07 14:00:00+00:00,20791.382205630165,105.52416725296882,0.03712285686053828,436.61612931073927,0,0.0,0.0,1.2469378066830952,348531.53534512187,265594.8342999205,0,9367200.0,0.05878224137224064,0.0,3600.0,2489.08,6861600.0,0.047186467230778684,1.0,1.2469378066830952,829961.6155737987,2293694.500104988,57.6,0.00098686,0.9900181926418811,1.0,0.0,3.4429623047999997e-06,0.9900181926418811,22481.20080562924,0.0,79457.72640115698,101938.92720678622
2026-09-07 15:00:00+00:00,20790.248363482275,105.52416725296882,0.03712285686053828,435.4822871628483,0,0.0,0.0,1.2469441950740068,348531.53534512187,265595.912029774,0,9363600.0,0.05878224137224064,0.0,3600.0,2468.99,6858000.0,0.04718646727884512,1.0,1.2469441950740068,829961.6155737987,2293694.500104988,57.6,0.00098686,0.9900234034655065,1.0,0.0,4.0577885099999995e-06,0.9900234034655065,22465.78381729853,0.0,79458.46480766207,101924.2486249606
2026-09-07 16:00:00+00:00,20796.595967869405,105.52416725296882,0.03712285686053828,441.82989154997966,0,0.0,0.0,1.2469505837581931,348531.53534512187,265596.98999659263,0,9360000.0,0.05878224137224064,2.859e-05,3600.0,2481.76,6854400.0,0.04718646732696197,1.0,1.2469505837581931,829961.6155737987,2293694.500104988,57.6,0.00098686,0.9900286143165583,1.0,0.0,4.0586642424e-06,0.9900286143165583,22480.15003066406,0.0,79459.20298676094,101939.35301742499
2026-09-07 17:00:00+00:00,20795.450497937203,105.52416725296882,0.03712285686053828,440.68442161777824,0,0.0,0.0,1.2469569748306757,348531.53534512187,265598.06820045284,0,9356400.0,0.05878224137224064,0.0,3600.0,2494.31,6850800.0,0.04718646737512899,1.0,1.2469569748306757,829961.6155737987,2293694.500104988,57.6,0.00098686,0.9900338251950369,1.0,0.0,4.059540252e-06,0.9900338251950369,22486.867321795755,0.0,79459.9409383774,101946.80826017316
2026-09-07 18:00:00+00:00,20794.30669042914,105.52416725296882,0.03712285686053828,439.540614109716,0,0.0,0.0,1.2469632824309411,348531.53534512187,265599.14664143394,0,9352800.0,0.05878224137224064,0.0,3600.0,2490.69,6847200.0,0.04718646742334687,1.0,1.2469632824309411,829961.6155737987,2293694.500104988,57.6,0.00098686,0.9900390361009421,1.0,0.0,4.0604165496e-06,0.9900390361009421,22482.618904959265,0.0,79460.67866243195,101943.29756739122
2026-09-07 19:00:00+00:00,20793.16105058066,105.52416725296882,0.03712285686053828,438.3949742612352,0,0.0,0.0,1.2469696780340973,348531.53534512187,265600.2253196134,0,9349200.0,0.05878224137224064,0.0,3600.0,2494.68,6843600.0,0.04718646747161537,1.0,1.2469696780340973,829961.6155737987,2293694.500104988,57.6,0.00098686,0.9900442470342743,1.0,0.0,4.061293128e-06,0.9900442470342743,22483.52699162817,0.0,79461.41615884734,101944.9431504755
2026-09-07 20:00:00+00:00,20792.015654125767,105.52416725296882,0.03712285686053828,437.2495778063438,0,0.0,0.0,1.2469760764850206,348531.53534512187,265601.3042350696,0,9345600.0,0.05878224137224064,0.0,3600.0,2494.15,6840000.0,0.04718646751993427,1.0,1.2469760764850206,829961.6155737987,2293694.500104988,57.6,0.00098686,0.9900494579950335,1.0,0.0,4.0621699908e-06,0.9900494579950335,22481.371719890398,0.0,79462.15342754516,101943.52514743555
2026-09-07 21:00:00+00:00,20790.87212674995,105.52416725296882,0.03712285686053828,436.106050430526,0,0.0,0.0,1.2469824768195676,348531.53534512187,265602.38338788,0,9342000.0,0.05878224137224064,0.0,3600.0,2490.08,6836400.0,0.04718646756830558,1.0,1.2469824768195676,829961.6155737987,2293694.500104988,57.6,0.00098686,0.9900546689832196,1.0,0.0,4.063047134400001e-06,0.9900546689832196,22476.82177852844,0.0,79462.89046844793,101939.71224697637
2026-09-07 22:00:00+00:00,20789.732452340577,105.52416725296882,0.03712285686053828,434.9663760211523,0,0.0,0.0,1.246988909198736,348531.53534512187,265603.4627781229,0,9338400.0,0.05878224137224064,0.0,3600.0,2481.69,6832800.0,0.047186467616726624,1.0,1.246988909198736,829961.6155737987,2293694.500104988,57.6,0.00098686,0.9900598799988333,1.0,0.0,4.0639245624e-06,0.9900598799988333,22469.354013986544,0.0,79463.62728147756,101932.9812954641
2026-09-07 23:00:00+00:00,20788.589457675258,105.52416725296882,0.03712285686053828,433.82338135583217,0,0.0,0.0,1.2469953445924455,348531.53534512187,265604.54240587685,0,9334800.0,0.05878224137224064,0.0,3600.0,2488.92,6829200.0,0.047186467665199405,1.0,1.2469953445924455,829961.6155737987,2293694.500104988,57.6,0.00098686,0.9900650910418742,1.0,0.0,4.064802274800001e-06,0.9900650910418742,22472.45493451404,0.0,79464.36386655545,101936.81880106949
2026-09-08 00:00:00+00:00,20798.589020093048,105.52416725296882,0.03712285686053828,443.82294377362314,0,0.0,0.0,1.24700179501176,348531.53534512187,265605.62227122014,0,9331200.0,0.05878224137224064,4.234e-05,3600.0,2494.49,6825600.0,0.047080531794353675,1.0,1.24700179501176,826173.3908069413,2296702.395679257,57.6,0.00098686,0.9900919814596044,1.0,0.0,4.065680271600001e-06,0.9900919814596044,22485.572008355233,0.0,79472.65615978971,101958.22816814494
2026-09-08 01:00:00+00:00,20797.439407877493,105.52416725296882,0.03712285686053828,442.67333155806944,0,0.0,0.0,1.24700823454727,348531.53534512187,265606.70237423026,0,9327600.0,0.05878224137224064,0.0,3600.0,2503.33,6822000.0,0.04708053184281691,1.0,1.24700823454727,826173.3908069413,2296702.395679257,57.6,0.00098686,0.9900971812371886,1.0,0.0,4.0665585492e-06,0.9900971812371886,22489.74759560171,0.0,79473.3883432445,101963.13593884622
2026-09-08 02:00:00+00:00,20796.298934402374,105.52416725296882,0.03712285686053828,441.5328580829493,0,0.0,0.0,1.2470146548509975,348531.53534512187,265607.78271498653,0,9324000.0,0.05878224137224064,0.0,3600.0,2483.43,6818400.0,0.04708053189133121,1.0,1.2470146548509975,826173.3908069413,2296702.395679257,57.6,0.00098686,0.9901023810420811,1.0,0.0,4.0674371148000006e-06,0.9901023810420811,22474.506311637495,0.0,79474.1202984709,101948.62661010839
2026-09-08 03:00:00+00:00,20795.157781262136,105.52416725296882,0.03712285686053828,440.3917049427115,0,0.0,0.0,1.2470210995815387,348531.53534512187,265608.8632935655,0,9320400.0,0.05878224137224064,0.0,3600.0,2484.91,6814800.0,0.04708053193989703,1.0,1.2470210995815387,826173.3908069413,2296702.395679257,57.6,0.00098686,0.9901075808742821,1.0,0.0,4.0683159576e-06,0.9901075808742821,22473.716943444433,0.0,79474.8520253924,101948.56896883684
2026-09-08 04:00:00+00:00,20794.01988867753,105.52416725296882,0.03712285686053828,439.25381235810573,0,0.0,0.0,1.2470275549571168,348531.53534512187,265609.9441100465,0,9316800.0,0.05878224137224064,0.0,3600.0,2477.81,6811200.0,0.047080463569470155,1.0,1.2470275549571168,826170.9481263672,2296704.335197215,57.6,0.00098686,0.99011279470708,1.0,0.0,4.0691950884e-06,0.99011279470708,22467.136503647795,0.0,79475.58839406155,101942.72489770934
2026-09-08 05:00:00+00:00,20792.88455861411,105.52416725296882,0.03712285686053828,438.1184822946869,0,0.0,0.0,1.2470340135872728,348531.53534512187,265611.0251645079,0,9313200.0,0.05878224137224064,0.0,3600.0,2472.23,6807600.0,0.04708046361813811,1.0,1.2470340135872728,826170.9481263672,2296704.335197215,57.6,0.00098686,0.9901179945865862,1.0,0.0,4.0700745036e-06,0.9901179945865862,22461.588299652532,0.0,79476.31966158806,101937.90796124059
2026-09-08 06:00:00+00:00,20791.75150175497,105.52416725296882,0.03712285686053828,436.98542543554674,0,0.0,0.0,1.2470404743713845,348531.53534512187,265612.10645702627,0,9309600.0,0.0532853105233838,0.0,3600.0,2467.28,6804000.0,0.04708046366685825,1.0,1.2470404743713845,826170.9481263672,2296704.335197215,57.6,0.00098686,0.9901231944934009,1.0,0.0,4.070954196e-06,0.9901231944934009,22033.98168990314,0.0,79477.05070057546,101511.0323904786
2026-09-08 07:00:00+00:00,20790.61337496144,105.52416725296882,0.03712285686053828,435.8472986420153,0,0.0,0.0,1.2470467501242761,348531.53534512187,265613.18798767996,0,9306000.0,0.0532853105233838,0.0,3600.0,2478.32,6800400.0,0.04855686849975194,1.0,1.2470467501242761,880056.2588492323,2253945.376477482,57.6,0.00098686,0.9898275979299566,1.0,0.0,4.0718341728e-06,0.9898275979299566,22037.919483578487,0.0,79372.94444582175,101410.86392940024
2026-09-08 08:00:00+00:00,20788.197923773267,105.52416725296882,0.03712285686053828,433.43184745384264,0,0.0,0.0,1.2470532171179936,348531.53534512187,265614.2697565474,0,9302400.0,0.0532853105233838,-4.89e-06,3600.0,2476.76,6796800.0,0.04855686855014185,1.0,1.2470532171179936,880056.2588492323,2253945.376477482,57.6,0.00098686,0.9898329555238566,1.0,0.0,4.0727144340000005e-06,0.9898329555238566,22034.23669160621,0.0,79373.7299673821,101407.9666589883
2026-09-08 09:00:00+00:00,20787.05405656489,105.52416725296882,0.03712285686053828,432.28798024546603,0,0.0,0.0,1.24705968909678,348531.53534512187,265615.351763707,0,9298800.0,0.0532853105233838,0.0,3600.0,2490.82,6793200.0,0.04855686860058528,1.0,1.24705968909678,880056.2588492323,2253945.376477482,57.6,0.00098686,0.9898383131467556,1.0,0.0,4.073594979599999e-06,0.9898383131467556,22039.681350911826,0.0,79374.51526075724,101414.19661166906
2026-09-08 10:00:00+00:00,20785.91509855929,105.52416725296882,0.03712285686053828,431.149022239865,0,0.0,0.0,1.2470661027598096,348531.53534512187,265616.4340092372,0,9295200.0,0.0532853105233838,0.0,3600.0,2480.13,6789600.0,0.048556868651082,1.0,1.2470661027598096,880056.2588492323,2253945.376477482,57.6,0.00098686,0.9898436707986534,1.0,0.0,4.0744758095999995e-06,0.9898436707986534,22032.683548747715,0.0,79375.30032586883,101407.98387461653
2026-09-08 11:00:00+00:00,20784.779254154702,105.52416725296882,0.03712285686053828,430.01317783527605,0,0.0,0.0,1.247072584056783,348531.53534512187,265617.5164932164,0,9291600.0,0.0532853105233838,0.0,3600.0,2473.35,6786000.0,0.04855686870163156,1.0,1.247072584056783,880056.2588492323,2253945.376477482,57.6,0.00098686,0.9898490284795506,1.0,0.0,4.075356924e-06,0.9898490284795506,22027.657829700875,0.0,79376.08516263863,101403.74299233951
2026-09-08 12:00:00+00:00,20783.64415830021,105.52416725296882,0.03712285686053828,428.8780819807829,0,0.0,0.0,1.2470790677910444,348531.53534512187,265618.59921572113,0,9288000.0,0.0532853105233838,0.0,3600.0,2471.72,6782400.0,0.04855693427016461,1.0,1.2470790677910444,880058.7015298065,2253943.4377108975,57.6,0.00098686,0.9898543728874678,1.0,0.0,4.076238315600001e-06,0.9898543728874678,22025.222413651794,0.0,79376.86513483082,101402.08754848261
2026-09-08 13:00:00+00:00,20782.515193208772,105.52416725296882,0.03712285686053828,427.7491168893444,0,0.0,0.0,1.2470855518062156,348531.53534512187,265619.6821768308,0,9284400.0,0.0532853105233838,0.0,3600.0,2458.37,6778800.0,0.04855693432082209,1.0,1.2470855518062156,880058.7015298065,2253943.4377108975,57.6,0.00098686,0.9898597306333521,1.0,0.0,4.0771199952e-06,0.9898597306333521,22016.90893100558,0.0,79377.64951712021,101394.55844812578
2026-09-08 14:00:00+00:00,20781.37408139952,105.52416725296882,0.03712285686053828,426.60800508009345,0,0.0,0.0,1.247092042111644,348531.53534512187,265620.76537662273,0,9280800.0,0.0532853105233838,0.0,3600.0,2484.82,6775200.0,0.048556934371533744,1.0,1.247092042111644,880058.7015298065,2253943.4377108975,57.6,0.00098686,0.989865088408236,1.0,0.0,4.078001955599999e-06,0.989865088408236,22028.56507845949,0.0,79378.43367083452,101406.99874929401
2026-09-08 15:00:00+00:00,20780.227022520492,105.52416725296882,0.03712285686053828,425.4609462010629,0,0.0,0.0,1.2470985132955055,348531.53534512187,265621.84881517646,0,9277200.0,0.0532853105233838,0.0,3600.0,2497.77,6771600.0,0.048557022570056674,1.0,1.2470985132955055,880058.7015298065,2253943.4377108975,57.6,0.00098686,0.9898704283438591,1.0,0.0,4.078884204000001e-06,0.9898704283438591,22033.431632749976,0.0,79379.21136824216,101412.64300099213
2026-09-08 16:00:00+00:00,20792.83355079654,105.52416725296882,0.03712285686053828,438.0674744771106,0,0.0,0.0,1.2471050326123774,348531.53534512187,265622.9324925695,0,9273600.0,0.0532853105233838,5.222e-05,3600.0,2495.73,6768000.0,0.04855693447311871,1.0,1.2471050326123774,880058.7015298065,2253943.4377108975,57.6,0.00098686,0.9898758040450033,1.0,0.0,4.0797667332e-06,0.9898758040450033,22044.528726564815,0.0,79380.00129222253,101424.53001878734
2026-09-08 17:00:00+00:00,20791.691300088984,105.52416725296882,0.03712285686053828,436.92522376955435,0,0.0,0.0,1.2471115322326047,348531.53534512187,265624.0164088792,0,9270000.0,0.0532853105233838,0.0,3600.0,2487.3,6764400.0,0.04855693452399268,1.0,1.2471115322326047,880058.7015298065,2253943.4377108975,57.6,0.00098686,0.9898811619068871,1.0,0.0,4.080649543200001e-06,0.9898811619068871,22038.674273175136,0.0,79380.78475974133,101419.45903291646
2026-09-08 18:00:00+00:00,20790.549793339193,105.52416725296882,0.03712285686053828,435.7837170197621,0,0.0,0.0,1.247118010612962,348531.53534512187,265625.10056418396,0,9266400.0,0.0532853105233838,0.0,3600.0,2485.68,6760800.0,0.04855693457492105,1.0,1.247118010612962,880058.7015298065,2253943.4377108975,57.6,0.00098686,0.9898865197977711,1.0,0.0,4.0815326375999995e-06,0.9898865197977711,22036.23664580502,0.0,79381.5679983726,101417.80464417762
2026-09-08 19:00:00+00:00,20789.41044039305,105.52416725296882,0.03712285686053828,434.6443640736197,0,0.0,0.0,1.2471245113147258,348531.53534512187,265626.1849585614,0,9262800.0,0.0532853105233838,0.0,3600.0,2480.99,6757200.0,0.04855693462590249,1.0,1.2471245113147258,880058.7015298065,2253943.4377108975,57.6,0.00098686,0.9898918777176557,1.0,0.0,4.0824160128e-06,0.9898918777176557,22032.263884690004,0.0,79382.3510080388,101414.6148927288
2026-09-08 20:00:00+00:00,20788.27064658305,105.52416725296882,0.03712285686053828,433.50457026361727,0,0.0,0.0,1.2471310175288015,348531.53534512187,265627.2695920908,0,9259200.0,0.0532853105233838,0.0,3600.0,2481.95,6753600.0,0.048556934676939,1.0,1.2471310175288015,880058.7015298065,2253943.4377108975,57.6,0.00098686,0.9898972356665409,1.0,0.0,4.083299676e-06,0.9898972356665409,22031.121779848643,0.0,79383.13378866063,101414.25556850928
2026-09-08 21:00:00+00:00,20787.130871142374,105.52416725296882,0.03712285686053828,432.3647948229423,0,0.0,0.0,1.247137563775533,348531.53534512187,265628.3544648497,0,9255600.0,0.0532853105233838,0.0,3600.0,2481.91,6750000.0,0.048257836046216473,1.0,1.247137563775533,868955.9623334376,2262757.0331915226,57.6,0.00098686,0.9899630423935305,1.0,0.0,4.084183620000001e-06,0.9899630423935305,22029.47875834609,0.0,79404.98463549546,101434.46339384155
2026-09-08 22:00:00+00:00,20785.98826682526,105.52416725296882,0.03712285686053828,431.22219050583163,0,0.0,0.0,1.2471440732719623,348531.53534512187,265629.53513570974,0,9252000.0,0.0532853105233838,0.0,3600.0,2488.07,6746400.0,0.048257836097039375,1.0,1.2471440732719623,868955.9623334376,2262757.0331915226,57.6,0.00098686,0.9899683684871768,1.0,0.0,4.444812522e-06,0.9899683684871768,22030.93519597102,0.0,79405.66027623136,101436.59547220237
2026-09-08 23:00:00+00:00,20784.84759128754,105.52416725296882,0.03712285686053828,430.08151496810893,0,0.0,0.0,1.2471505827679952,348531.53534512187,265630.7161777738,0,9248400.0,0.0532853105233838,0.0,3600.0,2483.87,6742800.0,0.04825783614791734,1.0,1.2471505827679952,868955.9623334376,2262757.0331915226,57.6,0.00098686,0.989973694609478,1.0,0.0,4.4461902096e-06,0.989973694609478,22027.209383618458,0.0,79406.33555575041,101433.54493936888
2026-09-09 00:00:00+00:00,20797.432092645784,105.52416725296882,0.03712285686053828,442.6660163263519,0,0.0,0.0,1.247157093019847,348531.53534512187,265631.89759121794,0,9244800.0,0.0532853105233838,5.214e-05,3600.0,2495.54,6739200.0,0.04825783619884949,1.0,1.247157093019847,868955.9623334376,2262757.0331915226,57.6,0.00098686,0.9899790207604342,1.0,0.0,4.4475685416000006e-06,0.9899790207604342,22045.145020660624,0.0,79407.0104738765,101452.15549453712
2026-09-09 01:00:00+00:00,20796.285511369268,105.52416725296882,0.03712285686053828,441.5194350498365,0,0.0,0.0,1.2471636063437148,348531.53534512187,265633.07937621634,0,9241200.0,0.0532853105233838,0.0,3600.0,2496.73,6735600.0,0.04825783624983626,1.0,1.2471636063437148,868955.9623334376,2262757.0331915226,57.6,0.00098686,0.9899843469400456,1.0,0.0,4.4489475108e-06,0.9899843469400456,22044.107310961816,0.0,79407.68503043556,101451.79234139738
2026-09-09 02:00:00+00:00,20795.14080835649,105.52416725296882,0.03712285686053828,440.3747320370584,0,0.0,0.0,1.2471701037465104,348531.53534512187,265634.26153294416,0,9237600.0,0.0532853105233838,0.0,3600.0,2492.64,6732000.0,0.048257836300876544,1.0,1.2471701037465104,868955.9623334376,2262757.0331915226,57.6,0.00098686,0.9899896731483125,1.0,0.0,4.450327120800001e-06,0.9899896731483125,22040.433192884477,0.0,79408.35922525259,101448.79241813706
2026-09-09 03:00:00+00:00,20793.998332624673,105.52416725296882,0.03712285686053828,439.23225630524024,0,0.0,0.0,1.247176625741514,348531.53534512187,265635.4440615765,0,9234000.0,0.0532853105233838,0.0,3600.0,2487.79,6728400.0,0.04825783635197234,1.0,1.247176625741514,868955.9623334376,2262757.0331915226,57.6,0.00098686,0.9899949993852347,1.0,0.0,4.4517073716e-06,0.9899949993852347,22036.3833559802,0.0,79409.03305815236,101445.41641413256
2026-09-09 04:00:00+00:00,20792.846263511565,105.52416725296882,0.03712285686053828,438.0801871921328,0,0.0,0.0,1.2471831511006766,348531.53534512187,265636.6269622876,0,9230400.0,0.0532853105233838,0.0,3600.0,2508.68,6724800.0,0.04825783640312342,1.0,1.2471831511006766,868955.9623334376,2262757.0331915226,57.6,0.00098686,0.9900003256508125,1.0,0.0,4.4530882596e-06,0.9900003256508125,22045.175179762147,0.0,79409.70652896073,101454.88170872288
2026-09-09 05:00:00+00:00,20791.70027005353,105.52416725296882,0.03712285686053828,436.93419373409756,0,0.0,0.0,1.2471896775724902,348531.53534512187,265637.8102352534,0,9226800.0,0.0532853105233838,0.0,3600.0,2495.45,6721200.0,0.04825783645432824,1.0,1.2471896775724902,868955.9623334376,2262757.0331915226,57.6,0.00098686,0.9900056519450463,1.0,0.0,4.454469792000001e-06,0.9900056519450463,22036.938940138174,0.0,79410.3796375019,101447.31857764008
2026-09-09 06:00:00+00:00,20790.552164122833,105.52416725296882,0.03712285686053828,435.78608780339925,0,0.0,0.0,1.2471962188336059,348531.53534512187,265638.99388064834,0,9223200.0,0.0532853105233838,0.0,3600.0,2500.05,6717600.0,0.048257836505589013,1.0,1.2471962188336059,868955.9623334376,2262757.0331915226,57.6,0.00098686,0.9900109782679358,1.0,0.0,4.4558519616e-06,0.9900109782679358,22037.599503423673,0.0,79411.05238360143,101448.6518870251
2026-09-09 07:00:00+00:00,20789.399723030845,105.52416725296882,0.03712285686053828,434.6336467114098,0,0.0,0.0,1.2472027719998675,348531.53534512187,265640.17789864837,0,9219600.0,0.0532853105233838,0.0,3600.0,2509.49,6714000.0,0.04825783655690419,1.0,1.2472027719998675,868955.9623334376,2262757.0331915226,57.6,0.00098686,0.9900163046194816,1.0,0.0,4.4572347756e-06,0.9900163046194816,22040.667233392236,0.0,79411.72476708342,101452.39200047565
2026-09-09 08:00:00+00:00,20810.938231545988,105.52416725296882,0.03712285686053828,456.1721552265535,0,0.0,0.0,1.2472093359733152,348531.53534512187,265641.36228942766,0,9216000.0,0.0532853105233838,8.538e-05,3600.0,2519.0,6710400.0,0.04825783660827376,1.0,1.2472093359733152,868955.9623334376,2262757.0331915226,57.6,0.00098686,0.9900216309996838,1.0,0.0,4.4586182268e-06,0.9900216309996838,22066.457126493457,0.0,79412.39678777382,101478.85391426727
2026-09-09 09:00:00+00:00,20809.7951404417,105.52416725296882,0.03712285686053828,455.02906412226395,0,0.0,0.0,1.2472159129327085,348531.53534512187,265642.5470531615,0,9212400.0,0.0532853105233838,0.0,3600.0,2489.13,6706800.0,0.048257836659699516,1.0,1.2472159129327085,868955.9623334376,2262757.0331915226,57.6,0.00098686,0.9900269574085422,1.0,0.0,4.4600023187999995e-06,0.9900269574085422,22049.94162133121,0.0,79413.06844549731,101463.01006682852
2026-09-09 10:00:00+00:00,20808.65334896733,105.52416725296882,0.03712285686053828,453.8872726478953,0,0.0,0.0,1.2472224849644704,348531.53534512187,265643.732190024,0,9208800.0,0.0532853105233838,0.0,3600.0,2486.3,6703200.0,0.048257836711180335,1.0,1.2472224849644704,868955.9623334376,2262757.0331915226,57.6,0.00098686,0.9900322838460571,1.0,0.0,4.461387048e-06,0.9900322838460571,22046.90578292599,0.0,79413.73974007979,101460.64552300578
2026-09-09 11:00:00+00:00,20807.50533029094,105.52416725296882,0.03712285686053828,452.73925397150265,0,0.0,0.0,1.247229082292679,348531.53534512187,265644.8102422899,0,9205200.0,0.0532853105233838,0.0,3600.0,2499.86,6699600.0,0.04829636935306625,1.0,1.247229082292679,868013.8891582971,2255475.486572729,57.6,0.00098686,0.9900298791574127,1.0,0.0,4.0582552788e-06,0.9900298791574127,22052.024342873076,0.0,79411.8235779886,101463.84792086168
2026-09-09 12:00:00+00:00,20806.352351896123,105.52416725296882,0.03712285686053828,451.5862755766837,0,0.0,0.0,1.247235687992969,348531.53534512187,265645.88850531157,0,9201600.0,0.0532853105233838,0.0,3600.0,2510.66,6696000.0,0.04829636940469961,1.0,1.247235687992969,868013.8891582971,2255475.486572729,57.6,0.00098686,0.9900352097649464,1.0,0.0,4.0590321804e-06,0.9900352097649464,22055.75917439268,0.0,79412.603199795,101468.36237418768
2026-09-09 13:00:00+00:00,20805.203607631294,105.52416725296882,0.03712285686053828,450.4375313118546,0,0.0,0.0,1.2472422936928276,348531.53534512187,265646.96697915177,0,9198000.0,0.0532853105233838,0.0,3600.0,2501.44,6692400.0,0.04829636945638871,1.0,1.2472422936928276,868013.8891582971,2255475.486572729,57.6,0.00098686,0.9900405404011817,1.0,0.0,4.0598093088e-06,0.9900405404011817,22049.535163834655,0.0,79413.38262078626,101462.91778462092
2026-09-09 14:00:00+00:00,20804.05636965132,105.52416725296882,0.03712285686053828,449.2902933318809,0,0.0,0.0,1.2472488922534086,348531.53534512187,265648.04566387227,0,9194400.0,0.0532853105233838,0.0,3600.0,2498.16,6688800.0,0.04829636950813354,1.0,1.2472488922534086,868013.8891582971,2255475.486572729,57.6,0.00098686,0.9900458710661186,1.0,0.0,4.0605866604e-06,0.9900458710661186,22046.269923046362,0.0,79414.1618409006,101460.43176394697
2026-09-09 15:00:00+00:00,20802.91335202434,105.52416725296882,0.03712285686053828,448.14727570490135,0,0.0,0.0,1.2472554805605551,348531.53534512187,265649.12455953495,0,9190800.0,0.0532853105233838,0.0,3600.0,2488.97,6685200.0,0.04829616842648332,1.0,1.2472554805605551,868006.4676802221,2255481.377868131,57.6,0.00098686,0.9900512420282828,1.0,0.0,4.0613642352e-06,0.9900512420282828,22040.07257469505,0.0,79414.95489492727,101455.02746962232
2026-09-09 16:00:00+00:00,20809.849902240832,105.52416725296882,0.03712285686053828,455.083825921393,0,0.0,0.0,1.2472620754605974,348531.53534512187,265650.20366619976,0,9187200.0,0.0532853105233838,3.07e-05,3600.0,2494.84,6681600.0,0.048296168478339396,1.0,1.2472620754605974,868006.4676802221,2255481.377868131,57.6,0.00098686,0.9900565727291556,1.0,0.0,4.062142026e-06,0.9900565727291556,22049.441114525922,0.0,79415.73370562214,101465.17482014807
2026-09-09 17:00:00+00:00,20808.705245151374,105.52416725296882,0.03712285686053828,453.93916883193367,0,0.0,0.0,1.247268675917135,348531.53534512187,265651.28298392944,0,9183600.0,0.0532853105233838,0.0,3600.0,2492.54,6678000.0,0.04829616853025165,1.0,1.247268675917135,868006.4676802221,2255481.377868131,57.6,0.00098686,0.9900619034587302,1.0,0.0,4.0629200436e-06,0.9900619034587302,22046.668389383016,0.0,79416.51231525565,101463.18070463867
2026-09-09 18:00:00+00:00,20807.56627796111,105.52416725296882,0.03712285686053828,452.8002016416689,0,0.0,0.0,1.2472752350713192,348531.53534512187,265652.36251278676,0,9180000.0,0.0532853105233838,0.0,3600.0,2480.15,6674400.0,0.048296168582219856,1.0,1.2472752350713192,868006.4676802221,2255481.377868131,57.6,0.00098686,0.990067234217007,1.0,0.0,4.063698288e-06,0.990067234217007,22038.89284102326,0.0,79417.2907237651,101456.18356478836
2026-09-09 19:00:00+00:00,20806.43459880153,105.52416725296882,0.03712285686053828,451.6685224820916,0,0.0,0.0,1.2472818400655246,348531.53534512187,265653.4422528326,0,9176400.0,0.0532853105233838,0.0,3600.0,2464.28,6670800.0,0.04829616863424402,1.0,1.2472818400655246,868006.4676802221,2255481.377868131,57.6,0.00098686,0.990072565003986,1.0,0.0,4.064476752000001e-06,0.990072565003986,22029.402358068986,0.0,79418.06893108966,101447.47128915864
2026-09-09 20:00:00+00:00,20805.30012291184,105.52416725296882,0.03712285686053828,450.5340465924017,0,0.0,0.0,1.2472884501700736,348531.53534512187,265654.5222041288,0,9172800.0,0.0532853105233838,0.0,3600.0,2470.37,6667200.0,0.04829616868632458,1.0,1.2472884501700736,868006.4676802221,2255481.377868131,57.6,0.00098686,0.9900778958196674,1.0,0.0,4.0652554392e-06,0.9900778958196674,22030.809245684857,0.0,79418.84693716752,101449.65618285237
2026-09-09 21:00:00+00:00,20804.17014291506,105.52416725296882,0.03712285686053828,449.4040665956186,0,0.0,0.0,1.2472950612610145,348531.53534512187,265655.6023667372,0,9169200.0,0.0532853105233838,0.0,3600.0,2460.58,6663600.0,0.048296168738461764,1.0,1.2472950612610145,868006.4676802221,2255481.377868131,57.6,0.00098686,0.9900832266640512,1.0,0.0,4.0660343496000005e-06,0.9900832266640512,22024.343547912624,0.0,79419.62474193686,101443.96828984948
2026-09-09 22:00:00+00:00,20803.04542573061,105.52416725296882,0.03712285686053828,448.2793494111655,0,0.0,0.0,1.2473016724105994,348531.53534512187,265656.68274071964,0,9165600.0,0.0532853105233838,0.0,3600.0,2449.12,6660000.0,0.0482961687906549,1.0,1.2473016724105994,868006.4676802221,2255481.377868131,57.6,0.00098686,0.9900885575371379,1.0,0.0,4.0668134832e-06,0.9900885575371379,22017.05911637547,0.0,79420.40234533604,101437.46146171151
2026-09-09 23:00:00+00:00,20801.912511233757,105.52416725296882,0.03712285686053828,447.14643491431355,0,0.0,0.0,1.2473082866516572,348531.53534512187,265657.763326137,0,9162000.0,0.0532853105233838,0.0,3600.0,2466.97,6656400.0,0.04829616884290511,1.0,1.2473082866516572,868006.4676802221,2255481.377868131,57.6,0.00098686,0.9900938884389272,1.0,0.0,4.0675928364e-06,0.9900938884389272,22024.294029793247,0.0,79421.17974730412,101445.47377709737
2026-09-10 00:00:00+00:00,20797.74443179884,105.52416725296882,0.03712285686053828,442.9783554793993,0,0.0,0.0,1.247314901139936,348531.53534512187,265658.8441230521,0,9158400.0,0.0532853105233838,-1.168e-05,3600.0,2463.76,6652800.0,0.048296168895211045,1.0,1.247314901139936,868006.4676802221,2255481.377868131,57.6,0.00098686,0.9900992193694197,1.0,0.0,4.068372416400001e-06,0.9900992193694197,22018.055716003655,0.0,79421.95694777841,101440.01266378206
2026-09-10 01:00:00+00:00,20796.613340457745,105.52416725296882,0.03712285686053828,441.84726413830214,0,0.0,0.0,1.2473215180560318,348531.53534512187,265659.92513152666,0,9154800.0,0.0532853105233838,0.0,3600.0,2463.0,6649200.0,0.04829616894757338,1.0,1.2473215180560318,868006.4676802221,2255481.377868131,57.6,0.00098686,0.9901045503286153,1.0,0.0,4.0691522196e-06,0.9901045503286153,22016.06865914262,0.0,79422.73394669715,101438.80260583977
2026-09-10 02:00:00+00:00,20795.477202143917,105.52416725296882,0.03712285686053828,440.7111258244731,0,0.0,0.0,1.2473280712536492,348531.53534512187,265661.00635162264,0,9151200.0,0.0532853105233838,0.0,3600.0,2473.99,6645600.0,0.04829616899999345,1.0,1.2473280712536492,868006.4676802221,2255481.377868131,57.6,0.00098686,0.9901098813165141,1.0,0.0,4.069932246e-06,0.9901098813165141,22019.892103161183,0.0,79423.5107439984,101443.40284715958
2026-09-10 03:00:00+00:00,20794.340903098473,105.52416725296882,0.03712285686053828,439.57482677902834,0,0.0,0.0,1.2473346911158474,348531.53534512187,265662.0877834019,0,9147600.0,0.0532853105233838,0.0,3600.0,2474.34,6642000.0,0.04829616905247058,1.0,1.2473346911158474,868006.4676802221,2255481.377868131,57.6,0.00098686,0.9901152123331164,1.0,0.0,4.0707124956e-06,0.9901152123331164,22018.447282402372,0.0,79424.28733962053,101442.7346220229
2026-09-10 04:00:00+00:00,20793.20306562185,105.52416725296882,0.03712285686053828,438.4369893024051,0,0.0,0.0,1.247341313145617,348531.53534512187,265663.16942692525,0,9144000.0,0.0532853105233838,0.0,3600.0,2477.69,6638400.0,0.04829616910500367,1.0,1.247341313145617,883462.3338507172,2295642.8508805837,57.6,0.00098686,0.9901205433784224,1.0,0.0,4.071492964800001e-06,0.9901205433784224,22018.484363924883,0.0,79425.06373350264,101443.54809742753
2026-09-10 05:00:00+00:00,20792.063657567724,105.52416725296882,0.03712285686053828,437.2975812482802,0,0.0,0.0,1.247347913114953,348531.53534512187,265664.25128225464,0,9140400.0,0.0532853105233838,0.0,3600.0,2481.11,6634800.0,0.04829625862956366,1.0,1.247347913114953,883462.3338507172,2295642.8508805837,57.6,0.00098686,0.9901258566731339,1.0,0.0,4.0722736572e-06,0.9901258566731339,22018.55317358041,0.0,79425.83372893679,101444.3869025172
2026-09-10 06:00:00+00:00,20790.92510368733,105.52416725296882,0.03712285686053828,436.1590273678843,0,0.0,0.0,1.2473545604364822,348531.53534512187,265665.33916573203,0,9136800.0,0.0532853105233838,0.0,3600.0,2479.25,6631200.0,0.048296169210241935,1.0,1.2473545604364822,883462.3338507172,2295642.8508805837,57.6,0.00098686,0.9901312055551458,1.0,0.0,4.0949478324e-06,0.9901312055551458,22016.012466157186,0.0,79426.61009951937,101442.62256567656
2026-09-10 07:00:00+00:00,20789.790108864137,105.52416725296882,0.03712285686053828,435.0240325446924,0,0.0,0.0,1.2473611611312858,348531.53534512187,265666.4272621267,0,9133200.0,0.0532853105233838,0.0,3600.0,2471.5,6627600.0,0.04850259063701268,1.0,1.2473611611312858,891237.0754889486,2289471.890018104,57.6,0.00098686,0.9900955669006776,1.0,0.0,4.09573251e-06,0.9900955669006776,22010.566726145393,0.0,79413.10080816527,101423.66753431066
2026-09-10 08:00:00+00:00,20801.931321831344,105.52416725296882,0.03712285686053828,447.16524551189747,0,0.0,0.0,1.2473677080496601,348531.53534512187,265667.5155715006,0,9129600.0,0.0532853105233838,5.093e-05,3600.0,2470.18,6624000.0,0.04914242065392482,1.0,1.2473677080496601,915627.8450065645,2270114.951877417,57.6,0.00098686,0.9899740591475643,1.0,0.0,4.0965174108e-06,0.9899740591475643,22021.575004174367,0.0,79369.6632150425,101391.23821921687
2026-09-10 09:00:00+00:00,20800.798095055925,105.52416725296882,0.03712285686053828,446.0320187364779,0,0.0,0.0,1.2473743478203347,348531.53534512187,265668.6040939174,0,9126000.0,0.0532853105233838,0.0,3600.0,2467.65,6620400.0,0.04914242070769137,1.0,1.2473743478203347,915627.8450065645,2270114.951877417,57.6,0.00098686,0.989979480625831,1.0,0.0,4.097302542e-06,0.989979480625831,22018.712158305214,0.0,79370.4642487698,101389.17640707502
2026-09-10 10:00:00+00:00,20799.666966976172,105.52416725296882,0.03712285686053828,444.9008906567257,0,0.0,0.0,1.2473809297645306,348531.53534512187,265669.6928294382,0,9122400.0,0.0532853105233838,0.0,3600.0,2463.08,6616800.0,0.049142420761516314,1.0,1.2473809297645306,915627.8450065645,2270114.951877417,57.6,0.00098686,0.9899849021337879,1.0,0.0,4.098087892800001e-06,0.9899849021337879,22014.84594699833,0.0,79371.26507974113,101386.11102673947
2026-09-10 11:00:00+00:00,20798.536780324455,105.52416725296882,0.03712285686053828,443.77070400500816,0,0.0,0.0,1.2473876052841015,348531.53534512187,265670.78177812573,0,9118800.0,0.0532853105233838,0.0,3600.0,2461.03,6613200.0,0.049142420815400545,1.0,1.2473876052841015,915627.8450065645,2270114.951877417,57.6,0.00098686,0.9899903236714348,1.0,0.0,4.098873470400001e-06,0.9899903236714348,22012.22522689001,0.0,79372.06570789358,101384.29093478358
2026-09-10 12:00:00+00:00,20797.428448580136,105.52416725296882,0.03712285686053828,442.6623722606892,0,0.0,0.0,1.2473942786392462,348531.53534512187,265671.8709400438,0,9115200.0,0.0532853105233838,0.0,3600.0,2413.44,6609600.0,0.04920769706563055,1.0,1.2473942786392462,915627.8450065645,2261912.6496381275,57.6,0.00098686,0.9899828358420011,1.0,0.0,4.0996592784e-06,0.9899828358420011,21987.17739242773,0.0,79368.36680128658,101355.5441937143
2026-09-10 13:00:00+00:00,20796.310734701794,105.52416725296882,0.03712285686053828,441.5446583823473,0,0.0,0.0,1.2474009619828113,348531.53534512187,265672.9603152534,0,9111600.0,0.0532853105233838,0.0,3600.0,2433.87,6606000.0,0.049207697119706184,1.0,1.2474009619828113,915627.8450065645,2261912.6496381275,57.6,0.00098686,0.9899882643995728,1.0,0.0,4.1004453059999995e-06,0.9899882643995728,21995.6571542682,0.0,79369.16944958211,101364.82660385032
2026-09-10 14:00:00+00:00,20795.189154080013,105.52416725296882,0.03712285686053828,440.42307776056566,0,0.0,0.0,1.2474076460758727,348531.53534512187,265674.04990381736,0,9108000.0,0.0532853105233838,0.0,3600.0,2442.29,6602400.0,0.04920769717383955,1.0,1.2474076460758727,915627.8450065645,2261912.6496381275,57.6,0.00098686,0.9899936929869122,1.0,0.0,4.1012315604e-06,0.9899936929869122,21998.20922375538,0.0,79369.97189489834,101368.18111865371
2026-09-10 15:00:00+00:00,20794.0686205099,105.52416725296882,0.03712285686053828,439.3025441904518,0,0.0,0.0,1.2474143187910818,348531.53534512187,265675.1397057975,0,9104400.0,0.0532853105233838,0.0,3600.0,2440.01,6598800.0,0.049207697228032865,1.0,1.2474143187910818,915627.8450065645,2261912.6496381275,57.6,0.00098686,0.989999121604019,1.0,0.0,4.1020180379999994e-06,0.989999121604019,21995.490552616342,0.0,79370.77413717326,101366.26468978959
2026-09-10 16:00:00+00:00,20765.02419314582,105.52416725296882,0.03712285686053828,410.25811682637016,0,0.0,0.0,1.2474209923875226,348531.53534512187,265676.22972125764,0,9100800.0,0.0532853105233838,-0.0001081,3600.0,2447.62,6595200.0,0.04920769728228458,1.0,1.2474209923875226,915627.8450065645,2261912.6496381275,57.6,0.00098686,0.9900045502508937,1.0,0.0,4.102804746e-06,0.9900045502508937,21969.716627913855,0.0,79371.5761763432,101341.29280425704
2026-09-10 17:00:00+00:00,20763.892252223326,105.52416725296882,0.03712285686053828,409.1261759038759,0,0.0,0.0,1.2474276669166735,348531.53534512187,265677.30778634304,0,9097200.0,0.0532853105233838,0.0,3600.0,2464.85,6591600.0,0.049207697336596024,1.0,1.2474276669166735,915627.8450065645,2261912.6496381275,57.6,0.00098686,0.9900099789275362,1.0,0.0,4.0578071256e-06,0.9900099789275362,21976.585214728577,0.0,79372.39017626288,101348.97539099146
2026-09-10 18:00:00+00:00,20762.7591540332,105.52416725296882,0.03712285686053828,407.99307771374885,0,0.0,0.0,1.247434301045247,348531.53534512187,265680.0764982184,0,9093600.0,0.0532853105233838,0.0,3600.0,2467.37,6588000.0,0.049207697390966754,1.0,1.247434301045247,915627.8450065645,2261912.6496381275,57.6,0.00098686,0.9900154076339468,1.0,0.0,1.0421279377200001e-05,0.9900154076339468,21976.211558046733,0.0,79371.51353976777,101347.7250978145
2026-09-10 19:00:00+00:00,20761.62876991121,105.52416725296882,0.03712285686053828,406.8626935917606,0,0.0,0.0,1.247440985554258,348531.53534512187,265682.85062128806,0,9090000.0,0.0532853105233838,0.0,3600.0,2461.46,6584400.0,0.04920769744539766,1.0,1.247440985554258,915627.8450065645,2261912.6496381275,57.6,0.00098686,0.9900208363701255,1.0,0.0,1.04415378948e-05,0.9900208363701255,21971.695402003003,0.0,79370.63150245347,101342.32690445648
2026-09-10 20:00:00+00:00,20760.49881287609,105.52416725296882,0.03712285686053828,405.73273655663684,0,0.0,0.0,1.2474476709228581,348531.53534512187,265683.928754866,0,9086400.0,0.0532853105233838,0.0,3600.0,2460.53,6580800.0,0.049207697499887404,1.0,1.2474476709228581,915627.8450065645,2261912.6496381275,57.6,0.00098686,0.9900262651360728,1.0,0.0,4.0579638012e-06,0.9900262651360728,21969.629198852166,0.0,79371.44546500617,101341.07466385834
2026-09-10 21:00:00+00:00,20759.369434474782,105.52416725296882,0.03712285686053828,404.6033581553295,0,0.0,0.0,1.2474543596664567,348531.53534512187,265685.00707418885,0,9082800.0,0.0532853105233838,0.0,3600.0,2459.27,6577200.0,0.04920084390058954,1.0,1.2474543596664567,915364.520029008,2262121.6441739122,57.6,0.00098686,0.9900330427268008,1.0,0.0,4.0586464512e-06,0.9900330427268008,21967.40183523797,0.0,79372.72934978566,101340.13118502364
2026-09-10 22:00:00+00:00,20758.24714204156,105.52416725296882,0.03712285686053828,403.481065722107,0,0.0,0.0,1.2474610481349495,348531.53534512187,265686.0855793057,0,9079200.0,0.0532853105233838,0.0,3600.0,2443.84,6573600.0,0.04920084395519053,1.0,1.2474610481349495,915364.520029008,2262121.6441739122,57.6,0.00098686,0.9900384708214217,1.0,0.0,4.0593292776e-06,0.9900384708214217,21958.22427847468,0.0,79373.54270682106,101331.76698529573
2026-09-10 23:00:00+00:00,20757.127972394013,105.52416725296882,0.03712285686053828,402.3618960745604,0,0.0,0.0,1.2474677360959951,348531.53534512187,265687.1642702628,0,9075600.0,0.0532853105233838,0.0,3600.0,2437.04,6570000.0,0.049200844009851696,1.0,1.2474677360959951,915364.520029008,2262121.6441739122,57.6,0.00098686,0.9900438989458035,1.0,0.0,4.0600122696e-06,0.9900438989458035,21953.29168512717,0.0,79374.35588838876,101327.64757351593
2026-09-11 00:00:00+00:00,20757.635330116722,105.52416725296882,0.03712285686053828,402.86925379726983,0,0.0,0.0,1.2474744182063269,348531.53534512187,265688.24314710824,0,9072000.0,0.0532853105233838,6.31e-06,3600.0,2455.46,6566400.0,0.04920084406639824,1.0,1.2474744182063269,915364.520029008,2262121.6441739122,57.6,0.00098686,0.9900493270995875,1.0,0.0,4.0606954344e-06,0.9900493270995875,21962.36200007892,0.0,79375.16889431578,101337.5308943947
2026-09-11 01:00:00+00:00,20756.508716299202,105.52416725296882,0.03712285686053828,401.7426399797519,0,0.0,0.0,1.2474811064701843,348531.53534512187,265689.3222098902,0,9068400.0,0.0532853105233838,0.0,3600.0,2453.25,6562800.0,0.04920084412118175,1.0,1.2474811064701843,915364.520029008,2262121.6441739122,57.6,0.00098686,0.9900547552834911,1.0,0.0,4.061378772000001e-06,0.9900547552834911,21959.673454201496,0.0,79375.98172480386,101335.65517900535
2026-09-11 02:00:00+00:00,20755.38549621494,105.52416725296882,0.03712285686053828,400.61941989549047,0,0.0,0.0,1.2474878603404913,348531.53534512187,265690.4014586577,0,9064800.0,0.0532853105233838,0.0,3600.0,2445.86,6559200.0,0.04920084417602588,1.0,1.2474878603404913,915364.520029008,2262121.6441739122,57.6,0.00098686,0.9900601834971559,1.0,0.0,4.062062285999999e-06,0.9900601834971559,21954.449707116724,0.0,79376.79437967914,101331.24408679586
2026-09-11 03:00:00+00:00,20754.262119991396,105.52416725296882,0.03712285686053828,399.49604367194524,0,0.0,0.0,1.247494756099799,348531.53534512187,265691.4808934571,0,9061200.0,0.0532853105233838,0.0,3600.0,2446.2,6555600.0,0.0492008442309293,1.0,1.247494756099799,915364.520029008,2262121.6441739122,57.6,0.00098686,0.9900656117405823,1.0,0.0,4.062745965600001e-06,0.9900656117405823,21953.016750038223,0.0,79377.6068588954,101330.62360893362
2026-09-11 04:00:00+00:00,20753.133343185564,105.52416725296882,0.03712285686053828,398.36726686611365,0,0.0,0.0,1.247501670269587,348531.53534512187,265692.5605143383,0,9057600.0,0.0532853105233838,0.0,3600.0,2457.96,6552000.0,0.04909161874466572,1.0,1.247501670269587,911174.8985511423,2265446.91665198,57.6,0.00098686,0.9900924554298582,1.0,0.0,4.063429825200001e-06,0.9900924554298582,21957.17238104953,0.0,79385.8831102518,101343.05549130133
2026-09-11 05:00:00+00:00,20752.00005670983,105.52416725296882,0.03712285686053828,397.2339803903797,0,0.0,0.0,1.2475085704571498,348531.53534512187,265693.64032134763,0,9054000.0,0.0532853105233838,0.0,3600.0,2467.78,6548400.0,0.04909161879956536,1.0,1.2475085704571498,911174.8985511423,2265446.91665198,57.6,0.00098686,0.9900978720833428,1.0,0.0,4.0641138504e-06,0.9900978720833428,21960.36898608288,0.0,79386.69117779791,101347.06016388079
2026-09-11 06:00:00+00:00,20750.867633592487,105.52416725296882,0.03712285686053828,396.10155727303845,0,0.0,0.0,1.2475154716964636,348531.53534512187,265694.7203145333,0,9050400.0,0.0532853105233838,0.0,3600.0,2465.9,6544800.0,0.04909161885452584,1.0,1.2475154716964636,911174.8985511423,2265446.91665198,57.6,0.00098686,0.990103288766461,1.0,0.0,4.0647980484e-06,0.990103288766461,21957.83590662837,0.0,79387.49906949594,101345.33497612432
2026-09-11 07:00:00+00:00,20749.7349303429,105.52416725296882,0.03712285686053828,394.96885402345276,0,0.0,0.0,1.247522374374914,348531.53534512187,265695.8004939443,0,9046800.0,0.0532853105233838,0.0,3600.0,2466.51,6541200.0,0.04909161890954605,1.0,1.247522374374914,911174.8985511423,2265446.91665198,57.6,0.00098686,0.9901087054792133,1.0,0.0,4.0654824228e-06,0.9901087054792133,21956.52155865006,0.0,79388.30678529694,101344.828343947
2026-09-11 08:00:00+00:00,20764.56074722071,105.52416725296882,0.03712285686053828,409.79467090126155,0,0.0,0.0,1.247529303567696,348531.53534512187,265696.88085962785,0,9043200.0,0.0532853105233838,6.11e-05,3600.0,2475.8,6537600.0,0.04909161896462777,1.0,1.247529303567696,911174.8985511423,2265446.91665198,57.6,0.00098686,0.9901141222215994,1.0,0.0,4.0661669664e-06,0.9901141222215994,21975.41065734729,0.0,79389.11432515387,101364.52498250117
2026-09-11 09:00:00+00:00,20763.42718061273,105.52416725296882,0.03712285686053828,408.66110429328313,0,0.0,0.0,1.2475362456985752,348531.53534512187,265697.9614116321,0,9039600.0,0.0532853105233838,0.0,3600.0,2468.39,6534000.0,0.04909161901976966,1.0,1.2475362456985752,911174.8985511423,2265446.91665198,57.6,0.00098686,0.9901195389936198,1.0,0.0,4.0668516828e-06,0.9901195389936198,21970.17246735296,0.0,79389.92168901849,101360.09415637146
2026-09-11 10:00:00+00:00,20762.29696640702,105.52416725296882,0.03712285686053828,407.53089008757433,0,0.0,0.0,1.2475432714862327,348531.53534512187,265699.04215000424,0,9036000.0,0.0532853105233838,0.0,3600.0,2461.09,6530400.0,0.04829986758003102,1.0,1.2475432714862327,881189.3030427699,2289251.3542841305,57.6,0.00098686,0.9902797649147222,1.0,0.0,4.0675365684e-06,0.9902797649147222,21964.994270472267,0.0,79444.68473693024,101409.6790074025
2026-09-11 11:00:00+00:00,20761.16854321074,105.52416725296882,0.03712285686053828,406.4024668912972,0,0.0,0.0,1.2475502199609219,348531.53534512187,265700.12307479343,0,9032400.0,0.0532853105233838,0.0,3600.0,2457.19,6526800.0,0.0482998676343831,1.0,1.2475502199609219,881189.3030427699,2289251.3542841305,57.6,0.00098686,0.9902850972446848,1.0,0.0,4.0682216304e-06,0.9902850972446848,21961.481573547557,0.0,79445.46229728987,101406.94387083742
2026-09-11 12:00:00+00:00,20760.015987310453,105.52416725296882,0.03712285686053828,405.2499109910109,0,0.0,0.0,1.2475571706359203,348531.53534512187,265701.20418604586,0,9028800.0,0.0532853105233838,0.0,3600.0,2509.74,6523200.0,0.04829986768879513,1.0,1.2475571706359203,881189.3030427699,2289251.3542841305,57.6,0.00098686,0.9902904296033603,1.0,0.0,4.068906858e-06,0.9902904296033603,21985.510539098876,0.0,79446.23968119366,101431.75022029254
2026-09-11 13:00:00+00:00,20758.80902605443,105.52416725296882,0.03712285686053828,404.04294973498776,0,0.0,0.0,1.2475641225002834,348531.53534512187,265702.28548381064,0,9025200.0,0.0532853105233838,0.0,3600.0,2628.21,6519600.0,0.04829986774326711,1.0,1.2475641225002834,881189.3030427699,2289251.3542841305,57.6,0.00098686,0.9902957619907488,1.0,0.0,4.069592262e-06,0.9902957619907488,22041.640236732797,0.0,79447.01688859239,101488.65712532519
2026-09-11 14:00:00+00:00,20757.612025566246,105.52416725296882,0.03712285686053828,402.845949246804,0,0.0,0.0,1.2475710749246498,348531.53534512187,265703.36696813785,0,9021600.0,0.05146236516374836,0.0,3600.0,2606.52,6516000.0,0.04829714978625188,1.0,1.2475710749246498,881087.5259170193,2289332.147564453,57.6,0.00098686,0.9903016249346839,1.0,0.0,4.070277846e-06,0.9903016249346839,21885.91105746025,0.0,79447.97882511653,101333.88988257678
2026-09-11 15:00:00+00:00,20756.437302479993,105.52416725296882,0.03712285686053828,401.6712261605515,0,0.0,0.0,1.2475780286907798,348531.53534512187,265704.4486390728,0,9018000.0,0.05146236516374836,0.0,3600.0,2558.01,6512400.0,0.04829714984084066,1.0,1.2475780286907798,881087.5259170193,2289332.147564453,57.6,0.00098686,0.9903069570892452,1.0,0.0,4.070963592e-06,0.9903069570892452,21863.295677098587,0.0,79448.75557819754,101312.05125529613
2026-09-11 16:00:00+00:00,20768.844942277905,105.52416725296882,0.03712285686053828,414.0788659584624,0,0.0,0.0,1.247584983083031,348531.53534512187,265705.5304966646,0,9014400.0,0.05146236516374836,4.999e-05,3600.0,2576.38,6508800.0,0.048296984155598244,1.0,1.247584983083031,881081.3200390146,2289337.073946973,57.6,0.00098686,0.9903123215878901,1.0,0.0,4.0716495144e-06,0.9903123215878901,21883.207036595286,0.0,79449.54341755481,101332.7504541501
2026-09-11 17:00:00+00:00,20767.666866789383,105.52416725296882,0.03712285686053828,412.9007904699403,0,0.0,0.0,1.2475919432350926,348531.53534512187,265706.6125409603,0,9010800.0,0.05146236516374836,0.0,3600.0,2565.31,6505200.0,0.048296984210308924,1.0,1.2475919432350926,881081.3200390146,2289337.073946973,57.6,0.00098686,0.9903176537821723,1.0,0.0,4.072335606e-06,0.9903176537821723,21876.797731459556,0.0,79450.31981111906,101327.1175425786
2026-09-11 18:00:00+00:00,20766.50214580196,105.52416725296882,0.03712285686053828,411.7360694825141,0,0.0,0.0,1.2475988810655483,348531.53534512187,265707.6947720083,0,9007200.0,0.05146236516374836,0.0,3600.0,2536.23,6501600.0,0.04829698426508,1.0,1.2475988810655483,881081.3200390146,2289337.073946973,57.6,0.00098686,0.9903229860051651,1.0,0.0,4.073021870399999e-06,0.9903229860051651,21862.621958666754,0.0,79451.09602793754,101313.7179866043
2026-09-11 19:00:00+00:00,20765.336474201835,105.52416725296882,0.03712285686053828,410.5703978823895,0,0.0,0.0,1.2476058458620238,348531.53534512187,265708.77718985657,0,9003600.0,0.05146236516374836,0.0,3600.0,2538.3,6498000.0,0.04829698431991103,1.0,1.2476058458620238,881081.3200390146,2289337.073946973,57.6,0.00098686,0.9903283182568686,1.0,0.0,4.0737083076e-06,0.9903283182568686,21861.912454394685,0.0,79451.87206796231,101313.78452235699
2026-09-11 20:00:00+00:00,20764.17488977708,105.52416725296882,0.03712285686053828,409.40881345763466,0,0.0,0.0,1.2476128141142266,348531.53534512187,265709.85979455337,0,9000000.0,0.05146236516374836,0.0,3600.0,2529.4,6494400.0,0.04829698437480401,1.0,1.2476128141142266,881081.3200390146,2289337.073946973,57.6,0.00098686,0.9903336505372826,1.0,0.0,4.0743949176e-06,0.9903336505372826,21856.46904578595,0.0,79452.6479311451,101309.11697693105
2026-09-11 21:00:00+00:00,20763.019886163904,105.52416725296882,0.03712285686053828,408.2538098444584,0,0.0,0.0,1.2476197761305228,348531.53534512187,265710.9425861469,0,8996400.0,0.05146236516374836,0.0,3600.0,2515.07,6490800.0,0.04829698442975783,1.0,1.2476197761305228,881081.3200390146,2289337.073946973,57.6,0.00098686,0.9903389828464075,1.0,0.0,4.0750817004e-06,0.9903389828464075,21848.69134360363,0.0,79453.42361743783,101302.11496104146
2026-09-11 22:00:00+00:00,20761.86691695375,105.52416725296882,0.03712285686053828,407.1008406343032,0,0.0,0.0,1.2476267372264815,348531.53534512187,265712.02074565715,0,8992800.0,0.05146236516374836,0.0,3600.0,2510.64,6487200.0,0.048296984484772265,1.0,1.2476267372264815,881081.3200390146,2289337.073946973,57.6,0.00098686,0.9903443151842436,1.0,0.0,4.0576323744e-06,0.9903443151842436,21845.192414669506,0.0,79454.20394582057,101299.39636049008
2026-09-11 23:00:00+00:00,20760.711729647297,105.52416725296882,0.03712285686053828,405.94565332785186,0,0.0,0.0,1.2476337029111901,348531.53534512187,265713.0988690315,0,8989200.0,0.05146236516374836,0.0,3600.0,2515.47,6483600.0,0.048270239262636405,1.0,1.2476337029111901,880080.3067642109,2290131.7065811176,57.6,0.00098686,0.9903548423361076,1.0,0.0,4.0574799144e-06,0.9903548423361076,21845.686830777562,0.0,79456.79486684815,101302.48169762571
2026-09-12 00:00:00+00:00,20759.704931056724,105.52416725296882,0.03712285686053828,404.9388547372773,0,0.0,0.0,1.247640665083159,348531.53534512187,265714.17716670857,0,8985600.0,0.05146236516374836,5.5e-07,3600.0,2509.5,6480000.0,0.04827023931774144,1.0,1.247640665083159,880080.3067642109,2290131.7065811176,57.6,0.00098686,0.9903601718749302,1.0,0.0,4.0581194292e-06,0.9903601718749302,21841.671565439996,0.0,79457.57408151962,101299.2456469596
2026-09-12 01:00:00+00:00,20758.551126042166,105.52416725296882,0.03712285686053828,403.7850497227207,0,0.0,0.0,1.2476476272540575,348531.53534512187,265715.25563872955,0,8982000.0,0.05146236516374836,0.0,3600.0,2512.46,6476400.0,0.04827023937290864,1.0,1.2476476272540575,880080.3067642109,2290131.7065811176,57.6,0.00098686,0.9903655014424332,1.0,0.0,4.0587590916e-06,0.9903655014424332,21841.35996784482,0.0,79458.3531318432,101299.71309968803
2026-09-12 02:00:00+00:00,20757.39702252604,105.52416725296882,0.03712285686053828,402.6309462065921,0,0.0,0.0,1.2476545719152998,348531.53534512187,265716.33428513573,0,8978400.0,0.05146236516374836,0.0,3600.0,2513.11,6472800.0,0.04822592549338656,1.0,1.2476545719152998,878423.4631062069,2291446.96650495,57.6,0.00098686,0.9903794243696786,1.0,0.0,4.0593989016e-06,0.9903794243696786,21840.051894641194,0.0,79462.1270646464,101302.17895928759
2026-09-12 03:00:00+00:00,20756.243437943413,105.52416725296882,0.03712285686053828,401.4773616239655,0,0.0,0.0,1.247661534339552,348531.53534512187,265717.41310597036,0,8974800.0,0.05146236516374836,0.0,3600.0,2511.98,6469200.0,0.04822592554862415,1.0,1.247661534339552,878423.4631062069,2291446.96650495,57.6,0.00098686,0.9903847492613679,1.0,0.0,4.0600388664e-06,0.9903847492613679,21837.977594266624,0.0,79462.90413648775,101300.88173075436
2026-09-12 04:00:00+00:00,20755.090073792715,105.52416725296882,0.03712285686053828,400.323997473269,0,0.0,0.0,1.2476684968968206,348531.53534512187,265718.4921012748,0,8971200.0,0.05146236516374836,0.0,3600.0,2511.5,6465600.0,0.04822592560392325,1.0,1.2476684968968206,878423.4631062069,2291446.96650495,57.6,0.00098686,0.990390074181687,1.0,0.0,4.060678978800001e-06,0.990390074181687,21836.183701982507,0.0,79463.68104383774,101299.86474582025
2026-09-12 05:00:00+00:00,20753.937118359554,105.52416725296882,0.03712285686053828,399.17104204010946,0,0.0,0.0,1.2476754594795718,348531.53534512187,265719.5712710922,0,8967600.0,0.05146236516374836,0.0,3600.0,2510.61,6462000.0,0.0482259256592843,1.0,1.2476754594795718,878423.4631062069,2291446.96650495,57.6,0.00098686,0.9903953991306362,1.0,0.0,4.061319245999999e-06,0.9903953991306362,21834.213967551364,0.0,79464.45778665319,101298.67175420455
2026-09-12 06:00:00+00:00,20752.78067275417,105.52416725296882,0.03712285686053828,398.014596434724,0,0.0,0.0,1.247682421093187,348531.53534512187,265720.6506154649,0,8964000.0,0.05146236516374836,0.0,3600.0,2518.21,6458400.0,0.04823778785331734,1.0,1.247682421093187,878866.7665707202,2291095.0947848936,57.6,0.00098686,0.9903984288348412,1.0,0.0,4.061959664399999e-06,0.9903984288348412,21835.892700245542,0.0,79464.43438973872,101300.32708998426
2026-09-12 07:00:00+00:00,20751.622032014147,105.52416725296882,0.03712285686053828,396.8559556947018,0,0.0,0.0,1.2476893852378625,348531.53534512187,265721.73013443506,0,8960400.0,0.05146236516374836,0.0,3600.0,2522.99,6454800.0,0.0482377879088165,1.0,1.2476893852378625,878866.7665707202,2291095.0947848936,57.6,0.00098686,0.9904037551081295,1.0,0.0,4.062600234e-06,0.9904037551081295,21836.354183846626,0.0,79465.21124497539,101301.56542882201
2026-09-12 08:00:00+00:00,20752.16129775003,105.52416725296882,0.03712285686053828,397.39522143058525,0,0.0,0.0,1.2476963492005588,348531.53534512187,265722.8098280441,0,8956800.0,0.05146236516374836,6.37e-06,3600.0,2532.29,6451200.0,0.048239162473800556,1.0,1.2476963492005588,878918.1431103469,2291054.3147261576,57.6,0.00098686,0.9904088157439989,1.0,0.0,4.0632409512e-06,0.9904088157439989,21840.454466719653,0.0,79465.89534255577,101306.34980927542
2026-09-12 09:00:00+00:00,20750.999442377695,105.52416725296882,0.03712285686053828,396.2333660582497,0,0.0,0.0,1.2477033133432578,348531.53534512187,265723.8896963352,0,8953200.0,0.05146236516374836,0.0,3600.0,2529.99,6447600.0,0.048239162529425395,1.0,1.2477033133432578,878918.1431103469,2291054.3147261576,57.6,0.00098686,0.9904141422213986,1.0,0.0,4.0638818232000006e-06,0.9904141422213986,21837.867129040034,0.0,79466.67191961076,101304.5390486508
2026-09-12 10:00:00+00:00,20749.836425145397,105.52416725296882,0.03712285686053828,395.0703488259495,0,0.0,0.0,1.2477102096712345,348531.53534512187,265724.9697393506,0,8949600.0,0.05146236516374836,0.0,3600.0,2532.52,6444000.0,0.04823916258511218,1.0,1.2477102096712345,878918.1431103469,2291054.3147261576,57.6,0.00098686,0.9904194687274445,1.0,0.0,4.0645228464e-06,0.9904194687274445,21837.35352719257,0.0,79467.44833192555,101304.80185911812
2026-09-12 11:00:00+00:00,20748.67217257582,105.52416725296882,0.03712285686053828,393.9060962563746,0,0.0,0.0,1.2477171978827835,348531.53534512187,265726.0499571317,0,8946000.0,0.05146236516374836,0.0,3600.0,2535.21,6440400.0,0.04823916264086048,1.0,1.2477171978827835,878918.1431103469,2291054.3147261576,57.6,0.00098686,0.9904247952621367,1.0,0.0,4.0651640172000004e-06,0.9904247952621367,21836.906495676838,0.0,79468.22457945882,101305.13107513567
2026-09-12 12:00:00+00:00,20747.50829657746,105.52416725296882,0.03712285686053828,392.74222025801356,0,0.0,0.0,1.2477241967183306,348531.53534512187,265727.13034972164,0,8942400.0,0.049851293316684475,0.0,3600.0,2534.39,6436800.0,0.0482391626966725,1.0,1.2477241967183306,878918.1431103469,2291054.3147261576,57.6,0.00098686,0.9904301218254751,1.0,0.0,4.0658053428e-06,0.9904301218254751,21712.776330070876,0.0,79469.00066216727,101181.77699223814
2026-09-12 13:00:00+00:00,20746.340181856776,105.52416725296882,0.03712285686053828,391.5741055373308,0,0.0,0.0,1.247731149018304,348531.53534512187,265728.20873337943,0,8938800.0,0.049851293316684475,0.0,3600.0,2543.62,6433200.0,0.04823934708768407,1.0,1.247731149018304,878918.1431103469,2291054.3147261576,57.6,0.00098686,0.9904354128875327,1.0,0.0,4.0582287108e-06,0.9904354128875327,21714.73361748975,0.0,79469.76638049202,101184.49999798177
2026-09-12 14:00:00+00:00,20745.174193385752,105.52416725296882,0.03712285686053828,390.4081170663067,0,0.0,0.0,1.2477381941488044,348531.53534512187,265731.9378669888,0,8935200.0,0.049851293316684475,0.0,3600.0,2538.99,6429600.0,0.04823916280848195,1.0,1.2477381941488044,878918.1431103469,2291054.3147261576,57.6,0.00098686,0.9904407750380922,1.0,0.0,1.40335399872e-05,0.9904407750380922,21711.415620593303,0.0,79467.90612544992,101179.32174604322
2026-09-12 15:00:00+00:00,20744.010496488336,105.52416725296882,0.03712285686053828,389.24442016888884,0,0.0,0.0,1.247745194604047,348531.53534512187,265733.01615516766,0,8931600.0,0.049851293316684475,0.0,3600.0,2534.0,6426000.0,0.048239162864481155,1.0,1.247745194604047,878918.1431103469,2291054.3147261576,57.6,0.00098686,0.990446101687371,1.0,0.0,4.0577959872e-06,0.990446101687371,21707.96438820957,0.0,79468.68434252247,101176.64873073203
2026-09-12 16:00:00+00:00,20756.636057190404,105.52416725296882,0.03712285686053828,401.8699808709582,0,0.0,0.0,1.2477521971853145,348531.53534512187,265734.094605968,0,8928000.0,0.049851293316684475,5.163e-05,3600.0,2530.69,6422400.0,0.0482391629205432,1.0,1.2477521971853145,878918.1431103469,2291054.3147261576,57.6,0.00098686,0.9904514283652968,1.0,0.0,4.058391492e-06,0.9904514283652968,21718.942771504946,0.0,79469.46240695787,101188.40517846282
2026-09-12 17:00:00+00:00,20755.476525537997,105.52416725296882,0.03712285686053828,400.710449218552,0,0.0,0.0,1.2477591997376103,348531.53534512187,265735.173219427,0,8924400.0,0.049851293316684475,0.0,3600.0,2524.93,6418800.0,0.04823916297666764,1.0,1.2477591997376103,878918.1431103469,2291054.3147261576,57.6,0.00098686,0.9904567550718698,1.0,0.0,4.05898713e-06,0.9904567550718698,21715.205829171093,0.0,79470.24031871912,101185.44614789021
2026-09-12 18:00:00+00:00,20754.31853231677,105.52416725296882,0.03712285686053828,399.55245599732433,0,0.0,0.0,1.2477661789519843,348531.53534512187,265736.25199558213,0,8920800.0,0.049851293316684475,0.0,3600.0,2521.58,6415200.0,0.04823916303285558,1.0,1.2477661789519843,878918.1431103469,2291054.3147261576,57.6,0.00098686,0.9904620818070901,1.0,0.0,4.0595829012e-06,0.9904620818070901,21712.387866346442,0.0,79471.01807776868,101183.40594411512
2026-09-12 19:00:00+00:00,20753.16211426538,105.52416725296882,0.03712285686053828,398.3960379459302,0,0.0,0.0,1.2477731828158494,348531.53534512187,265739.2568160205,0,8917200.0,0.049851293316684475,0.0,3600.0,2518.15,6411600.0,0.048239163089106585,1.0,1.2477731828158494,878918.1431103469,2291054.3147261576,57.6,0.00098686,0.9904674085709578,1.0,0.0,1.1307465306e-05,0.9904674085709578,21709.54212241707,0.0,79469.8698025195,101179.41192493658
2026-09-12 20:00:00+00:00,20752.00510380317,105.52416725296882,0.03712285686053828,397.239027483724,0,0.0,0.0,1.2477801865238565,348531.53534512187,265742.4360242934,0,8913600.0,0.049851293316684475,0.0,3600.0,2519.44,6408000.0,0.04823916314542065,1.0,1.2477801865238565,878918.1431103469,2291054.3147261576,57.6,0.00098686,0.9904727353634732,1.0,0.0,1.19635664436e-05,0.9904727353634732,21708.488745154533,0.0,79468.54714942048,101177.03589457502
2026-09-12 21:00:00+00:00,20750.846453878483,105.52416725296882,0.03712285686053828,396.080377559038,0,0.0,0.0,1.2477871898899897,348531.53534512187,265745.6224903268,0,8910000.0,0.049851293316684475,0.0,3600.0,2523.01,6404400.0,0.04823916320179866,1.0,1.2477871898899897,878918.1431103469,2291054.3147261576,57.6,0.00098686,0.9904780621846364,1.0,0.0,1.1990734250400002e-05,0.9904780621846364,21708.298565565856,0.0,79467.21724854561,101175.51581411147
2026-09-12 22:00:00+00:00,20749.688368810617,105.52416725296882,0.03712285686053828,394.9222924911728,0,0.0,0.0,1.2477941933423604,348531.53534512187,265746.7007765325,0,8906400.0,0.049851293316684475,0.0,3600.0,2521.78,6400800.0,0.04823916325823907,1.0,1.2477941933423604,878918.1431103469,2291054.3147261576,57.6,0.00098686,0.9904833890344478,1.0,0.0,4.0575796056e-06,0.9904833890344478,21706.28704946874,0.0,79467.99553748319,101174.28258695193
2026-09-12 23:00:00+00:00,20748.528915227853,105.52416725296882,0.03712285686053828,393.7628389084085,0,0.0,0.0,1.247801198228698,348531.53534512187,265747.7792098299,0,8902800.0,0.049851293316684475,0.0,3600.0,2524.76,6397200.0,0.04823916331474298,1.0,1.247801198228698,878918.1431103469,2291054.3147261576,57.6,0.00098686,0.9904887159129071,1.0,0.0,4.0581166428e-06,0.9904887159129071,21705.870895653738,0.0,79468.77368931385,101174.64458496758
2026-09-13 00:00:00+00:00,20759.46539938438,105.52416725296882,0.03712285686053828,404.6993230649335,0,0.0,0.0,1.2478082041067797,348531.53534512187,265748.85779025045,0,8899200.0,0.049851293316684475,4.541e-05,3600.0,2524.22,6393600.0,0.04823916337131129,1.0,1.2478082041067797,878918.1431103469,2291054.3147261576,57.6,0.00098686,0.9904940428200146,1.0,0.0,4.0586537916e-06,0.9904940428200146,21716.21558699964,0.0,79469.55170400615,101185.76729100579
2026-09-13 01:00:00+00:00,20758.305922839954,105.52416725296882,0.03712285686053828,403.5398465205098,0,0.0,0.0,1.2478152101994269,348531.53534512187,265749.93651782355,0,8895600.0,0.049851293316684475,0.0,3600.0,2524.81,6390000.0,0.04823916342794354,1.0,1.2478152101994269,878918.1431103469,2291054.3147261576,57.6,0.00098686,0.9904993697557706,1.0,0.0,4.0591910448e-06,0.9904993697557706,21714.892611676118,0.0,79470.32958153076,101185.22219320688
2026-09-13 02:00:00+00:00,20757.148434775234,105.52416725296882,0.03712285686053828,402.3823584557885,0,0.0,0.0,1.2478221943803283,348531.53534512187,265751.01539257966,0,8892000.0,0.049851293316684475,0.0,3600.0,2520.48,6386400.0,0.04823916348463975,1.0,1.2478221943803283,878918.1431103469,2291054.3147261576,57.6,0.00098686,0.990504696720175,1.0,0.0,4.059728406e-06,0.990504696720175,21711.708134644785,0.0,79471.10732185724,101182.81545650202
2026-09-13 03:00:00+00:00,20755.991277358407,105.52416725296882,0.03712285686053828,401.22520103896227,0,0.0,0.0,1.2478292020290782,348531.53534512187,265752.09441454744,0,8888400.0,0.049851293316684475,0.0,3600.0,2519.76,6382800.0,0.04823916354139968,1.0,1.2478292020290782,878918.1431103469,2291054.3147261576,57.6,0.00098686,0.9905100237132284,1.0,0.0,4.060265867999999e-06,0.9905100237132284,21709.89194680364,0.0,79471.88492495712,101181.77687176075
2026-09-13 04:00:00+00:00,20754.834363335172,105.52416725296882,0.03712285686053828,400.0682870157255,0,0.0,0.0,1.2478362147327733,348531.53534512187,265753.1735837582,0,8884800.0,0.049851293316684475,0.0,3600.0,2519.23,6379200.0,0.04823916359822289,1.0,1.2478362147327733,878918.1431103469,2291054.3147261576,57.6,0.00098686,0.9905153507349306,1.0,0.0,4.0608034416e-06,0.9905153507349306,21708.148121949213,0.0,79472.66239079909,101180.8105127483
2026-09-13 05:00:00+00:00,20753.676365521613,105.52416725296882,0.03712285686053828,398.9102892021659,0,0.0,0.0,1.2478432484263888,348531.53534512187,265754.25290024147,0,8881200.0,0.04979859420519598,0.0,3600.0,2521.59,6375600.0,0.04823916365511183,1.0,1.2478432484263888,878918.1431103469,2291054.3147261576,57.6,0.00098686,0.9905206777852816,1.0,0.0,4.0613411196e-06,0.9905206777852816,21703.54748210898,0.0,79473.43971935351,101176.9872014625
2026-09-13 06:00:00+00:00,20752.522895747283,105.52416725296882,0.03712285686053828,397.75681942783626,0,0.0,0.0,1.2478502824714426,348531.53534512187,265755.33236402774,0,8877600.0,0.04979859420519598,0.0,3600.0,2511.73,6372000.0,0.048239163712063604,1.0,1.2478502824714426,878918.1431103469,2291054.3147261576,57.6,0.00098686,0.9905260048642821,1.0,0.0,4.0618789056e-06,0.9905260048642821,21698.29627132353,0.0,79474.21691059018,101172.51318191372
2026-09-13 07:00:00+00:00,20751.367180322664,105.52416725296882,0.03712285686053828,396.6011040032192,0,0.0,0.0,1.2478573164776874,348531.53534512187,265756.4119751465,0,8874000.0,0.04979859420519598,0.0,3600.0,2516.62,6368400.0,0.04823916376908044,1.0,1.2478573164776874,878918.1431103469,2291054.3147261576,57.6,0.00098686,0.9905313319719319,1.0,0.0,4.062416796000001e-06,0.9905313319719319,21698.597577306704,0.0,79474.99396447954,101173.59154178624
2026-09-13 08:00:00+00:00,20765.505567549542,105.52416725296882,0.03712285686053828,410.7394912300979,0,0.0,0.0,1.2478643504640115,348531.53534512187,265757.49173362914,0,8870400.0,0.04979859420519598,5.809e-05,3600.0,2493.25,6364800.0,0.04823916382616189,1.0,1.2478643504640115,878918.1431103469,2291054.3147261576,57.6,0.00098686,0.9905366591082311,1.0,0.0,4.062954798e-06,0.9905366591082311,21703.55902862051,0.0,79475.77088099025,101179.32990961077
2026-09-13 09:00:00+00:00,20764.364974673794,105.52416725296882,0.03712285686053828,409.59889835434893,0,0.0,0.0,1.2478713857119732,348531.53534512187,265758.5716395042,0,8866800.0,0.04979859420519598,0.0,3600.0,2483.69,6361200.0,0.04823916388330818,1.0,1.2478713857119732,878918.1431103469,2291054.3147261576,57.6,0.00098686,0.9905419862731799,1.0,0.0,4.0634929008e-06,0.9905419862731799,21698.442364110906,0.0,79476.54766009381,101174.99002420472
2026-09-13 10:00:00+00:00,20763.230168136208,105.52416725296882,0.03712285686053828,408.464091816764,0,0.0,0.0,1.2478783995974063,348531.53534512187,265759.6648236109,0,8863200.0,0.049589137570152084,0.0,3600.0,2471.09,6357600.0,0.04823916394051886,1.0,1.2478783995974063,878918.1431103469,2291054.3147261576,57.6,0.00098686,0.9905473134667786,1.0,0.0,4.1134396968e-06,0.9905473134667786,21676.841212784915,0.0,79477.31117095111,101154.15238373603
2026-09-13 11:00:00+00:00,20762.091210130606,105.52416725296882,0.03712285686053828,407.32513381116297,0,0.0,0.0,1.2478854376412978,348531.53534512187,265760.7581694305,0,8859600.0,0.049589137570152084,0.0,3600.0,2480.13,6354000.0,0.0482391639977946,1.0,1.2478854376412978,878918.1431103469,2291054.3147261576,57.6,0.00098686,0.9905526406890272,1.0,0.0,4.1140312668e-06,0.9905526406890272,21678.672079848246,0.0,79478.07453008101,101156.74660992925
2026-09-13 12:00:00+00:00,20760.9540523191,105.52416725296882,0.03712285686053828,406.1879759996574,0,0.0,0.0,1.2478924772460886,348531.53534512187,265761.8516769993,0,8856000.0,0.049589137570152084,0.0,3600.0,2476.21,6350400.0,0.048238966557956564,1.0,1.2478924772460886,878910.7621710062,2291060.1738264197,57.6,0.00098686,0.9905580055214971,1.0,0.0,4.1146229663999995e-06,0.9905580055214971,21675.71435507909,0.0,79478.85083580978,101154.56519088887
2026-09-13 13:00:00+00:00,20759.8161459575,105.52416725296882,0.03712285686053828,405.050069638056,0,0.0,0.0,1.2478995191201394,348531.53534512187,265762.9453463528,0,8852400.0,0.049589137570152084,0.0,3600.0,2477.84,6346800.0,0.0482389666153622,1.0,1.2478995191201394,878910.7621710062,2291060.1738264197,57.6,0.00098686,0.9905633327799434,1.0,0.0,4.1152147919999995e-06,0.9905633327799434,21674.80650397099,0.0,79479.6138840217,101154.4203879927
2026-09-13 14:00:00+00:00,20758.672058317192,105.52416725296882,0.03712285686053828,403.90598199774934,0,0.0,0.0,1.2479065620675092,348531.53534512187,265764.0391775265,0,8848800.0,0.049589137570152084,0.0,3600.0,2491.3,6343200.0,0.04823896667283267,1.0,1.2479065620675092,878910.7621710062,2291060.1738264197,57.6,0.00098686,0.9905686600670399,1.0,0.0,4.1158067436e-06,0.9905686600670399,21678.258661882202,0.0,79480.37678039906,101158.63544228126
2026-09-13 15:00:00+00:00,20757.52877433496,105.52416725296882,0.03712285686053828,402.762698015521,0,0.0,0.0,1.2479136093565477,348531.53534512187,265765.1331705567,0,8845200.0,0.049589137570152084,0.0,3600.0,2489.55,6339600.0,0.048219800138745716,1.0,1.2479136093565477,878910.7621710062,2293497.237497779,57.6,0.00098686,0.990577628473737,1.0,0.0,4.116398824800001e-06,0.990577628473737,21676.09556228514,0.0,79482.40855992457,101158.5041222097
2026-09-13 16:00:00+00:00,20744.266760238632,105.52416725296882,0.03712285686053828,389.50068391918927,0,0.0,0.0,1.2479206553710653,348531.53534512187,265766.22732547985,0,8841600.0,0.049589137570152084,-4.585e-05,3600.0,2503.44,6336000.0,0.0482198001963241,1.0,1.2479206553710653,878910.7621710062,2293497.237497779,57.6,0.00098686,0.9905829537700787,1.0,0.0,4.1169910356e-06,0.9905829537700787,21667.58258475163,0.0,79483.17043871153,101150.75302346316
2026-09-13 17:00:00+00:00,20743.116844929173,105.52416725296882,0.03712285686053828,388.35076860973174,0,0.0,0.0,1.2479277049922106,348531.53534512187,265767.32164233044,0,8838000.0,0.049589137570152084,0.0,3600.0,2503.99,6332400.0,0.048219800253967104,1.0,1.2479277049922106,878910.7621710062,2293497.237497779,57.6,0.00098686,0.990588279095049,1.0,0.0,4.1175833688e-06,0.990588279095049,21666.259494282385,0.0,79483.93216554908,101150.19165983147
2026-09-13 18:00:00+00:00,20741.964927363017,105.52416725296882,0.03712285686053828,387.1988510435762,0,0.0,0.0,1.2479347317549836,348531.53534512187,265768.41612114676,0,8834400.0,0.049589137570152084,0.0,3600.0,2508.35,6328800.0,0.04821980031167672,1.0,1.2479347317549836,878910.7621710062,2293497.237497779,57.6,0.00098686,0.9905936044486477,1.0,0.0,4.1181758388e-06,0.9905936044486477,21666.33829183106,0.0,79484.6937403988,101151.03203222985
2026-09-13 19:00:00+00:00,20740.81450689705,105.52416725296882,0.03712285686053828,386.0484305776123,0,0.0,0.0,1.24794178299678,348531.53534512187,265769.51076196245,0,8830800.0,0.049589137570152084,0.0,3600.0,2505.09,6325200.0,0.048219800369451615,1.0,1.24794178299678,878910.7621710062,2293497.237497779,57.6,0.00098686,0.9905989298308754,1.0,0.0,4.118768427599999e-06,0.9905989298308754,21663.610310367927,0.0,79485.45516322722,101149.06547359514
2026-09-13 20:00:00+00:00,20739.660922314426,105.52416725296882,0.03712285686053828,384.8948459949857,0,0.0,0.0,1.2479487160042926,348531.53534512187,265770.60556481377,0,8827200.0,0.049589137570152084,0.0,3600.0,2511.98,6321600.0,0.04912035243409707,1.0,1.2479487160042926,913011.4589934835,2266434.2693378166,57.6,0.00098686,0.9904337439423169,1.0,0.0,4.119361146e-06,0.9904337439423169,21664.617558152426,0.0,79426.7878690192,101091.40542717163
2026-09-13 21:00:00+00:00,20738.50919303388,105.52416725296882,0.03712285686053828,383.7431167144371,0,0.0,0.0,1.2479557672715371,348531.53534512187,265771.6838558975,0,8823600.0,0.049589137570152084,0.0,3600.0,2507.94,6318000.0,0.04912035249311031,1.0,1.2479557672715371,913011.4589934835,2266434.2693378166,57.6,0.00098686,0.9904391655592184,1.0,0.0,4.0572165384e-06,0.9904391655592184,21661.601608841276,0.0,79427.59918239823,101089.2007912395
2026-09-13 22:00:00+00:00,20737.372861842112,105.52416725296882,0.03712285686053828,382.60678552266927,0,0.0,0.0,1.2479628262960585,348531.53534512187,265772.76228624705,0,8820000.0,0.049589137570152084,0.0,3600.0,2474.41,6314400.0,0.04906170853545988,1.0,1.2479628262960585,910764.4589934835,2268217.6863134294,57.6,0.00098686,0.9904556730464409,1.0,0.0,4.0577240808e-06,0.9904556730464409,21647.752374724627,0.0,79432.27413191501,101080.02650663964
2026-09-13 23:00:00+00:00,20736.236039270832,105.52416725296882,0.03712285686053828,381.46996295139064,0,0.0,0.0,1.2479698789817855,348531.53534512187,265773.8408558899,0,8816400.0,0.049589137570152084,0.0,3600.0,2475.48,6310800.0,0.04906170859453618,1.0,1.2479698789817855,910764.4589934835,2268217.6863134294,57.6,0.00098686,0.9904610884630053,1.0,0.0,4.0582317204e-06,0.9904610884630053,21646.637480054935,0.0,79433.08300572191,101079.72048577685
2026-09-14 00:00:00+00:00,20748.90022080836,105.52416725296882,0.03712285686053828,394.1341444889162,0,0.0,0.0,1.2479769331513153,348531.53534512187,265774.9195648536,0,8812800.0,0.049589137570152084,5.268e-05,3600.0,2483.28,6307200.0,0.04906170865367887,1.0,1.2479769331513153,910764.4589934835,2268217.6863134294,57.6,0.00098686,0.9904665039091793,1.0,0.0,4.058739457200001e-06,0.9904665039091793,21661.79733370762,0.0,79433.89175052784,101095.68908423546
2026-09-14 01:00:00+00:00,20747.75571067352,105.52416725296882,0.03712285686053828,392.98963435407694,0,0.0,0.0,1.2479839873253558,348531.53534512187,265775.99841316364,0,8809200.0,0.049589137570152084,0.0,3600.0,2492.22,6303600.0,0.049061708712890395,1.0,1.2479839873253558,910764.4589934835,2268217.6863134294,57.6,0.00098686,0.9904719193849626,1.0,0.0,4.059247284e-06,0.9904719193849626,21663.565065749888,0.0,79434.70036630717,101098.26543205706
2026-09-14 02:00:00+00:00,20746.603035372602,105.52416725296882,0.03712285686053828,391.8369590531619,0,0.0,0.0,1.2479909945300613,348531.53534512187,265777.07740084856,0,8805600.0,0.049589137570152084,0.0,3600.0,2510.0,6300000.0,0.04906170877216831,1.0,1.2479909945300613,910764.4589934835,2268217.6863134294,57.6,0.00098686,0.9904773348903557,1.0,0.0,4.0597552116e-06,0.9904773348903557,21668.56903100375,0.0,79435.50885303156,101104.0778840353
2026-09-14 03:00:00+00:00,20745.449450789976,105.52416725296882,0.03712285686053828,390.6833744705353,0,0.0,0.0,1.2479980489134903,348531.53534512187,265778.1565279348,0,8802000.0,0.049589137570152084,0.0,3600.0,2511.98,6296400.0,0.049061708831514395,1.0,1.2479980489134903,910764.4589934835,2268217.6863134294,57.6,0.00098686,0.9904827504253586,1.0,0.0,4.0602632328e-06,0.9904827504253586,21667.765508956334,0.0,79436.31721067458,101104.08271963091
2026-09-14 04:00:00+00:00,20744.295067141604,105.52416725296882,0.03712285686053828,389.52899082216226,0,0.0,0.0,1.2480051044074274,348531.53534512187,265779.23579444806,0,8798400.0,0.04877301551445533,0.0,3600.0,2513.72,6292800.0,0.04906170889092887,1.0,1.2480051044074274,910764.4589934835,2268217.6863134294,57.6,0.00098686,0.9904881659899714,1.0,0.0,4.060771344e-06,0.9904881659899714,21606.474719610105,0.0,79437.12543921056,101043.60015882067
2026-09-14 05:00:00+00:00,20743.13987524282,105.52416725296882,0.03712285686053828,388.373798923379,0,0.0,0.0,1.2480121805689888,348531.53534512187,265780.31520041666,0,8794800.0,0.04877301551445533,0.0,3600.0,2515.48,6289200.0,0.04906170895041129,1.0,1.2480121805689888,959498.6576871463,2389588.0036482103,57.6,0.00098686,0.9904935815841943,1.0,0.0,4.0612795559999995e-06,0.9904935815841943,21605.570168295977,0.0,79437.93353861134,101043.50370690732
2026-09-14 06:00:00+00:00,20741.985633956738,105.52416725296882,0.03712285686053828,387.21955763729414,0,0.0,0.0,1.248019259067222,348531.53534512187,265781.39474586723,0,8791200.0,0.04877301551445533,0.0,3600.0,2513.41,6285600.0,0.04906170900996143,1.0,1.248019259067222,959498.6576871463,2389588.0036482103,57.6,0.00098686,0.9904989972080277,1.0,0.0,4.061787861600001e-06,0.9904989972080277,21603.353498682896,0.0,79438.74150885025,101042.09500753315
2026-09-14 07:00:00+00:00,20740.827461634566,105.52416725296882,0.03712285686053828,386.0613853151233,0,0.0,0.0,1.2480263375937721,348531.53534512187,265782.47443082725,0,8787600.0,0.04877301551445533,0.0,3600.0,2521.97,6282000.0,0.049061709069580406,1.0,1.2480263375937721,959498.6576871463,2389588.0036482103,57.6,0.00098686,0.9905044128614714,1.0,0.0,4.0622962644e-06,0.9905044128614714,21604.774982365827,0.0,79439.54934989987,101044.32433226569
2026-09-14 08:00:00+00:00,20760.12824133802,105.52416725296882,0.03712285686053828,405.3621650185784,0,0.0,0.0,1.2480334178409505,348531.53534512187,265783.55425532325,0,8784000.0,0.04877301551445533,7.7e-05,3600.0,2517.67,6278400.0,0.049061709129267994,1.0,1.2480334178409505,959498.6576871463,2389588.0036482103,57.6,0.00098686,0.9905098285445256,1.0,0.0,4.0628047607999995e-06,0.9905098285445256,21622.24938911049,0.0,79440.35706173367,101062.60645084415
2026-09-14 09:00:00+00:00,20758.96967866764,105.52416725296882,0.03712285686053828,404.2036023481981,0,0.0,0.0,1.2480405059905892,348531.53534512187,265784.6342193818,0,8780400.0,0.04877301551445533,0.0,3600.0,2522.82,6274800.0,0.04900158223982687,1.0,1.2480405059905892,957075.7262016442,2391511.0728602735,57.6,0.00098686,0.9905265405905559,1.0,0.0,4.063313350799999e-06,0.9905265405905559,21622.50028046315,0.0,79445.10177273682,101067.60205319997
2026-09-14 10:00:00+00:00,20757.81597009205,105.52416725296882,0.03712285686053828,403.04989377261086,0,0.0,0.0,1.248047495371516,348531.53534512187,265785.7143230304,0,8776800.0,0.04877301551445533,0.0,3600.0,2512.25,6271200.0,0.049514121247270726,1.0,1.248047495371516,977860.3764256752,2375017.240083484,57.6,0.00098686,0.9904357363958113,1.0,0.0,4.063822038e-06,0.9904357363958113,21617.376021747277,0.0,79412.37354367814,101029.74956542542
2026-09-14 11:00:00+00:00,20756.664029564236,105.52416725296882,0.03712285686053828,401.89795324479593,0,0.0,0.0,1.2480546896557634,348531.53534512187,265786.7945662955,0,8773200.0,0.04877301551445533,0.0,3600.0,2508.4,6267600.0,0.04864977433905371,1.0,1.2480546896557634,942982.3549922421,2402701.598741109,57.6,0.00098686,0.9906033955201787,1.0,0.0,4.0643308188e-06,0.9906033955201787,21614.554785959604,0.0,79469.72779244342,101084.28257840301
2026-09-14 12:00:00+00:00,20755.513884638185,105.52416725296882,0.03712285686053828,400.7478083187446,0,0.0,0.0,1.2480617252699937,348531.53534512187,265787.87494920567,0,8769600.0,0.05174641885850649,0.0,3600.0,2504.49,6264000.0,0.04903704309142576,1.0,1.2480617252699937,958506.0670314905,2390381.517701287,57.6,0.00098686,0.9905361177485524,1.0,0.0,4.0648397003999995e-06,0.9905361177485524,21830.239460197405,0.0,79445.19898449373,101275.43844469114
2026-09-14 13:00:00+00:00,20754.366022101076,105.52416725296882,0.03712285686053828,399.5999457816357,0,0.0,0.0,1.2480688692626236,348531.53534512187,265788.9554717855,0,8766000.0,0.05174641885850649,0.0,3600.0,2499.52,6260400.0,0.04863300256206138,1.0,1.2480688692626236,942314.5980397391,2403233.494124391,57.6,0.00098686,0.9906172844267556,1.0,0.0,4.0653486684e-06,0.9906172844267556,21826.518564536185,0.0,79472.40760888689,101298.92617342307
2026-09-14 14:00:00+00:00,20753.217764623427,105.52416725296882,0.03712285686053828,398.45168830398546,0,0.0,0.0,1.2480759251261384,348531.53534512187,265790.03613406443,0,8762400.0,0.05174641885850649,0.0,3600.0,2500.38,6256800.0,0.04889609819053731,1.0,1.2480759251261384,952837.2238979115,2394882.205391916,57.6,0.00098686,0.9905733509024682,1.0,0.0,4.0658577408e-06,0.9905733509024682,21825.298737812525,0.0,79456.01472793496,101281.31346574749
2026-09-14 15:00:00+00:00,20752.066338436784,105.52416725296882,0.03712285686053828,397.3002621173407,0,0.0,0.0,1.2480830158345226,348531.53534512187,265791.11693606706,0,8758800.0,0.05174641885850649,0.0,3600.0,2507.28,6253200.0,0.048896098250498454,1.0,1.2480830158345226,952837.2238979115,2394882.205391916,57.6,0.00098686,0.9905787491096125,1.0,0.0,4.0663668996e-06,0.9905787491096125,21826.664129386736,0.0,79456.81537135644,101283.47950074318
2026-09-14 16:00:00+00:00,20760.640130036423,105.52416725296882,0.03712285686053828,405.8740537169809,0,0.0,0.0,1.2480901082190337,348531.53534512187,265792.17016592226,0,8755200.0,0.05174641885850649,3.649e-05,3600.0,2528.14,6249600.0,0.04889609831052977,1.0,1.2480901082190337,952837.2238979115,2394882.205391916,57.6,0.00098686,0.9905841473461746,1.0,0.0,3.9626146296000004e-06,0.9905841473461746,21843.73297980325,0.0,79457.6435971784,101301.37657698165
2026-09-14 17:00:00+00:00,20759.477149542778,105.52416725296882,0.03712285686053828,404.7110732233357,0,0.0,0.0,1.2480971447676263,348531.53534512187,265793.22350008594,0,8751600.0,0.05174641885850649,0.0,3600.0,2532.44,6246000.0,0.048896098370629915,1.0,1.2480971447676263,952837.2238979115,2394882.205391916,57.6,0.00098686,0.990589545612155,1.0,0.0,3.9629913695999995e-06,0.990589545612155,21843.966075231863,0.0,79458.47172894503,101302.4378041769
2026-09-14 18:00:00+00:00,20758.311854513868,105.52416725296882,0.03712285686053828,403.54577819442494,0,0.0,0.0,1.248104158154206,348531.53534512187,265794.27693857363,0,8748000.0,0.05174641885850649,0.0,3600.0,2537.48,6242400.0,0.04885976822641802,1.0,1.248104158154206,952837.2231855133,2399710.18149234,57.6,0.00098686,0.9906017357167266,1.0,0.0,3.9633681636e-06,0.9906017357167266,21844.512107485498,0.0,79461.66692631971,101306.17903380521
2026-09-14 19:00:00+00:00,20757.146100251768,105.52416725296882,0.03712285686053828,402.38002393232654,0,0.0,0.0,1.2481111916698295,348531.53534512187,265795.3304814,0,8744400.0,0.05174641885850649,0.0,3600.0,2538.48,6238800.0,0.04885976828661098,1.0,1.2481111916698295,952837.2231855133,2399710.18149234,57.6,0.00098686,0.9906071301616846,1.0,0.0,3.963745008e-06,0.9906071301616846,21843.327243663964,0.0,79462.49351767689,101305.82076134086
2026-09-14 20:00:00+00:00,20755.96602250655,105.52416725296882,0.03712285686053828,401.19994618710643,0,0.0,0.0,1.248118224934143,348531.53534512187,265796.38412858156,0,8740800.0,0.05174641885850649,0.0,3600.0,2569.67,6235200.0,0.04885966965214972,1.0,1.248118224934143,952833.2593886515,2399713.327615236,57.6,0.00098686,0.9906125430659675,1.0,0.0,3.96412191e-06,0.9906125430659675,21855.040277156095,0.0,79463.32643833576,101318.36671549185
2026-09-14 21:00:00+00:00,20754.797026058146,105.52416725296882,0.03712285686053828,400.0309497387035,0,0.0,0.0,1.2481252581961988,348531.53534512187,265797.4378801329,0,8737200.0,0.05174641885850649,0.0,3600.0,2545.54,6231600.0,0.04885966971248146,1.0,1.2481252581961988,952833.2593886515,2399713.327615236,57.6,0.00098686,0.9906179375591373,1.0,0.0,3.9644988624000005e-06,0.9906179375591373,21843.10221602647,0.0,79464.15283777134,101307.25505379781
2026-09-14 22:00:00+00:00,20753.634155780466,105.52416725296882,0.03712285686053828,398.86807946102334,0,0.0,0.0,1.2481322914803794,348531.53534512187,265798.4917360695,0,8733600.0,0.05174641885850649,0.0,3600.0,2532.2,6228000.0,0.04885966977288381,1.0,1.2481322914803794,952833.2593886515,2399713.327615236,57.6,0.00098686,0.9906233320816833,1.0,0.0,3.9648758688e-06,0.9906233320816833,21835.789974783027,0.0,79464.9791430601,101300.76911784313
2026-09-14 23:00:00+00:00,20752.479675693125,105.52416725296882,0.03712285686053828,397.71359937368095,0,0.0,0.0,1.2481393259741789,348531.53534512187,265799.54569640703,0,8730000.0,0.05174641885850649,0.0,3600.0,2513.93,6224400.0,0.04885966983335521,1.0,1.2481393259741789,952833.2593886515,2399713.327615236,57.6,0.00098686,0.990628726633606,1.0,0.0,3.9652529292e-06,0.990628726633606,21826.384817338134,0.0,79465.80535418668,101292.19017152482
2026-09-15 00:00:00+00:00,20754.7347388568,105.52416725296882,0.03712285686053828,399.9686625373589,0,0.0,0.0,1.248146362697395,348531.53534512187,265800.599761161,0,8726400.0,0.05174641885850649,1.285e-05,3600.0,2514.7,6220800.0,0.048859669893896784,1.0,1.248146362697395,952833.2593886515,2399713.327615236,57.6,0.00098686,0.9906341212149052,1.0,0.0,3.9656300436e-06,0.9906341212149052,21828.525827365233,0.0,79466.63147113548,101295.15729850071
2026-09-15 01:00:00+00:00,20753.580176107484,105.52416725296882,0.03712285686053828,398.8140997880427,0,0.0,0.0,1.2481534039082527,348531.53534512187,265801.6539303461,0,8722800.0,0.05174641885850649,0.0,3600.0,2514.11,6217200.0,0.04885841413497061,1.0,1.2481534039082527,952782.8252901761,2399753.357853948,57.6,0.00098686,0.9906397496630167,1.0,0.0,3.9660072084e-06,0.9906397496630167,21826.67645209757,0.0,79467.53899361234,101294.21544570991
2026-09-15 02:00:00+00:00,20752.427036981047,105.52416725296882,0.03712285686053828,397.6609606616081,0,0.0,0.0,1.2481603877680811,348531.53534512187,265802.7104847695,0,8719200.0,0.05174641885850649,0.0,3600.0,2511.01,6213600.0,0.04885118256988252,1.0,1.2481603877680811,952492.4358504772,2399983.8442125777,57.6,0.00098686,0.9906464899538988,1.0,0.0,3.9749651964e-06,0.9906464899538988,21823.757808466948,0.0,79468.8316431187,101292.58945158565
2026-09-15 03:00:00+00:00,20751.28003780233,105.52416725296882,0.03712285686053828,396.51396148289194,0,0.0,0.0,1.2481673875015566,348531.53534512187,265803.7671454731,0,8715600.0,0.05174641885850649,0.0,3600.0,2497.64,6210000.0,0.04885118263062438,1.0,1.2481673875015566,952492.4358504772,2399983.8442125777,57.6,0.00098686,0.9906518837168115,1.0,0.0,3.9753492407999995e-06,0.9906518837168115,21816.466476425347,0.0,79469.65487888432,101286.12135530967
2026-09-15 04:00:00+00:00,20750.136808928084,105.52416725296882,0.03712285686053828,395.3707326086461,0,0.0,0.0,1.2481743872350322,348531.53534512187,265804.82391210226,0,8712000.0,0.05174641885850649,0.0,3600.0,2489.43,6206400.0,0.048851182691436845,1.0,1.2481743872350322,952492.4358504772,2399983.8442125777,57.6,0.00098686,0.9906572775090915,1.0,0.0,3.9757319459999995e-06,0.9906572775090915,21811.383338362506,0.0,79470.47801895987,101281.86135732237
2026-09-15 05:00:00+00:00,20748.991022124985,105.52416725296882,0.03712285686053828,394.22494580554525,0,0.0,0.0,1.2481813712101282,348531.53534512187,265805.88078467053,0,8708400.0,0.052320185618127,0.0,3600.0,2495.0,6202800.0,0.04885118275231948,1.0,1.2481813712101282,952492.4358504772,2399983.8442125777,57.6,0.00098686,0.9906626713307392,1.0,0.0,3.976114698e-06,0.9906626713307392,21853.887283934724,0.0,79471.30106333183,101325.18834726655
2026-09-15 06:00:00+00:00,20747.84999757004,105.52416725296882,0.03712285686053828,393.0839212506,0,0.0,0.0,1.248188362578584,348531.53534512187,265806.9377631954,0,8704800.0,0.052320185618127,0.0,3600.0,2484.63,6199200.0,0.048851182813273386,1.0,1.248188362578584,952492.4358504772,2399983.8442125777,57.6,0.00098686,0.9906680651817544,1.0,0.0,3.9764975112000005e-06,0.9906680651817544,21847.699106077995,0.0,79472.1240119827,101319.8231180607
2026-09-15 07:00:00+00:00,20746.7144195207,105.52416725296882,0.03712285686053828,391.94834320125983,0,0.0,0.0,1.2481953545845426,348531.53534512187,265807.99484769354,0,8701200.0,0.052320185618127,0.0,3600.0,2472.77,6195600.0,0.04885118287429835,1.0,1.2481953545845426,952492.4358504772,2399983.8442125777,57.6,0.00098686,0.9906734590621374,1.0,0.0,3.976880382e-06,0.9906734590621374,21840.86087927858,0.0,79472.94686489599,101313.80774417457
2026-09-15 08:00:00+00:00,20724.183409124318,105.52416725296882,0.03712285686053828,369.417332804878,0,0.0,0.0,1.248202325231393,348531.53534512187,265809.05203817756,0,8697600.0,0.04891569772414818,-8.189e-05,3600.0,2475.77,6192000.0,0.04901384108748341,1.0,1.248202325231393,959038.2593589805,2394788.875562402,57.6,0.00098686,0.9906486896679653,1.0,0.0,3.977263296e-06,0.9906486896679653,21573.898813398093,0.0,79463.25675943156,101037.15557282965
2026-09-15 09:00:00+00:00,20723.04778515166,105.52416725296882,0.03712285686053828,368.28170883221907,0,0.0,0.0,1.2482093182047815,348531.53534512187,265810.1093346669,0,8694000.0,0.04891569772414818,0.0,3600.0,2472.87,6188400.0,0.04901384114885876,1.0,1.2482093182047815,959038.2593589805,2394788.875562402,57.6,0.00098686,0.9906541009794511,1.0,0.0,3.9776462784000005e-06,0.9906541009794511,21571.41658152212,0.0,79464.08547564253,101035.50205716465
2026-09-15 10:00:00+00:00,20721.90785816403,105.52416725296882,0.03712285686053828,367.1417818445922,0,0.0,0.0,1.248216302133199,348531.53534512187,265811.1667371753,0,8690400.0,0.04891569772414818,0.0,3600.0,2482.24,6184800.0,0.048936915564414596,1.0,1.248216302133199,955938.9465193319,2397248.794768946,57.6,0.00098686,0.9906737602726295,1.0,0.0,3.9780293076e-06,0.9906737602726295,21573.13860279302,0.0,79469.87995676947,101043.01855956248
2026-09-15 11:00:00+00:00,20720.771187139704,105.52416725296882,0.03712285686053828,366.0051108202655,0,0.0,0.0,1.2482233029514482,348531.53534512187,265812.2242457211,0,8686800.0,0.04891569772414818,0.0,3600.0,2475.15,6181200.0,0.04893691562583391,1.0,1.2482233029514482,955938.9465193319,2397248.794768946,57.6,0.00098686,0.990679163427637,1.0,0.0,3.9784124016e-06,0.990679163427637,21569.21895365591,0.0,79470.70561813412,101039.92457179003
2026-09-15 12:00:00+00:00,20719.633262408774,105.52416725296882,0.03712285686053828,364.8671860893366,0,0.0,0.0,1.2482303038359177,348531.53534512187,265813.2818603181,0,8683200.0,0.04891569772414818,0.0,3600.0,2477.88,6177600.0,0.04893692752651191,1.0,1.2482303038359177,955939.4230072818,2397248.4166080705,57.6,0.00098686,0.990684564421725,1.0,0.0,3.9787955424e-06,0.990684564421725,21568.664832667837,0.0,79471.53042029904,101040.19525296688
2026-09-15 13:00:00+00:00,20718.50695627749,105.52416725296882,0.03712285686053828,363.7408799580544,0,0.0,0.0,1.248237305460077,348531.53534512187,265814.3395809827,0,8679600.0,0.04891569772414818,0.0,3600.0,2452.58,6174000.0,0.04893692758807422,1.0,1.248237305460077,955939.4230072818,2397248.4166080705,57.6,0.00098686,0.990689967636935,1.0,0.0,3.9791787408e-06,0.990689967636935,21558.52121553474,0.0,79472.35589052737,101030.87710606211
2026-09-15 14:00:00+00:00,20717.40170598786,105.52416725296882,0.03712285686053828,362.6356296684244,0,0.0,0.0,1.2482443114791852,348531.53534512187,265815.3974077306,0,8676000.0,0.04891569772414818,0.0,3600.0,2406.73,6170400.0,0.04893692764970914,1.0,1.2482443114791852,955939.4230072818,2397248.4166080705,57.6,0.00098686,0.990695370881614,1.0,0.0,3.9795619932e-06,0.990695370881614,21541.370339683664,0.0,79473.18126494327,101014.55160462693
