timestamp,SPOT_amount,SPOT_cash,PERP_collateral,PERP_positions_0_amount,PERP_positions_0_entry_price,PERP_positions_0_max_leverage,PT_amount,PT_cash,PT_py_index_high,LENDING_collateral,LENDING_borrowed,LENDING_liquidation_count,SPOT_open,SPOT_high,SPOT_low,SPOT_close,SPOT_volume,PERP_mark_price,PERP_funding_rate,PT_seconds_to_expiry,PT_implied_apy,PT_asset_price,PT_sy_exchange_rate,PT_total_pt,PT_total_sy,PT_scalar_root,PT_ln_fee_rate_root,LENDING_collateral_price,LENDING_debt_price,LENDING_lending_rate,LENDING_borrowing_rate,LENDING_collateral_market_price,SPOT_balance,PERP_balance,PT_balance,LENDING_balance,net_balance
2026-08-02 00:00:00+00:00,7.218978075829967,3.3333333333321207,6658.669000000001,-7.218978075829967,1846.06,10.0,0.0,0.0,1.1049163316988413,351110.01500003337,265672.69664466893,0,1846.06,1846.06,1846.06,1846.06,0.0,1846.06,2.775e-05,10022400.0,0.05254060318860576,1.0,1.1049163316988413,1156867.8503629519,3114869.502320892,0.0,0.0,0.9838577433411293,1.0,0.0,5.853437189999999e-06,0.9838577433411293,13330.0,6658.669000000001,0.0,79769.61037773394,99758.27937773394
2026-08-02 01:00:00+00:00,7.218978075829967,3.3333333333321207,6658.669000000001,-7.218978075829967,1846.06,10.0,0.0,0.0,1.1049206952183488,351110.01500003337,265674.2521530535,0,1856.29,1856.29,1856.29,1856.29,0.0,1856.29,0.0,10018800.0,0.05254044100489308,1.0,1.1049206952183488,1156867.8503629519,3114894.1382452925,0.0,0.0,0.9838635426931098,1.0,0.0,5.8549630824e-06,0.9838635426931098,13403.850145715742,6584.81885428426,0.0,79770.09107991029,99758.76007991028
2026-08-02 02:00:00+00:00,7.218978075829967,3.3333333333321207,6658.669000000001,-7.218978075829967,1846.06,10.0,0.0,0.0,1.1049250587359736,351110.01500003337,265675.80807609414,0,1876.2,1876.2,1876.2,1876.2,0.0,1876.2,0.0,10015200.0,0.05254044103004962,1.0,1.1049250587359736,1156867.8503629519,3114894.1382452925,0.0,0.0,0.983869293891345,1.0,0.0,5.8564895615999995e-06,0.983869293891345,13547.579999205516,6441.0890007944845,0.0,79770.55446016823,99759.22346016823
2026-08-02 03:00:00+00:00,7.218978075829967,3.3333333333321207,6658.669000000001,-7.218978075829967,1846.06,10.0,0.0,0.0,1.1049294222708308,351110.01500003337,265677.364413952,0,1876.61,1876.61,1876.61,1876.61,0.0,1876.61,0.0,10011600.0,0.05254044105522393,1.0,1.1049294222708308,1156867.8503629519,3114894.1382452925,0.0,0.0,0.9838750451231992,1.0,0.0,5.8580166204e-06,0.9838750451231992,13550.539780216606,6438.1292197833955,0.0,79771.01743741299,99759.68643741298
2026-08-02 04:00:00+00:00,7.218978075829967,3.3333333333321207,6658.669000000001,-7.218978075829967,1846.06,10.0,0.0,0.0,1.1049337858229207,351110.01500003337,265678.9211667902,0,1880.23,1880.23,1880.23,1880.23,0.0,1880.23,0.0,10008000.0,0.052540441080416,1.0,1.1049337858229207,1156867.8503629519,3114894.1382452925,0.0,0.0,0.9838807963886725,1.0,0.0,5.859544266e-06,0.9838807963886725,13576.672480851112,6411.99651914889,0.0,79771.48001148138,99760.14901148138
2026-08-02 05:00:00+00:00,7.218978075829967,3.3333333333321207,6658.669000000001,-7.218978075829967,1846.06,10.0,0.0,0.0,1.1049381493922428,351110.01500003337,265680.4783347727,0,1875.67,1875.67,1875.67,1875.67,0.0,1875.67,0.0,10004400.0,0.0525404411056265,1.0,1.1049381493922428,1156867.8503629519,3114894.1382452925,0.0,0.0,0.9838865476877648,1.0,0.0,5.861072502e-06,0.9838865476877648,13543.753940825327,6444.915059174675,0.0,79771.94218220946,99760.61118220945
2026-08-02 06:00:00+00:00,7.218978075829967,3.3333333333321207,6658.669000000001,-7.218978075829967,1846.06,10.0,0.0,0.0,1.104942512978797,351110.01500003337,265682.03591806174,0,1876.72,1876.72,1876.72,1876.72,0.0,1876.72,0.0,10000800.0,0.052540441130854765,1.0,1.104942512978797,1156867.8503629519,3114894.1382452925,0.0,0.0,0.9838922990204766,1.0,0.0,5.8626013212e-06,0.9838922990204766,13551.333867804948,6437.335132195053,0.0,79772.4039494351,99761.0729494351
2026-08-02 07:00:00+00:00,7.218978075829967,3.3333333333321207,6658.669000000001,-7.218978075829967,1846.06,10.0,0.0,0.0,1.104946876582584,351110.01500003337,265683.59391681943,0,1875.32,1875.32,1875.32,1875.32,0.0,1875.32,0.0,9997200.0,0.0525404411561019,1.0,1.104946876582584,1156867.8503629519,3114894.1382452925,0.0,0.0,0.9838980503868077,1.0,0.0,5.864130723600001e-06,0.9838980503868077,13541.227298498785,6447.441701501216,0.0,79772.8653129962,99761.5343129962
2026-08-02 08:00:00+00:00,7.218978075829967,3.3333333333321207,6659.424839665184,-7.218978075829967,1846.06,10.0,0.0,0.0,1.1049512278937244,351110.01500003337,265685.1523312098,0,1867.34,1867.34,1867.34,1867.34,0.0,1867.34,5.607e-05,9993600.0,0.05264490703897451,1.0,1.1049512278937244,1161301.5514845203,3110946.7065217644,0.0,0.0,0.9838728578762702,1.0,0.0,5.8656607164e-06,0.9838728578762702,13483.619853453662,6505.804986211522,0.0,79762.46155585314,99751.88639551832
2026-08-02 09:00:00+00:00,7.218978075829967,3.3333333333321207,6659.424839665184,-7.218978075829967,1846.06,10.0,0.0,0.0,1.1049555933019635,351110.01500003337,265686.7111613941,0,1870.21,1870.21,1870.21,1870.21,0.0,1870.21,0.0,9990000.0,0.0526298853560947,1.0,1.1049555933019635,1160663.359035395,3111515.0075710034,0.0,0.0,0.9838830680415991,1.0,0.0,5.8671912888e-06,0.9838830680415991,13504.338320531295,6485.086519133889,0.0,79764.48761697061,99753.9124566358
2026-08-02 10:00:00+00:00,7.218978075829967,3.3333333333321207,6659.424839665184,-7.218978075829967,1846.06,10.0,0.0,0.0,1.104959956957407,351110.01500003337,265688.27040753537,0,1867.76,1867.76,1867.76,1867.76,0.0,1867.76,0.0,9986400.0,0.052629885381440644,1.0,1.104959956957407,1160663.359035395,3111515.0075710034,0.0,0.0,0.9838888288980937,1.0,0.0,5.8687224479999995e-06,0.9838888288980937,13486.651824245511,6502.773015419673,0.0,79764.95106523955,99754.37590490474
2026-08-02 11:00:00+00:00,7.218978075829967,3.3333333333321207,6659.424839665184,-7.218978075829967,1846.06,10.0,0.0,0.0,1.104964320630083,351110.01500003337,265689.8300697969,0,1851.75,1851.75,1851.75,1851.75,0.0,1851.75,0.0,9982800.0,0.05262988540680458,1.0,1.104964320630083,1160663.359035395,3111515.0075710034,0.0,0.0,0.9838945897883197,1.0,0.0,5.870254193999999e-06,0.9838945897883197,13371.075985251473,6618.348854413711,0.0,79765.41410923173,99754.83894889691
2026-08-02 12:00:00+00:00,7.218978075829967,3.3333333333321207,6659.424839665184,-7.218978075829967,1846.06,10.0,0.0,0.0,1.1049686843199922,351110.01500003337,265691.39014834166,0,1855.98,1855.98,1855.98,1855.98,0.0,1855.98,0.0,9979200.0,0.052629885432186496,1.0,1.1049686843199922,1160663.359035395,3111515.0075710034,0.0,0.0,0.983900350712277,1.0,0.0,5.8717865268000005e-06,0.983900350712277,13401.612262512235,6587.81257715295,0.0,79765.87674878404,99755.30158844922
2026-08-02 13:00:00+00:00,7.218978075829967,3.3333333333321207,6659.424839665184,-7.218978075829967,1846.06,10.0,0.0,0.0,1.104973048186843,351110.01500003337,265692.95064333087,0,1853.96,1853.96,1853.96,1853.96,0.0,1853.96,0.0,9975600.0,0.05262853009674551,1.0,1.104973048186843,1160605.7897855006,3111566.2726095063,0.0,0.0,0.9839065124127248,1.0,0.0,5.8733194392e-06,0.9839065124127248,13387.029926799058,6602.394912866126,0.0,79766.47968853143,99755.90452819661
2026-08-02 14:00:00+00:00,7.218978075829967,3.3333333333321207,6659.424839665184,-7.218978075829967,1846.06,10.0,0.0,0.0,1.1049774119112186,351110.01500003337,265694.5115549287,0,1854.0,1854.0,1854.0,1854.0,0.0,1854.0,0.0,9972000.0,0.0526285301221634,1.0,1.1049774119112186,1160605.7897855006,3111566.2726095063,0.0,0.0,0.9839122732618708,1.0,0.0,5.874852942e-06,0.9839122732618708,13387.318685922091,6602.106153743093,0.0,79766.94146876369,99756.36630842887
2026-08-02 15:00:00+00:00,7.218978075829967,3.3333333333321207,6659.424839665184,-7.218978075829967,1846.06,10.0,0.0,0.0,1.1049819225039008,351110.01500003337,265696.07288329914,0,1857.77,1857.77,1857.77,1857.77,0.0,1857.77,0.0,9968400.0,0.051383031093271914,1.0,1.1049819225039008,1108514.2150939242,3158035.00130173,0.0,0.0,0.9842863194270535,1.0,0.0,5.8763870352e-06,0.9842863194270535,13414.53423326797,6574.8906063972145,0.0,79896.71149506123,99886.13633472641
2026-08-02 16:00:00+00:00,7.218978075829967,3.3333333333321207,6659.617632478758,-7.218978075829967,1846.06,10.0,0.0,0.0,1.104986281421901,351110.01500003337,265697.6346286036,0,1862.37,1862.37,1862.37,1862.37,0.0,1862.37,1.434e-05,9964800.0,0.05142406936792465,1.0,1.104986281421901,1110206.0051257266,3156528.121604842,0.0,0.0,0.9842798099204597,1.0,0.0,5.8779217080000005e-06,0.9842798099204597,13447.741532416787,6541.8761000619725,0.0,79892.864196799,99882.48182927776
2026-08-02 17:00:00+00:00,7.218978075829967,3.3333333333321207,6659.617632478758,-7.218978075829967,1846.06,10.0,0.0,0.0,1.1049906451985367,351110.01500003337,265699.19679100416,0,1867.79,1867.79,1867.79,1867.79,0.0,1867.79,0.0,9961200.0,0.05142406939280075,1.0,1.1049906451985367,1110206.0051257266,3156528.121604842,0.0,0.0,0.9842854443133635,1.0,0.0,5.8794569639999995e-06,0.9842854443133635,13486.868393587785,6502.749238890973,0.0,79893.28032617539,99882.89795865415
2026-08-02 18:00:00+00:00,7.218978075829967,3.3333333333321207,6659.617632478758,-7.218978075829967,1846.06,10.0,0.0,0.0,1.1049948955191304,351110.01500003337,265700.759370664,0,1875.16,1875.16,1875.16,1875.16,0.0,1875.16,0.0,9957600.0,0.052386375485073744,1.0,1.1049948955191304,1150378.1495670339,3120777.7461908036,0.0,0.0,0.9840067992415835,1.0,0.0,5.8809928068e-06,0.9840067992415835,13540.072262006654,6449.545370472106,0.0,79793.88267118321,99783.50030366197
2026-08-02 19:00:00+00:00,7.218978075829967,3.3333333333321207,6659.617632478758,-7.218978075829967,1846.06,10.0,0.0,0.0,1.1049992447762966,351110.01500003337,265702.3223677463,0,1881.39,1881.39,1881.39,1881.39,0.0,1881.39,0.0,9954000.0,0.05238643849767333,1.0,1.1049992447762966,1150378.0733746015,3120777.8158231606,0.0,0.0,0.9840125162441306,1.0,0.0,5.882529236400001e-06,0.9840125162441306,13585.046495419074,6404.571137059685,0.0,79794.32697095093,99783.9446034297
2026-08-02 20:00:00+00:00,7.218978075829967,3.3333333333321207,6659.617632478758,-7.218978075829967,1846.06,10.0,0.0,0.0,1.1050036231578868,351110.01500003337,265703.8857824152,0,1883.04,1883.04,1883.04,1883.04,0.0,1883.04,0.0,9950400.0,0.05238637371990418,1.0,1.1050036231578868,1150378.0733746015,3120777.8158231606,0.0,0.0,0.9840182709949621,1.0,0.0,5.8840662564e-06,0.9840182709949621,13596.957809244193,6392.659823234566,0.0,79794.78410693281,99784.40173941158
2026-08-02 21:00:00+00:00,7.218978075829967,3.3333333333321207,6659.617632478758,-7.218978075829967,1846.06,10.0,0.0,0.0,1.105007987003008,351110.01500003337,265705.449614831,0,1889.74,1889.74,1889.74,1889.74,0.0,1889.74,0.0,9946800.0,0.05238637374533073,1.0,1.105007987003008,1150378.0733746015,3120777.8158231606,0.0,0.0,0.9840240066537286,1.0,0.0,5.8856038524e-06,0.9840240066537286,13645.324962352253,6344.292670126505,0.0,79795.23412175255,99784.85175423132
2026-08-02 22:00:00+00:00,7.218978075829967,3.3333333333321207,6659.617632478758,-7.218978075829967,1846.06,10.0,0.0,0.0,1.1050123541135242,351110.01500003337,265707.01386515785,0,1881.3,1881.3,1881.3,1881.3,0.0,1881.3,0.0,9943200.0,0.052358816049072,1.0,1.1050123541135242,1149214.7691787994,3121813.8309608013,0.0,0.0,0.984037866971701,1.0,0.0,5.887142038800001e-06,0.984037866971701,13584.396787392248,6405.22084508651,0.0,79798.53636787692,99788.15400035569
2026-08-02 23:00:00+00:00,7.218978075829967,3.3333333333321207,6659.617632478758,-7.218978075829967,1846.06,10.0,0.0,0.0,1.1050167179931254,351110.01500003337,265708.57853355794,0,1884.37,1884.37,1884.37,1884.37,0.0,1884.37,0.0,9939600.0,0.05235881607452142,1.0,1.1050167179931254,1149214.7691787994,3121813.8309608013,0.0,0.0,0.9840435998030901,1.0,0.0,5.8886808084e-06,0.9840435998030901,13606.559050085047,6383.058582393713,0.0,79798.98455399188,99788.60218647064
2026-08-03 00:00:00+00:00,7.218978075829967,3.3333333333321207,6660.969761510318,-7.218978075829967,1846.06,10.0,0.0,0.0,1.1050210818899606,351110.01500003337,265710.14362019545,0,1873.02,1873.02,1873.02,1873.02,0.0,1873.02,0.0001,9936000.0,0.05235881609999016,1.0,1.1050210818899606,1149214.7691787994,3121813.8309608013,0.0,0.0,0.9840493326678773,1.0,0.0,5.8902201684e-06,0.9840493326678773,13524.623648924377,6466.346112585941,0.0,79799.43233359576,99790.40209510608
2026-08-03 01:00:00+00:00,7.218978075829967,3.3333333333321207,6660.969761510318,-7.218978075829967,1846.06,10.0,0.0,0.0,1.1050254458040294,351110.01500003337,265711.7091252327,0,1866.38,1866.38,1866.38,1866.38,0.0,1866.38,0.0,9932400.0,0.05235881612547666,1.0,1.1050254458040294,1149214.7691787994,3121813.8309608013,0.0,0.0,0.9840550655660634,1.0,0.0,5.8917601116e-06,0.9840550655660634,13476.689634500866,6514.2801270094515,0.0,79799.87970652664,99790.84946803696
2026-08-03 02:00:00+00:00,7.218978075829967,3.3333333333321207,6660.969761510318,-7.218978075829967,1846.06,10.0,0.0,0.0,1.1050298097353322,351110.01500003337,265713.2750488319,0,1863.41,1863.41,1863.41,1863.41,0.0,1863.41,0.0,9928800.0,0.05235881615098226,1.0,1.1050298097353322,1149214.7691787994,3121813.8309608013,0.0,0.0,0.984060798497648,1.0,0.0,5.893300638e-06,0.984060798497648,13455.249269615651,6535.720491894667,0.0,79800.32667262212,99791.29643413244
2026-08-03 03:00:00+00:00,7.218978075829967,3.3333333333321207,6660.969761510318,-7.218978075829967,1846.06,10.0,0.0,0.0,1.1050341736838731,351110.01500003337,265714.84139115614,0,1856.18,1856.18,1856.18,1856.18,0.0,1856.18,0.0,9925200.0,0.05235881613689042,1.0,1.1050341736838731,1149214.7691787994,3121813.837138657,0.0,0.0,0.9840665314742909,1.0,0.0,5.8948417512e-06,0.9840665314742909,13403.0560581274,6587.913703382917,0.0,79800.77323581296,99791.74299732328
2026-08-03 04:00:00+00:00,7.218978075829967,3.3333333333321207,6660.969761510318,-7.218978075829967,1846.06,10.0,0.0,0.0,1.1050385376496439,351110.01500003337,265716.4081523688,0,1854.01,1854.01,1854.01,1854.01,0.0,1854.01,0.0,9921600.0,0.05235881616243265,1.0,1.1050385376496439,1149214.7691787994,3121813.837138657,0.0,0.0,0.9840722644726698,1.0,0.0,5.8963834512e-06,0.9840722644726698,13387.39087570285,6603.578885807469,0.0,79801.21938774711,99792.18914925744
2026-08-03 05:00:00+00:00,7.218978075829967,3.3333333333321207,6660.969761510318,-7.218978075829967,1846.06,10.0,0.0,0.0,1.105042903357693,351110.01500003337,265717.9753326311,0,1858.87,1858.87,1858.87,1858.87,0.0,1858.87,0.0,9918000.0,0.05234418143506758,1.0,1.105042903357693,1148597.32779063,3122363.7274247357,0.0,0.0,0.9840823015071901,1.0,0.0,5.8979257308000004e-06,0.9840823015071901,13422.475109151383,6568.494652358936,0.0,79803.1763108258,99794.14607233612
2026-08-03 06:00:00+00:00,7.218978075829967,3.3333333333321207,6660.969761510318,-7.218978075829967,1846.06,10.0,0.0,0.0,1.105047267637804,351110.01500003337,265719.5429321082,0,1848.24,1848.24,1848.24,1848.24,0.0,1848.24,0.0,9914400.0,0.05234180719567405,1.0,1.105047267637804,1148497.1786476525,3122452.9200325804,0.0,0.0,0.9840887310518663,1.0,0.0,5.8994686044e-06,0.9840887310518663,13345.73737220531,6645.232389305008,0.0,79803.86618887639,99794.83595038671
2026-08-03 07:00:00+00:00,7.218978075829967,3.3333333333321207,6660.969761510318,-7.218978075829967,1846.06,10.0,0.0,0.0,1.1050516213361172,351110.01500003337,265721.1109509615,0,1843.0,1843.0,1843.0,1843.0,0.0,1843.0,0.0,9910800.0,0.05242935403167692,1.0,1.1050516213361172,1152193.897093601,3119161.1411389164,0.0,0.0,0.9840687348005364,1.0,0.0,5.9010120576e-06,0.9840687348005364,13307.909927087961,6683.059834422357,0.0,79795.27728591871,99786.24704742903
2026-08-03 08:00:00+00:00,7.218978075829967,3.3333333333321207,6660.85436932357,-7.218978075829967,1846.06,10.0,0.0,0.0,1.1050559853707915,351110.01500003337,265722.679389355,0,1839.42,1839.42,1839.42,1839.42,0.0,1839.42,-8.69e-06,9907200.0,0.05242935405732885,1.0,1.1050559853707915,1152193.897093601,3119161.1411389164,0.0,0.0,0.9840744753412622,1.0,0.0,5.9025561012e-06,0.9840744753412622,13282.065985576492,6708.78838374708,0.0,79795.72440886556,99786.57877818913
2026-08-03 09:00:00+00:00,7.218978075829967,3.3333333333321207,6660.85436932357,-7.218978075829967,1846.06,10.0,0.0,0.0,1.1050605298623517,351110.01500003337,265724.2482474512,0,1851.8,1851.8,1851.8,1851.8,0.0,1851.8,0.0,9903600.0,0.05089958310330167,1.0,1.1050605298623517,1088733.054974561,3175704.005103635,0.0,0.0,0.984529856472568,1.0,0.0,5.904100728e-06,0.984529856472568,13371.436934155265,6619.417435168306,0.0,79954.04442661285,99944.89879593642
2026-08-03 10:00:00+00:00,7.218978075829967,3.3333333333321207,6660.85436932357,-7.218978075829967,1846.06,10.0,0.0,0.0,1.1050646842893064,351110.01500003337,265725.8175254113,0,1845.38,1845.38,1845.38,1845.38,0.0,1845.38,0.0,9900000.0,0.05267714211976671,1.0,1.1050646842893064,1162706.362717534,3109827.1960748783,0.0,0.0,0.9840132318480262,1.0,0.0,5.905645934400001e-06,0.9840132318480262,13325.091094908437,6665.763274415133,0.0,79771.08306898049,99761.93743830406
2026-08-03 11:00:00+00:00,7.218978075829967,3.3333333333321207,6660.85436932357,-7.218978075829967,1846.06,10.0,0.0,0.0,1.1050690483755683,351110.01500003337,265727.3872234006,0,1838.97,1838.97,1838.97,1838.97,0.0,1838.97,0.0,9896400.0,0.052677142145599154,1.0,1.1050690483755683,1162706.362717534,3109827.1960748783,0.0,0.0,0.9840189985094561,1.0,0.0,5.9071917348000004e-06,0.9840189985094561,13278.817445442366,6712.036923881204,0.0,79771.53810357233,99762.3924728959
2026-08-03 12:00:00+00:00,7.218978075829967,3.3333333333321207,6660.85436932357,-7.218978075829967,1846.06,10.0,0.0,0.0,1.1050734124790647,351110.01500003337,265728.9573415813,0,1842.69,1842.69,1842.69,1842.69,0.0,1842.69,0.0,9892800.0,0.05267714217145003,1.0,1.1050734124790647,1162706.362717534,3109827.1960748783,0.0,0.0,0.9840247652046807,1.0,0.0,5.9087381184e-06,0.9840247652046807,13305.672043884455,6685.182325439116,0.0,79771.99272983847,99762.84709916204
2026-08-03 13:00:00+00:00,7.218978075829967,3.3333333333321207,6660.85436932357,-7.218978075829967,1846.06,10.0,0.0,0.0,1.105077776599796,351110.01500003337,265730.5278801157,0,1858.27,1858.27,1858.27,1858.27,0.0,1858.27,0.0,9889200.0,0.052677142197320004,1.0,1.105077776599796,1162706.362717534,3109827.1960748783,0.0,0.0,0.9840305319337002,1.0,0.0,5.9102850852000006e-06,0.9840305319337002,13418.143722305886,6572.710647017686,0.0,79772.44694761652,99763.3013169401
2026-08-03 14:00:00+00:00,7.218978075829967,3.3333333333321207,6660.85436932357,-7.218978075829967,1846.06,10.0,0.0,0.0,1.1050821407377613,351110.01500003337,265732.09883916815,0,1872.82,1872.82,1872.82,1872.82,0.0,1872.82,0.0,9885600.0,0.052677142223209295,1.0,1.1050821407377613,1162706.362717534,3109827.1960748783,0.0,0.0,0.9840362986965144,1.0,0.0,5.911832642400001e-06,0.9840362986965144,13523.179853309211,6467.67451601436,0.0,79772.90075674234,99763.75512606591
2026-08-03 15:00:00+00:00,7.218978075829967,3.3333333333321207,6660.85436932357,-7.218978075829967,1846.06,10.0,0.0,0.0,1.1050865048929623,351110.01500003337,265733.6702188999,0,1862.54,1862.54,1862.54,1862.54,0.0,1862.54,0.0,9882000.0,0.052677142249117015,1.0,1.1050865048929623,1162706.362717534,3109827.1960748783,0.0,0.0,0.9840420654931241,1.0,0.0,5.9133807792e-06,0.9840420654931241,13448.968758689678,6541.885610633892,0.0,79773.35415705474,99764.20852637831
2026-08-03 16:00:00+00:00,7.218978075829967,3.3333333333321207,6661.347802980524,-7.218978075829967,1846.06,10.0,0.0,0.0,1.1050908690653973,351110.01500003337,265735.2420194743,0,1865.51,1865.51,1865.51,1865.51,0.0,1865.51,3.664e-05,9878400.0,0.05267714227504383,1.0,1.1050908690653973,1162706.362717534,3109827.1960748783,0.0,0.0,0.9840478323235291,1.0,0.0,5.9149295028e-06,0.9840478323235291,13470.409123574895,6520.938679405631,0.0,79773.80714839033,99765.15495137086
2026-08-03 17:00:00+00:00,7.218978075829967,3.3333333333321207,6661.347802980524,-7.218978075829967,1846.06,10.0,0.0,0.0,1.1050952332550672,351110.01500003337,265736.4815407352,0,1868.09,1868.09,1868.09,1868.09,0.0,1868.09,0.0,9874800.0,0.05267714230098908,1.0,1.1050952332550672,1162706.362717534,3109827.1960748783,0.0,0.0,0.9840535991877299,1.0,0.0,4.6644862032e-06,0.9840535991877299,13489.034087010536,6502.31371596999,0.0,79774.59243090544,99765.94023388597
2026-08-03 18:00:00+00:00,7.218978075829967,3.3333333333321207,6661.347802980524,-7.218978075829967,1846.06,10.0,0.0,0.0,1.1050995974619722,351110.01500003337,265737.7209916549,0,1868.11,1868.11,1868.11,1868.11,0.0,1868.11,0.0,9871200.0,0.052677142326954085,1.0,1.1050995974619722,1162706.362717534,3109827.1960748783,0.0,0.0,0.9840593660857264,1.0,0.0,4.664199744000001e-06,0.9840593660857264,13489.178466572052,6502.169336408473,0.0,79775.3777956278,99766.72559860833
2026-08-03 19:00:00+00:00,7.218978075829967,3.3333333333321207,6661.347802980524,-7.218978075829967,1846.06,10.0,0.0,0.0,1.1051039616863247,351110.01500003337,265738.95343338896,0,1869.26,1869.26,1869.26,1869.26,0.0,1869.26,0.0,9867600.0,0.05267714054940709,1.0,1.1051039616863247,1162706.286529173,3109827.265684893,0.0,0.0,0.9840651335450611,1.0,0.0,4.6378017828e-06,0.9840651335450611,13497.480291359256,6493.867511621268,0.0,79776.17036662728,99767.5181696078
2026-08-03 20:00:00+00:00,7.218978075829967,3.3333333333321207,6661.347802980524,-7.218978075829967,1846.06,10.0,0.0,0.0,1.1051083275092521,351110.01500003337,265740.18577992794,0,1868.26,1868.26,1868.26,1868.26,0.0,1868.26,0.0,9864000.0,0.052663719896578254,1.0,1.1051083275092521,1162135.7728590847,3110335.328271182,0.0,0.0,0.9840748247523742,1.0,0.0,4.6374220476e-06,0.9840748247523742,13490.261313283427,6501.086489697098,0.0,79778.34070003335,99769.68850301388
2026-08-03 21:00:00+00:00,7.218978075829967,3.3333333333321207,6661.347802980524,-7.218978075829967,1846.06,10.0,0.0,0.0,1.1051126917678686,351110.01500003337,265741.4169872709,0,1862.89,1862.89,1862.89,1862.89,0.0,1862.89,0.0,9860400.0,0.052663719922592556,1.0,1.1051126917678686,1162135.7728590847,3110335.328271182,0.0,0.0,0.9840805903423532,1.0,0.0,4.633113682800001e-06,0.9840805903423532,13451.49540101622,6539.852401964305,0.0,79779.13384907442,99770.48165205495
2026-08-03 22:00:00+00:00,7.218978075829967,3.3333333333321207,6661.347802980524,-7.218978075829967,1846.06,10.0,0.0,0.0,1.1051170560437258,351110.01500003337,265742.6480961967,0,1859.63,1859.63,1859.63,1859.63,0.0,1859.63,0.0,9856800.0,0.05266371990126473,1.0,1.1051170560437258,1162135.7728590847,3110335.3354428494,0.0,0.0,0.9840863559799509,1.0,0.0,4.632721869599999e-06,0.9840863559799509,13427.961532489015,6563.38627049151,0.0,79779.927113252,99771.27491623252
2026-08-03 23:00:00+00:00,7.218978075829967,3.3333333333321207,6661.347802980524,-7.218978075829967,1846.06,10.0,0.0,0.0,1.1051213650947576,351110.01500003337,265743.90690942976,0,1859.78,1859.78,1859.78,1859.78,0.0,1859.78,0.0,9853200.0,0.05313258679163568,1.0,1.1051213650947576,1156269.0071319228,3024722.901343549,0.0,0.0,0.9839552102982688,1.0,0.0,4.7369523132e-06,0.9839552102982688,13429.044379200388,6562.303423780137,0.0,79732.62173775642,99723.96954073694
2026-08-04 00:00:00+00:00,7.218978075829967,3.3333333333321207,6662.0686589307525,-7.218978075829967,1846.06,10.0,0.0,0.0,1.1051257294048615,351110.01500003337,265745.16572892806,0,1850.55,1850.55,1850.55,1850.55,0.0,1850.55,5.396e-05,9849600.0,0.053132586817945304,1.0,1.1051257294048615,1156269.0071319228,3024722.901343549,0.0,0.0,0.9839610252065939,1.0,0.0,4.7369534508e-06,0.9839610252065939,13362.413211560477,6629.655447370275,0.0,79733.40459080733,99725.47324973808
2026-08-04 01:00:00+00:00,7.218978075829967,3.3333333333321207,6662.0686589307525,-7.218978075829967,1846.06,10.0,0.0,0.0,1.1051300937322006,351110.01500003337,265746.4245543894,0,1866.8,1866.8,1866.8,1866.8,0.0,1866.8,0.0,9846000.0,0.05313258684427424,1.0,1.1051300937322006,1156269.0071319228,3024722.901343549,0.0,0.0,0.9839668401492834,1.0,0.0,4.7369534508e-06,0.9839668401492834,13479.721605292714,6512.347053638039,0.0,79734.18744996097,99726.25610889171
2026-08-04 02:00:00+00:00,7.218978075829967,3.3333333333321207,6662.0686589307525,-7.218978075829967,1846.06,10.0,0.0,0.0,1.105134458076776,351110.01500003337,265747.6833858147,0,1865.51,1865.51,1865.51,1865.51,0.0,1865.51,0.0,9842400.0,0.053132586870622056,1.0,1.105134458076776,1156269.0071319228,3024722.901343549,0.0,0.0,0.9839726551263378,1.0,0.0,4.7369534544e-06,0.9839726551263378,13470.409123574895,6521.65953535586,0.0,79734.9703152164,99727.03897414716
2026-08-04 03:00:00+00:00,7.218978075829967,3.3333333333321207,6662.0686589307525,-7.218978075829967,1846.06,10.0,0.0,0.0,1.1051388224385859,351110.01500003337,265748.9422232031,0,1863.56,1863.56,1863.56,1863.56,0.0,1863.56,0.0,9838800.0,0.053132586896990075,1.0,1.1051388224385859,1156269.0071319228,3024722.901343549,0.0,0.0,0.9839784701377567,1.0,0.0,4.7369534544e-06,0.9839784701377567,13456.332116327025,6535.736542603728,0.0,79735.75318657456,99727.8218455053
2026-08-04 04:00:00+00:00,7.218978075829967,3.3333333333321207,6662.0686589307525,-7.218978075829967,1846.06,10.0,0.0,0.0,1.1051431868176322,351110.01500003337,265750.2010665545,0,1867.37,1867.37,1867.37,1867.37,0.0,1867.37,0.0,9835200.0,0.053132586923376524,1.0,1.1051431868176322,1156269.0071319228,3024722.901343549,0.0,0.0,0.9839842851835412,1.0,0.0,4.7369534544e-06,0.9839842851835412,13483.836422795937,6508.232236134816,0.0,79736.53606403572,99728.60472296647
2026-08-04 05:00:00+00:00,7.218978075829967,3.3333333333321207,6662.0686589307525,-7.218978075829967,1846.06,10.0,0.0,0.0,1.1051475512139135,351110.01500003337,265751.45991587,0,1863.57,1863.57,1863.57,1863.57,0.0,1863.57,0.0,9831600.0,0.05313258694978251,1.0,1.1051475512139135,1156269.0071319228,3024722.901343549,0.0,0.0,0.9839901002636909,1.0,0.0,4.736953458e-06,0.9839901002636909,13456.404306107783,6535.66435282297,0.0,79737.31894759886,99729.3876065296
2026-08-04 06:00:00+00:00,7.218978075829967,3.3333333333321207,6662.0686589307525,-7.218978075829967,1846.06,10.0,0.0,0.0,1.105151915627431,351110.01500003337,265752.7187711486,0,1856.22,1856.22,1856.22,1856.22,0.0,1856.22,0.0,9828000.0,0.053132586976208485,1.0,1.105151915627431,1156269.0071319228,3024722.901343549,0.0,0.0,0.983995915378206,1.0,0.0,4.736953458e-06,0.983995915378206,13403.344817250434,6588.723841680319,0.0,79738.1018372649,99730.17049619564
2026-08-04 07:00:00+00:00,7.218978075829967,3.3333333333321207,6662.0686589307525,-7.218978075829967,1846.06,10.0,0.0,0.0,1.1051562800581842,351110.01500003337,265753.97763239034,0,1863.11,1863.11,1863.11,1863.11,0.0,1863.11,0.0,9824400.0,0.05313258700265311,1.0,1.1051562800581842,1156269.0071319228,3024722.901343549,0.0,0.0,0.9840017305270871,1.0,0.0,4.736953458e-06,0.9840017305270871,13453.083576192901,6538.985082737852,0.0,79738.884733034,99730.95339196475
2026-08-04 08:00:00+00:00,7.218978075829967,3.3333333333321207,6662.784884751167,-7.218978075829967,1846.06,10.0,0.0,0.0,1.105160644506173,351110.01500003337,265755.2364995962,0,1857.25,1857.25,1857.25,1857.25,0.0,1857.25,5.342e-05,9820800.0,0.05313258702911705,1.0,1.105160644506173,1156269.0071319228,3024722.901343549,0.0,0.0,0.984007545710334,1.0,0.0,4.7369534616e-06,0.984007545710334,13410.780364668539,6582.004520082629,0.0,79739.6676349052,99732.45251965636
2026-08-04 09:00:00+00:00,7.218978075829967,3.3333333333321207,6662.784884751167,-7.218978075829967,1846.06,10.0,0.0,0.0,1.105165010480672,351110.01500003337,265756.4953727653,0,1857.92,1857.92,1857.92,1857.92,0.0,1857.92,0.0,9817200.0,0.05311977482505115,1.0,1.105165010480672,1155730.575434601,3025202.341112453,0.0,0.0,0.9840170876515582,1.0,0.0,4.7369534616e-06,0.9840170876515582,13415.617079979345,6577.167804771822,0.0,79741.75903286244,99734.5439176136
2026-08-04 10:00:00+00:00,7.218978075829967,3.3333333333321207,6662.784884751167,-7.218978075829967,1846.06,10.0,0.0,0.0,1.1051693749631393,351110.01500003337,265757.75425189856,0,1866.14,1866.14,1866.14,1866.14,0.0,1866.14,0.0,9813600.0,0.053119774851547286,1.0,1.1051693749631393,1155730.575434601,3025202.341112453,0.0,0.0,0.9840229015589508,1.0,0.0,4.7369534652e-06,0.9840229015589508,13474.957079762667,6517.8278049885,0.0,79742.54147484101,99735.32635959217
2026-08-04 11:00:00+00:00,7.218978075829967,3.3333333333321207,6662.784884751167,-7.218978075829967,1846.06,10.0,0.0,0.0,1.1051737394628418,351110.01500003337,265759.0131369951,0,1871.98,1871.98,1871.98,1871.98,0.0,1871.98,0.0,9810000.0,0.053119774878064074,1.0,1.1051737394628418,1155730.575434601,3025202.341112453,0.0,0.0,0.9840287155006936,1.0,0.0,4.7369534652e-06,0.9840287155006936,13517.115911725514,6475.668973025654,0.0,79743.32392291701,99736.10880766818
2026-08-04 12:00:00+00:00,7.218978075829967,3.3333333333321207,6662.784884751167,-7.218978075829967,1846.06,10.0,0.0,0.0,1.105178103979781,351110.01500003337,265760.2720280549,0,1874.31,1874.31,1874.31,1874.31,0.0,1874.31,0.0,9806400.0,0.05311977490459907,1.0,1.105178103979781,1155730.575434601,3025202.341112453,0.0,0.0,0.9840345294767875,1.0,0.0,4.7369534652e-06,0.9840345294767875,13533.936130642198,6458.84875410897,0.0,79744.10637709073,99736.8912618419
2026-08-04 13:00:00+00:00,7.218978075829967,3.3333333333321207,6662.784884751167,-7.218978075829967,1846.06,10.0,0.0,0.0,1.1051824685139566,351110.01500003337,265761.4500293025,0,1861.13,1861.13,1861.13,1861.13,0.0,1861.13,0.0,9802800.0,0.053119774931154495,1.0,1.1051824685139566,1155730.575434601,3025202.341112453,0.0,0.0,0.9840403434872321,1.0,0.0,4.432561074000001e-06,0.9840403434872321,13438.789999602759,6553.994885148408,0.0,79744.96973313758,99737.75461788874
2026-08-04 14:00:00+00:00,7.218978075829967,3.3333333333321207,6662.784884751167,-7.218978075829967,1846.06,10.0,0.0,0.0,1.1051868330653685,351110.01500003337,265762.64942587144,0,1872.22,1872.22,1872.22,1872.22,0.0,1872.22,0.0,9799200.0,0.053119774957728794,1.0,1.1051868330653685,1155730.575434601,3025202.341112453,0.0,0.0,0.9840461575320281,1.0,0.0,4.513046803199999e-06,0.9840461575320281,13518.848466463713,6473.936418287454,0.0,79745.81170592416,99738.59659067533
2026-08-04 15:00:00+00:00,7.218978075829967,3.3333333333321207,6662.784884751167,-7.218978075829967,1846.06,10.0,0.0,0.0,1.105191197634016,351110.01500003337,265765.99078068946,0,1872.24,1872.24,1872.24,1872.24,0.0,1872.24,0.0,9795600.0,0.053119774984323076,1.0,1.105191197634016,1155730.575434601,3025202.341112453,0.0,0.0,0.9840519716111752,1.0,0.0,1.25726238072e-05,0.9840519716111752,13518.99284602523,6473.792038725938,0.0,79744.51173252269,99737.29661727385
2026-08-04 16:00:00+00:00,7.218978075829967,3.3333333333321207,6663.77102949085,-7.218978075829967,1846.06,10.0,0.0,0.0,1.1051955622199006,351110.01500003337,265767.2498190281,0,1868.99,1868.99,1868.99,1868.99,0.0,1868.99,7.309e-05,9792000.0,0.05311977501093601,1.0,1.1051955622199006,1155730.575434601,3025202.341112453,0.0,0.0,0.9840577857246742,1.0,0.0,4.737383262e-06,0.9840577857246742,13495.531167278783,6498.239862212069,0.0,79745.2940876619,99739.06511715276
2026-08-04 17:00:00+00:00,7.218978075829967,3.3333333333321207,6663.77102949085,-7.218978075829967,1846.06,10.0,0.0,0.0,1.1051999377214365,351110.01500003337,265769.0605667373,0,1868.59,1868.59,1868.59,1868.59,0.0,1868.59,0.0,9788400.0,0.05302726592020646,1.0,1.1051999377214365,1151847.8934889303,3028659.7729873443,0.0,0.0,0.9840904323043785,1.0,0.0,6.8132606328e-06,0.9840904323043785,13492.64357604845,6501.127453442401,0.0,79754.94588104234,99748.71691053319
2026-08-04 18:00:00+00:00,7.218978075829967,3.3333333333321207,6663.77102949085,-7.218978075829967,1846.06,10.0,0.0,0.0,1.1052043023418372,351110.01500003337,265770.84435948846,0,1874.5,1874.5,1874.5,1874.5,0.0,1874.5,0.0,9784800.0,0.05302726594681162,1.0,1.1052043023418372,1151847.8934889303,3028659.7729873443,0.0,0.0,0.9840962367764438,1.0,0.0,6.7117924152e-06,0.9840962367764438,13535.307736476605,6458.463293014245,0.0,79755.20009656512,99748.97112605597
2026-08-04 19:00:00+00:00,7.218978075829967,3.3333333333321207,6663.77102949085,-7.218978075829967,1846.06,10.0,0.0,0.0,1.1052086669796897,351110.01500003337,265772.5980291493,0,1874.46,1874.46,1874.46,1874.46,0.0,1874.46,0.0,9781200.0,0.05302726414442649,1.0,1.1052086669796897,1151847.81730343,3028659.842575563,0.0,0.0,0.9841020418128996,1.0,0.0,6.5984057784e-06,0.9841020418128996,13535.018977353573,6458.752052137278,0.0,79755.48463334137,99749.25566283222
2026-08-04 20:00:00+00:00,7.218978075829967,3.3333333333321207,6663.77102949085,-7.218978075829967,1846.06,10.0,0.0,0.0,1.1052130316386173,351110.01500003337,265774.00374355074,0,1875.82,1875.82,1875.82,1875.82,0.0,1875.82,0.0,9777600.0,0.05302722976336427,1.0,1.1052130316386173,1151846.3747747054,3028661.1271189754,0.0,0.0,0.9841078563230009,1.0,0.0,5.289148296000001e-06,0.9841078563230009,13544.8367875367,6448.934241954151,0.0,79756.1204516688,99749.89148115965
2026-08-04 21:00:00+00:00,7.218978075829967,3.3333333333321207,6663.77102949085,-7.218978075829967,1846.06,10.0,0.0,0.0,1.1052173963107275,351110.01500003337,265775.26619562745,0,1871.35,1871.35,1871.35,1871.35,0.0,1871.35,0.0,9774000.0,0.05302722979002805,1.0,1.1052173963107275,1151846.3747747054,3028661.1271189754,0.0,0.0,0.9841136608939725,1.0,0.0,4.7500848863999995e-06,0.9841136608939725,13512.567955537741,6481.203073953111,0.0,79756.89604259294,99750.6670720838
2026-08-04 22:00:00+00:00,7.218978075829967,3.3333333333321207,6663.77102949085,-7.218978075829967,1846.06,10.0,0.0,0.0,1.1052217610000752,351110.01500003337,265776.9151136028,0,1874.71,1874.71,1874.71,1874.71,0.0,1874.71,0.0,9770400.0,0.053027229816711596,1.0,1.1052217610000752,1151846.3747747054,3028661.1271189754,0.0,0.0,0.9841194654991813,1.0,0.0,6.204162200399999e-06,0.9841194654991813,13536.82372187253,6456.947307618321,0.0,79757.28517963953,99751.05620913037
2026-08-04 23:00:00+00:00,7.218978075829967,3.3333333333321207,6663.77102949085,-7.218978075829967,1846.06,10.0,0.0,0.0,1.105226125706659,351110.01500003337,265778.5660364916,0,1868.9,1868.9,1868.9,1868.9,0.0,1868.9,0.0,9766800.0,0.0530272298434149,1.0,1.105226125706659,1151846.3747747054,3028661.1271189754,0.0,0.0,0.9841252701386273,1.0,0.0,6.2116672572e-06,0.9841252701386273,13494.881459251957,6498.889570238893,0.0,79757.6723237937,99751.44335328454
2026-08-05 00:00:00+00:00,7.218978075829967,3.3333333333321207,6664.237327326131,-7.218978075829967,1846.06,10.0,0.0,0.0,1.1052306486033847,351110.01500003337,265780.2181129741,0,1863.09,1863.09,1863.09,1863.09,0.0,1863.09,3.467e-05,9763200.0,0.053027162971498454,1.0,1.1052306486033847,1151846.3747747054,3028661.1271189754,0.0,0.0,0.9841310941683382,1.0,0.0,6.2159690772e-06,0.9841310941683382,13452.939196631385,6541.298130694747,0.0,79758.06512247038,99752.30244979651
2026-08-05 01:00:00+00:00,7.218978075829967,3.3333333333321207,6664.237327326131,-7.218978075829967,1846.06,10.0,0.0,0.0,1.1052350133450706,351110.01500003337,265781.896651036,0,1872.57,1872.57,1872.57,1872.57,0.0,1872.57,0.0,9759600.0,0.053027162973555475,1.0,1.1052350133450706,1151846.3747747054,3028661.1271189754,0.0,0.0,0.9841368988763763,1.0,0.0,6.3154917e-06,0.9841368988763763,13521.375108790253,6472.862218535879,0.0,79758.42467553483,99752.66200286096
2026-08-05 02:00:00+00:00,7.218978075829967,3.3333333333321207,6664.237327326131,-7.218978075829967,1846.06,10.0,0.0,0.0,1.1052393781039933,351110.01500003337,265783.51918585127,0,1873.7,1873.7,1873.7,1873.7,0.0,1873.7,0.0,9756000.0,0.05302716297561405,1.0,1.1052393781039933,1151846.3747747054,3028661.1271189754,0.0,0.0,0.9841427036186524,1.0,0.0,6.1047418319999995e-06,0.9841427036186524,13529.532554015941,6464.70477331019,0.0,79758.84024386719,99753.07757119332
2026-08-05 03:00:00+00:00,7.218978075829967,3.3333333333321207,6664.237327326131,-7.218978075829967,1846.06,10.0,0.0,0.0,1.1052437428801531,351110.01500003337,265785.1386864081,0,1866.86,1866.86,1866.86,1866.86,0.0,1866.86,0.0,9752400.0,0.05302716297767396,1.0,1.1052437428801531,1151846.3747747054,3028661.1271189754,0.0,0.0,0.9841485083951667,1.0,0.0,6.0932883564e-06,0.9841485083951667,13480.154743977264,6514.082583348868,0.0,79759.25885847933,99753.49618580546
2026-08-05 04:00:00+00:00,7.218978075829967,3.3333333333321207,6664.237327326131,-7.218978075829967,1846.06,10.0,0.0,0.0,1.1052481076735505,351110.01500003337,265786.75677732733,0,1866.47,1866.47,1866.47,1866.47,0.0,1866.47,0.0,9748800.0,0.053027162979735865,1.0,1.1052481076735505,1151846.3747747054,3028661.1271189754,0.0,0.0,0.9841543132059192,1.0,0.0,6.0879475871999994e-06,0.9841543132059192,13477.339342527692,6516.897984798441,0.0,79759.67889475048,99753.91622207662
2026-08-05 05:00:00+00:00,7.218978075829967,3.3333333333321207,6664.237327326131,-7.218978075829967,1846.06,10.0,0.0,0.0,1.1052524724841852,351110.01500003337,265788.3746534749,0,1872.51,1872.51,1872.51,1872.51,0.0,1872.51,0.0,9745200.0,0.05302716298179866,1.0,1.1052524724841852,1151846.3747747054,3028661.1271189754,0.0,0.0,0.9841601180509104,1.0,0.0,6.087102469200001e-06,0.9841601180509104,13520.941970105703,6473.295357220428,0.0,79760.09915781487,99754.336485141
2026-08-05 06:00:00+00:00,7.218978075829967,3.3333333333321207,6664.237327326131,-7.218978075829967,1846.06,10.0,0.0,0.0,1.1052567881790256,351110.01500003337,265789.98299010197,0,1868.84,1868.84,1868.84,1868.84,0.0,1868.84,0.0,9741600.0,0.05347460303361373,1.0,1.1052567881790256,1170703.1930236747,3011873.547204257,0.0,0.0,0.9840367812170214,1.0,0.0,6.0511742208e-06,0.9840367812170214,13494.448320567408,6499.789006758724,0.0,79715.18602359097,99709.4233509171
2026-08-05 07:00:00+00:00,7.218978075829967,3.3333333333321207,6664.237327326131,-7.218978075829967,1846.06,10.0,0.0,0.0,1.105261153023941,351110.01500003337,265791.6001379758,0,1871.85,1871.85,1871.85,1871.85,0.0,1871.85,0.0,9738000.0,0.05347460303569851,1.0,1.105261153023941,1170703.1930236747,3011873.547204257,0.0,0.0,0.9840426330901293,1.0,0.0,6.0842885652e-06,0.9840426330901293,13516.177444575655,6478.059882750476,0.0,79715.62352697179,99709.86085429792
2026-08-05 08:00:00+00:00,7.218978075829967,3.3333333333321207,6664.32003405633,-7.218978075829967,1846.06,10.0,0.0,0.0,1.1052655178860937,351110.01500003337,265793.21195440146,0,1868.98,1868.98,1868.98,1868.98,0.0,1868.98,6.13e-06,9734400.0,0.05347460303778373,1.0,1.1052655178860937,1170703.1930236747,3011873.547204257,0.0,0.0,0.9840484849980373,1.0,0.0,6.0641929152e-06,0.9840484849980373,13495.458977498025,6498.861056558307,0.0,79716.06637401955,99710.38640807588
2026-08-05 09:00:00+00:00,7.218978075829967,3.3333333333321207,6664.32003405633,-7.218978075829967,1846.06,10.0,0.0,0.0,1.1052699157942236,351110.01500003337,265794.7792841433,0,1870.98,1870.98,1870.98,1870.98,0.0,1870.98,0.0,9730800.0,0.05317380265787586,1.0,1.1052699157942236,1158005.569062586,3023180.071592151,0.0,0.0,0.9841410523896637,1.0,0.0,5.896783854e-06,0.9841410523896637,13509.896933649685,6484.423100406647,0.0,79747.0003825401,99741.32041659644
2026-08-05 10:00:00+00:00,7.218978075829967,3.3333333333321207,6664.32003405633,-7.218978075829967,1846.06,10.0,0.0,0.0,1.1052742831853175,351110.01500003337,265796.0513906794,0,1867.38,1867.38,1867.38,1867.38,0.0,1867.38,0.0,9727200.0,0.05301861303430022,1.0,1.1052742831853175,1151486.5577377721,3028985.2943183496,0.0,0.0,0.9841916076168581,1.0,0.0,4.786036412400001e-06,0.9841916076168581,13483.908612576697,6510.411421479634,0.0,79763.47872258263,99757.79875663896
2026-08-05 11:00:00+00:00,7.218978075829967,3.3333333333321207,6664.32003405633,-7.218978075829967,1846.06,10.0,0.0,0.0,1.1052786858131098,351110.01500003337,265797.4745975866,0,1867.93,1867.93,1867.93,1867.93,0.0,1867.93,0.0,9723600.0,0.05280773671410044,1.0,1.1052786858131098,1142673.0026191073,3036834.208634763,0.0,0.0,0.9842581904639548,1.0,0.0,5.3544930012e-06,0.9842581904639548,13487.879050518402,6506.440983537927,0.0,79785.43342011824,99779.75345417457
2026-08-05 12:00:00+00:00,7.218978075829967,3.3333333333321207,6664.32003405633,-7.218978075829967,1846.06,10.0,0.0,0.0,1.1052830507445028,351110.01500003337,265798.96378524863,0,1875.22,1875.22,1875.22,1875.22,0.0,1875.22,0.0,9720000.0,0.052807736716165454,1.0,1.1052830507445028,1142673.0026191073,3036834.208634763,0.0,0.0,0.9842639725062362,1.0,0.0,5.6026999224e-06,0.9842639725062362,13540.505400691203,6453.8146333651275,0.0,79785.97436540842,99780.29439946475
2026-08-05 13:00:00+00:00,7.218978075829967,3.3333333333321207,6664.32003405633,-7.218978075829967,1846.06,10.0,0.0,0.0,1.1052874156931336,351110.01500003337,265800.4855485292,0,1877.85,1877.85,1877.85,1877.85,0.0,1877.85,0.0,9716400.0,0.05280773671823202,1.0,1.1052874156931336,1142673.0026191073,3036834.208634763,0.0,0.0,0.9842697545824843,1.0,0.0,5.7252251952e-06,0.9842697545824843,13559.491313030636,6434.828721025696,0.0,79786.48274700606,99780.80278106239
2026-08-05 14:00:00+00:00,7.218978075829967,3.3333333333321207,6664.32003405633,-7.218978075829967,1846.06,10.0,0.0,0.0,1.1052917967392608,351110.01500003337,265801.72319080745,0,1875.06,1875.06,1875.06,1875.06,0.0,1875.06,0.0,9712800.0,0.052661374956012086,1.0,1.1052917967392608,1136579.8107095466,3042260.837472771,0.0,0.0,0.9843176842671539,1.0,0.0,4.6562721444e-06,0.9843176842671539,13539.35036419907,6454.969669857261,0.0,79802.07369703107,99796.3937310874
2026-08-05 15:00:00+00:00,7.218978075829967,3.3333333333321207,6664.32003405633,-7.218978075829967,1846.06,10.0,0.0,0.0,1.105296161722431,351110.01500003337,265802.9943444335,0,1872.91,1872.91,1872.91,1872.91,0.0,1872.91,0.0,9709200.0,0.052661374958075546,1.0,1.105296161722431,1136579.8107095466,3042260.837472771,0.0,0.0,0.9843234510367239,1.0,0.0,4.7823263568e-06,0.9843234510367239,13523.829561336037,6470.490472720294,0.0,79802.82731395529,99797.14734801163
2026-08-05 16:00:00+00:00,7.218978075829967,3.3333333333321207,6664.737773842012,-7.218978075829967,1846.06,10.0,0.0,0.0,1.1053005267228388,351110.01500003337,265804.64431355085,0,1894.79,1894.79,1894.79,1894.79,0.0,1894.79,3.054e-05,9705600.0,0.052661374960141005,1.0,1.1053005267228388,1136579.8107095466,3042260.837472771,0.0,0.0,0.9843292178400792,1.0,0.0,6.20746956e-06,0.9843292178400792,13681.780801635196,6312.956972206817,0.0,79803.2021272505,99797.9399010925
2026-08-05 17:00:00+00:00,7.218978075829967,3.3333333333321207,6664.737773842012,-7.218978075829967,1846.06,10.0,0.0,0.0,1.1053048917404853,351110.01500003337,265806.2579575544,0,1915.93,1915.93,1915.93,1915.93,0.0,1915.93,0.0,9702000.0,0.05266137496220824,1.0,1.1053048917404853,1136579.8107095466,3042260.837472771,0.0,0.0,0.98433498467722,1.0,0.0,6.0707709216e-06,0.98433498467722,13834.389998158242,6160.347775683771,0.0,79803.61327752192,99798.35105136392
2026-08-05 18:00:00+00:00,7.218978075829967,3.3333333333321207,6664.737773842012,-7.218978075829967,1846.06,10.0,0.0,0.0,1.10530925677537,351110.01500003337,265807.87201815686,0,1917.23,1917.23,1917.23,1917.23,0.0,1917.23,0.0,9698400.0,0.052661374964276364,1.0,1.10530925677537,1136579.8107095466,3042260.837472771,0.0,0.0,0.984340751548147,1.0,0.0,6.072301360800001e-06,0.984340751548147,13843.77466965682,6150.963104185193,0.0,79804.02402305714,99798.76179689914
2026-08-05 19:00:00+00:00,7.218978075829967,3.3333333333321207,6664.737773842012,-7.218978075829967,1846.06,10.0,0.0,0.0,1.1053136325779582,351110.01500003337,265809.47921676474,0,1916.09,1916.09,1916.09,1916.09,0.0,1916.09,0.0,9694800.0,0.05256353800902347,1.0,1.1053136325779582,1132518.6941273215,3045877.8071846548,0.0,0.0,0.9843746452897483,1.0,0.0,6.0464490263999995e-06,0.9843746452897483,13835.545034650373,6159.19273919164,0.0,79814.31725657132,99809.05503041332
2026-08-05 20:00:00+00:00,7.218978075829967,3.3333333333321207,6664.737773842012,-7.218978075829967,1846.06,10.0,0.0,0.0,1.105317997647362,351110.01500003337,265810.7230372208,0,1916.19,1916.19,1916.19,1916.19,0.0,1916.19,0.0,9691200.0,0.05256353801109115,1.0,1.105317997647362,1132518.6941273215,3045877.8071846548,0.0,0.0,0.9843804019483983,1.0,0.0,4.6793573712e-06,0.9843804019483983,13836.266932457957,6158.470841384055,0.0,79815.09465662017,99809.83243046218
2026-08-05 21:00:00+00:00,7.218978075829967,3.3333333333321207,6664.737773842012,-7.218978075829967,1846.06,10.0,0.0,0.0,1.1053223627340036,351110.01500003337,265812.1111682661,0,1907.75,1907.75,1907.75,1907.75,0.0,1907.75,0.0,9687600.0,0.05256353801316038,1.0,1.1053223627340036,1132518.6941273215,3045877.8071846548,0.0,0.0,0.9843861586407133,1.0,0.0,5.2222401144000005e-06,0.9843861586407133,13775.338757497952,6219.399016344061,0.0,79815.72775789996,99810.46553174197
2026-08-05 22:00:00+00:00,7.218978075829967,3.3333333333321207,6664.737773842012,-7.218978075829967,1846.06,10.0,0.0,0.0,1.1053267211276154,351110.01500003337,265813.39662785287,0,1906.0,1906.0,1906.0,1906.0,0.0,1906.0,0.0,9684000.0,0.05262460448590511,1.0,1.1053267211276154,1132518.6941273215,3036827.290034702,0.0,0.0,0.9843743784093775,1.0,0.0,4.835959027199999e-06,0.9843743784093775,13762.705545865248,6232.032227976763,0.0,79810.30614111217,99805.04391495418
2026-08-05 23:00:00+00:00,7.218978075829967,3.3333333333321207,6664.737773842012,-7.218978075829967,1846.06,10.0,0.0,0.0,1.1053310862487078,351110.01500003337,265814.6821014503,0,1907.95,1907.95,1907.95,1907.95,0.0,1907.95,0.0,9680400.0,0.052624604487979454,1.0,1.1053310862487078,1132518.6941273215,3036827.290034702,0.0,0.0,0.9843801415857611,1.0,0.0,4.8359883492e-06,0.9843801415857611,13776.782553113118,6217.955220728894,0.0,79811.04417646129,99805.7819503033
2026-08-06 00:00:00+00:00,7.218978075829967,3.3333333333321207,6664.792082189531,-7.218978075829967,1846.06,10.0,0.0,0.0,1.1053354678829987,351110.01500003337,265815.9675890566,0,1909.39,1909.39,1909.39,1909.39,0.0,1909.39,3.94e-06,9676800.0,0.052474491351310215,1.0,1.1053354678829987,1126311.1013462779,3042356.16352737,0.0,0.0,0.984428984846526,1.0,0.0,4.836017664e-06,0.984428984846526,13787.177881542313,6207.614200647218,0.0,79826.90804687474,99821.70012906427
2026-08-06 01:00:00+00:00,7.218978075829967,3.3333333333321207,6664.792082189531,-7.218978075829967,1846.06,10.0,0.0,0.0,1.1053398330386335,351110.01500003337,265817.2530906739,0,1905.93,1905.93,1905.93,1905.93,0.0,1905.93,0.0,9673200.0,0.05247449135338211,1.0,1.1053398330386335,1126311.1013462779,3042356.16352737,0.0,0.0,0.9844347323153643,1.0,0.0,4.836046986000001e-06,0.9844347323153643,13762.200217399943,6232.5918647895905,0.0,79827.64053912752,99822.43262131704
2026-08-06 02:00:00+00:00,7.218978075829967,3.3333333333321207,6664.792082189531,-7.218978075829967,1846.06,10.0,0.0,0.0,1.1053441982115069,351110.01500003337,265818.5682192025,0,1898.17,1898.17,1898.17,1898.17,0.0,1898.17,0.0,9669600.0,0.052474491355455344,1.0,1.1053441982115069,1126311.1013462779,3042356.16352737,0.0,0.0,0.9844404798177586,1.0,0.0,4.947478992e-06,0.9844404798177586,13706.180947531502,6288.611134658031,0.0,79828.34341625078,99823.1354984403
2026-08-06 03:00:00+00:00,7.218978075829967,3.3333333333321207,6664.792082189531,-7.218978075829967,1846.06,10.0,0.0,0.0,1.1053485634016194,351110.01500003337,265819.8833911675,0,1897.94,1897.94,1897.94,1897.94,0.0,1897.94,0.0,9666000.0,0.05247449135752991,1.0,1.1053485634016194,1126311.1013462779,3042356.16352737,0.0,0.0,0.984446227353709,1.0,0.0,4.947617919599999e-06,0.984446227353709,13704.52058257406,6290.271499615472,0.0,79829.04626171954,99823.83834390907
2026-08-06 04:00:00+00:00,7.218978075829967,3.3333333333321207,6664.792082189531,-7.218978075829967,1846.06,10.0,0.0,0.0,1.105352928693672,351110.01500003337,265821.1585704896,0,1906.84,1906.84,1906.84,1906.84,0.0,1906.84,0.0,9662400.0,0.05247372064284783,1.0,1.105352928693672,1126279.3229295707,3042384.5910032843,0.0,0.0,0.9844521958032043,1.0,0.0,4.7971440179999996e-06,0.9844521958032043,13768.769487448946,6226.022594740586,0.0,79829.86666478921,99824.65874697873
2026-08-06 05:00:00+00:00,7.218978075829967,3.3333333333321207,6664.792082189531,-7.218978075829967,1846.06,10.0,0.0,0.0,1.1053572939182623,351110.01500003337,265822.4337470464,0,1913.49,1913.49,1913.49,1913.49,0.0,1913.49,0.0,9658800.0,0.05247372064492528,1.0,1.1053572939182623,1126279.3229295707,3042384.5910032843,0.0,0.0,0.9844579433252616,1.0,0.0,4.7971106028e-06,0.9844579433252616,13816.775691653216,6178.016390536316,0.0,79830.60950078821,99825.40158297773
2026-08-06 06:00:00+00:00,7.218978075829967,3.3333333333321207,6664.792082189531,-7.218978075829967,1846.06,10.0,0.0,0.0,1.1053616591600919,351110.01500003337,265823.7089208369,0,1912.8,1912.8,1912.8,1912.8,0.0,1912.8,0.0,9655200.0,0.05247372064700495,1.0,1.1053616591600919,1126279.3229295707,3042384.5910032843,0.0,0.0,0.9844636908808745,1.0,0.0,4.797077184e-06,0.9844636908808745,13811.794596780894,6182.9974854086395,0.0,79831.35235133511,99826.14443352463
2026-08-06 07:00:00+00:00,7.218978075829967,3.3333333333321207,6664.792082189531,-7.218978075829967,1846.06,10.0,0.0,0.0,1.1053660244191603,351110.01500003337,265824.98409186094,0,1908.52,1908.52,1908.52,1908.52,0.0,1908.52,0.0,9651600.0,0.05247372064908529,1.0,1.1053660244191603,1126279.3229295707,3042384.5910032843,0.0,0.0,0.9844694384700434,1.0,0.0,4.797043765200001e-06,0.9844694384700434,13780.897370616342,6213.894711573192,0.0,79832.09521643043,99826.88729861996
2026-08-06 08:00:00+00:00,7.218978075829967,3.3333333333321207,6664.9285598056695,-7.218978075829967,1846.06,10.0,0.0,0.0,1.105370389695468,351110.01500003337,265826.2592601194,0,1915.44,1915.44,1915.44,1915.44,0.0,1915.44,9.87e-06,9648000.0,0.05247372065116784,1.0,1.105370389695468,1126279.3229295707,3042384.5910032843,0.0,0.0,0.9844751860927684,1.0,0.0,4.79701035e-06,0.9844751860927684,13830.852698901084,6164.075860904585,0.0,79832.83809607313,99827.7666558788
2026-08-06 09:00:00+00:00,7.218978075829967,3.3333333333321207,6664.9285598056695,-7.218978075829967,1846.06,10.0,0.0,0.0,1.10537478113553,351110.01500003337,265827.82897997444,0,1906.68,1906.68,1906.68,1906.68,0.0,1906.68,0.0,9644400.0,0.05223584000784931,1.0,1.10537478113553,1116488.7247950567,3051105.357018972,0.0,0.0,0.9845489931089656,1.0,0.0,5.9050419804e-06,0.9845489931089656,13767.614450956815,6227.3141088488555,0.0,79857.18275878223,99852.11131858791
2026-08-06 10:00:00+00:00,7.218978075829967,3.3333333333321207,6664.9285598056695,-7.218978075829967,1846.06,10.0,0.0,0.0,1.1053791493974068,351110.01500003337,265829.18990159815,0,1901.78,1901.78,1901.78,1901.78,0.0,1901.78,0.0,9640800.0,0.05220899544942137,1.0,1.1053791493974068,1115387.3964283941,3052086.3730569743,0.0,0.0,0.9845623946506334,1.0,0.0,5.1195472848e-06,0.9845623946506334,13732.241458385246,6262.6871014204235,0.0,79860.52725265455,99855.45581246022
2026-08-06 11:00:00+00:00,7.218978075829967,3.3333333333321207,6664.9285598056695,-7.218978075829967,1846.06,10.0,0.0,0.0,1.105383514725547,351110.01500003337,265830.8969434313,0,1906.89,1906.89,1906.89,1906.89,0.0,1906.89,0.0,9637200.0,0.052208995451497486,1.0,1.105383514725547,1115387.3964283941,3052086.3730569743,0.0,0.0,0.984568114542518,1.0,0.0,6.4215534528e-06,0.984568114542518,13769.130436352738,6225.798123452932,0.0,79860.8285221468,99855.75708195247
2026-08-06 12:00:00+00:00,7.218978075829967,3.3333333333321207,6664.9285598056695,-7.218978075829967,1846.06,10.0,0.0,0.0,1.105387880070927,351110.01500003337,265832.8248706872,0,1898.19,1898.19,1898.19,1898.19,0.0,1898.19,0.0,9633600.0,0.05220899545357516,1.0,1.105387880070927,1115387.3964283941,3052086.3730569743,0.0,0.0,0.9845738344676328,1.0,0.0,7.252431102e-06,0.9845738344676328,13706.325327093018,6288.603232712652,0.0,79860.9089178837,99855.83747768938
2026-08-06 13:00:00+00:00,7.218978075829967,3.3333333333321207,6664.9285598056695,-7.218978075829967,1846.06,10.0,0.0,0.0,1.1053922753503072,351110.01500003337,265834.2184494588,0,1906.47,1906.47,1906.47,1906.47,0.0,1906.47,0.0,9630000.0,0.05193689036325222,1.0,1.1053922753503072,1104264.6316864146,3061994.652594699,0.0,0.0,0.9846573184030967,1.0,0.0,5.2422988752e-06,0.9846573184030967,13766.09846556089,6228.83009424478,0.0,79888.82738494512,99883.7559447508
2026-08-06 14:00:00+00:00,7.218978075829967,3.3333333333321207,6664.9285598056695,-7.218978075829967,1846.06,10.0,0.0,0.0,1.1053965249790598,351110.01500003337,265835.6131487279,0,1914.06,1914.06,1914.06,1914.06,0.0,1914.06,0.0,9626400.0,0.05193695678540511,1.0,1.1053965249790598,1104264.6316864146,3061994.652594699,0.0,0.0,0.984662990796306,1.0,0.0,5.2464863952e-06,0.984662990796306,13820.89050915644,6174.038050649232,0.0,79889.42431974079,99884.35287954647
2026-08-06 15:00:00+00:00,7.218978075829967,3.3333333333321207,6664.9285598056695,-7.218978075829967,1846.06,10.0,0.0,0.0,1.1054009018621043,351110.01500003337,265836.9906282471,0,1909.88,1909.88,1909.88,1909.88,0.0,1909.88,0.0,9622800.0,0.05183790634779806,1.0,1.1054009018621043,1100234.1295619654,3065585.2701210137,0.0,0.0,0.9846969751658606,1.0,0.0,5.181683274e-06,0.9846969751658606,13790.71518079947,6204.2133790062,0.0,79899.97909272573,99894.9076525314
2026-08-06 16:00:00+00:00,7.218978075829967,3.3333333333321207,6665.064986120862,-7.218978075829967,1846.06,10.0,0.0,0.0,1.1054052672761456,351110.01500003337,265838.33735799877,0,1914.72,1914.72,1914.72,1914.72,0.0,1914.72,9.87e-06,9619200.0,0.05183790637469454,1.0,1.1054052672761456,1100234.1295619654,3065585.2701210137,0.0,0.0,0.9847026561815464,1.0,0.0,5.065985502e-06,0.9847026561815464,13825.655034686486,6169.409951434376,0.0,79900.62702447671,99895.69201059757
2026-08-06 17:00:00+00:00,7.218978075829967,3.3333333333321207,6665.064986120862,-7.218978075829967,1846.06,10.0,0.0,0.0,1.1054096327074274,351110.01500003337,265839.97457085364,0,1913.1,1913.1,1913.1,1913.1,0.0,1913.1,0.0,9615600.0,0.05183790640161123,1.0,1.1054096327074274,1100234.1295619654,3065585.2701210137,0.0,0.0,0.9847083372300077,1.0,0.0,6.1586595432e-06,0.9847083372300077,13813.960290203642,6181.104695917222,0.0,79900.98448463227,99896.04947075313
2026-08-06 18:00:00+00:00,7.218978075829967,3.3333333333321207,6665.064986120862,-7.218978075829967,1846.06,10.0,0.0,0.0,1.1054139093802418,351110.01500003337,265841.2562308226,0,1905.21,1905.21,1905.21,1905.21,0.0,1905.21,0.0,9612000.0,0.05260368537427906,1.0,1.1054139093802418,1131649.8123435334,3037607.888936492,0.0,0.0,0.9844956117562039,1.0,0.0,4.8211593516e-06,0.9844956117562039,13757.002553185344,6238.062432935519,0.0,79825.01278036518,99820.07776648605
2026-08-06 19:00:00+00:00,7.218978075829967,3.3333333333321207,6665.064986120862,-7.218978075829967,1846.06,10.0,0.0,0.0,1.1054182748458667,351110.01500003337,265842.6026601076,0,1908.77,1908.77,1908.77,1908.77,0.0,1908.77,0.0,9608400.0,0.05260368355064693,1.0,1.1054182748458667,1131649.7361889349,3037607.9584806086,0.0,0.0,0.9845013739291381,1.0,0.0,5.0647739724e-06,0.9845013739291381,13782.702115135298,6212.362870985565,0.0,79825.68950770551,99820.75449382637
2026-08-06 20:00:00+00:00,7.218978075829967,3.3333333333321207,6665.064986120862,-7.218978075829967,1846.06,10.0,0.0,0.0,1.1054226403285168,351110.01500003337,265844.0606132531,0,1906.16,1906.16,1906.16,1906.16,0.0,1906.16,0.0,9604800.0,0.0526036835780328,1.0,1.1054226403285168,1131649.7361889349,3037607.9584806086,0.0,0.0,0.9845071356081223,1.0,0.0,5.484256974e-06,0.9845071356081223,13763.860582357383,6231.2044037634805,0.0,79826.25453775463,99821.3195238755
2026-08-06 21:00:00+00:00,7.218978075829967,3.3333333333321207,6665.064986120862,-7.218978075829967,1846.06,10.0,0.0,0.0,1.1054270058284075,351110.01500003337,265845.482021164,0,1905.25,1905.25,1905.25,1905.25,0.0,1905.25,0.0,9601200.0,0.052603683605438656,1.0,1.1054270058284075,1131649.7361889349,3037607.9584806086,0.0,0.0,0.9845128973208261,1.0,0.0,5.346758952e-06,0.9845128973208261,13757.291312308376,6237.773673812486,0.0,79826.85612487758,99821.92111099845
2026-08-06 22:00:00+00:00,7.218978075829967,3.3333333333321207,6665.064986120862,-7.218978075829967,1846.06,10.0,0.0,0.0,1.1054313712994055,351110.01500003337,265846.9633190502,0,1904.18,1904.18,1904.18,1904.18,0.0,1904.18,0.0,9597600.0,0.05260408171152697,1.0,1.1054313712994055,1131649.7361889349,3037549.0422661654,0.0,0.0,0.9845185457531647,1.0,0.0,5.5720102823999995e-06,0.9845185457531647,13749.56700576724,6245.4979803536235,0.0,79827.35804815445,99822.42303427531
2026-08-06 23:00:00+00:00,7.218978075829967,3.3333333333321207,6665.064986120862,-7.218978075829967,1846.06,10.0,0.0,0.0,1.105435736833776,351110.01500003337,265848.44347794715,0,1903.12,1903.12,1903.12,1903.12,0.0,1903.12,0.0,9594000.0,0.05260408173897413,1.0,1.105435736833776,1131649.7361889349,3037549.0422661654,0.0,0.0,0.9845243075751487,1.0,0.0,5.5676948796e-06,0.9845243075751487,13741.914889006859,6253.150097114005,0.0,79827.90092266077,99822.96590878164
2026-08-07 00:00:00+00:00,7.218978075829967,3.3333333333321207,6664.987780160998,-7.218978075829967,1846.06,10.0,0.0,0.0,1.1054401023853868,351110.01500003337,265849.9239720082,0,1903.0,1903.0,1903.0,1903.0,0.0,1903.0,-5.62e-06,9590400.0,0.0526040817664426,1.0,1.1054401023853868,1131649.7361889349,3037549.0422661654,0.0,0.0,0.9845300694308532,1.0,0.0,5.568924607200001e-06,0.9845300694308532,13741.04861163776,6253.9391685232395,0.0,79828.44347384252,99823.43125400352
2026-08-07 01:00:00+00:00,7.218978075829967,3.3333333333321207,6664.987780160998,-7.218978075829967,1846.06,10.0,0.0,0.0,1.105444467954238,351110.01500003337,265851.4048346223,0,1902.45,1902.45,1902.45,1902.45,0.0,1902.45,0.0,9586800.0,0.0526040817939315,1.0,1.105444467954238,1131649.7361889349,3037549.0422661654,0.0,0.0,0.9845358313202786,1.0,0.0,5.5702799064e-06,0.9845358313202786,13737.078173696053,6257.909606464946,0.0,79828.98566831101,99823.97344847201
2026-08-07 02:00:00+00:00,7.218978075829967,3.3333333333321207,6664.987780160998,-7.218978075829967,1846.06,10.0,0.0,0.0,1.1054488335403294,351110.01500003337,265852.7111509104,0,1901.75,1901.75,1901.75,1901.75,0.0,1901.75,0.0,9583200.0,0.05260408182144083,1.0,1.1054488335403294,1131649.7361889349,3037549.0422661654,0.0,0.0,0.984541593243425,1.0,0.0,4.9136963544e-06,0.984541593243425,13732.024889042972,6262.962891118027,0.0,79829.70242094528,99824.69020110628
2026-08-07 03:00:00+00:00,7.218978075829967,3.3333333333321207,6664.987780160998,-7.218978075829967,1846.06,10.0,0.0,0.0,1.1054531988752596,351110.01500003337,265854.2402251019,0,1896.53,1896.53,1896.53,1896.53,0.0,1896.53,0.0,9579600.0,0.052606397843447006,1.0,1.1054531988752596,1129752.1631924422,3032113.4553655526,0.0,0.0,0.9845466971649428,1.0,0.0,5.7515674284e-06,0.9845466971649428,13694.341823487139,6300.6459566738595,0.0,79829.96538471448,99824.95316487548
2026-08-07 04:00:00+00:00,7.218978075829967,3.3333333333321207,6664.987780160998,-7.218978075829967,1846.06,10.0,0.0,0.0,1.1054575644958309,351110.01500003337,265855.74214713153,0,1896.48,1896.48,1896.48,1896.48,0.0,1896.48,0.0,9576000.0,0.05260639787099919,1.0,1.1054575644958309,1129752.1631924422,3032113.4553655526,0.0,0.0,0.9845524593989705,1.0,0.0,5.6494031688e-06,0.9845524593989705,13693.980874583349,6301.006905577651,0.0,79830.48664076073,99825.47442092173
2026-08-07 05:00:00+00:00,7.218978075829967,3.3333333333321207,6664.987780160998,-7.218978075829967,1846.06,10.0,0.0,0.0,1.1054619301336426,351110.01500003337,265857.13294091146,0,1900.79,1900.79,1900.79,1900.79,0.0,1900.79,0.0,9572400.0,0.052606397898572466,1.0,1.1054619301336426,1129752.1631924422,3032113.4553655526,0.0,0.0,0.9845582216667226,1.0,0.0,5.2313714604e-06,0.9845582216667226,13725.094670090175,6269.893110070824,0.0,79831.11903689767,99826.10681705867
2026-08-07 06:00:00+00:00,7.218978075829967,3.3333333333321207,6664.987780160998,-7.218978075829967,1846.06,10.0,0.0,0.0,1.1054662607176358,351110.01500003337,265858.638403308,0,1903.81,1903.81,1903.81,1903.81,0.0,1903.81,0.0,9568800.0,0.05260639792662536,1.0,1.1054662607176358,1129752.1631924422,3032113.4553655526,0.0,0.0,0.9845639839680692,1.0,0.0,5.6626584264e-06,0.9845639839680692,13746.895983879182,6248.091796281818,0.0,79831.63677621342,99826.62455637442
2026-08-07 07:00:00+00:00,7.218978075829967,3.3333333333321207,6664.987780160998,-7.218978075829967,1846.06,10.0,0.0,0.0,1.1054706263897904,351110.01500003337,265859.9626175399,0,1901.66,1901.66,1901.66,1901.66,0.0,1901.66,0.0,9565200.0,0.052606397954239936,1.0,1.1054706263897904,1129752.1631924422,3032113.4553655526,0.0,0.0,0.984569746303271,1.0,0.0,4.980883608e-06,0.984569746303271,13731.375181016148,6263.612599144851,0.0,79832.3357755806,99827.3235557416
2026-08-07 08:00:00+00:00,7.218978075829967,3.3333333333321207,6665.691219749101,-7.218978075829967,1846.06,10.0,0.0,0.0,1.105475033497878,351110.01500003337,265861.2869480887,0,1909.9,1909.9,1909.9,1909.9,0.0,1909.9,5.102e-05,9561600.0,0.052255125340046726,1.0,1.105475033497878,1115296.0551750096,3044990.221802018,0.0,0.0,0.9846751514360982,1.0,0.0,4.9812963084e-06,0.9846751514360982,13790.859560360987,6204.8316593881145,0.0,79868.02024279989,99863.71146254899
2026-08-07 09:00:00+00:00,7.218978075829967,3.3333333333321207,6665.691219749101,-7.218978075829967,1846.06,10.0,0.0,0.0,1.1054793798398952,351110.01500003337,265862.5845499119,0,1912.41,1912.41,1912.41,1912.41,0.0,1912.41,0.0,9558000.0,0.052419343178824906,1.0,1.1054793798398952,1122039.2382869262,3038984.5484917746,0.0,0.0,0.9846343063956685,1.0,0.0,4.8807356328e-06,0.9846343063956685,13808.97919533132,6186.712024417781,0.0,79852.3815382187,99848.0727579678
2026-08-07 10:00:00+00:00,7.218978075829967,3.3333333333321207,6665.691219749101,-7.218978075829967,1846.06,10.0,0.0,0.0,1.1054837940422488,351110.01500003337,265863.8497888866,0,1912.13,1912.13,1912.13,1912.13,0.0,1912.13,0.0,9554400.0,0.05200828516121048,1.0,1.1054837940422488,1105211.7475552429,3053976.631012203,0.0,0.0,0.9847565956481995,1.0,0.0,4.7589846696e-06,0.9847565956481995,13806.957881470087,6188.733338279014,0.0,79894.05328053451,99889.74450028362
2026-08-07 11:00:00+00:00,7.218978075829967,3.3333333333321207,6665.691219749101,-7.218978075829967,1846.06,10.0,0.0,0.0,1.1054881797976042,351110.01500003337,265865.1149570627,0,1915.51,1915.51,1915.51,1915.51,0.0,1915.51,0.0,9550800.0,0.0518386303001972,1.0,1.1054881797976042,1098315.2415122697,3060120.5763074607,0.0,0.0,0.9848103965806594,1.0,0.0,4.758695726399999e-06,0.9848103965806594,13831.358027366392,6164.33319238271,0.0,79911.67815856141,99907.36937831051
2026-08-07 12:00:00+00:00,7.218978075829967,3.3333333333321207,6665.691219749101,-7.218978075829967,1846.06,10.0,0.0,0.0,1.1054925455563207,351110.01500003337,265866.3800544448,0,1931.26,1931.26,1931.26,1931.26,0.0,1931.26,0.0,9547200.0,0.05183863032750202,1.0,1.1054925455563207,1098315.2415122697,3060120.5763074607,0.0,0.0,0.9848160783280265,1.0,0.0,4.7584068047999995e-06,0.9848160783280265,13945.056932060714,6050.634287688387,0.0,79912.40797958267,99908.09919933177
2026-08-07 13:00:00+00:00,7.218978075829967,3.3333333333321207,6665.691219749101,-7.218978075829967,1846.06,10.0,0.0,0.0,1.105496911332279,351110.01500003337,265867.6450810395,0,1922.5,1922.5,1922.5,1922.5,0.0,1922.5,0.0,9543600.0,0.05183863035482705,1.0,1.105496911332279,1098315.2415122697,3060120.5763074607,0.0,0.0,0.984821760108174,1.0,0.0,4.758117912e-06,0.984821760108174,13881.818684116444,6113.872535632658,0.0,79913.13788290072,99908.82910264982
2026-08-07 14:00:00+00:00,7.218978075829967,3.3333333333321207,6665.691219749101,-7.218978075829967,1846.06,10.0,0.0,0.0,1.1055012771254777,351110.01500003337,265868.91003685247,0,1912.74,1912.74,1912.74,1912.74,0.0,1912.74,0.0,9540000.0,0.05183863038217251,1.0,1.1055012771254777,1098315.2415122697,3060120.5763074607,0.0,0.0,0.9848274419211018,1.0,0.0,4.7578290444e-06,0.9848274419211018,13811.361458096344,6184.329761652758,0.0,79913.86786851007,99909.55908825918
2026-08-07 15:00:00+00:00,7.218978075829967,3.3333333333321207,6665.691219749101,-7.218978075829967,1846.06,10.0,0.0,0.0,1.1055056429359185,351110.01500003337,265870.21154437814,0,1916.99,1916.99,1916.99,1916.99,0.0,1916.99,0.0,9536400.0,0.051838630409538844,1.0,1.1055056429359185,1098315.2415122697,3060120.5763074607,0.0,0.0,0.9848331237668102,1.0,0.0,4.8952859508e-06,0.9848331237668102,13842.04211491862,6153.6491048304815,0.0,79914.56131391629,99910.25253366539
2026-08-07 16:00:00+00:00,7.218978075829967,3.3333333333321207,6666.190666912971,-7.218978075829967,1846.06,10.0,0.0,0.0,1.1055100087635998,351110.01500003337,265871.6141864191,0,1908.56,1908.56,1908.56,1908.56,0.0,1908.56,3.625e-05,9532800.0,0.0518386304369256,1.0,1.1055100087635998,1098315.2415122697,3060120.5763074607,0.0,0.0,0.9848388056452994,1.0,0.0,5.2756506e-06,0.9848388056452994,13781.186129739373,6215.004537173599,0.0,79915.15363631689,99911.34430322985
2026-08-07 17:00:00+00:00,7.218978075829967,3.3333333333321207,6666.190666912971,-7.218978075829967,1846.06,10.0,0.0,0.0,1.105514374608523,351110.01500003337,265873.0193159655,0,1911.41,1911.41,1911.41,1911.41,0.0,1911.41,0.0,9529200.0,0.0518386304643339,1.0,1.105514374608523,1098315.2415122697,3060120.5763074607,0.0,0.0,0.9848444875565692,1.0,0.0,5.2849787580000005e-06,0.9848444875565692,13801.76021725549,6194.430449657482,0.0,79915.74348272168,99911.93414963465
2026-08-07 18:00:00+00:00,7.218978075829967,3.3333333333321207,6666.190666912971,-7.218978075829967,1846.06,10.0,0.0,0.0,1.1055187404706874,351110.01500003337,265874.4403072056,0,1908.93,1908.93,1908.93,1908.93,0.0,1908.93,0.0,9525600.0,0.05183863049176218,1.0,1.1055187404706874,1098315.2415122697,3060120.5763074607,0.0,0.0,0.9848501695006203,1.0,0.0,5.344609417200001e-06,0.9848501695006203,13783.857151627431,6212.333515285541,0.0,79916.31747894263,99912.5081458556
2026-08-07 19:00:00+00:00,7.218978075829967,3.3333333333321207,6666.190666912971,-7.218978075829967,1846.06,10.0,0.0,0.0,1.1055231063503164,351110.01500003337,265875.9341649426,0,1917.85,1917.85,1917.85,1917.85,0.0,1917.85,0.0,9522000.0,0.05183862863110478,1.0,1.1055231063503164,1098315.165384994,3060120.645829507,0.0,0.0,0.9848558520112443,1.0,0.0,5.6186429148e-06,0.9848558520112443,13848.250436063834,6147.940230849138,0.0,79916.81880759605,99913.00947450902
2026-08-07 20:00:00+00:00,7.218978075829967,3.3333333333321207,6666.190666912971,-7.218978075829967,1846.06,10.0,0.0,0.0,1.1055274569690887,351110.01500003337,265877.5176995233,0,1913.97,1913.97,1913.97,1913.97,0.0,1913.97,0.0,9518400.0,0.05184477245530861,1.0,1.1055274569690887,1098315.165384994,3059214.3987305816,0.0,0.0,0.9848597977453419,1.0,0.0,5.9558977007999995e-06,0.9848597977453419,13820.240801129614,6175.949865783357,0.0,79916.62065977353,99912.8113266865
2026-08-07 21:00:00+00:00,7.218978075829967,3.3333333333321207,6666.190666912971,-7.218978075829967,1846.06,10.0,0.0,0.0,1.1055318374439036,351110.01500003337,265879.10159143794,0,1915.65,1915.65,1915.65,1915.65,0.0,1915.65,0.0,9514800.0,0.05184470543072295,1.0,1.1055318374439036,1098315.165384994,3059214.3987305816,0.0,0.0,0.9848654993764165,1.0,0.0,5.9572062e-06,0.9848654993764165,13832.36868429701,6163.821982615963,0.0,79917.03866763104,99913.22933454401
2026-08-07 22:00:00+00:00,7.218978075829967,3.3333333333321207,6666.190666912971,-7.218978075829967,1846.06,10.0,0.0,0.0,1.1055362033750318,351110.01500003337,265880.6707813934,0,1913.93,1913.93,1913.93,1913.93,0.0,1913.93,0.0,9511200.0,0.05184470545823738,1.0,1.1055362033750318,1098315.165384994,3059214.3987305816,0.0,0.0,0.9848711820910153,1.0,0.0,5.9018753844e-06,0.9848711820910153,13819.952042006582,6176.23862490639,0.0,79917.46473568358,99913.65540259655
2026-08-07 23:00:00+00:00,7.218978075829967,3.3333333333321207,6666.190666912971,-7.218978075829967,1846.06,10.0,0.0,0.0,1.1055405693234017,351110.01500003337,265882.24030744075,0,1913.07,1913.07,1913.07,1913.07,0.0,1913.07,0.0,9507600.0,0.05184470548577291,1.0,1.1055405693234017,1098315.165384994,3059214.3987305816,0.0,0.0,0.9848768648384036,1.0,0.0,5.9031046152e-06,0.9848768648384036,13813.743720861366,6182.446946051605,0.0,79917.89047915698,99914.08114606995
2026-08-08 00:00:00+00:00,7.218978075829967,3.3333333333321207,6666.195363287017,-7.218978075829967,1846.06,10.0,0.0,0.0,1.1055449352890134,351110.01500003337,265883.7950274117,0,1913.41,1913.41,1913.41,1913.41,0.0,1913.41,3.4e-07,9504000.0,0.051844705513329536,1.0,1.1055449352890134,1098315.165384994,3059214.3987305816,0.0,0.0,0.9848825476185815,1.0,0.0,5.847383502000001e-06,0.9848825476185815,13816.19817340715,6179.997189879868,0.0,79918.33104021952,99914.52640350653
2026-08-08 01:00:00+00:00,7.218978075829967,3.3333333333321207,6666.195363287017,-7.218978075829967,1846.06,10.0,0.0,0.0,1.1055493017753684,351110.01500003337,265885.139701761,0,1913.81,1913.81,1913.81,1913.81,0.0,1913.81,0.0,9500400.0,0.051840438012510814,1.0,1.1055493017753684,1098142.0868930644,3059368.596919972,0.0,0.0,0.9848894342144565,1.0,0.0,5.057363307599999e-06,0.9848894342144565,13819.08576463748,6177.109598649537,0.0,79919.40431865118,99915.5996819382
2026-08-08 02:00:00+00:00,7.218978075829967,3.3333333333321207,6666.195363287017,-7.218978075829967,1846.06,10.0,0.0,0.0,1.1055536776938215,351110.01500003337,265886.7508202777,0,1912.27,1912.27,1912.27,1912.27,0.0,1912.27,0.0,9496800.0,0.0517563768204099,1.0,1.1055536776938215,1094736.5252106502,3062402.739366377,0.0,0.0,0.9849188210168384,1.0,0.0,6.059434676399999e-06,0.9849188210168384,13807.968538400703,6188.226824886315,0.0,79928.1112007596,99924.30656404661
2026-08-08 03:00:00+00:00,7.218978075829967,3.3333333333321207,6666.195363287017,-7.218978075829967,1846.06,10.0,0.0,0.0,1.1055580689598814,351110.01500003337,265888.3327590981,0,1917.2,1917.2,1917.2,1917.2,0.0,1917.2,0.0,9493200.0,0.0515424174013126,1.0,1.1055580689598814,1086100.2867152656,3070097.582252129,0.0,0.0,0.9849848175719766,1.0,0.0,5.9496537888e-06,0.9849848175719766,13843.558100314545,6152.637262972473,0.0,79949.70131340378,99945.8966766908
2026-08-08 04:00:00+00:00,7.218978075829967,3.3333333333321207,6666.195363287017,-7.218978075829967,1846.06,10.0,0.0,0.0,1.1055624387796574,351110.01500003337,265889.6536799375,0,1916.12,1916.12,1916.12,1916.12,0.0,1916.12,0.0,9489600.0,0.05151034643410268,1.0,1.1055624387796574,1084809.7086874226,3071247.49246838,0.0,0.0,0.9849995086381834,1.0,0.0,4.967941032e-06,0.9849995086381834,13835.761603992647,6160.43375929437,0.0,79953.53857304063,99949.73393632764
2026-08-08 05:00:00+00:00,7.218978075829967,3.3333333333321207,6666.195363287017,-7.218978075829967,1846.06,10.0,0.0,0.0,1.1055668048316356,351110.01500003337,265890.9774948341,0,1916.69,1916.69,1916.69,1916.69,0.0,1916.69,0.0,9486000.0,0.05151034646158181,1.0,1.1055668048316356,1084809.7086874226,3071247.49246838,0.0,0.0,0.9850051563769727,1.0,0.0,4.9788007272e-06,0.9850051563769727,13839.876421495872,6156.318941791146,0.0,79954.197735795,99950.39309908201
2026-08-08 06:00:00+00:00,7.218978075829967,3.3333333333321207,6666.195363287017,-7.218978075829967,1846.06,10.0,0.0,0.0,1.1055712675239786,351110.01500003337,265892.300147936,0,1915.66,1915.66,1915.66,1915.66,0.0,1915.66,0.0,9482400.0,0.05069199064646224,1.0,1.1055712675239786,1052226.8684278047,3100283.6939385924,0.0,0.0,0.9852414263876166,1.0,0.0,4.9744065204e-06,0.9852414263876166,13832.440874077767,6163.75448920925,0.0,80035.83184967434,100032.02721296136
2026-08-08 07:00:00+00:00,7.218978075829967,3.3333333333321207,6666.195363287017,-7.218978075829967,1846.06,10.0,0.0,0.0,1.1055756367804226,351110.01500003337,265893.8088983867,0,1914.29,1914.29,1914.29,1914.29,0.0,1914.29,0.0,9478800.0,0.050665156440735215,1.0,1.1055756367804226,1051169.841236094,3101225.7421760117,0.0,0.0,0.9852545512733757,1.0,0.0,5.674275522000001e-06,0.9852545512733757,13822.55087411388,6173.644489173139,0.0,80038.93137805938,100035.12674134641
2026-08-08 08:00:00+00:00,7.218978075829967,3.3333333333321207,6666.574075407506,-7.218978075829967,1846.06,10.0,0.0,0.0,1.1055800028845217,351110.01500003337,265895.3838561949,0,1916.02,1916.02,1916.02,1916.02,0.0,1916.02,2.738e-05,9475200.0,0.050665156467813555,1.0,1.1055800028845217,1051169.841236094,3101225.7421760117,0.0,0.0,0.9852601100342859,1.0,0.0,5.923241125199999e-06,0.9852601100342859,13835.039706185065,6161.5343692224415,0.0,80039.30815687776,100035.88223228526
2026-08-08 09:00:00+00:00,7.218978075829967,3.3333333333321207,6666.574075407506,-7.218978075829967,1846.06,10.0,0.0,0.0,1.1055843026479362,351110.01500003337,265896.9561864034,0,1918.05,1918.05,1918.05,1918.05,0.0,1918.05,0.0,9471600.0,0.05122708973376344,1.0,1.1055843026479362,1073456.5524851698,3081367.8261850676,0.0,0.0,0.9851074567974826,1.0,0.0,5.913324018e-06,0.9851074567974826,13849.694231679001,6146.879843728507,0.0,79984.13774640544,99980.71182181295
2026-08-08 10:00:00+00:00,7.218978075829967,3.3333333333321207,6666.574075407506,-7.218978075829967,1846.06,10.0,0.0,0.0,1.1055886687862584,351110.01500003337,265898.4353718105,0,1920.36,1920.36,1920.36,1920.36,0.0,1920.36,0.0,9468000.0,0.05122708976119128,1.0,1.1055886687862584,1073456.5524851698,3081367.8261850676,0.0,0.0,0.9851130748577231,1.0,0.0,5.5629869328e-06,0.9851130748577231,13866.370071034167,6130.20400437334,0.0,79984.63111821364,99981.20519362115
2026-08-08 11:00:00+00:00,7.218978075829967,3.3333333333321207,6666.574075407506,-7.218978075829967,1846.06,10.0,0.0,0.0,1.1055930349418226,351110.01500003337,265899.93403651123,0,1920.05,1920.05,1920.05,1920.05,0.0,1920.05,0.0,9464400.0,0.05122708978863977,1.0,1.1055930349418226,1073456.5524851698,3081367.8261850676,0.0,0.0,0.9851186929500034,1.0,0.0,5.636213974799999e-06,0.9851186929500034,13864.13218783066,6132.441887576847,0.0,79985.10502197774,99981.67909738525
2026-08-08 12:00:00+00:00,7.218978075829967,3.3333333333321207,6666.574075407506,-7.218978075829967,1846.06,10.0,0.0,0.0,1.1055974011146303,351110.01500003337,265901.43123751145,0,1918.39,1918.39,1918.39,1918.39,0.0,1918.39,0.0,9460800.0,0.05122708981610957,1.0,1.1055974011146303,1073456.5524851698,3081367.8261850676,0.0,0.0,0.9851243110743236,1.0,0.0,5.6306775348e-06,0.9851243110743236,13852.148684224783,6144.425391182724,0.0,79985.58040069183,99982.15447609934
2026-08-08 13:00:00+00:00,7.218978075829967,3.3333333333321207,6666.574075407506,-7.218978075829967,1846.06,10.0,0.0,0.0,1.1056017673046803,351110.01500003337,265902.92148856627,0,1919.24,1919.24,1919.24,1919.24,0.0,1919.24,0.0,9457200.0,0.05122708984360025,1.0,1.1056017673046803,1073456.5524851698,3081367.8261850676,0.0,0.0,0.985129929230684,1.0,0.0,5.6045086775999995e-06,0.985129929230684,13858.284815589239,6138.289259818268,0.0,79986.06274060102,99982.63681600853
2026-08-08 14:00:00+00:00,7.218978075829967,3.3333333333321207,6666.574075407506,-7.218978075829967,1846.06,10.0,0.0,0.0,1.1056061335119733,351110.01500003337,265904.40553763026,0,1923.0,1923.0,1923.0,1923.0,0.0,1923.0,0.0,9453600.0,0.05122708987111202,1.0,1.1056061335119733,1073456.5524851698,3081367.8261850676,0.0,0.0,0.9851355474190846,1.0,0.0,5.5811531303999995e-06,0.9851355474190846,13885.42817315436,6111.145902253148,0.0,79986.55129375064,99983.12536915815
2026-08-08 15:00:00+00:00,7.218978075829967,3.3333333333321207,6666.574075407506,-7.218978075829967,1846.06,10.0,0.0,0.0,1.105610499736509,351110.01500003337,265905.88443748915,0,1921.85,1921.85,1921.85,1921.85,0.0,1921.85,0.0,9450000.0,0.051227089898643996,1.0,1.105610499736509,1073456.5524851698,3081367.8261850676,0.0,0.0,0.9851411656395258,1.0,0.0,5.5617572160000005e-06,0.9851411656395258,13877.126348367154,6119.447727040353,0.0,79987.0450073551,99983.61908276261
2026-08-08 16:00:00+00:00,7.218978075829967,3.3333333333321207,6667.569015825876,-7.218978075829967,1846.06,10.0,0.0,0.0,1.105614865978288,351110.01500003337,265907.35862839286,0,1921.68,1921.68,1921.68,1921.68,0.0,1921.68,7.172e-05,9446400.0,0.05122708992619751,1.0,1.105614865978288,1073456.5524851698,3081367.8261850676,0.0,0.0,0.9851467838920076,1.0,0.0,5.5440172764000005e-06,0.9851467838920076,13875.899122094264,6121.669893731612,0.0,79987.54344116454,99985.11245699042
2026-08-08 17:00:00+00:00,7.218978075829967,3.3333333333321207,6667.569015825876,-7.218978075829967,1846.06,10.0,0.0,0.0,1.1056192322373097,351110.01500003337,265908.83634663426,0,1923.05,1923.05,1923.05,1923.05,0.0,1923.05,0.0,9442800.0,0.051227089953771676,1.0,1.1056192322373097,1073456.5524851698,3081367.8261850676,0.0,0.0,0.9851524021765303,1.0,0.0,5.5572517548e-06,0.9851524021765303,13885.78912205815,6111.779893767726,0.0,79988.0383588862,99985.60737471208
2026-08-08 18:00:00+00:00,7.218978075829967,3.3333333333321207,6667.569015825876,-7.218978075829967,1846.06,10.0,0.0,0.0,1.1056235985135745,351110.01500003337,265910.3232017639,0,1920.49,1920.49,1920.49,1920.49,0.0,1920.49,0.0,9439200.0,0.05122708998136738,1.0,1.1056235985135745,1073456.5524851698,3081367.8261850676,0.0,0.0,0.985158020493094,1.0,0.0,5.5915816608e-06,0.985158020493094,13867.308538184026,6130.260477641851,0.0,79988.52415096952,99986.0931667954
2026-08-08 19:00:00+00:00,7.218978075829967,3.3333333333321207,6667.569015825876,-7.218978075829967,1846.06,10.0,0.0,0.0,1.1056279648073088,351110.01500003337,265911.81283974636,0,1919.61,1919.61,1919.61,1919.61,0.0,1919.61,0.0,9435600.0,0.051227088092287154,1.0,1.1056279648073088,1073456.476381761,3081367.895685065,0.0,0.0,0.9851636393791366,1.0,0.0,5.602015717200001e-06,0.9851636393791366,13860.955837477295,6136.613178348582,0.0,79989.00736014976,99986.57637597564
2026-08-08 20:00:00+00:00,7.218978075829967,3.3333333333321207,6667.569015825876,-7.218978075829967,1846.06,10.0,0.0,0.0,1.1056323311180605,351110.01500003337,265913.2983338166,0,1919.41,1919.41,1919.41,1919.41,0.0,1919.41,0.0,9432000.0,0.051227088119924824,1.0,1.1056323311180605,1073456.476381761,3081367.895685065,0.0,0.0,0.985169257759581,1.0,0.0,5.586400638e-06,0.985169257759581,13859.51204186213,6138.056973963747,0.0,79989.49453572166,99987.06355154754
2026-08-08 21:00:00+00:00,7.218978075829967,3.3333333333321207,6667.569015825876,-7.218978075829967,1846.06,10.0,0.0,0.0,1.1056366974460545,351110.01500003337,265914.769066078,0,1919.89,1919.89,1919.89,1919.89,0.0,1919.89,0.0,9428400.0,0.05122708814758359,1.0,1.1056366974460545,1073456.476381761,3081367.895685065,0.0,0.0,0.9851748761720668,1.0,0.0,5.5308561228e-06,0.9851748761720668,13862.977151338528,6134.591864487348,0.0,79989.99648435239,99987.56550017827
2026-08-08 22:00:00+00:00,7.218978075829967,3.3333333333321207,6667.569015825876,-7.218978075829967,1846.06,10.0,0.0,0.0,1.1056410637912928,351110.01500003337,265916.2110743673,0,1915.93,1915.93,1915.93,1915.93,0.0,1915.93,0.0,9424800.0,0.05122708817526345,1.0,1.1056410637912928,1073456.476381761,3081367.895685065,0.0,0.0,0.9851804946165945,1.0,0.0,5.422806655200001e-06,0.9851804946165945,13834.389998158242,6163.179017667635,0.0,79990.52716820553,99988.09618403141
2026-08-08 23:00:00+00:00,7.218978075829967,3.3333333333321207,6667.569015825876,-7.218978075829967,1846.06,10.0,0.0,0.0,1.105645430153774,351110.01500003337,265917.6087718239,0,1915.98,1915.98,1915.98,1915.98,0.0,1915.98,0.0,9421200.0,0.05122708820296418,1.0,1.105645430153774,1073456.476381761,3081367.895685065,0.0,0.0,0.9851861130931642,1.0,0.0,5.2561435716e-06,0.9851861130931642,13834.750947062033,6162.818068763844,0.0,79991.1021741415,99988.67118996738
2026-08-09 00:00:00+00:00,7.218978075829967,3.3333333333321207,6668.011337873501,-7.218978075829967,1846.06,10.0,0.0,0.0,1.1056496689580946,351110.01500003337,265919.00903573557,0,1917.15,1917.15,1917.15,1917.15,0.0,1917.15,3.196e-05,9417600.0,0.05230820474722675,1.0,1.1056496689580946,1117217.9172637297,3042384.410807748,0.0,0.0,0.9848893603690899,1.0,0.0,5.265767210399999e-06,0.9848893603690899,13843.197151410754,6154.814186462748,0.0,79885.50905682886,99883.52039470235
2026-08-09 01:00:00+00:00,7.218978075829967,3.3333333333321207,6668.011337873501,-7.218978075829967,1846.06,10.0,0.0,0.0,1.1056540513887476,351110.01500003337,265920.423039142,0,1915.31,1915.31,1915.31,1915.31,0.0,1915.31,0.0,9414000.0,0.05217226517946849,1.0,1.1056540513887476,1111651.8261216697,3047343.0721056424,0.0,0.0,0.9849330764306485,1.0,0.0,5.3174071764e-06,0.9849330764306485,13829.914231751225,6168.097106122276,0.0,79899.44420045201,99897.4555383255
2026-08-09 02:00:00+00:00,7.218978075829967,3.3333333333321207,6668.011337873501,-7.218978075829967,1846.06,10.0,0.0,0.0,1.105658417802519,351110.01500003337,265921.82952153956,0,1913.86,1913.86,1913.86,1913.86,0.0,1913.86,0.0,9410400.0,0.052172265207758084,1.0,1.105658417802519,1111651.8261216697,3047343.0721056424,0.0,0.0,0.9849387945437731,1.0,0.0,5.2890961212e-06,0.9849387945437731,13819.446713541272,6178.56462433223,0.0,79900.04540483939,99898.05674271288
2026-08-09 03:00:00+00:00,7.218978075829967,3.3333333333321207,6668.011337873501,-7.218978075829967,1846.06,10.0,0.0,0.0,1.105662784233534,351110.01500003337,265923.1659149923,0,1913.07,1913.07,1913.07,1913.07,0.0,1913.07,0.0,9406800.0,0.05217226523606899,1.0,1.105662784233534,1111651.8261216697,3047343.0721056424,0.0,0.0,0.9849445126900948,1.0,0.0,5.025499776e-06,0.9849445126900948,13813.743720861366,6184.267617012135,0.0,79900.71670982742,99898.72804770092
2026-08-09 04:00:00+00:00,7.218978075829967,3.3333333333321207,6668.011337873501,-7.218978075829967,1846.06,10.0,0.0,0.0,1.105667150681793,351110.01500003337,265924.64191307273,0,1912.43,1912.43,1912.43,1912.43,0.0,1912.43,0.0,9403200.0,0.05217226526440211,1.0,1.105667150681793,1111651.8261216697,3047343.0721056424,0.0,0.0,0.9849502308696134,1.0,0.0,5.5504528128000006e-06,0.9849502308696134,13809.123574892836,6188.887762980666,0.0,79901.24842184357,99899.25975971707
2026-08-09 05:00:00+00:00,7.218978075829967,3.3333333333321207,6668.011337873501,-7.218978075829967,1846.06,10.0,0.0,0.0,1.1056715171472957,351110.01500003337,265926.11139004625,0,1913.63,1913.63,1913.63,1913.63,0.0,1913.63,0.0,9399600.0,0.05217226529275698,1.0,1.1056715171472957,1111651.8261216697,3047343.0721056424,0.0,0.0,0.9849559490823295,1.0,0.0,5.525899754399999e-06,0.9849559490823295,13817.786348583833,6180.224989289669,0.0,79901.78666662256,99899.79800449606
2026-08-09 06:00:00+00:00,7.218978075829967,3.3333333333321207,6668.011337873501,-7.218978075829967,1846.06,10.0,0.0,0.0,1.1056758836300427,351110.01500003337,265927.5811033611,0,1918.5,1918.5,1918.5,1918.5,0.0,1918.5,0.0,9396000.0,0.05217226532113317,1.0,1.1056758836300427,1111651.8261216697,3047343.0721056424,0.0,0.0,0.9849616673282433,1.0,0.0,5.526757962e-06,0.9849616673282433,13852.942771813125,6145.0685660603785,0.0,79902.32468671631,99900.33602458981
2026-08-09 07:00:00+00:00,7.218978075829967,3.3333333333321207,6668.011337873501,-7.218978075829967,1846.06,10.0,0.0,0.0,1.1056802501300331,351110.01500003337,265928.9378920586,0,1918.28,1918.28,1918.28,1918.28,0.0,1918.28,0.0,9392400.0,0.052172265349531344,1.0,1.1056802501300331,1111651.8261216697,3047343.0721056424,0.0,0.0,0.9849673856073548,1.0,0.0,5.102085427199999e-06,0.9849673856073548,13851.354596636442,6146.6567412370605,0.0,79902.9756430834,99900.98698095689
2026-08-09 08:00:00+00:00,7.218978075829967,3.3333333333321207,6668.589853396123,-7.218978075829967,1846.06,10.0,0.0,0.0,1.1056846214470835,351110.01500003337,265930.40515386406,0,1914.89,1914.89,1914.89,1914.89,0.0,1914.89,4.185e-05,9388800.0,0.052131576560068726,1.0,1.1056846214470835,1109989.4367125223,3048824.081047022,0.0,0.0,0.9849844442830954,1.0,0.0,5.5174806071999995e-06,0.9849844442830954,13826.882260959379,6171.707592436745,0.0,79907.49785317312,99906.08770656923
2026-08-09 09:00:00+00:00,7.218978075829967,3.3333333333321207,6668.589853396123,-7.218978075829967,1846.06,10.0,0.0,0.0,1.1056890700437232,351110.01500003337,265931.98312165804,0,1920.83,1920.83,1920.83,1920.83,0.0,1920.83,0.0,9385200.0,0.051436168582494,1.0,1.1056890700437232,1081832.7412920159,3073913.6492972253,0.0,0.0,0.9851839900166928,1.0,0.0,5.9337446256e-06,0.9851839900166928,13869.762990729807,6128.826862666316,0.0,79975.98239089566,99974.57224429178
2026-08-09 10:00:00+00:00,7.218978075829967,3.3333333333321207,6668.589853396123,-7.218978075829967,1846.06,10.0,0.0,0.0,1.1056934365957896,351110.01500003337,265933.56142117496,0,1919.3,1919.3,1919.3,1919.3,0.0,1919.3,0.0,9381600.0,0.05143616861054667,1.0,1.1056934365957896,1081832.7412920159,3073913.6492972253,0.0,0.0,0.9851896308791848,1.0,0.0,5.9349568068e-06,0.9851896308791848,13858.717954273787,6139.871899122336,0.0,79976.38465469296,99974.97450808907
2026-08-09 11:00:00+00:00,7.218978075829967,3.3333333333321207,6668.589853396123,-7.218978075829967,1846.06,10.0,0.0,0.0,1.1056978031651,351110.01500003337,265935.0718156244,0,1918.35,1918.35,1918.35,1918.35,0.0,1918.35,0.0,9378000.0,0.051436168638619995,1.0,1.1056978031651,1081832.7412920159,3073913.6492972253,0.0,0.0,0.9851952717739748,1.0,0.0,5.6795770800000005e-06,0.9851952717739748,13851.85992510175,6146.729928294375,0.0,79976.8548348978,99975.44468829391
2026-08-09 12:00:00+00:00,7.218978075829967,3.3333333333321207,6668.589853396123,-7.218978075829967,1846.06,10.0,0.0,0.0,1.1057021697516545,351110.01500003337,265936.3721106917,0,1916.63,1916.63,1916.63,1916.63,0.0,1916.63,0.0,9374400.0,0.05143616866671574,1.0,1.1057021697516545,1081832.7412920159,3073913.6492972253,0.0,0.0,0.9852009127010626,1.0,0.0,4.8895088544e-06,0.9852009127010626,13839.443282811322,6159.1465705848,0.0,79977.53512582497,99976.12497922109
2026-08-09 13:00:00+00:00,7.218978075829967,3.3333333333321207,6668.589853396123,-7.218978075829967,1846.06,10.0,0.0,0.0,1.1057065363554535,351110.01500003337,265937.67241844494,0,1922.64,1922.64,1922.64,1922.64,0.0,1922.64,0.0,9370800.0,0.05143616869483281,1.0,1.1057065363554535,1081832.7412920159,3073913.6492972253,0.0,0.0,0.9852065536604487,1.0,0.0,4.8895326503999995e-06,0.9852065536604487,13882.829341047061,6115.760512349063,0.0,79978.21541540639,99976.8052688025
2026-08-09 14:00:00+00:00,7.218978075829967,3.3333333333321207,6668.589853396123,-7.218978075829967,1846.06,10.0,0.0,0.0,1.1057107071809533,351110.01500003337,265938.97273746657,0,1924.37,1924.37,1924.37,1924.37,0.0,1924.37,0.0,9367200.0,0.053096099960342036,1.0,1.1057107071809533,1149837.3107020902,3013341.4879348264,0.0,0.0,0.984750669030395,1.0,0.0,4.889551114800001e-06,0.984750669030395,13895.318173118245,6103.271680277879,0.0,79816.8494370883,99815.43929048441
2026-08-09 15:00:00+00:00,7.218978075829967,3.3333333333321207,6668.589853396123,-7.218978075829967,1846.06,10.0,0.0,0.0,1.1057152600291098,351110.01500003337,265940.2731061573,0,1925.75,1925.75,1925.75,1925.75,0.0,1925.75,0.0,9363600.0,0.0515173736867347,1.0,1.1057152600291098,1085100.780431131,3071017.6619291906,0.0,0.0,0.9851952441132714,1.0,0.0,4.889713975199999e-06,0.9851952441132714,13905.280362862892,6093.309490533232,0.0,79971.64383241493,99970.23368581105
2026-08-09 16:00:00+00:00,7.218978075829967,3.3333333333321207,6669.697475720384,-7.218978075829967,1846.06,10.0,0.0,0.0,1.1057196266846043,351110.01500003337,265941.57350786217,0,1923.43,1923.43,1923.43,1923.43,0.0,1923.43,7.977e-05,9360000.0,0.05151737371496257,1.0,1.1057196266846043,1085100.780431131,3071017.6619291906,0.0,0.0,0.985200893725861,1.0,0.0,4.8898142064000005e-06,0.985200893725861,13888.532333726966,6111.165141993419,0.0,79972.32706627116,99972.02454199154
2026-08-09 17:00:00+00:00,7.218978075829967,3.3333333333321207,6669.697475720384,-7.218978075829967,1846.06,10.0,0.0,0.0,1.105723993357344,351110.01500003337,265942.87392036995,0,1922.31,1922.31,1922.31,1922.31,0.0,1922.31,0.0,9356400.0,0.0515173737432113,1.0,1.105723993357344,1085100.780431131,3071017.6619291906,0.0,0.0,0.9852065433708485,1.0,0.0,4.8898309176e-06,0.9852065433708485,13880.447078282035,6119.250397438349,0.0,79973.01030069968,99972.70777642007
2026-08-09 18:00:00+00:00,7.218978075829967,3.3333333333321207,6669.697475720384,-7.218978075829967,1846.06,10.0,0.0,0.0,1.105728360047328,351110.01500003337,265944.17434367986,0,1920.71,1920.71,1920.71,1920.71,0.0,1920.71,0.0,9352800.0,0.051517373771482244,1.0,1.105728360047328,1085100.780431131,3071017.6619291906,0.0,0.0,0.9852121930482338,1.0,0.0,4.889847625200001e-06,0.9852121930482338,13868.89671336071,6130.800762359677,0.0,79973.69353570131,99973.3910114217
2026-08-09 19:00:00+00:00,7.218978075829967,3.3333333333321207,6669.697475720384,-7.218978075829967,1846.06,10.0,0.0,0.0,1.1057327267547816,351110.01500003337,265945.474777815,0,1921.16,1921.16,1921.16,1921.16,0.0,1921.16,0.0,9349200.0,0.051517371896670605,1.0,1.1057327267547816,1085100.7043302814,3071017.73140869,0.0,0.0,0.9852178432866406,1.0,0.0,4.8898644192e-06,0.9852178432866406,13872.145253494833,6127.552222225553,0.0,79974.37695685792,99974.0744325783
2026-08-09 20:00:00+00:00,7.218978075829967,3.3333333333321207,6669.697475720384,-7.218978075829967,1846.06,10.0,0.0,0.0,1.1057370934792554,351110.01500003337,265946.77522285096,0,1919.99,1919.99,1919.99,1919.99,0.0,1919.99,0.0,9345600.0,0.05151737192498573,1.0,1.1057370934792554,1085100.7043302814,3071017.73140869,0.0,0.0,0.9852234930286218,1.0,0.0,4.8898814976000005e-06,0.9852234930286218,13863.699049146111,6135.998426574274,0.0,79975.06019281369,99974.75766853408
2026-08-09 21:00:00+00:00,7.218978075829967,3.3333333333321207,6669.697475720384,-7.218978075829967,1846.06,10.0,0.0,0.0,1.1057414602209739,351110.01500003337,265948.0756787918,0,1923.84,1923.84,1923.84,1923.84,0.0,1923.84,0.0,9342000.0,0.05151737195332151,1.0,1.1057414602209739,1085100.7043302814,3071017.73140869,0.0,0.0,0.9852291428030017,1.0,0.0,4.889898590400001e-06,0.9852291428030017,13891.492114738056,6108.20536098233,0.0,79975.74342924013,99975.44090496052
2026-08-09 22:00:00+00:00,7.218978075829967,3.3333333333321207,6669.697475720384,-7.218978075829967,1846.06,10.0,0.0,0.0,1.105745831448759,351110.01500003337,265949.3521429429,0,1918.67,1918.67,1918.67,1918.67,0.0,1918.67,0.0,9338400.0,0.05147951468044254,1.0,1.105745831448759,1083578.7146075584,3072373.942200291,0.0,0.0,0.9852452964700926,1.0,0.0,4.799662808400001e-06,0.9852452964700926,13854.169998086016,6145.5274776343695,0.0,79980.13867938367,99979.83615510406
2026-08-09 23:00:00+00:00,7.218978075829967,3.3333333333321207,6669.697475720384,-7.218978075829967,1846.06,10.0,0.0,0.0,1.1057501982249849,351110.01500003337,265950.6524305845,0,1909.57,1909.57,1909.57,1909.57,0.0,1909.57,0.0,9334800.0,0.05147951470880141,1.0,1.1057501982249849,1083578.7146075584,3072373.942200291,0.0,0.0,0.9852509423201744,1.0,0.0,4.8892183884e-06,0.9852509423201744,13788.477297595962,6211.220178124423,0.0,79980.82070624898,99980.51818196937
2026-08-10 00:00:00+00:00,7.218978075829967,3.3333333333321207,6670.363865919052,-7.218978075829967,1846.06,10.0,0.0,0.0,1.1057545650184566,351110.01500003337,265951.95272889285,0,1911.99,1911.99,1911.99,1911.99,0.0,1911.99,4.828e-05,9331200.0,0.05147951473718204,1.0,1.1057545650184566,1083578.7146075584,3072373.942200291,0.0,0.0,0.9852565882026093,1.0,0.0,4.889234592e-06,0.9852565882026093,13805.947224539472,6194.416641379582,0.0,79981.50273380702,99981.86659972608
2026-08-10 01:00:00+00:00,7.218978075829967,3.3333333333321207,6670.363865919052,-7.218978075829967,1846.06,10.0,0.0,0.0,1.1057589460585862,351110.01500003337,265953.2530378777,0,1924.65,1924.65,1924.65,1924.65,0.0,1924.65,0.0,9327600.0,0.051358981815230464,1.0,1.1057589460585862,1078742.5315263155,3076683.5289676054,0.0,0.0,0.9852956422630362,1.0,0.0,4.8892508316e-06,0.9852956422630362,13897.33948697948,6103.024378939574,0.0,79993.91469656449,99994.27856248355
2026-08-10 02:00:00+00:00,7.218978075829967,3.3333333333321207,6670.363865919052,-7.218978075829967,1846.06,10.0,0.0,0.0,1.105763315892471,351110.01500003337,265954.55336145207,0,1922.87,1922.87,1922.87,1922.87,0.0,1922.87,0.0,9324000.0,0.051333521947120264,1.0,1.105763315892471,1077722.8533019156,3077592.1854340113,0.0,0.0,0.9853083301841967,1.0,0.0,4.8892817844e-06,0.9853083301841967,13884.4897060045,6115.874159914552,0.0,79997.06922917906,99997.43309509812
2026-08-10 03:00:00+00:00,7.218978075829967,3.3333333333321207,6670.363865919052,-7.218978075829967,1846.06,10.0,0.0,0.0,1.1057677174411469,351110.01500003337,265955.8537057754,0,1916.5,1916.5,1916.5,1916.5,0.0,1916.5,0.0,9320400.0,0.05103962759444802,1.0,1.1057677174411469,827850.355954981,2398158.269394129,0.0,0.0,0.9853953809470761,1.0,0.0,4.889335896e-06,0.9853953809470761,13838.504815661465,6161.859050257589,0.0,80026.33327951608,100026.69714543514
2026-08-10 04:00:00+00:00,7.218978075829967,3.3333333333321207,6670.363865919052,-7.218978075829967,1846.06,10.0,0.0,0.0,1.1057720843038048,351110.01500003337,265957.15406962624,0,1914.68,1914.68,1914.68,1914.68,0.0,1914.68,0.0,9316800.0,0.05103962762266745,1.0,1.1057720843038048,827850.355954981,2398158.269394129,0.0,0.0,0.9854009805876914,1.0,0.0,4.889385414e-06,0.9854009805876914,13825.366275563454,6174.997590355599,0.0,80026.99900556571,100027.36287148477
2026-08-10 05:00:00+00:00,7.218978075829967,3.3333333333321207,6670.363865919052,-7.218978075829967,1846.06,10.0,0.0,0.0,1.105776451183708,351110.01500003337,265958.4544519966,0,1922.51,1922.51,1922.51,1922.51,0.0,1922.51,0.0,9313200.0,0.05103962765090886,1.0,1.105776451183708,827850.355954981,2398158.269394129,0.0,0.0,0.9854065802601274,1.0,0.0,4.889431141199999e-06,0.9854065802601274,13881.890873897202,6118.472992021851,0.0,80027.66472426831,100028.02859018737
2026-08-10 06:00:00+00:00,7.218978075829967,3.3333333333321207,6670.363865919052,-7.218978075829967,1846.06,10.0,0.0,0.0,1.105780818080857,351110.01500003337,265959.75485202984,0,1927.23,1927.23,1927.23,1927.23,0.0,1927.23,0.0,9309600.0,0.05103962767917136,1.0,1.105780818080857,827850.355954981,2398158.269394129,0.0,0.0,0.9854121799643843,1.0,0.0,4.889473646399999e-06,0.9854121799643843,13915.96445041512,6084.399415503933,0.0,80028.3304364807,100028.69430239976
2026-08-10 07:00:00+00:00,7.218978075829967,3.3333333333321207,6670.363865919052,-7.218978075829967,1846.06,10.0,0.0,0.0,1.1057851849952514,351110.01500003337,265961.0552689716,0,1924.72,1924.72,1924.72,1924.72,0.0,1924.72,0.0,9306000.0,0.05103962770745607,1.0,1.1057851849952514,827850.355954981,2398158.269394129,0.0,0.0,0.9854177797004624,1.0,0.0,4.889513314799999e-06,0.9854177797004624,13897.844815444787,6102.519050474266,0.0,80028.99614295736,100029.36000887642
2026-08-10 08:00:00+00:00,7.218978075829967,3.3333333333321207,6670.840208454831,-7.218978075829967,1846.06,10.0,0.0,0.0,1.1057895519268917,351110.01500003337,265962.39476014784,0,1926.0,1926.0,1926.0,1926.0,0.0,1926.0,3.426e-05,9302400.0,0.051039627735763204,1.0,1.1057895519268917,827850.355954981,2398158.269394129,0.0,0.0,0.9854233794683614,1.0,0.0,5.0364058068000004e-06,0.9854233794683614,13907.085107381849,6093.755101072983,0.0,80029.62278637214,100030.46299482697
2026-08-10 09:00:00+00:00,7.218978075829967,3.3333333333321207,6670.840208454831,-7.218978075829967,1846.06,10.0,0.0,0.0,1.1057939188757775,351110.01500003337,265963.6952666515,0,1915.5,1915.5,1915.5,1915.5,0.0,1915.5,0.0,9298800.0,0.05103962776409121,1.0,1.1057939188757775,827850.355954981,2398158.269394129,0.0,0.0,0.9854289792680823,1.0,0.0,4.8898015272e-06,0.9854289792680823,13831.285837585634,6169.554370869198,0.0,80030.2884256324,100031.12863408723
2026-08-10 10:00:00+00:00,7.218978075829967,3.3333333333321207,6670.840208454831,-7.218978075829967,1846.06,10.0,0.0,0.0,1.1057982470497134,351110.01500003337,265965.03490607603,0,1916.74,1916.74,1916.74,1916.74,0.0,1916.74,0.0,9295200.0,0.051368145479909755,1.0,1.1057982470497134,838031.8109175484,2389086.439752971,0.0,0.0,0.9853438113161929,1.0,0.0,5.0369132124e-06,0.9853438113161929,13840.237370399664,6160.602838055168,0.0,79999.04546534247,99999.8856737973
2026-08-10 11:00:00+00:00,7.218978075829967,3.3333333333321207,6670.840208454831,-7.218978075829967,1846.06,10.0,0.0,0.0,1.1058026495130644,351110.01500003337,265966.3356007187,0,1919.6,1919.6,1919.6,1919.6,0.0,1919.6,0.0,9291600.0,0.05106767376407384,1.0,1.1058026495130644,828716.7829103139,2397388.0024569375,0.0,0.0,0.9854324315336688,1.0,0.0,4.8904603668e-06,0.9854324315336688,13860.883647696537,6139.956560758295,0.0,80028.86021658714,100029.70042504197
2026-08-10 12:00:00+00:00,7.218978075829967,3.3333333333321207,6670.840208454831,-7.218978075829967,1846.06,10.0,0.0,0.0,1.1058070165136749,351110.01500003337,265967.63635812385,0,1905.03,1905.03,1905.03,1905.03,0.0,1905.03,0.0,9288000.0,0.05106767379248445,1.0,1.1058070165136749,828716.7829103139,2397388.0024569375,0.0,0.0,0.9854380343865462,1.0,0.0,4.8906724284e-06,0.9854380343865462,13755.703137131693,6245.137071323137,0.0,80029.5266769398,100030.36688539463
2026-08-10 13:00:00+00:00,7.218978075829967,3.3333333333321207,6670.840208454831,-7.218978075829967,1846.06,10.0,0.0,0.0,1.1058114031169786,351110.01500003337,265969.01557615644,0,1896.62,1896.62,1896.62,1896.62,0.0,1896.62,0.0,9284400.0,0.05090184798562403,1.0,1.1058114031169786,823606.0430643926,2401942.923059396,0.0,0.0,0.9854894140141438,1.0,0.0,5.1856476803999996e-06,0.9854894140141438,13694.991531513964,6305.848676940868,0.0,80046.18736072368,100047.0275691785
2026-08-10 14:00:00+00:00,7.218978075829967,3.3333333333321207,6670.840208454831,-7.218978075829967,1846.06,10.0,0.0,0.0,1.1058156980548306,351110.01500003337,265970.39488007687,0,1892.61,1892.61,1892.61,1892.61,0.0,1892.61,0.0,9280800.0,0.051512407573033325,1.0,1.1058156980548306,842529.8305424951,2385082.13860055,0.0,0.0,0.9853265630737101,1.0,0.0,5.185943712000001e-06,0.9853265630737101,13666.043429429885,6334.796779024946,0.0,79987.62946066482,99988.46966911964
2026-08-10 15:00:00+00:00,7.218978075829967,3.3333333333321207,6670.840208454831,-7.218978075829967,1846.06,10.0,0.0,0.0,1.1058200651069718,351110.01500003337,265971.7266851335,0,1876.01,1876.01,1876.01,1876.01,0.0,1876.01,0.0,9277200.0,0.05151240760176412,1.0,1.1058200651069718,842529.8305424951,2385082.13860055,0.0,0.0,0.9853322129080538,1.0,0.0,5.007330694800001e-06,0.9853322129080538,13546.20839337111,6454.631815083723,0.0,79988.28136902937,99989.1215774842
2026-08-10 16:00:00+00:00,7.218978075829967,3.3333333333321207,6671.033933984917,-7.218978075829967,1846.06,10.0,0.0,0.0,1.105824511257572,351110.01500003337,265973.032833467,0,1871.38,1871.38,1871.38,1871.38,0.0,1871.38,1.434e-05,9273600.0,0.050842728850788665,1.0,1.105824511257572,821790.5479187875,2403565.580392436,0.0,0.0,0.9855224739864454,1.0,0.0,4.910842000799999e-06,0.9855224739864454,13512.784524880017,6488.249409104901,0.0,80053.77779078385,100054.81172476876
2026-08-10 17:00:00+00:00,7.218978075829967,3.3333333333321207,6671.033933984917,-7.218978075829967,1846.06,10.0,0.0,0.0,1.105828878344518,351110.01500003337,265974.5640354434,0,1872.71,1872.71,1872.71,1872.71,0.0,1872.71,0.0,9270000.0,0.05084272887918084,1.0,1.105828878344518,821790.5479187875,2403565.580392436,0.0,0.0,0.9855280532712727,1.0,0.0,5.7569654808e-06,0.9855280532712727,13522.38576572087,6478.648168264048,0.0,80054.20553158683,100055.23946557175
2026-08-10 18:00:00+00:00,7.218978075829967,3.3333333333321207,6671.033933984917,-7.218978075829967,1846.06,10.0,0.0,0.0,1.1058332454487105,351110.01500003337,265975.86088910536,0,1871.92,1871.92,1871.92,1871.92,0.0,1871.92,0.0,9266400.0,0.050842728907595,1.0,1.1058332454487105,821790.5479187875,2403565.580392436,0.0,0.0,0.9855336325876857,1.0,0.0,4.875844068e-06,0.9855336325876857,13516.682773040964,6484.351160943953,0.0,80054.8676317943,100055.90156577922
2026-08-10 19:00:00+00:00,7.218978075829967,3.3333333333321207,6671.033933984917,-7.218978075829967,1846.06,10.0,0.0,0.0,1.1058376125704437,351110.01500003337,265977.24331604806,0,1877.7,1877.7,1877.7,1877.7,0.0,1877.7,0.0,9262800.0,0.05084272644461252,1.0,1.1058376125704437,821790.4718439011,2403565.64984897,0.0,0.0,0.9855392126219918,1.0,0.0,5.1975519336e-06,0.9855392126219918,13558.408466319263,6442.625467665656,0.0,80055.44441078056,100056.47834476548
2026-08-10 20:00:00+00:00,7.218978075829967,3.3333333333321207,6671.033933984917,-7.218978075829967,1846.06,10.0,0.0,0.0,1.1058419797091292,351110.01500003337,265978.6185945345,0,1878.76,1878.76,1878.76,1878.76,0.0,1878.76,0.0,9259200.0,0.050842726473070865,1.0,1.1058419797091292,821790.4718439011,2403565.64984897,0.0,0.0,0.985544792001314,1.0,0.0,5.1706488636e-06,0.985544792001314,13566.060583079641,6434.973350905277,0.0,80056.02810825157,100057.06204223649
2026-08-10 21:00:00+00:00,7.218978075829967,3.3333333333321207,6671.033933984917,-7.218978075829967,1846.06,10.0,0.0,0.0,1.1058463468650612,351110.01500003337,265980.44918175647,0,1873.42,1873.42,1873.42,1873.42,0.0,1873.42,0.0,9255600.0,0.05084272650155186,1.0,1.1058463468650612,821790.4718439011,2403565.64984897,0.0,0.0,0.9855503714122222,1.0,0.0,6.882436386e-06,0.9855503714122222,13527.51124015471,6473.5226938302085,0.0,80056.15650807734,100057.19044206226
2026-08-10 22:00:00+00:00,7.218978075829967,3.3333333333321207,6671.033933984917,-7.218978075829967,1846.06,10.0,0.0,0.0,1.1058507140382396,351110.01500003337,265982.12827249727,0,1875.4,1875.4,1875.4,1875.4,0.0,1875.4,0.0,9252000.0,0.050842726530054616,1.0,1.1058507140382396,821790.4718439011,2403565.64984897,0.0,0.0,0.9855559508547169,1.0,0.0,6.3128152692e-06,0.9855559508547169,13541.804816744852,6459.229117240065,0.0,80056.43641547451,100057.47034945943
2026-08-10 23:00:00+00:00,7.218978075829967,3.3333333333321207,6671.033933984917,-7.218978075829967,1846.06,10.0,0.0,0.0,1.1058550812286652,351110.01500003337,265983.73355438793,0,1872.31,1872.31,1872.31,1872.31,0.0,1872.31,0.0,9248400.0,0.050842726558580464,1.0,1.1058550812286652,821790.4718439011,2403565.64984897,0.0,0.0,0.985561530328798,1.0,0.0,6.0352816068e-06,0.985561530328798,13519.498174490538,6481.535759494381,0.0,80056.79014281218,100057.8240767971
2026-08-11 00:00:00+00:00,7.218978075829967,3.3333333333321207,6671.183309448874,-7.218978075829967,1846.06,10.0,0.0,0.0,1.1058594523400753,351110.01500003337,265985.2834572877,0,1874.28,1874.28,1874.28,1874.28,0.0,1874.28,1.104e-05,9244800.0,0.0508096808835381,1.0,1.1058594523400753,820776.1515179061,2404469.6985403537,0.0,0.0,0.9855761956355819,1.0,0.0,5.82704199e-06,0.9855761956355819,13533.719561299922,6467.463748148952,0.0,80060.38937599724,100061.57268544612
2026-08-11 01:00:00+00:00,7.218978075829967,3.3333333333321207,6671.183309448874,-7.218978075829967,1846.06,10.0,0.0,0.0,1.1058638195650097,351110.01500003337,265986.7914318731,0,1877.23,1877.23,1877.23,1877.23,0.0,1877.23,0.0,9241200.0,0.05080968091208926,1.0,1.1058638195650097,820776.1515179061,2404469.6985403537,0.0,0.0,0.9855817716861577,1.0,0.0,5.6693749788e-06,0.9855817716861577,13555.015546623621,6446.167762825253,0.0,80060.83920861321,100062.02251806209
2026-08-11 02:00:00+00:00,7.218978075829967,3.3333333333321207,6671.183309448874,-7.218978075829967,1846.06,10.0,0.0,0.0,1.1058681981543463,351110.01500003337,265988.2682310572,0,1877.84,1877.84,1877.84,1877.84,0.0,1877.84,0.0,9237600.0,0.05071363230696724,1.0,1.1058681981543463,817832.8624520492,2407093.087420953,0.0,0.0,0.9856137378329791,1.0,0.0,5.552136918e-06,0.9856137378329791,13559.419123249876,6441.764186198998,0.0,80070.58604371903,100071.76935316791
2026-08-11 03:00:00+00:00,7.218978075829967,3.3333333333321207,6671.183309448874,-7.218978075829967,1846.06,10.0,0.0,0.0,1.1058725654138193,351110.01500003337,265989.81489225355,0,1880.14,1880.14,1880.14,1880.14,0.0,1880.14,0.0,9234000.0,0.05071363233550685,1.0,1.1058725654138193,817832.8624520492,2407093.087420953,0.0,0.0,0.9856193038112601,1.0,0.0,5.8147553268e-06,0.9856193038112601,13576.022772824288,6425.160536624588,0.0,80070.99365324044,100072.17696268932
2026-08-11 04:00:00+00:00,7.218978075829967,3.3333333333321207,6671.183309448874,-7.218978075829967,1846.06,10.0,0.0,0.0,1.1058769326905395,351110.01500003337,265991.22785159934,0,1875.2,1875.2,1875.2,1875.2,0.0,1875.2,0.0,9230400.0,0.050713632364068895,1.0,1.1058769326905395,817832.8624520492,2407093.087420953,0.0,0.0,0.9856248698209732,1.0,0.0,5.3120665295999996e-06,0.9856248698209732,13540.361021129687,6460.8222883191875,0.0,80071.53497564851,100072.71828509739
2026-08-11 05:00:00+00:00,7.218978075829967,3.3333333333321207,6671.183309448874,-7.218978075829967,1846.06,10.0,0.0,0.0,1.1058812999845065,351110.01500003337,265992.6409279724,0,1873.27,1873.27,1873.27,1873.27,0.0,1873.27,0.0,9226800.0,0.05071363239265336,1.0,1.1058812999845065,817832.8624520492,2407093.087420953,0.0,0.0,0.9856304358621187,1.0,0.0,5.312478276e-06,0.9856304358621187,13526.428393443335,6474.7549160055405,0.0,80072.07619206555,100073.25950151443
2026-08-11 06:00:00+00:00,7.218978075829967,3.3333333333321207,6671.183309448874,-7.218978075829967,1846.06,10.0,0.0,0.0,1.105885668932631,351110.01500003337,265993.9473477208,0,1873.47,1873.47,1873.47,1873.47,0.0,1873.47,0.0,9223200.0,0.050699777647911004,1.0,1.105885668932631,817408.9025313646,2407470.971445907,0.0,0.0,0.9856398030438142,1.0,0.0,4.911476256e-06,0.9856398030438142,13527.8721890585,6473.311120390374,0.0,80074.05868362274,100075.24199307163
2026-08-11 07:00:00+00:00,7.218978075829967,3.3333333333321207,6671.183309448874,-7.218978075829967,1846.06,10.0,0.0,0.0,1.105890036261099,351110.01500003337,265995.25433891034,0,1876.84,1876.84,1876.84,1876.84,0.0,1876.84,0.0,9219600.0,0.05069977767653211,1.0,1.105890036261099,817408.9025313646,2407470.971445907,0.0,0.0,0.9856453676856327,1.0,0.0,4.913600446800001e-06,0.9856453676856327,13552.200145174047,6448.983164274828,0.0,80074.70549390558,100075.88880335446
2026-08-11 08:00:00+00:00,7.218978075829967,3.3333333333321207,6672.0338731471165,-7.218978075829967,1846.06,10.0,0.0,0.0,1.1058944036068143,351110.01500003337,265996.5613447084,0,1878.56,1878.56,1878.56,1878.56,0.0,1878.56,6.272e-05,9216000.0,0.05069977770517564,1.0,1.1058944036068143,817408.9025313646,2407470.971445907,0.0,0.0,0.9856509323588676,1.0,0.0,4.9136312232e-06,0.9856509323588676,13564.616787464474,6437.417085682642,0.0,80075.35230061051,100077.38617375762
2026-08-11 09:00:00+00:00,7.218978075829967,3.3333333333321207,6672.0338731471165,-7.218978075829967,1846.06,10.0,0.0,0.0,1.1058987709697774,351110.01500003337,265997.8683642034,0,1884.78,1884.78,1884.78,1884.78,0.0,1884.78,0.0,9212400.0,0.05069977773384182,1.0,1.1058987709697774,817408.9025313646,2407470.971445907,0.0,0.0,0.9856564970635189,1.0,0.0,4.9136585724e-06,0.9856564970635189,13609.518831096137,6392.51504205098,0.0,80075.99910464906,100078.03297779617
2026-08-11 10:00:00+00:00,7.218978075829967,3.3333333333321207,6672.0338731471165,-7.218978075829967,1846.06,10.0,0.0,0.0,1.1059031383499873,351110.01500003337,265999.1753968803,0,1885.37,1885.37,1885.37,1885.37,0.0,1885.37,0.0,9208800.0,0.05069977776253021,1.0,1.1059031383499873,817408.9025313646,2407470.971445907,0.0,0.0,0.985662061799587,1.0,0.0,4.9136839848e-06,0.985662061799587,13613.778028160876,6388.255844986241,0.0,80076.64590653649,100078.6797796836
2026-08-11 11:00:00+00:00,7.218978075829967,3.3333333333321207,6672.0338731471165,-7.218978075829967,1846.06,10.0,0.0,0.0,1.1059075057474452,351110.01500003337,266000.4824445549,0,1892.12,1892.12,1892.12,1892.12,0.0,1892.12,0.0,9205200.0,0.05069977779124035,1.0,1.1059075057474452,817408.9025313646,2407470.971445907,0.0,0.0,0.9856676265670723,1.0,0.0,4.9137162228000004e-06,0.9856676265670723,13662.50613017273,6339.527742974388,0.0,80077.29270445713,100079.32657760424
2026-08-11 12:00:00+00:00,7.218978075829967,3.3333333333321207,6672.0338731471165,-7.218978075829967,1846.06,10.0,0.0,0.0,1.1059118731621504,351110.01500003337,266001.7895035224,0,1887.01,1887.01,1887.01,1887.01,0.0,1887.01,0.0,9201600.0,0.05069977781997381,1.0,1.1059118731621504,817408.9025313646,2407470.971445907,0.0,0.0,0.9856731913659744,1.0,0.0,4.913734532399999e-06,0.9856731913659744,13625.61715220524,6376.416720941879,0.0,80077.93950211565,100079.97337526278
2026-08-11 13:00:00+00:00,7.218978075829967,3.3333333333321207,6672.0338731471165,-7.218978075829967,1846.06,10.0,0.0,0.0,1.105916246101097,351110.01500003337,266003.09657407296,0,1889.26,1889.26,1889.26,1889.26,0.0,1889.26,0.0,9198000.0,0.050653169396120745,1.0,1.105916246101097,815983.830800047,2408741.195472449,0.0,0.0,0.9856915094406609,1.0,0.0,4.913753932799999e-06,0.9856915094406609,13641.859852875856,6360.174020271262,0.0,80083.06409104302,100085.09796419014
2026-08-11 14:00:00+00:00,7.218978075829967,3.3333333333321207,6672.0338731471165,-7.218978075829967,1846.06,10.0,0.0,0.0,1.1059206145136378,351110.01500003337,266004.40370603726,0,1872.67,1872.67,1872.67,1872.67,0.0,1872.67,0.0,9194400.0,0.05064501662212395,1.0,1.1059206145136378,815734.7303624632,2408963.230070485,0.0,0.0,0.985699299409178,1.0,0.0,4.9139606627999994e-06,0.985699299409178,13522.097006597836,6479.93686654928,0.0,80084.49209504161,100086.52596818873
2026-08-11 15:00:00+00:00,7.218978075829967,3.3333333333321207,6672.0338731471165,-7.218978075829967,1846.06,10.0,0.0,0.0,1.105924981980112,351110.01500003337,266005.710856622,0,1862.0,1862.0,1862.0,1862.0,0.0,1862.0,0.0,9190800.0,0.050645016650892716,1.0,1.105924981980112,815734.7303624632,2408963.230070485,0.0,0.0,0.985704858522163,1.0,0.0,4.914006516e-06,0.985704858522163,13445.07051052873,6556.963362618387,0.0,80085.13680470042,100087.17067784753
2026-08-11 16:00:00+00:00,7.218978075829967,3.3333333333321207,6672.763866731805,-7.218978075829967,1846.06,10.0,0.0,0.0,1.1059293494638338,351110.01500003337,266007.0180230771,0,1863.99,1863.99,1863.99,1863.99,0.0,1863.99,5.425e-05,9187200.0,0.05064501667968435,1.0,1.1059293494638338,815734.7303624632,2408963.230070485,0.0,0.0,0.9857104176665,1.0,0.0,4.91404203e-06,0.9857104176665,13459.436276899633,6543.3275898321735,0.0,80085.78150949685,100088.54537622866
2026-08-11 17:00:00+00:00,7.218978075829967,3.3333333333321207,6672.763866731805,-7.218978075829967,1846.06,10.0,0.0,0.0,1.1059337169648034,351110.01500003337,266008.3252044365,0,1863.76,1863.76,1863.76,1863.76,0.0,1863.76,0.0,9183600.0,0.050645016708498636,1.0,1.1059337169648034,815734.7303624632,2408963.230070485,0.0,0.0,0.9857159768421893,1.0,0.0,4.9140739116e-06,0.9857159768421893,13457.775911942192,6544.987954789614,0.0,80086.4262103971,100089.19007712891
2026-08-11 18:00:00+00:00,7.218978075829967,3.3333333333321207,6672.763866731805,-7.218978075829967,1846.06,10.0,0.0,0.0,1.1059380844830211,351110.01500003337,266009.6324022545,0,1865.32,1865.32,1865.32,1865.32,0.0,1865.32,0.0,9180000.0,0.05064501673733557,1.0,1.1059380844830211,815734.7303624632,2408963.230070485,0.0,0.0,0.985721536049231,1.0,0.0,4.9141116359999995e-06,0.985721536049231,13469.037517740486,6533.72634899132,0.0,80087.0709058469,100089.8347725787
2026-08-11 19:00:00+00:00,7.218978075829967,3.3333333333321207,6672.763866731805,-7.218978075829967,1846.06,10.0,0.0,0.0,1.1059424520187828,351110.01500003337,266011.18182621687,0,1881.17,1881.17,1881.17,1881.17,0.0,1881.17,0.0,9176400.0,0.05064501426254475,1.0,1.1059424520187828,815734.6543017852,2408963.299505175,0.0,0.0,0.9857270959711277,1.0,0.0,5.8246742267999995e-06,0.9857270959711277,13583.458320242391,6419.305546489414,0.0,80087.4736261451,100090.23749287691
2026-08-11 20:00:00+00:00,7.218978075829967,3.3333333333321207,6672.763866731805,-7.218978075829967,1846.06,10.0,0.0,0.0,1.105946819571497,351110.01500003337,266012.7729598981,0,1881.56,1881.56,1881.56,1881.56,0.0,1881.56,0.0,9172800.0,0.05064501429142676,1.0,1.105946819571497,815734.6543017852,2408963.299505175,0.0,0.0,0.9857326552406106,1.0,0.0,5.9814362376e-06,0.9857326552406106,13586.273721691965,6416.490145039841,0.0,80087.8344076554,100090.59827438722
2026-08-11 21:00:00+00:00,7.218978075829967,3.3333333333321207,6672.763866731805,-7.218978075829967,1846.06,10.0,0.0,0.0,1.1059511871414593,351110.01500003337,266014.2971683969,0,1883.81,1883.81,1883.81,1883.81,0.0,1883.81,0.0,9169200.0,0.050645014320331416,1.0,1.1059511871414593,815734.6543017852,2408963.299505175,0.0,0.0,0.9857382145414465,1.0,0.0,5.7298155839999995e-06,0.9857382145414465,13602.516422362582,6400.247444369224,0.0,80088.26212535653,100091.02599208834
2026-08-11 22:00:00+00:00,7.218978075829967,3.3333333333321207,6672.763866731805,-7.218978075829967,1846.06,10.0,0.0,0.0,1.1059555547286697,351110.01500003337,266015.8216251123,0,1881.63,1881.63,1881.63,1881.63,0.0,1881.63,0.0,9165600.0,0.05064501434925894,1.0,1.1059555547286697,815734.6543017852,2408963.299505175,0.0,0.0,0.9857437738736355,1.0,0.0,5.730715843200001e-06,0.9857437738736355,13586.779050157274,6415.984816574532,0.0,80088.68960584933,100091.45347258114
2026-08-11 23:00:00+00:00,7.218978075829967,3.3333333333321207,6672.763866731805,-7.218978075829967,1846.06,10.0,0.0,0.0,1.1059599223331287,351110.01500003337,266017.34633010405,0,1881.8,1881.8,1881.8,1881.8,0.0,1881.8,0.0,9162000.0,0.05064501437820912,1.0,1.1059599223331287,815734.6543017852,2408963.299505175,0.0,0.0,0.9857493332371778,1.0,0.0,5.7316163112000004e-06,0.9857493332371778,13588.006276430164,6414.757590301642,0.0,80089.11684907437,100091.88071580618
2026-08-12 00:00:00+00:00,7.218978075829967,3.3333333333321207,6674.122283493269,-7.218978075829967,1846.06,10.0,0.0,0.0,1.1059642899548356,351110.01500003337,266018.8712834348,0,1881.73,1881.73,1881.73,1881.73,0.0,1881.73,0.0001,9158400.0,0.0506450144071815,1.0,1.1059642899548356,815734.6543017852,2408963.299505175,0.0,0.0,0.9857548926320738,1.0,0.0,5.7325169988e-06,0.9857548926320738,13587.500947964856,6416.6213355284135,0.0,80089.54385496891,100093.66613846218
2026-08-12 01:00:00+00:00,7.218978075829967,3.3333333333321207,6674.122283493269,-7.218978075829967,1846.06,10.0,0.0,0.0,1.1059686575937915,351110.01500003337,266020.3964851642,0,1884.13,1884.13,1884.13,1884.13,0.0,1884.13,0.0,9154800.0,0.050645014436177416,1.0,1.1059686575937915,815734.6543017852,2408963.299505175,0.0,0.0,0.9857604520583233,1.0,0.0,5.7334178952e-06,0.9857604520583233,13604.82649534685,6399.295788146421,0.0,80089.9706234734,100094.09290696667
2026-08-12 02:00:00+00:00,7.218978075829967,3.3333333333321207,6674.122283493269,-7.218978075829967,1846.06,10.0,0.0,0.0,1.1059730283619278,351110.01500003337,266021.7067629357,0,1883.85,1883.85,1883.85,1883.85,0.0,1883.85,0.0,9151200.0,0.05061867908854922,1.0,1.1059730283619278,815593.6761704516,2411641.36314993,0.0,0.0,0.985773181791258,1.0,0.0,4.9254664752e-06,0.985773181791258,13602.805181485615,6401.317102007654,0.0,80093.1298824235,100097.25216591677
2026-08-12 03:00:00+00:00,7.218978075829967,3.3333333333321207,6674.122283493269,-7.218978075829967,1846.06,10.0,0.0,0.0,1.1059773960353931,351110.01500003337,266023.01708610984,0,1885.77,1885.77,1885.77,1885.77,0.0,1885.77,0.0,9147600.0,0.05061867911757445,1.0,1.1059773960353931,815593.6761704516,2411641.36314993,0.0,0.0,0.98577873849991,1.0,0.0,4.9256128871999995e-06,0.98577873849991,13616.66561939121,6387.45666410206,0.0,80093.77057530754,100097.89285880081
2026-08-12 04:00:00+00:00,7.218978075829967,3.3333333333321207,6674.122283493269,-7.218978075829967,1846.06,10.0,0.0,0.0,1.1059817639495177,351110.01500003337,266024.3274226192,0,1888.61,1888.61,1888.61,1888.61,0.0,1888.61,0.0,9144000.0,0.05061678852514473,1.0,1.1059817639495177,815535.9146509076,2411692.8503116877,0.0,0.0,0.9857848096049672,1.0,0.0,4.9256387532e-06,0.9857848096049672,13637.167517126565,6366.954766366704,0.0,80094.59186458582,100098.71414807909
2026-08-12 05:00:00+00:00,7.218978075829967,3.3333333333321207,6674.122283493269,-7.218978075829967,1846.06,10.0,0.0,0.0,1.1059861335494108,351110.01500003337,266025.6377709057,0,1890.7,1890.7,1890.7,1890.7,0.0,1890.7,0.0,9140400.0,0.05060077824831333,1.0,1.1059861335494108,815046.8888425031,2412128.758157341,0.0,0.0,0.9857947203200366,1.0,0.0,4.925658761999999e-06,0.9857947203200366,13652.25518130505,6351.867102188218,0.0,80096.76126761606,100100.88355110933
2026-08-12 06:00:00+00:00,7.218978075829967,3.3333333333321207,6674.122283493269,-7.218978075829967,1846.06,10.0,0.0,0.0,1.1059905012746303,351110.01500003337,266026.94813020225,0,1886.83,1886.83,1886.83,1886.83,0.0,1886.83,0.0,9136800.0,0.05060077827739695,1.0,1.1059905012746303,815046.8888425031,2412128.758157341,0.0,0.0,0.9858002752326744,1.0,0.0,4.925675887199999e-06,0.9858002752326744,13624.317736151588,6379.804547341681,0.0,80097.40129377908,100101.52357727235
2026-08-12 07:00:00+00:00,7.218978075829967,3.3333333333321207,6674.122283493269,-7.218978075829967,1846.06,10.0,0.0,0.0,1.1059948690170986,351110.01500003337,266028.25850008,0,1890.82,1890.82,1890.82,1890.82,0.0,1890.82,0.0,9133200.0,0.050600778306504335,1.0,1.1059948690170986,815046.8888425031,2412128.758157341,0.0,0.0,0.9858058301766138,1.0,0.0,4.925691399600001e-06,0.9858058301766138,13653.12145867415,6351.00082481912,0.0,80098.04132035124,100102.16360384451
2026-08-12 08:00:00+00:00,7.218978075829967,3.3333333333321207,6675.116974137884,-7.218978075829967,1846.06,10.0,0.0,0.0,1.1059991195367844,351110.01500003337,266029.5688820291,0,1890.1,1890.1,1890.1,1890.1,0.0,1890.1,7.29e-05,9129600.0,0.05159336231865663,1.0,1.1059991195367844,845743.671337925,2384776.962203985,0.0,0.0,0.9855419190875272,1.0,0.0,4.925712513599999e-06,0.9855419190875272,13647.923794459552,6357.193179678333,0.0,80004.06911195425,100009.18608609213
2026-08-12 09:00:00+00:00,7.218978075829967,3.3333333333321207,6675.116974137884,-7.218978075829967,1846.06,10.0,0.0,0.0,1.1060034780903376,351110.01500003337,266030.8792774174,0,1905.11,1905.11,1905.11,1905.11,0.0,1905.11,0.0,9126000.0,0.051671485665282235,1.0,1.1060034780903376,845743.671337925,2375717.6836588765,0.0,0.0,0.9855263921094232,1.0,0.0,4.9257387684000004e-06,0.9855263921094232,13756.28065537776,6248.836318760125,0.0,79997.30703905097,100002.42401318885
2026-08-12 10:00:00+00:00,7.218978075829967,3.3333333333321207,6675.116974137884,-7.218978075829967,1846.06,10.0,0.0,0.0,1.1060078458840539,351110.01500003337,266032.1896870648,0,1908.31,1908.31,1908.31,1908.31,0.0,1908.31,0.0,9122400.0,0.051671485695090835,1.0,1.1060078458840539,845743.671337925,2375717.6836588765,0.0,0.0,0.9855320601082548,1.0,0.0,4.9257681048e-06,0.9855320601082548,13779.381385220417,6225.735588917469,0.0,79997.98672055831,100003.1036946962
2026-08-12 11:00:00+00:00,7.218978075829967,3.3333333333321207,6675.116974137884,-7.218978075829967,1846.06,10.0,0.0,0.0,1.106012234543388,351110.01500003337,266033.5001133456,0,1914.87,1914.87,1914.87,1914.87,0.0,1914.87,0.0,9118800.0,0.05149489855995948,1.0,1.106012234543388,840232.3113554715,2380629.240880636,0.0,0.0,0.9855855834769455,1.0,0.0,4.9258063656000005e-06,0.9855855834769455,13826.737881397861,6178.379092740025,0.0,80015.46888506133,100020.58585919921
2026-08-12 12:00:00+00:00,7.218978075829967,3.3333333333321207,6675.116974137884,-7.218978075829967,1846.06,10.0,0.0,0.0,1.1060166023716846,351110.01500003337,266034.80796699703,0,1910.59,1910.59,1910.59,1910.59,0.0,1910.59,0.0,9115200.0,0.05149489858971035,1.0,1.1060166023716846,840232.3113554715,2380629.240880636,0.0,0.0,0.9855912329229101,1.0,0.0,4.916111828400001e-06,0.9855912329229101,13795.840655233309,6209.276318904577,0.0,80016.1446084673,100021.26158260518
2026-08-12 13:00:00+00:00,7.218978075829967,3.3333333333321207,6675.116974137884,-7.218978075829967,1846.06,10.0,0.0,0.0,1.1060209702172306,351110.01500003337,266036.6728050359,0,1900.38,1900.38,1900.38,1900.38,0.0,1900.38,0.0,9111600.0,0.05149489861948431,1.0,1.1060209702172306,840232.3113554715,2380629.240880636,0.0,0.0,0.9855968824012579,1.0,0.0,7.009727475599999e-06,0.9855968824012579,13722.134889079085,6282.982085058799,0.0,80016.26335885585,100021.38033299374
2026-08-12 14:00:00+00:00,7.218978075829967,3.3333333333321207,6675.116974137884,-7.218978075829967,1846.06,10.0,0.0,0.0,1.1060253380800262,351110.01500003337,266038.50170027534,0,1886.76,1886.76,1886.76,1886.76,0.0,1886.76,0.0,9108000.0,0.051494898649282694,1.0,1.1060253380800262,840232.3113554715,2380629.240880636,0.0,0.0,0.9856025319119887,1.0,0.0,6.874574598e-06,0.9856025319119887,13623.81240768628,6381.304566451605,0.0,80016.41806341388,100021.53503755176
2026-08-12 15:00:00+00:00,7.218978075829967,3.3333333333321207,6675.116974137884,-7.218978075829967,1846.06,10.0,0.0,0.0,1.106029719439524,351110.01500003337,266040.26372926094,0,1891.64,1891.64,1891.64,1891.64,0.0,1891.64,0.0,9104400.0,0.05138074434271367,1.0,1.106029719439524,836682.3954157663,2383792.939217732,0.0,0.0,0.985639074779758,1.0,0.0,6.6231885204e-06,0.985639074779758,13659.041020696332,6346.075953441554,0.0,80027.48660127888,100032.60357541677
2026-08-12 16:00:00+00:00,7.218978075829967,3.3333333333321207,6675.89815591443,-7.218978075829967,1846.06,10.0,0.0,0.0,1.1060340583114388,351110.01500003337,266041.59643648996,0,1889.84,1889.84,1889.84,1889.84,0.0,1889.84,5.726e-05,9100800.0,0.0516265684014614,1.0,1.1060340583114388,844339.6621540525,2376970.0232822374,0.0,0.0,0.9855782168163182,1.0,0.0,5.0094067428e-06,0.9855782168163182,13646.046860159837,6359.8512957545945,0.0,80004.78605359368,100010.68420950811
2026-08-12 17:00:00+00:00,7.218978075829967,3.3333333333321207,6675.89815591443,-7.218978075829967,1846.06,10.0,0.0,0.0,1.106038435817982,351110.01500003337,266042.90948999266,0,1887.3,1887.3,1887.3,1887.3,0.0,1887.3,0.0,9097200.0,0.0515453247066171,1.0,1.106038435817982,841803.925906712,2379229.7878336194,0.0,0.0,0.9856058459861268,1.0,0.0,4.9355073792e-06,0.9856058459861268,13627.710655847228,6378.187500067203,0.0,80013.17387831688,100019.07203423131
2026-08-12 18:00:00+00:00,7.218978075829967,3.3333333333321207,6675.89815591443,-7.218978075829967,1846.06,10.0,0.0,0.0,1.106042803749752,351110.01500003337,266044.2225645568,0,1884.71,1884.71,1884.71,1884.71,0.0,1884.71,0.0,9093600.0,0.051545324736539166,1.0,1.106042803749752,841803.925906712,2379229.7878336194,0.0,0.0,0.9856115009438121,1.0,0.0,4.9355621856e-06,0.9856115009438121,13609.013502630829,6396.884653283601,0.0,80013.84631603048,100019.74447194491
2026-08-12 19:00:00+00:00,7.218978075829967,3.3333333333321207,6675.89815591443,-7.218978075829967,1846.06,10.0,0.0,0.0,1.1060471716990614,351110.01500003337,266045.53565873177,0,1878.61,1878.61,1878.61,1878.61,0.0,1878.61,0.0,9090000.0,0.05154532231285147,1.0,1.1060471716990614,841803.8498383259,2379229.857245901,0.0,0.0,0.9856171565968418,1.0,0.0,4.935611538e-06,0.9856171565968418,13564.977736368266,6440.920419546165,0.0,80014.51897827559,100020.41713419002
2026-08-12 20:00:00+00:00,7.218978075829967,3.3333333333321207,6675.89815591443,-7.218978075829967,1846.06,10.0,0.0,0.0,1.106051539665331,351110.01500003337,266047.47824420274,0,1885.92,1885.92,1885.92,1885.92,0.0,1885.92,0.0,9086400.0,0.051545322342821276,1.0,1.106051539665331,841803.8498383259,2379229.857245901,0.0,0.0,0.9856228116191597,1.0,0.0,7.301676286799999e-06,0.9856228116191597,13617.748466102585,6388.149689811847,0.0,80014.56192777544,100020.46008368988
2026-08-12 21:00:00+00:00,7.218978075829967,3.3333333333321207,6675.89815591443,-7.218978075829967,1846.06,10.0,0.0,0.0,1.10605590764885,351110.01500003337,266048.7705567964,0,1877.19,1877.19,1877.19,1877.19,0.0,1877.19,0.0,9082800.0,0.05154532237281484,1.0,1.10605590764885,841803.8498383259,2379229.857245901,0.0,0.0,0.9856284666739235,1.0,0.0,4.8574392192e-06,0.9856284666739235,13554.72678750059,6451.171368413843,0.0,80015.25516154477,100021.1533174592
2026-08-12 22:00:00+00:00,7.218978075829967,3.3333333333321207,6675.89815591443,-7.218978075829967,1846.06,10.0,0.0,0.0,1.1060602756496198,351110.01500003337,266050.3114979091,0,1877.55,1877.55,1877.55,1877.55,0.0,1877.55,0.0,9079200.0,0.05154532240283238,1.0,1.1060602756496198,841803.8498383259,2379229.857245901,0.0,0.0,0.9856341217611334,1.0,0.0,5.7919329864e-06,0.9856341217611334,13557.325619607887,6448.572536306545,0.0,80015.6997781872,100021.59793410164
2026-08-12 23:00:00+00:00,7.218978075829967,3.3333333333321207,6675.89815591443,-7.218978075829967,1846.06,10.0,0.0,0.0,1.1060646436676385,351110.01500003337,266051.7741824092,0,1878.8,1878.8,1878.8,1878.8,0.0,1878.8,0.0,9075600.0,0.051545322432873686,1.0,1.1060646436676385,841803.8498383259,2379229.857245901,0.0,0.0,0.9856397768807895,1.0,0.0,5.4977589432000005e-06,0.9856397768807895,13566.349342202673,6439.548813711757,0.0,80016.22266283433,100022.12081874876
2026-08-13 00:00:00+00:00,7.218978075829967,3.3333333333321207,6676.606130236441,-7.218978075829967,1846.06,10.0,0.0,0.0,1.106069011702908,351110.01500003337,266053.15478158934,0,1879.48,1879.48,1879.48,1879.48,0.0,1879.48,5.218e-05,9072000.0,0.051545322462938525,1.0,1.106069011702908,841803.8498383259,2379229.857245901,0.0,0.0,0.9856454320328923,1.0,0.0,5.1891989904e-06,0.9856454320328923,13571.25824729424,6435.347882942203,0.0,80016.82764419384,100023.43377443028
2026-08-13 01:00:00+00:00,7.218978075829967,3.3333333333321207,6676.606130236441,-7.218978075829967,1846.06,10.0,0.0,0.0,1.1060734343598762,351110.01500003337,266054.46952909336,0,1877.41,1877.41,1877.41,1877.41,0.0,1877.41,0.0,9068400.0,0.0510829628478795,1.0,1.1060734343598762,827470.8882558957,2392004.7151790876,0.0,0.0,0.9857757457902736,1.0,0.0,4.9416600852e-06,0.9857757457902736,13556.314962677272,6450.29116755917,0.0,80061.26736199867,100067.87349223511
2026-08-13 02:00:00+00:00,7.218978075829967,3.3333333333321207,6676.606130236441,-7.218978075829967,1846.06,10.0,0.0,0.0,1.1060778460575276,351110.01500003337,266055.784286623,0,1881.26,1881.26,1881.26,1881.26,0.0,1881.26,0.0,9064800.0,0.050713696014744514,1.0,1.1060778460575276,816142.7970060774,2402102.568954029,0.0,0.0,0.9858809234431296,1.0,0.0,4.9416733476000005e-06,0.9858809234431296,13584.108028269216,6422.498101967225,0.0,80096.881531741,100103.48766197744
2026-08-13 03:00:00+00:00,7.218978075829967,3.3333333333321207,6676.606130236441,-7.218978075829967,1846.06,10.0,0.0,0.0,1.1060822141449351,351110.01500003337,266057.0990625534,0,1886.7,1886.7,1886.7,1886.7,0.0,1886.7,0.0,9061200.0,0.050713696044383694,1.0,1.1060822141449351,816142.7970060774,2402102.568954029,0.0,0.0,0.9858864909369407,1.0,0.0,4.9417180884e-06,0.9858864909369407,13623.37926900173,6383.22686123471,0.0,80097.52155864611,100104.12768888255
2026-08-13 04:00:00+00:00,7.218978075829967,3.3333333333321207,6676.606130236441,-7.218978075829967,1846.06,10.0,0.0,0.0,1.106086582249593,351110.01500003337,266058.4138488975,0,1891.62,1891.62,1891.62,1891.62,0.0,1891.62,0.0,9057600.0,0.050713696074045966,1.0,1.106086582249593,816142.7970060774,2402102.568954029,0.0,0.0,0.9858920584621929,1.0,0.0,4.9417328088e-06,0.9858920584621929,13658.896641134814,6347.709489101628,0.0,80098.16158617678,100104.76771641322
2026-08-13 05:00:00+00:00,7.218978075829967,3.3333333333321207,6676.606130236441,-7.218978075829967,1846.06,10.0,0.0,0.0,1.1060909548316633,351110.01500003337,266059.7286460501,0,1895.08,1895.08,1895.08,1895.08,0.0,1895.08,0.0,9054000.0,0.05067595281634518,1.0,1.1060909548316633,814990.9095813324,2403129.3579849917,0.0,0.0,0.9859077939143956,1.0,0.0,4.9417490124e-06,0.9859077939143956,13683.874305277186,6322.731824959255,0.0,80102.37166388315,100108.9777941196
2026-08-13 06:00:00+00:00,7.218978075829967,3.3333333333321207,6676.606130236441,-7.218978075829967,1846.06,10.0,0.0,0.0,1.1060953271377814,351110.01500003337,266061.04345366545,0,1897.67,1897.67,1897.67,1897.67,0.0,1897.67,0.0,9050400.0,0.05064069224693046,1.0,1.1060953271377814,813680.4437023092,2403392.5356288045,0.0,0.0,0.9859228532871072,1.0,0.0,4.9417639164e-06,0.9859228532871072,13702.571458493587,6304.034671742855,0.0,80106.34435284644,100112.95048308288
2026-08-13 07:00:00+00:00,7.218978075829967,3.3333333333321207,6676.606130236441,-7.218978075829967,1846.06,10.0,0.0,0.0,1.1060998270809492,351110.01500003337,266062.35827434895,0,1894.62,1894.62,1894.62,1894.62,0.0,1894.62,0.0,9046800.0,0.04952612967407144,1.0,1.1060998270809492,780224.4700720479,2433291.455658772,0.0,0.0,0.9862286615239069,1.0,0.0,4.9417886124e-06,0.9862286615239069,13680.553575362304,6326.052554874138,0.0,80212.4018667728,100219.00799700923
2026-08-13 08:00:00+00:00,7.218978075829967,3.3333333333321207,6677.768492629821,-7.218978075829967,1846.06,10.0,0.0,0.0,1.1061041961645315,351110.01500003337,266063.74904449825,0,1889.18,1889.18,1889.18,1889.18,0.0,1889.18,8.523e-05,9043200.0,0.04951844302994912,1.0,1.1061041961645315,779996.9842129814,2433494.3022899977,0.0,0.0,0.9862361749609179,1.0,0.0,5.2272201275999996e-06,0.9862361749609179,13641.28233462979,6366.4861580000315,0.0,80213.64913960517,100221.417632235
2026-08-13 09:00:00+00:00,7.218978075829967,3.3333333333321207,6677.768492629821,-7.218978075829967,1846.06,10.0,0.0,0.0,1.106108565034466,351110.01500003337,266065.42325224704,0,1889.02,1889.02,1889.02,1889.02,0.0,1889.02,0.0,9039600.0,0.049512708204305866,1.0,1.106108565034466,779827.2928491943,2433645.61373229,0.0,0.0,0.9862431610717184,1.0,0.0,6.2924862456e-06,0.9862431610717184,13640.127298137657,6367.641194492165,0.0,80214.42782532435,100222.19631795418
2026-08-13 10:00:00+00:00,7.218978075829967,3.3333333333321207,6677.768492629821,-7.218978075829967,1846.06,10.0,0.0,0.0,1.106112892903753,351110.01500003337,266066.553427516,0,1882.29,1882.29,1882.29,1882.29,0.0,1882.29,0.0,9036000.0,0.04985373773307877,1.0,1.106112892903753,789963.3014084238,2424609.3917474872,0.0,0.0,0.9861567961816415,1.0,0.0,4.247725446e-06,0.9861567961816415,13591.543575687321,6416.224916942501,0.0,80182.97407220502,100190.74256483484
2026-08-13 11:00:00+00:00,7.218978075829967,3.3333333333321207,6677.768492629821,-7.218978075829967,1846.06,10.0,0.0,0.0,1.1061172611295667,351110.01500003337,266067.84015550965,0,1879.48,1879.48,1879.48,1879.48,0.0,1879.48,0.0,9032400.0,0.049853737762389994,1.0,1.1061172611295667,789963.3014084238,2424609.3917474872,0.0,0.0,0.9861622730580669,1.0,0.0,4.836101590800001e-06,0.9861622730580669,13571.25824729424,6436.510245335583,0.0,80183.6103303752,100191.37882300503
2026-08-13 12:00:00+00:00,7.218978075829967,3.3333333333321207,6677.768492629821,-7.218978075829967,1846.06,10.0,0.0,0.0,1.1061216293812473,351110.01500003337,266069.1639629813,0,1888.07,1888.07,1888.07,1888.07,0.0,1888.07,0.0,9028800.0,0.049853664937617115,1.0,1.1061216293812473,789961.1264411175,2424611.330963059,0.0,0.0,0.9861677695578439,1.0,0.0,4.9754385108000006e-06,0.9861677695578439,13633.269268965618,6374.499223664204,0.0,80184.21639902273,100191.98489165255
2026-08-13 13:00:00+00:00,7.218978075829967,3.3333333333321207,6677.768492629821,-7.218978075829967,1846.06,10.0,0.0,0.0,1.1061260128917403,351110.01500003337,266070.43204417033,0,1889.63,1889.63,1889.63,1889.63,0.0,1889.63,0.0,9025200.0,0.04972472851129184,1.0,1.1061260128917403,786118.428970747,2428037.630833281,0.0,0.0,0.9862079109687134,1.0,0.0,4.7659719311999994e-06,0.9862079109687134,13644.530874763914,6363.237617865908,0.0,80197.0423692062,100204.81086183603
2026-08-13 14:00:00+00:00,7.218978075829967,3.3333333333321207,6677.768492629821,-7.218978075829967,1846.06,10.0,0.0,0.0,1.1061305273869757,351110.01500003337,266071.7791713285,0,1892.63,1892.63,1892.63,1892.63,0.0,1892.63,0.0,9021600.0,0.04848930346059954,1.0,1.1061305273869757,749963.8521852713,2460296.459502218,0.0,0.0,0.9865456646023719,1.0,0.0,5.063034391199999e-06,0.9865456646023719,13666.187808991404,6341.580683638418,0.0,80314.28392542817,100322.052418058
2026-08-13 15:00:00+00:00,7.218978075829967,3.3333333333321207,6677.768492629821,-7.218978075829967,1846.06,10.0,0.0,0.0,1.1061349010791515,351110.01500003337,266073.11691662396,0,1879.19,1879.19,1879.19,1879.19,0.0,1879.19,0.0,9018000.0,0.04844373341081454,1.0,1.1061349010791515,748653.0259871702,2461465.6490495196,0.0,0.0,0.9865632588886816,1.0,0.0,5.027748289199999e-06,0.9865632588886816,13569.164743652249,6438.603748977573,0.0,80319.12371026282,100326.89220289265
2026-08-13 16:00:00+00:00,7.218978075829967,3.3333333333321207,6678.569773407882,-7.218978075829967,1846.06,10.0,0.0,0.0,1.1061392693918792,351110.01500003337,266074.4234065413,0,1873.99,1873.99,1873.99,1873.99,0.0,1873.99,5.923e-05,9014400.0,0.04844373343939101,1.0,1.1061392693918792,748653.0259871702,2461465.6490495196,0.0,0.0,0.9865685866642601,1.0,0.0,4.910254462799999e-06,0.9865685866642601,13531.626057657932,6476.943715749951,0.0,80319.68785570876,100328.25762911665
2026-08-13 17:00:00+00:00,7.218978075829967,3.3333333333321207,6678.569773407882,-7.218978075829967,1846.06,10.0,0.0,0.0,1.1061436411521504,351110.01500003337,266075.9450862966,0,1876.05,1876.05,1876.05,1876.05,0.0,1876.05,0.0,9010800.0,0.04841476923409194,1.0,1.1061436411521504,747820.725188336,2462208.0280034356,0.0,0.0,0.9865817022006962,1.0,0.0,5.7189841272e-06,0.9865817022006962,13546.497152494141,6462.072620913741,0.0,80322.77117214829,100331.34094555618
2026-08-13 18:00:00+00:00,7.218978075829967,3.3333333333321207,6678.569773407882,-7.218978075829967,1846.06,10.0,0.0,0.0,1.1061480094993943,351110.01500003337,266077.3766006065,0,1884.64,1884.64,1884.64,1884.64,0.0,1884.64,0.0,9007200.0,0.04841476926269639,1.0,1.1061480094993943,747820.725188336,2462208.0280034356,0.0,0.0,0.9865870269644911,1.0,0.0,5.3800822116e-06,0.9865870269644911,13608.508174165521,6400.061599242361,0.0,80323.2092357343,100331.77900914219
2026-08-13 19:00:00+00:00,7.218978075829967,3.3333333333321207,6678.569773407882,-7.218978075829967,1846.06,10.0,0.0,0.0,1.106152377863889,351110.01500003337,266078.774459827,0,1886.62,1886.62,1886.62,1886.62,0.0,1886.62,0.0,9003600.0,0.04841476929132371,1.0,1.106152377863889,747820.725188336,2462208.0280034356,0.0,0.0,0.9865923517570248,1.0,0.0,5.25356784e-06,0.9865923517570248,13622.801750755663,6385.768022652219,0.0,80323.68096450018,100332.25073790806
2026-08-13 20:00:00+00:00,7.218978075829967,3.3333333333321207,6678.569773407882,-7.218978075829967,1846.06,10.0,0.0,0.0,1.1061567462456354,351110.01500003337,266080.17241117684,0,1885.27,1885.27,1885.27,1885.27,0.0,1885.27,0.0,9000000.0,0.04841476931997435,1.0,1.1061567462456354,747820.725188336,2462208.0280034356,0.0,0.0,0.9865976765782972,1.0,0.0,5.253886486800001e-06,0.9865976765782972,13613.056130353294,6395.513643054589,0.0,80324.15261122718,100332.72238463507
2026-08-13 21:00:00+00:00,7.218978075829967,3.3333333333321207,6678.569773407882,-7.218978075829967,1846.06,10.0,0.0,0.0,1.1061611146446335,351110.01500003337,266081.54771900375,0,1887.87,1887.87,1887.87,1887.87,0.0,1887.87,0.0,8996400.0,0.04841476934864786,1.0,1.1061611146446335,747820.725188336,2462208.0280034356,0.0,0.0,0.9866030014283087,1.0,0.0,5.16875895e-06,0.9866030014283087,13631.825473350451,6376.744300057431,0.0,80324.64691156766,100333.21668497554
2026-08-13 22:00:00+00:00,7.218978075829967,3.3333333333321207,6678.569773407882,-7.218978075829967,1846.06,10.0,0.0,0.0,1.106165483060883,351110.01500003337,266082.8486409497,0,1888.44,1888.44,1888.44,1888.44,0.0,1888.44,0.0,8992800.0,0.04841476937734468,1.0,1.106165483060883,747820.725188336,2462208.0280034356,0.0,0.0,0.9866083263070594,1.0,0.0,4.889173176000001e-06,0.9866083263070594,13635.940290853676,6372.629482554207,0.0,80325.21560787974,100333.78538128763
2026-08-13 23:00:00+00:00,7.218978075829967,3.3333333333321207,6678.569773407882,-7.218978075829967,1846.06,10.0,0.0,0.0,1.106169851494384,351110.01500003337,266084.14946703543,0,1885.39,1885.39,1885.39,1885.39,0.0,1885.39,0.0,8989200.0,0.04841476940606393,1.0,1.106169851494384,747820.725188336,2462208.0280034356,0.0,0.0,0.9866136512145495,1.0,0.0,4.8887890092e-06,0.9866136512145495,13613.922407722395,6394.647365685489,0.0,80325.78441014275,100334.35418355063
2026-08-14 00:00:00+00:00,7.218978075829967,3.3333333333321207,6678.93750127932,-7.218978075829967,1846.06,10.0,0.0,0.0,1.106174219945137,351110.01500003337,266085.5452336795,0,1888.73,1888.73,1888.73,1888.73,0.0,1888.73,2.697e-05,8985600.0,0.04841476943480583,1.0,1.106174219945137,747820.725188336,2462208.0280034356,0.0,0.0,0.9866189761507792,1.0,0.0,5.2455698172e-06,0.9866189761507792,13638.033794495666,6370.903706783654,0.0,80326.25828193815,100335.19578321747
2026-08-14 01:00:00+00:00,7.218978075829967,3.3333333333321207,6678.93750127932,-7.218978075829967,1846.06,10.0,0.0,0.0,1.1061785884131414,351110.01500003337,266086.9410897748,0,1888.59,1888.59,1888.59,1888.59,0.0,1888.59,0.0,8982000.0,0.048414769463571705,1.0,1.1061785884131414,747820.725188336,2462208.0280034356,0.0,0.0,0.9866243011157484,1.0,0.0,5.2458784740000005e-06,0.9866243011157484,13637.02313756505,6371.9143637142715,0.0,80326.73207437311,100335.66957565243
2026-08-14 02:00:00+00:00,7.218978075829967,3.3333333333321207,6678.93750127932,-7.218978075829967,1846.06,10.0,0.0,0.0,1.1061829568983974,351110.01500003337,266088.3153529325,0,1885.75,1885.75,1885.75,1885.75,0.0,1885.75,0.0,8978400.0,0.048414769492360454,1.0,1.1061829568983974,747820.725188336,2462208.0280034356,0.0,0.0,0.9866296261094574,1.0,0.0,5.1647014440000004e-06,0.9866296261094574,13616.521239829692,6392.416261449628,0.0,80327.22746983642,100336.16497111574
2026-08-14 03:00:00+00:00,7.218978075829967,3.3333333333321207,6678.93750127932,-7.218978075829967,1846.06,10.0,0.0,0.0,1.1061873254009058,351110.01500003337,266089.6305413158,0,1882.25,1882.25,1882.25,1882.25,0.0,1882.25,0.0,8974800.0,0.04841476952117185,1.0,1.1061873254009058,747820.725188336,2462208.0280034356,0.0,0.0,0.9866349511319065,1.0,0.0,4.9426639848e-06,0.9866349511319065,13591.254816564287,6417.682684715033,0.0,80327.78195016505,100336.71945144437
2026-08-14 04:00:00+00:00,7.218978075829967,3.3333333333321207,6678.93750127932,-7.218978075829967,1846.06,10.0,0.0,0.0,1.106191698901755,351110.01500003337,266090.9852357529,0,1883.91,1883.91,1883.91,1883.91,0.0,1883.91,0.0,8971200.0,0.04837271415863831,1.0,1.106191698901755,746613.6591839337,2463285.3455232903,0.0,0.0,0.9866515352528283,1.0,0.0,5.0911077816000005e-06,0.9866515352528283,13603.238320170167,6405.699181109155,0.0,80332.25010667363,100341.18760795295
2026-08-14 05:00:00+00:00,7.218978075829967,3.3333333333321207,6678.93750127932,-7.218978075829967,1846.06,10.0,0.0,0.0,1.1061960674387872,351110.01500003337,266092.30051518854,0,1883.08,1883.08,1883.08,1883.08,0.0,1883.08,0.0,8967600.0,0.04837271418747058,1.0,1.1061960674387872,746613.6591839337,2463285.3455232903,0.0,0.0,0.9866568558753958,1.0,0.0,4.9429565748e-06,0.9866568558753958,13597.246568367225,6411.6909329120945,0.0,80332.80295110744,100341.74045238676
2026-08-14 06:00:00+00:00,7.218978075829967,3.3333333333321207,6678.93750127932,-7.218978075829967,1846.06,10.0,0.0,0.0,1.1062004359930708,351110.01500003337,266093.61580112553,0,1871.76,1871.76,1871.76,1871.76,0.0,1871.76,0.0,8964000.0,0.04837271421632594,1.0,1.1062004359930708,746613.6591839337,2463285.3455232903,0.0,0.0,0.9866621765266552,1.0,0.0,4.9429565748e-06,0.9866621765266552,13515.527736548831,6493.40976473049,0.0,80333.35579911392,100342.29330039324
2026-08-14 07:00:00+00:00,7.218978075829967,3.3333333333321207,6678.93750127932,-7.218978075829967,1846.06,10.0,0.0,0.0,1.106204804564607,351110.01500003337,266094.93112530536,0,1872.34,1872.34,1872.34,1872.34,0.0,1872.34,0.0,8960400.0,0.048372714245204174,1.0,1.106204804564607,746613.6591839337,2463285.3455232903,0.0,0.0,0.9866674972066068,1.0,0.0,4.9430758608e-06,0.9866674972066068,13519.714743832812,6489.222757446509,0.0,80333.90861895174,100342.84612023106
2026-08-14 08:00:00+00:00,7.218978075829967,3.3333333333321207,6678.846001598486,-7.218978075829967,1846.06,10.0,0.0,0.0,1.1062091986328075,351110.01500003337,266096.24449106347,0,1877.76,1877.76,1877.76,1877.76,0.0,1877.76,-6.75e-06,8956800.0,0.04815762109308319,1.0,1.1062091986328075,740461.1543628933,2468773.5400489,0.0,0.0,0.9867303205279062,1.0,0.0,4.935691602000001e-06,0.9867303205279062,13558.84160500381,6450.004396594675,0.0,80354.65315047739,100363.49915207588
2026-08-14 09:00:00+00:00,7.218978075829967,3.3333333333321207,6678.846001598486,-7.218978075829967,1846.06,10.0,0.0,0.0,1.1062135672389486,351110.01500003337,266097.6193878059,0,1872.3,1872.3,1872.3,1872.3,0.0,1872.3,0.0,8953200.0,0.048157621121876604,1.0,1.1062135672389486,740461.1543628933,2468773.5400489,0.0,0.0,0.9867356184625847,1.0,0.0,5.166901897200001e-06,0.9867356184625847,13519.425984709778,6489.420016888707,0.0,80355.1384116594,100363.98441325789
2026-08-14 10:00:00+00:00,7.218978075829967,3.3333333333321207,6678.846001598486,-7.218978075829967,1846.06,10.0,0.0,0.0,1.1062179469721392,351110.01500003337,266099.0302789703,0,1875.2,1875.2,1875.2,1875.2,0.0,1875.2,0.0,8949600.0,0.048063848557615474,1.0,1.1062179469721392,737790.3108036261,2471156.081711554,0.0,0.0,0.9867659702729744,1.0,0.0,5.302142225999999e-06,0.9867659702729744,13540.361021129687,6468.484980468799,0.0,80364.38434509619,100373.23034669468
2026-08-14 11:00:00+00:00,7.218978075829967,3.3333333333321207,6678.846001598486,-7.218978075829967,1846.06,10.0,0.0,0.0,1.1062223164224347,351110.01500003337,266100.539315721,0,1877.33,1877.33,1877.33,1877.33,0.0,1877.33,0.0,8946000.0,0.04805701543528551,1.0,1.1062223164224347,737595.9596441494,2471329.4562901794,0.0,0.0,0.9867730833671909,1.0,0.0,5.670943146000001e-06,0.9867730833671909,13555.737444431204,6453.108557167283,0.0,80365.37278696254,100374.21878856103
2026-08-14 12:00:00+00:00,7.218978075829967,3.3333333333321207,6678.846001598486,-7.218978075829967,1846.06,10.0,0.0,0.0,1.1062266869882122,351110.01500003337,266101.984846983,0,1872.53,1872.53,1872.53,1872.53,0.0,1872.53,0.0,8942400.0,0.04804091342626471,1.0,1.1062266869882122,737244.5911133321,2472094.866189755,0.0,0.0,0.9867826697176099,1.0,0.0,5.4322600751999995e-06,0.9867826697176099,13521.086349667221,6487.7596519312665,0.0,80367.29311933997,100376.13912093846
2026-08-14 13:00:00+00:00,7.218978075829967,3.3333333333321207,6678.846001598486,-7.218978075829967,1846.06,10.0,0.0,0.0,1.1062310786733909,351110.01500003337,266103.3474287992,0,1869.07,1869.07,1869.07,1869.07,0.0,1869.07,0.0,8938800.0,0.04784673027764974,1.0,1.1062310786733909,731738.6396006583,2477006.7530817124,0.0,0.0,0.9868397854200529,1.0,0.0,5.1205117032e-06,0.9868397854200529,13496.108685524849,6512.737316073638,0.0,80385.98443266528,100394.83043426377
2026-08-14 14:00:00+00:00,7.218978075829967,3.3333333333321207,6678.846001598486,-7.218978075829967,1846.06,10.0,0.0,0.0,1.1062354473659401,351110.01500003337,266105.20005863963,0,1866.0,1866.0,1866.0,1866.0,0.0,1866.0,0.0,8935200.0,0.04784673030636788,1.0,1.1062354473659401,731738.6396006583,2477006.7530817124,0.0,0.0,0.9868450505237225,1.0,0.0,6.9620446692e-06,0.9868450505237225,13473.94642283205,6534.899578766435,0.0,80385.98043345328,100394.82643505177
2026-08-14 15:00:00+00:00,7.218978075829967,3.3333333333321207,6678.846001598486,-7.218978075829967,1846.06,10.0,0.0,0.0,1.1062397919285831,351110.01500003337,266106.4933433011,0,1880.72,1880.72,1880.72,1880.72,0.0,1880.72,0.0,8931600.0,0.04805050964576951,1.0,1.1062397919285831,737517.4752448384,2471851.876304535,0.0,0.0,0.9867959678410917,1.0,0.0,4.8600385056e-06,0.9867959678410917,13580.209780108267,6428.636221490218,0.0,80367.45372735703,100376.29972895552
2026-08-14 16:00:00+00:00,7.218978075829967,3.3333333333321207,6678.939338050112,-7.218978075829967,1846.06,10.0,0.0,0.0,1.1062441606555427,351110.01500003337,266107.8513464816,0,1884.74,1884.74,1884.74,1884.74,0.0,1884.74,6.86e-06,8928000.0,0.048050509674659736,1.0,1.1062441606555427,737517.4752448384,2471851.876304535,0.0,0.0,0.9868012546160708,1.0,0.0,5.1032190096e-06,0.9868012546160708,13609.230071973105,6399.709266077009,0.0,80367.9519638188,100376.89130186892
2026-08-14 17:00:00+00:00,7.218978075829967,3.3333333333321207,6678.939338050112,-7.218978075829967,1846.06,10.0,0.0,0.0,1.1062485293997546,351110.01500003337,266109.18831652286,0,1877.9,1877.9,1877.9,1877.9,0.0,1877.9,0.0,8924400.0,0.04805050970357372,1.0,1.1062485293997546,737517.4752448384,2471851.876304535,0.0,0.0,0.9868065414193739,1.0,0.0,5.0241534623999995e-06,0.9868065414193739,13559.852261934428,6449.087076115685,0.0,80368.47124336456,100377.41058141468
2026-08-14 18:00:00+00:00,7.218978075829967,3.3333333333321207,6678.939338050112,-7.218978075829967,1846.06,10.0,0.0,0.0,1.1062528981612196,351110.01500003337,266110.62020869437,0,1875.05,1875.05,1875.05,1875.05,0.0,1875.05,0.0,8920800.0,0.04805050973251124,1.0,1.1062528981612196,737517.4752448384,2471851.876304535,0.0,0.0,0.986811828251001,1.0,0.0,5.3808300575999995e-06,0.986811828251001,13539.278174418312,6469.661163631801,0.0,80368.89561072493,100377.83494877504
2026-08-14 19:00:00+00:00,7.218978075829967,3.3333333333321207,6678.939338050112,-7.218978075829967,1846.06,10.0,0.0,0.0,1.1062572669399378,351110.01500003337,266111.93889579526,0,1879.91,1879.91,1879.91,1879.91,0.0,1879.91,0.0,8917200.0,0.04805050976147163,1.0,1.1062572669399378,737517.4752448384,2471851.876304535,0.0,0.0,0.9868171151109525,1.0,0.0,4.9553972424e-06,0.9868171151109525,13574.362407866845,6434.576930183267,0.0,80369.43319310091,100378.37253115102
2026-08-14 20:00:00+00:00,7.218978075829967,3.3333333333321207,6678.939338050112,-7.218978075829967,1846.06,10.0,0.0,0.0,1.1062616357359087,351110.01500003337,266113.2512709254,0,1879.49,1879.49,1879.49,1879.49,0.0,1879.49,0.0,8913600.0,0.04805050979045533,1.0,1.1062616357359087,737517.4752448384,2471851.876304535,0.0,0.0,0.9868224019992285,1.0,0.0,4.931653572e-06,0.9868224019992285,13571.330437074997,6437.608900975116,0.0,80369.97709739272,100378.91643544284
2026-08-14 21:00:00+00:00,7.218978075829967,3.3333333333321207,6678.939338050112,-7.218978075829967,1846.06,10.0,0.0,0.0,1.1062660063269498,351110.01500003337,266114.6092440442,0,1878.53,1878.53,1878.53,1878.53,0.0,1878.53,0.0,8910000.0,0.04803550572172277,1.0,1.1062660063269498,737452.0960591871,2473443.925177393,0.0,0.0,0.9868316804888799,1.0,0.0,5.1029764488e-06,0.9868316804888799,13564.4002181222,6444.539119927913,0.0,80371.8768949146,100380.81623296472
2026-08-14 22:00:00+00:00,7.218978075829967,3.3333333333321207,6678.939338050112,-7.218978075829967,1846.06,10.0,0.0,0.0,1.106270375157434,351110.01500003337,266115.97247027315,0,1878.8,1878.8,1878.8,1878.8,0.0,1878.8,0.0,8906400.0,0.04803550575074467,1.0,1.106270375157434,737452.0960591871,2473443.925177393,0.0,0.0,0.9868369658424236,1.0,0.0,5.1226903368e-06,0.9868369658424236,13566.349342202673,6442.589995847439,0.0,80372.36940924765,100381.30874729776
2026-08-14 23:00:00+00:00,7.218978075829967,3.3333333333321207,6678.939338050112,-7.218978075829967,1846.06,10.0,0.0,0.0,1.1062747440051717,351110.01500003337,266117.33574818494,0,1881.39,1881.39,1881.39,1881.39,0.0,1881.39,0.0,8902800.0,0.048035505779789434,1.0,1.1062747440051717,737452.0960591871,2473443.925177393,0.0,0.0,0.9868422512242753,1.0,0.0,5.1228583055999996e-06,0.9868422512242753,13585.046495419074,6423.892842631039,0.0,80372.86188183707,100381.80121988719
2026-08-15 00:00:00+00:00,7.218978075829967,3.3333333333321207,6679.636330578246,-7.218978075829967,1846.06,10.0,0.0,0.0,1.1062791128701626,351110.01500003337,266118.690156196,0,1881.7,1881.7,1881.7,1881.7,0.0,1881.7,5.131e-05,8899200.0,0.04803550580885774,1.0,1.1062791128701626,737452.0960591871,2473443.925177393,0.0,0.0,0.9868475366344347,1.0,0.0,5.0895014436e-06,0.9868475366344347,13587.284378622582,6422.351951955666,0.0,80373.36323426635,100382.99956484459
2026-08-15 01:00:00+00:00,7.218978075829967,3.3333333333321207,6679.636330578246,-7.218978075829967,1846.06,10.0,0.0,0.0,1.106283481752407,351110.01500003337,266120.04722518864,0,1883.35,1883.35,1883.35,1883.35,0.0,1883.35,0.0,8895600.0,0.04803550583795024,1.0,1.106283481752407,737452.0960591871,2473443.925177393,0.0,0.0,0.9868528220729021,1.0,0.0,5.099474718e-06,0.9868528220729021,13599.1956924477,6410.440638130547,0.0,80373.86193565332,100383.49826623156
2026-08-15 02:00:00+00:00,7.218978075829967,3.3333333333321207,6679.636330578246,-7.218978075829967,1846.06,10.0,0.0,0.0,1.1062878507128684,351110.01500003337,266121.40433930524,0,1884.23,1884.23,1884.23,1884.23,0.0,1884.23,0.0,8892000.0,0.04803499136906919,1.0,1.1062878507128684,737452.0960591871,2473506.053138643,0.0,0.0,0.9868582441411529,1.0,0.0,5.0996182752e-06,0.9868582441411529,13605.548393154431,6404.087937423816,0.0,80374.40856400155,100384.0448945798
2026-08-15 03:00:00+00:00,7.218978075829967,3.3333333333321207,6679.636330578246,-7.218978075829967,1846.06,10.0,0.0,0.0,1.1062922196296197,351110.01500003337,266122.7552982591,0,1881.95,1881.95,1881.95,1881.95,0.0,1881.95,0.0,8888400.0,0.04803499139820855,1.0,1.1062922196296197,737452.0960591871,2473506.053138643,0.0,0.0,0.9868635295816638,1.0,0.0,5.0764632336e-06,0.9868635295816638,13589.089123141539,6420.547207436708,0.0,80374.91337614477,100384.54970672302
2026-08-15 04:00:00+00:00,7.218978075829967,3.3333333333321207,6679.636330578246,-7.218978075829967,1846.06,10.0,0.0,0.0,1.1062965748435734,351110.01500003337,266124.1212119063,0,1883.62,1883.62,1883.62,1883.62,0.0,1883.62,0.0,8884800.0,0.0480278763400146,1.0,1.1062965748435734,737247.8870334002,2473688.227477937,0.0,0.0,0.9868707026367884,1.0,0.0,5.1326318952000005e-06,0.9868707026367884,13601.144816528174,6408.4915140500725,0.0,80376.06599398993,100385.70232456818
2026-08-15 05:00:00+00:00,7.218978075829967,3.3333333333321207,6679.636330578246,-7.218978075829967,1846.06,10.0,0.0,0.0,1.1063009583875099,351110.01500003337,266125.4871794811,0,1879.84,1879.84,1879.84,1879.84,0.0,1879.84,0.0,8881200.0,0.04802762713900388,1.0,1.1063009583875099,737242.6895027383,2473692.864184622,0.0,0.0,0.9868760534722039,1.0,0.0,5.1328081908e-06,0.9868760534722039,13573.857079401538,6435.77925117671,0.0,80376.57875831815,100386.2150888964
2026-08-15 06:00:00+00:00,7.218978075829967,3.3333333333321207,6679.636330578246,-7.218978075829967,1846.06,10.0,0.0,0.0,1.1063053273601935,351110.01500003337,266126.85320098506,0,1881.38,1881.38,1881.38,1881.38,0.0,1881.38,0.0,8877600.0,0.04802759199465467,1.0,1.1063053273601935,737241.6894448596,2473693.7563359747,0.0,0.0,0.986881347540372,1.0,0.0,5.13298449e-06,0.986881347540372,13584.974305638316,6424.66202493993,0.0,80377.07153716811,100386.70786774636
2026-08-15 07:00:00+00:00,7.218978075829967,3.3333333333321207,6679.636330578246,-7.218978075829967,1846.06,10.0,0.0,0.0,1.1063096963459633,351110.01500003337,266128.23492267844,0,1879.6,1879.6,1879.6,1879.6,0.0,1879.6,0.0,8874000.0,0.04802759202388396,1.0,1.1063096963459633,737241.6894448596,2473693.7563359747,0.0,0.0,0.9868866323092125,1.0,0.0,5.1919529724e-06,0.9868866323092125,13572.124524663337,6437.511805914909,0.0,80377.54535074154,100387.18168131978
2026-08-15 08:00:00+00:00,7.218978075829967,3.3333333333321207,6680.227930659613,-7.218978075829967,1846.06,10.0,0.0,0.0,1.1063140653489867,351110.01500003337,266129.61671446,0,1876.16,1876.16,1876.16,1876.16,0.0,1876.16,4.368e-05,8870400.0,0.04802759205313656,1.0,1.1063140653489867,737241.6894448596,2473693.7563359747,0.0,0.0,0.9868919171063532,1.0,0.0,5.1921893772e-06,0.9868919171063532,13547.291240082484,6462.936690577129,0.0,80378.01910416334,100388.24703482295
2026-08-15 09:00:00+00:00,7.218978075829967,3.3333333333321207,6680.227930659613,-7.218978075829967,1846.06,10.0,0.0,0.0,1.106318435151536,351110.01500003337,266130.95535722934,0,1879.55,1879.55,1879.55,1879.55,0.0,1879.55,0.0,8866800.0,0.048020990438269795,1.0,1.106318435151536,737054.0108549274,2473861.185243719,0.0,0.0,0.9868989498188625,1.0,0.0,5.0300279207999995e-06,0.9868989498188625,13571.763575759547,6438.4643549000675,0.0,80379.14971718867,100389.37764784829
2026-08-15 10:00:00+00:00,7.218978075829967,3.3333333333321207,6680.227930659613,-7.218978075829967,1846.06,10.0,0.0,0.0,1.1063228041932778,351110.01500003337,266132.29402583325,0,1880.24,1880.24,1880.24,1880.24,0.0,1880.24,0.0,8863200.0,0.048020954961245144,1.0,1.1063228041932778,737053.0015458396,2473862.0856550443,0.0,0.0,0.9869042433694198,1.0,0.0,5.030099694e-06,0.9869042433694198,13576.74467063187,6433.483260027744,0.0,80379.6696672003,100389.89759785992
2026-08-15 11:00:00+00:00,7.218978075829967,3.3333333333321207,6680.227930659613,-7.218978075829967,1846.06,10.0,0.0,0.0,1.1063271732480664,351110.01500003337,266133.6767439499,0,1878.56,1878.56,1878.56,1878.56,0.0,1878.56,0.0,8859600.0,0.048020954990565023,1.0,1.1063271732480664,737053.0015458396,2473862.0856550443,0.0,0.0,0.9869095275473863,1.0,0.0,5.195590898400001e-06,0.9869095275473863,13564.616787464474,6445.6111431951385,0.0,80380.14227688877,100390.37020754839
2026-08-15 12:00:00+00:00,7.218978075829967,3.3333333333321207,6680.227930659613,-7.218978075829967,1846.06,10.0,0.0,0.0,1.1063315424114126,351110.01500003337,266135.05953282345,0,1883.0,1883.0,1883.0,1883.0,0.0,1883.0,0.0,8856000.0,0.048020184516486264,1.0,1.1063315424114126,737031.0995656882,2473881.6246141307,0.0,0.0,0.9869150155120252,1.0,0.0,5.195829772800001e-06,0.9869150155120252,13596.66905012116,6413.558880538453,0.0,80380.68636736186,100390.91429802148
2026-08-15 13:00:00+00:00,7.218978075829967,3.3333333333321207,6680.227930659613,-7.218978075829967,1846.06,10.0,0.0,0.0,1.10633591150071,351110.01500003337,266136.44239245873,0,1882.79,1882.79,1882.79,1882.79,0.0,1882.79,0.0,8852400.0,0.048020184545854105,1.0,1.10633591150071,737031.0995656882,2473881.6246141307,0.0,0.0,0.9869202996648397,1.0,0.0,5.1960686616e-06,0.9869202996648397,13595.153064725235,6415.074865934378,0.0,80381.15882670059,100391.3867573602
2026-08-15 14:00:00+00:00,7.218978075829967,3.3333333333321207,6680.227930659613,-7.218978075829967,1846.06,10.0,0.0,0.0,1.106340280607261,351110.01500003337,266137.7696804589,0,1882.68,1882.68,1882.68,1882.68,0.0,1882.68,0.0,8848800.0,0.04802018457524482,1.0,1.106340280607261,737031.0995656882,2473881.6246141307,0.0,0.0,0.9869255838459469,1.0,0.0,4.9872339108e-06,0.9869255838459469,13594.358977136895,6415.868953522719,0.0,80381.68686760822,100391.91479826784
2026-08-15 15:00:00+00:00,7.218978075829967,3.3333333333321207,6680.227930659613,-7.218978075829967,1846.06,10.0,0.0,0.0,1.1063446498480523,351110.01500003337,266139.09699387744,0,1884.09,1884.09,1884.09,1884.09,0.0,1884.09,0.0,8845200.0,0.048019197388076584,1.0,1.1063446498480523,737003.0384530554,2473906.658280711,0.0,0.0,0.9869311288092628,1.0,0.0,4.9873045464e-06,0.9869311288092628,13604.537736223814,6405.6901944358,0.0,80382.30644634267,100392.53437700229
2026-08-15 16:00:00+00:00,7.218978075829967,3.3333333333321207,6681.036505094635,-7.218978075829967,1846.06,10.0,0.0,0.0,1.106349018989113,351110.01500003337,266140.42432149145,0,1884.05,1884.05,1884.05,1884.05,0.0,1884.05,5.945e-05,8841600.0,0.04801919741751459,1.0,1.106349018989113,737003.0384530554,2473906.658280711,0.0,0.0,0.9869364129422242,1.0,0.0,4.987333011599999e-06,0.9869364129422242,13604.24897710078,6406.787527993854,0.0,80382.83443073201,100393.87093582665
2026-08-15 17:00:00+00:00,7.218978075829967,3.3333333333321207,6681.036505094635,-7.218978075829967,1846.06,10.0,0.0,0.0,1.1063533881474283,351110.01500003337,266141.75167489325,0,1883.62,1883.62,1883.62,1883.62,0.0,1883.62,0.0,8838000.0,0.048019197446977246,1.0,1.1063533881474283,737003.0384530554,2473906.658280711,0.0,0.0,0.9869416971034772,1.0,0.0,4.9874050332e-06,0.9869416971034772,13601.144816528174,6409.891688566461,0.0,80383.36239926703,100394.39890436167
2026-08-15 18:00:00+00:00,7.218978075829967,3.3333333333321207,6681.036505094635,-7.218978075829967,1846.06,10.0,0.0,0.0,1.1063577573229983,351110.01500003337,266143.0790424919,0,1881.97,1881.97,1881.97,1881.97,0.0,1881.97,0.0,8834400.0,0.04801919747646366,1.0,1.1063577573229983,737003.0384530554,2473906.658280711,0.0,0.0,0.9869469812930223,1.0,0.0,4.987433502e-06,0.9869469812930223,13589.233502703055,6421.80300239158,0.0,80383.89036353881,100394.92686863345
2026-08-15 19:00:00+00:00,7.218978075829967,3.3333333333321207,6681.036505094635,-7.218978075829967,1846.06,10.0,0.0,0.0,1.1063621265161405,351110.01500003337,266144.4064242866,0,1883.67,1883.67,1883.67,1883.67,0.0,1883.67,0.0,8830800.0,0.048019194821109945,1.0,1.1063621265161405,737002.9624838557,2473906.727517839,0.0,0.0,0.9869522662188747,1.0,0.0,4.9874619672000005e-06,0.9869522662188747,13601.505765431966,6409.530739662669,0.0,80384.4185721394,100395.45507723404
2026-08-15 20:00:00+00:00,7.218978075829967,3.3333333333321207,6681.036505094635,-7.218978075829967,1846.06,10.0,0.0,0.0,1.10636649572622,351110.01500003337,266145.73382027843,0,1882.44,1882.44,1882.44,1882.44,0.0,1882.44,0.0,8827200.0,0.048019194850644764,1.0,1.10636649572622,737002.9624838557,2473906.727517839,0.0,0.0,0.9869575504647192,1.0,0.0,4.987490436e-06,0.9869575504647192,13592.626422398696,6418.41008269594,0.0,80384.94652778533,100395.98303287997
2026-08-15 21:00:00+00:00,7.218978075829967,3.3333333333321207,6681.036505094635,-7.218978075829967,1846.06,10.0,0.0,0.0,1.1063708649535535,351110.01500003337,266147.0612304665,0,1884.14,1884.14,1884.14,1884.14,0.0,1884.14,0.0,8823600.0,0.04801919488020312,1.0,1.1063708649535535,737002.9624838557,2473906.727517839,0.0,0.0,0.9869628347388562,1.0,0.0,4.9875189012e-06,0.9869628347388562,13604.898685127608,6406.137819967029,0.0,80385.47447916871,100396.51098426335
2026-08-15 22:00:00+00:00,7.218978075829967,3.3333333333321207,6681.036505094635,-7.218978075829967,1846.06,10.0,0.0,0.0,1.1063752341981423,351110.01500003337,266148.3807779629,0,1883.71,1883.71,1883.71,1883.71,0.0,1883.71,0.0,8820000.0,0.04801919490978612,1.0,1.1063752341981423,737002.9624838557,2473906.727517839,0.0,0.0,0.9869681190412857,1.0,0.0,4.9579515144e-06,0.9869681190412857,13601.794524555,6409.241980539636,0.0,80386.01030317764,100397.04680827228
2026-08-15 23:00:00+00:00,7.218978075829967,3.3333333333321207,6681.036505094635,-7.218978075829967,1846.06,10.0,0.0,0.0,1.106379603459986,351110.01500003337,266149.7003343577,0,1881.73,1881.73,1881.73,1881.73,0.0,1881.73,0.0,8816400.0,0.048019194939393106,1.0,1.106379603459986,737002.9624838557,2473906.727517839,0.0,0.0,0.9869734033720079,1.0,0.0,4.957960366799999e-06,0.9869734033720079,13587.500947964856,6423.53555712978,0.0,80386.54612822202,100397.58263331666
2026-08-16 00:00:00+00:00,7.218978075829967,3.3333333333321207,6680.9790498675175,-7.218978075829967,1846.06,10.0,0.0,0.0,1.106383972739084,351110.01500003337,266151.01989999,0,1881.54,1881.54,1881.54,1881.54,0.0,1881.54,-4.23e-06,8812800.0,0.048019194969024515,1.0,1.106383972739084,737471.387986064,2475479.097047194,0.0,0.0,0.9869786877310228,1.0,0.0,4.9579704936e-06,0.9869786877310228,13586.129342130449,6424.84970773707,0.0,80387.08195396268,100398.0610038302
2026-08-16 01:00:00+00:00,7.218978075829967,3.3333333333321207,6680.9790498675175,-7.218978075829967,1846.06,10.0,0.0,0.0,1.1063883572680606,351110.01500003337,266152.3394721647,0,1879.7,1879.7,1879.7,1879.7,0.0,1879.7,0.0,8809200.0,0.04789066247082574,1.0,1.1063883572680606,733822.3730502678,2478734.5857379436,0.0,0.0,0.9870177877767472,1.0,0.0,4.9579704936e-06,0.9870177877767472,13572.846422470922,6438.132627396597,0.0,80399.49079942878,100410.46984929629
2026-08-16 02:00:00+00:00,7.218978075829967,3.3333333333321207,6680.9790498675175,-7.218978075829967,1846.06,10.0,0.0,0.0,1.1063927265817295,351110.01500003337,266153.6590538368,0,1882.77,1882.77,1882.77,1882.77,0.0,1882.77,0.0,8805600.0,0.047890662500424286,1.0,1.1063927265817295,733822.3730502678,2478734.5857379436,0.0,0.0,0.9870230585538797,1.0,0.0,4.9579815959999995e-06,0.9870230585538797,13595.008685163719,6415.970364703799,0.0,80400.02184039477,100411.00089026228
2026-08-16 03:00:00+00:00,7.218978075829967,3.3333333333321207,6680.9790498675175,-7.218978075829967,1846.06,10.0,0.0,0.0,1.106397095912653,351110.01500003337,266154.9786450187,0,1882.15,1882.15,1882.15,1882.15,0.0,1882.15,0.0,8802000.0,0.047890662530047035,1.0,1.106397095912653,733822.3730502678,2478734.5857379436,0.0,0.0,0.9870283293591587,1.0,0.0,4.9579927452e-06,0.9870283293591587,13590.532918756706,6420.4461311108125,0.0,80400.5528817334,100411.53193160091
2026-08-16 04:00:00+00:00,7.218978075829967,3.3333333333321207,6680.9790498675175,-7.218978075829967,1846.06,10.0,0.0,0.0,1.1064014652608323,351110.01500003337,266156.29824519606,0,1880.76,1880.76,1880.76,1880.76,0.0,1880.76,0.0,8798400.0,0.047890662559693986,1.0,1.1064014652608323,733822.3730502678,2478734.5857379436,0.0,0.0,0.9870336001925843,1.0,0.0,4.9580019612e-06,0.9870336001925843,13580.498539231301,6430.480510636217,0.0,80401.08392395917,100412.06297382669
2026-08-16 05:00:00+00:00,7.218978075829967,3.3333333333321207,6680.9790498675175,-7.218978075829967,1846.06,10.0,0.0,0.0,1.1064058346262666,351110.01500003337,266157.61785466986,0,1879.01,1879.01,1879.01,1879.01,0.0,1879.01,0.0,8794800.0,0.047890662589364474,1.0,1.1064058346262666,733822.3730502678,2478734.5857379436,0.0,0.0,0.987038871054157,1.0,0.0,4.9580123076000005e-06,0.987038871054157,13567.865327598598,6443.113722268919,0.0,80401.61496677122,100412.59401663873
2026-08-16 06:00:00+00:00,7.218978075829967,3.3333333333321207,6680.9790498675175,-7.218978075829967,1846.06,10.0,0.0,0.0,1.1064102040089563,351110.01500003337,266158.93747263326,0,1879.8,1879.8,1879.8,1879.8,0.0,1879.8,0.0,8791200.0,0.0478906626190605,1.0,1.1064102040089563,733822.3730502678,2478734.5857379436,0.0,0.0,0.9870441419438762,1.0,0.0,4.9580196228e-06,0.9870441419438762,13573.568320278504,6437.410729589014,0.0,80402.14601097617,100413.12506084368
2026-08-16 07:00:00+00:00,7.218978075829967,3.3333333333321207,6680.9790498675175,-7.218978075829967,1846.06,10.0,0.0,0.0,1.1064146503565402,351110.01500003337,266160.25709973514,0,1880.73,1880.73,1880.73,1880.73,0.0,1880.73,0.0,8787600.0,0.04789066264729347,1.0,1.1064146503565402,733822.3730502678,2478734.5857379436,0.0,0.0,0.987049412862133,1.0,0.0,4.958029375200001e-06,0.987049412862133,13580.281969889027,6430.697079978492,0.0,80402.6770560625,100413.65610593001
2026-08-16 08:00:00+00:00,7.218978075829967,3.3333333333321207,6681.2435450032435,-7.218978075829967,1846.06,10.0,0.0,0.0,1.1064190197740449,351110.01500003337,266161.57673636643,0,1879.88,1879.88,1879.88,1879.88,0.0,1879.88,1.949e-05,8784000.0,0.04789066267703679,1.0,1.1064190197740449,733822.3730502678,2478734.5857379436,0.0,0.0,0.9870546838081468,1.0,0.0,4.9580405964e-06,0.9870546838081468,13574.145838524571,6437.097706478673,0.0,80403.20810136519,100414.45164636843
2026-08-16 09:00:00+00:00,7.218978075829967,3.3333333333321207,6681.2435450032435,-7.218978075829967,1846.06,10.0,0.0,0.0,1.106423363748437,351110.01500003337,266162.89637954056,0,1879.32,1879.32,1879.32,1879.32,0.0,1879.32,0.0,8780400.0,0.04811700907677641,1.0,1.106423363748437,740256.9343186707,2472994.8571950397,0.0,0.0,0.9870006009408214,1.0,0.0,4.9580405964e-06,0.9870006009408214,13570.103210802105,6441.140334201139,0.0,80382.89942183322,100394.14296683646
2026-08-16 10:00:00+00:00,7.218978075829967,3.3333333333321207,6681.2435450032435,-7.218978075829967,1846.06,10.0,0.0,0.0,1.1064277332003527,351110.01500003337,266164.21603215416,0,1879.94,1879.94,1879.94,1879.94,0.0,1879.94,0.0,8776800.0,0.04811700910671246,1.0,1.1064277332003527,740256.9343186707,2472994.8571950397,0.0,0.0,0.9870058959608555,1.0,0.0,4.9580514792e-06,0.9870058959608555,13574.578977209121,6436.664567794123,0.0,80383.43890378322,100394.68244878645
2026-08-16 11:00:00+00:00,7.218978075829967,3.3333333333321207,6681.2435450032435,-7.218978075829967,1846.06,10.0,0.0,0.0,1.1064321666006525,351110.01500003337,266165.5356792776,0,1880.14,1880.14,1880.14,1880.14,0.0,1880.14,0.0,8773200.0,0.047548749341074004,1.0,1.1064321666006525,724191.8748735999,2487381.3448382886,0.0,0.0,0.9871601138052216,1.0,0.0,4.958006270399999e-06,0.9871601138052216,13576.022772824288,6435.220772178957,0.0,80436.26668630837,100447.51023131162
2026-08-16 12:00:00+00:00,7.218978075829967,3.3333333333321207,6681.2435450032435,-7.218978075829967,1846.06,10.0,0.0,0.0,1.1064365360873312,351110.01500003337,266166.85533611075,0,1878.95,1878.95,1878.95,1878.95,0.0,1878.95,0.0,8769600.0,0.04754874937069742,1.0,1.1064365360873312,724191.8748735999,2487381.3448382886,0.0,0.0,0.9871653485670914,1.0,0.0,4.9580181684e-06,0.9871653485670914,13567.432188914048,6443.811356089195,0.0,80436.78500679386,100448.02855179709
2026-08-16 13:00:00+00:00,7.218978075829967,3.3333333333321207,6681.2435450032435,-7.218978075829967,1846.06,10.0,0.0,0.0,1.106440920884725,351110.01500003337,266168.17500098445,0,1880.94,1880.94,1880.94,1880.94,0.0,1880.94,0.0,8766000.0,0.047412858342951836,1.0,1.106440920884725,720384.8723685562,2490778.2680466487,0.0,0.0,0.9872061825126754,1.0,0.0,4.9580237951999995e-06,0.9872061825126754,13581.79795528495,6429.445589718293,0.0,80449.80254916672,100461.04609416996
2026-08-16 14:00:00+00:00,7.218978075829967,3.3333333333321207,6681.2435450032435,-7.218978075829967,1846.06,10.0,0.0,0.0,1.1064452904059765,351110.01500003337,266169.49467486946,0,1882.51,1882.51,1882.51,1882.51,0.0,1882.51,0.0,8762400.0,0.04741285837253639,1.0,1.1064452904059765,720384.8723685562,2490778.2680466487,0.0,0.0,0.987211402898745,1.0,0.0,4.9580330688e-06,0.987211402898745,13593.131750864004,6418.111794139241,0.0,80450.31580511288,100461.55935011613
2026-08-16 15:00:00+00:00,7.218978075829967,3.3333333333321207,6681.2435450032435,-7.218978075829967,1846.06,10.0,0.0,0.0,1.106449659944484,351110.01500003337,266170.8143575253,0,1883.22,1883.22,1883.22,1883.22,0.0,1883.22,0.0,8758800.0,0.04741285840214515,1.0,1.106449659944484,720384.8723685562,2490778.2680466487,0.0,0.0,0.9872166233124202,1.0,0.0,4.9580414388e-06,0.9872166233124202,13598.257225297843,6412.986319705401,0.0,80450.82906198082,100462.07260698406
2026-08-16 16:00:00+00:00,7.218978075829967,3.3333333333321207,6681.784805354406,-7.218978075829967,1846.06,10.0,0.0,0.0,1.1064540295002472,351110.01500003337,266172.13404895016,0,1888.6,1888.6,1888.6,1888.6,0.0,1888.6,3.97e-05,8755200.0,0.047412858431779004,1.0,1.1064540295002472,720384.8723685562,2490778.2680466487,0.0,0.0,0.987221843753701,1.0,0.0,4.9580498015999995e-06,0.987221843753701,13637.095327345807,6374.6894780085995,0.0,80451.3423197724,100463.1271251268
2026-08-16 17:00:00+00:00,7.218978075829967,3.3333333333321207,6681.784805354406,-7.218978075829967,1846.06,10.0,0.0,0.0,1.106458399073267,351110.01500003337,266173.45375005534,0,1884.2,1884.2,1884.2,1884.2,0.0,1884.2,0.0,8751600.0,0.047412858461436835,1.0,1.106458399073267,720384.8723685562,2490778.2680466487,0.0,0.0,0.9872270642225879,1.0,0.0,4.958061588e-06,0.9872270642225879,13605.331823812156,6406.45298154225,0.0,80451.85557757638,100463.64038293078
2026-08-16 18:00:00+00:00,7.218978075829967,3.3333333333321207,6681.784805354406,-7.218978075829967,1846.06,10.0,0.0,0.0,1.1064627686635427,351110.01500003337,266174.77346201864,0,1884.54,1884.54,1884.54,1884.54,0.0,1884.54,0.0,8748000.0,0.04741285849111909,1.0,1.1064627686635427,720384.8723685562,2490778.2680466487,0.0,0.0,0.9872322847190808,1.0,0.0,4.9580777988e-06,0.9872322847190808,13607.786276357938,6403.998528996469,0.0,80452.36883421504,100464.15363956944
2026-08-16 19:00:00+00:00,7.218978075829967,3.3333333333321207,6681.784805354406,-7.218978075829967,1846.06,10.0,0.0,0.0,1.1064671382713818,351110.01500003337,266176.0931805252,0,1884.88,1884.88,1884.88,1884.88,0.0,1884.88,0.0,8744400.0,0.04741285579272159,1.0,1.1064671382713818,720384.796421304,2490778.3372628978,0.0,0.0,0.9872375059561774,1.0,0.0,4.9580777988e-06,0.9872375059561774,13610.240728903722,6401.544076450686,0.0,80452.88234434382,100464.66714969822
2026-08-16 20:00:00+00:00,7.218978075829967,3.3333333333321207,6681.784805354406,-7.218978075829967,1846.06,10.0,0.0,0.0,1.10647150789617,351110.01500003337,266177.41290783836,0,1881.08,1881.08,1881.08,1881.08,0.0,1881.08,0.0,8740800.0,0.04741285582245314,1.0,1.10647150789617,720384.796421304,2490778.3372628978,0.0,0.0,0.9872427265075929,1.0,0.0,4.958086302e-06,0.9872427265075929,13582.808612215566,6428.97619313884,0.0,80453.39560491644,100465.18041027084
2026-08-16 21:00:00+00:00,7.218978075829967,3.3333333333321207,6681.784805354406,-7.218978075829967,1846.06,10.0,0.0,0.0,1.1064758775382146,351110.01500003337,266178.7326434753,0,1874.59,1874.59,1874.59,1874.59,0.0,1874.59,0.0,8737200.0,0.04741285585220867,1.0,1.1064758775382146,720384.796421304,2490778.3372628978,0.0,0.0,0.9872479470866151,1.0,0.0,4.9580929908e-06,0.9872479470866151,13535.957444503429,6475.827360850977,0.0,80453.90886685828,100465.69367221268
2026-08-16 22:00:00+00:00,7.218978075829967,3.3333333333321207,6681.784805354406,-7.218978075829967,1846.06,10.0,0.0,0.0,1.1064802471975157,351110.01500003337,266180.0523878548,0,1875.32,1875.32,1875.32,1875.32,0.0,1875.32,0.0,8733600.0,0.04741285588198929,1.0,1.1064802471975157,720384.796421304,2490778.3372628978,0.0,0.0,0.9872531676932437,1.0,0.0,4.9581012528e-06,0.9872531676932437,13541.227298498785,6470.557506855621,0.0,80454.42212975048,100466.20693510488
2026-08-16 23:00:00+00:00,7.218978075829967,3.3333333333321207,6681.784805354406,-7.218978075829967,1846.06,10.0,0.0,0.0,1.1064846168740734,351110.01500003337,266181.3721412519,0,1875.22,1875.22,1875.22,1875.22,0.0,1875.22,0.0,8730000.0,0.047412855911793894,1.0,1.1064846168740734,720384.796421304,2490778.3372628978,0.0,0.0,0.9872583883274793,1.0,0.0,4.958110548e-06,0.9872583883274793,13540.505400691203,6471.279404663203,0.0,80454.93539331807,100466.72019867247
2026-08-17 00:00:00+00:00,7.218978075829967,3.3333333333321207,6682.153992610842,-7.218978075829967,1846.06,10.0,0.0,0.0,1.1064889865678877,351110.01500003337,266182.69190369744,0,1878.12,1878.12,1878.12,1878.12,0.0,1878.12,2.723e-05,8726400.0,0.047412855941623366,1.0,1.1064889865678877,720384.796421304,2490778.3372628978,0.0,0.0,0.9872636089893216,1.0,0.0,4.958119958399999e-06,0.9872636089893216,13561.440437111109,6450.713555499733,0.0,80455.44865753036,100467.6026501412
2026-08-17 01:00:00+00:00,7.218978075829967,3.3333333333321207,6682.153992610842,-7.218978075829967,1846.06,10.0,0.0,0.0,1.1064933562789585,351110.01500003337,266184.011675226,0,1890.71,1890.71,1890.71,1890.71,0.0,1890.71,0.0,8722800.0,0.04741285597147815,1.0,1.1064933562789585,720384.796421304,2490778.3372628978,0.0,0.0,0.9872688296787709,1.0,0.0,4.9581294984e-06,0.9872688296787709,13652.32737108581,6359.826621525033,0.0,80455.96192235267,100468.1159149635
2026-08-17 02:00:00+00:00,7.218978075829967,3.3333333333321207,6682.153992610842,-7.218978075829967,1846.06,10.0,0.0,0.0,1.1064976772567223,351110.01500003337,266185.33145823027,0,1901.76,1901.76,1901.76,1901.76,0.0,1901.76,0.0,8719200.0,0.04784607166856958,1.0,1.1064976772567223,732571.6282168983,2479906.452452869,0.0,0.0,0.9871611801724082,1.0,0.0,4.958148027600001e-06,0.9871611801724082,13732.09707882373,6280.0569137871125,0.0,80416.84531955462,100428.99931216546
2026-08-17 03:00:00+00:00,7.218978075829967,3.3333333333321207,6682.153992610842,-7.218978075829967,1846.06,10.0,0.0,0.0,1.1065020470021143,351110.01500003337,266186.65125355474,0,1900.19,1900.19,1900.19,1900.19,0.0,1900.19,0.0,8715600.0,0.04784607169875299,1.0,1.1065020470021143,732571.6282168983,2479906.452452869,0.0,0.0,0.9871664469197979,1.0,0.0,4.9581697284e-06,0.9871664469197979,13720.763283244678,6291.390709366165,0.0,80417.37473198515,100429.52872459599
2026-08-17 04:00:00+00:00,7.218978075829967,3.3333333333321207,6682.153992610842,-7.218978075829967,1846.06,10.0,0.0,0.0,1.106506416764763,351110.01500003337,266187.97106017696,0,1902.6,1902.6,1902.6,1902.6,0.0,1902.6,0.0,8712000.0,0.04784607172896038,1.0,1.106506416764763,732571.6282168983,2479906.452452869,0.0,0.0,0.9871717136952872,1.0,0.0,4.958187588e-06,0.9871717136952872,13738.161020407428,6273.992972203416,0.0,80417.90414298396,100430.0581355948
2026-08-17 05:00:00+00:00,7.218978075829967,3.3333333333321207,6682.153992610842,-7.218978075829967,1846.06,10.0,0.0,0.0,1.10651077477542,351110.01500003337,266189.29087808274,0,1898.85,1898.85,1898.85,1898.85,0.0,1898.85,0.0,8708400.0,0.04795068329686436,1.0,1.10651077477542,732571.6282168983,2467275.7955348594,0.0,0.0,0.9871497671985865,1.0,0.0,4.9582053936e-06,0.9871497671985865,13711.089852623065,6301.064139987778,0.0,80408.87869029242,100421.03268290326
2026-08-17 06:00:00+00:00,7.218978075829967,3.3333333333321207,6682.153992610842,-7.218978075829967,1846.06,10.0,0.0,0.0,1.1065151445725359,351110.01500003337,266190.61070719553,0,1906.19,1906.19,1906.19,1906.19,0.0,1906.19,0.0,8704800.0,0.047950683327189436,1.0,1.1065151445725359,732571.6282168983,2467275.7955348594,0.0,0.0,0.9871550451347877,1.0,0.0,4.9582229112e-06,0.9871550451347877,13764.077151699657,6248.076840911185,0.0,80409.41199743841,100421.56599004925
2026-08-17 07:00:00+00:00,7.218978075829967,3.3333333333321207,6682.153992610842,-7.218978075829967,1846.06,10.0,0.0,0.0,1.1065195143869089,351110.01500003337,266191.93054726144,0,1900.09,1900.09,1900.09,1900.09,0.0,1900.09,0.0,8701200.0,0.04795068335754027,1.0,1.1065195143869089,732571.6282168983,2467275.7955348594,0.0,0.0,0.987160323099208,1.0,0.0,4.9582394748e-06,0.987160323099208,13720.041385437095,6292.112607173749,0.0,80409.94530353928,100422.09929615012
2026-08-17 08:00:00+00:00,7.218978075829967,3.3333333333321207,6683.073969764,-7.218978075829967,1846.06,10.0,0.0,0.0,1.1065238842185396,351110.01500003337,266193.2503971526,0,1893.31,1893.31,1893.31,1893.31,0.0,1893.31,6.731e-05,8697600.0,0.047950683387916415,1.0,1.1065238842185396,732571.6282168983,2467275.7955348594,0.0,0.0,0.9871656010918477,1.0,0.0,4.9582518012e-06,0.9871656010918477,13671.096714082967,6341.977255681034,0.0,80410.47860972298,100423.55257948698
2026-08-17 09:00:00+00:00,7.218978075829967,3.3333333333321207,6683.073969764,-7.218978075829967,1846.06,10.0,0.0,0.0,1.1065282540674268,351110.01500003337,266194.5702562338,0,1893.02,1893.02,1893.02,1893.02,0.0,1893.02,0.0,8694000.0,0.047950683418316986,1.0,1.1065282540674268,732571.6282168983,2467275.7955348594,0.0,0.0,0.9871708791127071,1.0,0.0,4.9582617408e-06,0.9871708791127071,13669.003210440977,6344.0707593230245,0.0,80411.0119166249,100424.0858863889
2026-08-17 10:00:00+00:00,7.218978075829967,3.3333333333321207,6683.073969764,-7.218978075829967,1846.06,10.0,0.0,0.0,1.1065326239335718,351110.01500003337,266195.890124576,0,1906.27,1906.27,1906.27,1906.27,0.0,1906.27,0.0,8690400.0,0.047950683448743314,1.0,1.1065326239335718,732571.6282168983,2467275.7955348594,0.0,0.0,0.987176157161786,1.0,0.0,4.9582719468e-06,0.987176157161786,13764.654669945723,6248.419299818278,0.0,80411.54522417398,100424.61919393798
2026-08-17 11:00:00+00:00,7.218978075829967,3.3333333333321207,6683.073969764,-7.218978075829967,1846.06,10.0,0.0,0.0,1.106536993816974,351110.01500003337,266197.2100021745,0,1903.75,1903.75,1903.75,1903.75,0.0,1903.75,0.0,8686800.0,0.04795068347919429,1.0,1.106536993816974,732571.6282168983,2467275.7955348594,0.0,0.0,0.9871814352390849,1.0,0.0,4.958282134799999e-06,0.9871814352390849,13746.462845194632,6266.611124569369,0.0,80412.07853237505,100425.15250213904
2026-08-17 12:00:00+00:00,7.218978075829967,3.3333333333321207,6683.073969764,-7.218978075829967,1846.06,10.0,0.0,0.0,1.1065413637176333,351110.01500003337,266198.5298863173,0,1898.1,1898.1,1898.1,1898.1,0.0,1898.1,0.0,8683200.0,0.04795068350967169,1.0,1.1065413637176333,732571.6282168983,2467275.7955348594,0.0,0.0,0.9871867133446034,1.0,0.0,4.958282134799999e-06,0.9871867133446034,13705.675619066193,6307.398350697809,0.0,80412.61184393999,100425.68581370398
2026-08-17 13:00:00+00:00,7.218978075829967,3.3333333333321207,6683.073969764,-7.218978075829967,1846.06,10.0,0.0,0.0,1.1065457336355502,351110.01500003337,266199.84977700457,0,1904.02,1904.02,1904.02,1904.02,0.0,1904.02,0.0,8679600.0,0.04795068354017329,1.0,1.1065457336355502,732571.6282168983,2467275.7955348594,0.0,0.0,0.9871919914783425,1.0,0.0,4.958282134799999e-06,0.9871919914783425,13748.411969275106,6264.662000488895,0.0,80413.1451588691,100426.21912863309
2026-08-17 14:00:00+00:00,7.218978075829967,3.3333333333321207,6683.073969764,-7.218978075829967,1846.06,10.0,0.0,0.0,1.1065501035707248,351110.01500003337,266201.15270018845,0,1908.77,1908.77,1908.77,1908.77,0.0,1908.77,0.0,8676000.0,0.047950683570700425,1.0,1.1065501035707248,732571.6282168983,2467275.7955348594,0.0,0.0,0.9871972696403016,1.0,0.0,4.8945181464e-06,0.9871972696403016,13782.702115135298,6230.371854628703,0.0,80413.69545120985,100426.76942097384
2026-08-17 15:00:00+00:00,7.218978075829967,3.3333333333321207,6683.073969764,-7.218978075829967,1846.06,10.0,0.0,0.0,1.1065544735231572,351110.01500003337,266202.45556623535,0,1912.45,1912.45,1912.45,1912.45,0.0,1912.45,0.0,8672400.0,0.04795068360125332,1.0,1.1065544735231572,732571.6282168983,2467275.7955348594,0.0,0.0,0.9872025478304812,1.0,0.0,4.8942795528e-06,0.9872025478304812,13809.267954454353,6203.806015309648,0.0,80414.24581059604,100427.31978036003
2026-08-17 16:00:00+00:00,7.218978075829967,3.3333333333321207,6683.964436839288,-7.218978075829967,1846.06,10.0,0.0,0.0,1.1065588434928468,351110.01500003337,266203.75837514916,0,1906.21,1906.21,1906.21,1906.21,0.0,1906.21,6.471e-05,8668800.0,0.047950683631831525,1.0,1.1065588434928468,732571.6282168983,2467275.7955348594,0.0,0.0,0.9872078260488815,1.0,0.0,4.8940409772000005e-06,0.9872078260488815,13764.221531261173,6249.742905578115,0.0,80414.79623702395,100428.76067386325
2026-08-17 17:00:00+00:00,7.218978075829967,3.3333333333321207,6683.964436839288,-7.218978075829967,1846.06,10.0,0.0,0.0,1.1065632134797945,351110.01500003337,266205.0624445606,0,1907.96,1907.96,1907.96,1907.96,0.0,1907.96,0.0,8665200.0,0.04795068366243482,1.0,1.1065632134797945,732571.6282168983,2467275.7955348594,0.0,0.0,0.9872131042955025,1.0,0.0,4.8987520884e-06,0.9872131042955025,13776.854742893876,6237.109693945413,0.0,80415.34541286278,100429.30984970207
2026-08-17 18:00:00+00:00,7.218978075829967,3.3333333333321207,6683.964436839288,-7.218978075829967,1846.06,10.0,0.0,0.0,1.106567606584622,351110.01500003337,266206.4156719802,0,1909.12,1909.12,1909.12,1909.12,0.0,1909.12,0.0,8661600.0,0.047745373099681965,1.0,1.106567606584622,726784.8255957464,2472438.895631476,0.0,0.0,0.9872715113077702,1.0,0.0,5.0833893527999996e-06,0.9872715113077702,13785.228757461839,6228.735679377451,0.0,80434.49947239662,100448.46390923591
2026-08-17 19:00:00+00:00,7.218978075829967,3.3333333333321207,6683.964436839288,-7.218978075829967,1846.06,10.0,0.0,0.0,1.1065719766064819,351110.01500003337,266207.73373795534,0,1906.28,1906.28,1906.28,1906.28,0.0,1906.28,0.0,8658000.0,0.04774537041621718,1.0,1.1065719766064819,726784.7496514558,2472438.9648264223,0.0,0.0,0.9872767685145494,1.0,0.0,4.95128079e-06,0.9872767685145494,13764.726859726481,6249.237577112807,0.0,80435.02726437256,100448.99170121185
2026-08-17 20:00:00+00:00,7.218978075829967,3.3333333333321207,6683.964436839288,-7.218978075829967,1846.06,10.0,0.0,0.0,1.1065763468559242,351110.01500003337,266209.0531638335,0,1905.76,1905.76,1905.76,1905.76,0.0,1905.76,0.0,8654400.0,0.04774349863798655,1.0,1.1065763468559242,726784.7496514558,2472664.8765945346,0.0,0.0,0.9872825090830869,1.0,0.0,4.956364677599999e-06,0.9872825090830869,13760.97299112705,6252.991445712239,0.0,80435.72340959974,100449.68784643903
2026-08-17 21:00:00+00:00,7.218978075829967,3.3333333333321207,6683.964436839288,-7.218978075829967,1846.06,10.0,0.0,0.0,1.1065806965462908,351110.01500003337,266210.3725987085,0,1905.58,1905.58,1905.58,1905.58,0.0,1905.58,0.0,8650800.0,0.047924497661567145,1.0,1.1065806965462908,731884.7496514558,2468115.133084651,0.0,0.0,0.987240984735119,1.0,0.0,4.956373908e-06,0.987240984735119,13759.6735750734,6254.290861765889,0.0,80419.82436028688,100433.78879712617
2026-08-17 22:00:00+00:00,7.218978075829967,3.3333333333321207,6683.964436839288,-7.218978075829967,1846.06,10.0,0.0,0.0,1.1065850666195398,351110.01500003337,266211.6920426886,0,1903.59,1903.59,1903.59,1903.59,0.0,1903.59,0.0,8647200.0,0.04792449769228102,1.0,1.1065850666195398,731884.7496514558,2468115.133084651,0.0,0.0,0.9872462603428727,1.0,0.0,4.9563835452e-06,0.9872462603428727,13745.307808702499,6268.6566281367905,0.0,80420.35723502428,100434.32167186357
2026-08-17 23:00:00+00:00,7.218978075829967,3.3333333333321207,6683.964436839288,-7.218978075829967,1846.06,10.0,0.0,0.0,1.1065894367100468,351110.01500003337,266213.011495706,0,1912.7,1912.7,1912.7,1912.7,0.0,1912.7,0.0,8643600.0,0.04792449772302043,1.0,1.1065894367100468,731884.7496514558,2468115.133084651,0.0,0.0,0.9872515359788181,1.0,0.0,4.9563929268e-06,0.9872515359788181,13811.07269897331,6202.891737865979,0.0,80420.8901106228,100434.85454746209
2026-08-18 00:00:00+00:00,7.218978075829967,3.3333333333321207,6684.60304570176,-7.218978075829967,1846.06,10.0,0.0,0.0,1.1065938068178125,351110.01500003337,266214.3309613564,0,1909.4,1909.4,1909.4,1909.4,0.0,1909.4,4.633e-05,8640000.0,0.047924497753784934,1.0,1.1065938068178125,731884.7496514558,2468115.133084651,0.0,0.0,0.9872568116429556,1.0,0.0,4.956415815599999e-06,0.9872568116429556,13787.250071323071,6227.3529743786885,0.0,80421.42298348685,100436.02602918861
2026-08-18 01:00:00+00:00,7.218978075829967,3.3333333333321207,6684.60304570176,-7.218978075829967,1846.06,10.0,0.0,0.0,1.1065981769428357,351110.01500003337,266215.65043354663,0,1900.46,1900.46,1900.46,1900.46,0.0,1900.46,0.0,8636400.0,0.0479244977845763,1.0,1.1065981769428357,731884.7496514558,2468115.133084651,0.0,0.0,0.9872620873352849,1.0,0.0,4.956415815599999e-06,0.9872620873352849,13722.712407325153,6291.890638376609,0.0,80421.95585970947,100436.55890541124
2026-08-18 02:00:00+00:00,7.218978075829967,3.3333333333321207,6684.60304570176,-7.218978075829967,1846.06,10.0,0.0,0.0,1.1066025470851175,351110.01500003337,266216.9699157269,0,1892.13,1892.13,1892.13,1892.13,0.0,1892.13,0.0,8632800.0,0.04792449781539232,1.0,1.1066025470851175,731884.7496514558,2468115.133084651,0.0,0.0,0.9872673630558064,1.0,0.0,4.9564287756e-06,0.9872673630558064,13662.578319953489,6352.0247257482715,0.0,80422.48873584066,100437.09178154242
2026-08-18 03:00:00+00:00,7.218978075829967,3.3333333333321207,6684.60304570176,-7.218978075829967,1846.06,10.0,0.0,0.0,1.1066069172446582,351110.01500003337,266218.2894075322,0,1893.68,1893.68,1893.68,1893.68,0.0,1893.68,0.0,8629200.0,0.047924497846234315,1.0,1.1066069172446582,731884.7496514558,2468115.133084651,0.0,0.0,0.9872726388045204,1.0,0.0,4.956440364e-06,0.9872726388045204,13673.767735971025,6340.835309730735,0.0,80423.02161224547,100437.62465794724
2026-08-18 04:00:00+00:00,7.218978075829967,3.3333333333321207,6684.60304570176,-7.218978075829967,1846.06,10.0,0.0,0.0,1.106611287421457,351110.01500003337,266219.60890846705,0,1895.77,1895.77,1895.77,1895.77,0.0,1895.77,0.0,8625600.0,0.04792449787710251,1.0,1.106611287421457,731884.7496514558,2468115.133084651,0.0,0.0,0.9872779145814267,1.0,0.0,4.9564500912e-06,0.9872779145814267,13688.855400149509,6325.747645552252,0.0,80423.55448941933,100438.15753512109
2026-08-18 05:00:00+00:00,7.218978075829967,3.3333333333321207,6684.60304570176,-7.218978075829967,1846.06,10.0,0.0,0.0,1.1066156576155144,351110.01500003337,266220.92841594195,0,1894.57,1894.57,1894.57,1894.57,0.0,1894.57,0.0,8622000.0,0.04792449790799558,1.0,1.1066156576155144,731884.7496514558,2468115.133084651,0.0,0.0,0.9872831903865259,1.0,0.0,4.9564500912e-06,0.9872831903865259,13680.192626458513,6334.410419243248,0.0,80424.08736995194,100438.6904156537
2026-08-18 06:00:00+00:00,7.218978075829967,3.3333333333321207,6684.60304570176,-7.218978075829967,1846.06,10.0,0.0,0.0,1.1066200278268303,351110.01500003337,266222.24792995694,0,1902.02,1902.02,1902.02,1902.02,0.0,1902.02,0.0,8618400.0,0.04792449793891507,1.0,1.1066200278268303,731884.7496514558,2468115.133084651,0.0,0.0,0.9872884662198177,1.0,0.0,4.9564500912e-06,0.9872884662198177,13733.974013123447,6280.629032578315,0.0,80424.6202538432,100439.22329954496
2026-08-18 07:00:00+00:00,7.218978075829967,3.3333333333321207,6684.60304570176,-7.218978075829967,1846.06,10.0,0.0,0.0,1.1066243983149704,351110.01500003337,266223.5674505121,0,1897.69,1897.69,1897.69,1897.69,0.0,1897.69,0.0,8614800.0,0.047922190993319624,1.0,1.1066243983149704,731819.5899550985,2468173.2694901167,0.0,0.0,0.9872943358246686,1.0,0.0,4.9564500912e-06,0.9872943358246686,13702.715838055103,6311.887207646658,0.0,80425.3616103353,100439.96465603706
2026-08-18 08:00:00+00:00,7.218978075829967,3.3333333333321207,6684.90552002841,-7.218978075829967,1846.06,10.0,0.0,0.0,1.1066287482969388,351110.01500003337,266224.8869776074,0,1899.36,1899.36,1899.36,1899.36,0.0,1899.36,2.206e-05,8611200.0,0.04810230774915025,1.0,1.1066287482969388,736919.5899550985,2463623.6685959054,0.0,0.0,0.9872532792047506,1.0,0.0,4.9564500912e-06,0.9872532792047506,13714.771531441738,6300.133988586673,0.0,80409.62669280474,100424.53221283315
2026-08-18 09:00:00+00:00,7.218978075829967,3.3333333333321207,6684.90552002841,-7.218978075829967,1846.06,10.0,0.0,0.0,1.1066331185599523,351110.01500003337,266226.20651124284,0,1895.83,1895.83,1895.83,1895.83,0.0,1895.83,0.0,8607600.0,0.04810230778026514,1.0,1.1066331185599523,736919.5899550985,2463623.6685959054,0.0,0.0,0.9872585739993917,1.0,0.0,4.9564500912e-06,0.9872585739993917,13689.288538834058,6325.616981194353,0.0,80410.16621459514,100425.07173462355
2026-08-18 10:00:00+00:00,7.218978075829967,3.3333333333321207,6684.90552002841,-7.218978075829967,1846.06,10.0,0.0,0.0,1.1066376312397963,351110.01500003337,266227.5260514185,0,1897.09,1897.09,1897.09,1897.09,0.0,1897.09,0.0,8604000.0,0.04683724510030385,1.0,1.1066376312397963,701646.4568381117,2495133.628918373,0.0,0.0,0.9875892325974255,1.0,0.0,4.9564500912e-06,0.9875892325974255,13698.384451209604,6316.521068818807,0.0,80524.94421973499,100539.84973976339
2026-08-18 11:00:00+00:00,7.218978075829967,3.3333333333321207,6684.90552002841,-7.218978075829967,1846.06,10.0,0.0,0.0,1.1066419806263523,351110.01500003337,266228.84559813445,0,1902.31,1902.31,1902.31,1902.31,0.0,1902.31,0.0,8600400.0,0.0470229245751399,1.0,1.1066419806263523,706746.4568381117,2490582.7307950994,0.0,0.0,0.9875466262180829,1.0,0.0,4.9564500912e-06,0.9875466262180829,13736.067516765437,6278.838003262975,0.0,80508.66514652898,100523.57066655738
2026-08-18 12:00:00+00:00,7.218978075829967,3.3333333333321207,6684.90552002841,-7.218978075829967,1846.06,10.0,0.0,0.0,1.1066463509416224,351110.01500003337,266230.16515139065,0,1898.47,1898.47,1898.47,1898.47,0.0,1898.47,0.0,8596800.0,0.047022924605616856,1.0,1.1066463509416224,706746.4568381117,2490582.7307950994,0.0,0.0,0.9875518064275215,1.0,0.0,4.9564500912e-06,0.9875518064275215,13708.34664095425,6306.558879074161,0.0,80509.16441668646,100524.06993671486
2026-08-18 13:00:00+00:00,7.218978075829967,3.3333333333321207,6684.90552002841,-7.218978075829967,1846.06,10.0,0.0,0.0,1.1066505845188301,351110.01500003337,266231.4847111872,0,1897.05,1897.05,1897.05,1897.05,0.0,1897.05,0.0,8593200.0,0.04823801644325876,1.0,1.1066505845188301,740787.9582748514,2460213.59580959,0.0,0.0,0.9872449232382465,1.0,0.0,4.9564500912e-06,0.9872449232382465,13698.09569208657,6316.80982794184,0.0,80400.09509570035,100415.00061572876
2026-08-18 14:00:00+00:00,7.218978075829967,3.3333333333321207,6684.90552002841,-7.218978075829967,1846.06,10.0,0.0,0.0,1.1066549548680784,351110.01500003337,266232.80427752406,0,1910.18,1910.18,1910.18,1910.18,0.0,1910.18,0.0,8589600.0,0.04823801647459436,1.0,1.1066549548680784,740787.9582748514,2460213.59580959,0.0,0.0,0.9872502325795033,1.0,0.0,4.9564500912e-06,0.9872502325795033,13792.880874222219,6222.024645806192,0.0,80400.63969225175,100415.54521228015
2026-08-18 15:00:00+00:00,7.218978075829967,3.3333333333321207,6684.90552002841,-7.218978075829967,1846.06,10.0,0.0,0.0,1.1066593252345858,351110.01500003337,266234.15548938746,0,1916.88,1916.88,1916.88,1916.88,0.0,1916.88,0.0,8586000.0,0.04823801650595616,1.0,1.1066593252345858,740787.9582748514,2460213.59580959,0.0,0.0,0.9872555419493134,1.0,0.0,5.0752890432e-06,0.9872555419493134,13841.24802733028,6173.65749269813,0.0,80401.15265330207,100416.05817333047
2026-08-18 16:00:00+00:00,7.218978075829967,3.3333333333321207,6685.520585547445,-7.218978075829967,1846.06,10.0,0.0,0.0,1.1066636956183529,351110.01500003337,266235.4751386008,0,1917.65,1917.65,1917.65,1917.65,0.0,1917.65,4.443e-05,8582400.0,0.048238016537344386,1.0,1.1066636956183529,740787.9582748514,2460213.59580959,0.0,0.0,0.9872608513476769,1.0,0.0,4.95671166e-06,0.9872608513476769,13846.806640448669,6168.713945098777,0.0,80401.69718702778,100417.21777257523
2026-08-18 17:00:00+00:00,7.218978075829967,3.3333333333321207,6685.520585547445,-7.218978075829967,1846.06,10.0,0.0,0.0,1.1066680660193786,351110.01500003337,266236.7947966306,0,1910.37,1910.37,1910.37,1910.37,0.0,1910.37,0.0,8578800.0,0.04823801656875837,1.0,1.1066680660193786,740787.9582748514,2460213.59580959,0.0,0.0,0.9872661607745942,1.0,0.0,4.9567202064000004e-06,0.9872661607745942,13794.252480056626,6221.268105490821,0.0,80402.24172196246,100417.76230750991
2026-08-18 18:00:00+00:00,7.218978075829967,3.3333333333321207,6685.520585547445,-7.218978075829967,1846.06,10.0,0.0,0.0,1.1066724364376643,351110.01500003337,266238.1144635729,0,1915.65,1915.65,1915.65,1915.65,0.0,1915.65,0.0,8575200.0,0.04823801660019922,1.0,1.1066724364376643,740787.9582748514,2460213.59580959,0.0,0.0,0.9872714702300651,1.0,0.0,4.956729112800001e-06,0.9872714702300651,13832.36868429701,6183.151901250437,0.0,80402.78625801025,100418.3068435577
2026-08-18 19:00:00+00:00,7.218978075829967,3.3333333333321207,6685.520585547445,-7.218978075829967,1846.06,10.0,0.0,0.0,1.1066768193840417,351110.01500003337,266239.4341395053,0,1912.57,1912.57,1912.57,1912.57,0.0,1912.57,0.0,8571600.0,0.048126800039041795,1.0,1.1066768193840417,737624.2974599212,2463036.1558562946,0.0,0.0,0.9873052527118201,1.0,0.0,4.9567383107999995e-06,0.9873052527118201,13810.134231823451,6205.386353723994,0.0,80413.32794975356,100428.848535301
2026-08-18 20:00:00+00:00,7.218978075829967,3.3333333333321207,6685.520585547445,-7.218978075829967,1846.06,10.0,0.0,0.0,1.1066811898368958,351110.01500003337,266240.75382612436,0,1911.96,1911.96,1911.96,1911.96,0.0,1911.96,0.0,8568000.0,0.04812680007046066,1.0,1.1066811898368958,737624.2974599212,2463036.1558562946,0.0,0.0,0.9873105504188867,1.0,0.0,4.9567538808e-06,0.9873105504188867,13805.730655197196,6209.78993035025,0.0,80413.86834114214,100429.38892668959
2026-08-18 21:00:00+00:00,7.218978075829967,3.3333333333321207,6685.520585547445,-7.218978075829967,1846.06,10.0,0.0,0.0,1.1066855603070094,351110.01500003337,266242.0735246407,0,1911.21,1911.21,1911.21,1911.21,0.0,1911.21,0.0,8564400.0,0.04812680010190662,1.0,1.1066855603070094,737624.2974599212,2463036.1558562946,0.0,0.0,0.9873158481543798,1.0,0.0,4.9567739976e-06,0.9873158481543798,13800.316421640324,6215.204163907122,0.0,80414.40873061423,100429.92931616168
2026-08-18 22:00:00+00:00,7.218978075829967,3.3333333333321207,6685.520585547445,-7.218978075829967,1846.06,10.0,0.0,0.0,1.1066899307943827,351110.01500003337,266243.3932322979,0,1912.43,1912.43,1912.43,1912.43,0.0,1912.43,0.0,8560800.0,0.048126800133378556,1.0,1.1066899307943827,737624.2974599212,2463036.1558562946,0.0,0.0,0.9873211459182997,1.0,0.0,4.9567837608e-06,0.9873211459182997,13809.123574892836,6206.397010654609,0.0,80414.94912092644,100430.46970647389
2026-08-18 23:00:00+00:00,7.218978075829967,3.3333333333321207,6685.520585547445,-7.218978075829967,1846.06,10.0,0.0,0.0,1.106694301299016,351110.01500003337,266244.71296342247,0,1917.1,1917.1,1917.1,1917.1,0.0,1917.1,0.0,8557200.0,0.04812680016487825,1.0,1.106694301299016,737624.2974599212,2463036.1558562946,0.0,0.0,0.987326443710646,1.0,0.0,4.9568473332e-06,0.987326443710646,13842.836202506962,6172.684383040484,0.0,80415.48949775205,100431.0100832995
2026-08-19 00:00:00+00:00,7.218978075829967,3.3333333333321207,6686.016955611081,-7.218978075829967,1846.06,10.0,0.0,0.0,1.1066986718209093,351110.01500003337,266246.03271002375,0,1912.63,1912.63,1912.63,1912.63,0.0,1912.63,3.595e-05,8553600.0,0.048126800196403474,1.0,1.1066986718209093,737624.2974599212,2463036.1558562946,0.0,0.0,0.9873317415314198,1.0,0.0,4.9568808924e-06,0.9873317415314198,13810.567370508003,6205.449585103079,0.0,80416.0298690821,100432.04682469317
2026-08-19 01:00:00+00:00,7.218978075829967,3.3333333333321207,6686.016955611081,-7.218978075829967,1846.06,10.0,0.0,0.0,1.106703042360062,351110.01500003337,266247.3524797325,0,1912.82,1912.82,1912.82,1912.82,0.0,1912.82,0.0,8550000.0,0.0481268002279549,1.0,1.106703042360062,737624.2974599212,2463036.1558562946,0.0,0.0,0.9873370393806207,1.0,0.0,4.9569431112e-06,0.9873370393806207,13811.93897634241,6204.077979268673,0.0,80416.57022728579,100432.58718289687
2026-08-19 02:00:00+00:00,7.218978075829967,3.3333333333321207,6686.016955611081,-7.218978075829967,1846.06,10.0,0.0,0.0,1.1067074129175778,351110.01500003337,266248.9768489481,0,1906.83,1906.83,1906.83,1906.83,0.0,1906.83,0.0,8546400.0,0.04812679045866597,1.0,1.1067074129175778,737624.01910115,2463036.404205078,0.0,0.0,0.9873423397602935,1.0,0.0,6.100959297600001e-06,0.9873423397602935,13768.697297668188,6247.319657942894,0.0,80416.80687445658,100432.82383006766
2026-08-19 03:00:00+00:00,7.218978075829967,3.3333333333321207,6686.016955611081,-7.218978075829967,1846.06,10.0,0.0,0.0,1.1067117834912508,351110.01500003337,266250.536066169,0,1911.21,1911.21,1911.21,1911.21,0.0,1911.21,0.0,8542800.0,0.04812679049027113,1.0,1.1067117834912508,737624.01910115,2463036.404205078,0.0,0.0,0.9873476376653086,1.0,0.0,5.8562202708e-06,0.9873476376653086,13800.316421640324,6215.700533970758,0.0,80417.10780474503,100433.1247603561
2026-08-19 04:00:00+00:00,7.218978075829967,3.3333333333321207,6686.016955611081,-7.218978075829967,1846.06,10.0,0.0,0.0,1.1067161540821842,351110.01500003337,266252.0468245381,0,1909.78,1909.78,1909.78,1909.78,0.0,1909.78,0.0,8539200.0,0.048126790521902496,1.0,1.1067161540821842,737624.01910115,2463036.404205078,0.0,0.0,0.9873529355987516,1.0,0.0,5.6741823144e-06,0.9873529355987516,13789.993282991887,6226.023672619196,0.0,80417.45720386656,100433.47415947766
2026-08-19 05:00:00+00:00,7.218978075829967,3.3333333333321207,6686.016955611081,-7.218978075829967,1846.06,10.0,0.0,0.0,1.1067205246903773,351110.01500003337,266253.36808312964,0,1909.19,1909.19,1909.19,1909.19,0.0,1909.19,0.0,8535600.0,0.04812679055356117,1.0,1.1067205246903773,737624.01910115,2463036.404205078,0.0,0.0,0.987358233560622,1.0,0.0,4.962423121199999e-06,0.987358233560622,13785.734085927148,6230.282869683935,0.0,80417.99611274683,100434.01306835792
2026-08-19 06:00:00+00:00,7.218978075829967,3.3333333333321207,6686.016955611081,-7.218978075829967,1846.06,10.0,0.0,0.0,1.1067248462719357,351110.01500003337,266254.68942017906,0,1916.87,1916.87,1916.87,1916.87,0.0,1916.87,0.0,8532000.0,0.04856282097430897,1.0,1.1067248462719357,750082.4290511941,2451923.484842291,0.0,0.0,0.9872524327160204,1.0,0.0,4.9626931680000006e-06,0.9872524327160204,13841.175837549521,6174.841118061562,0.0,80379.5270395623,100395.54399517339
2026-08-19 07:00:00+00:00,7.218978075829967,3.3333333333321207,6686.016955611081,-7.218978075829967,1846.06,10.0,0.0,0.0,1.106729216914456,351110.01500003337,266256.1230152224,0,1915.14,1915.14,1915.14,1915.14,0.0,1915.14,0.0,8528400.0,0.04856282100631493,1.0,1.106729216914456,750082.4290511941,2451923.484842291,0.0,0.0,0.9872577770132993,1.0,0.0,5.3842852008e-06,0.9872577770132993,13828.687005478336,6187.3299501327465,0.0,80379.96988081676,100395.98683642784
2026-08-19 08:00:00+00:00,7.218978075829967,3.3333333333321207,6686.383014107555,-7.218978075829967,1846.06,10.0,0.0,0.0,1.106733587574237,351110.01500003337,266257.4445460691,0,1920.75,1920.75,1920.75,1920.75,0.0,1920.75,2.64e-05,8524800.0,0.04856282103834797,1.0,1.106733587574237,750082.4290511941,2451923.484842291,0.0,0.0,0.9872631213395087,1.0,0.0,4.9633696764e-06,0.9872631213395087,13869.185472483741,6147.197541623815,0.0,80380.5247964256,100396.90781053316
2026-08-19 09:00:00+00:00,7.218978075829967,3.3333333333321207,6686.383014107555,-7.218978075829967,1846.06,10.0,0.0,0.0,1.1067379582512777,351110.01500003337,266258.76610240224,0,1918.3,1918.3,1918.3,1918.3,0.0,1918.3,0.0,8521200.0,0.0485628210704081,1.0,1.1067379582512777,750082.4290511941,2451923.484842291,0.0,0.0,0.9872684656946484,1.0,0.0,4.963440762e-06,0.9872684656946484,13851.498976197958,6164.884037909598,0.0,80381.07969670568,100397.46271081324
2026-08-19 10:00:00+00:00,7.218978075829967,3.3333333333321207,6686.383014107555,-7.218978075829967,1846.06,10.0,0.0,0.0,1.1067423289455796,351110.01500003337,266260.0876863731,0,1919.27,1919.27,1919.27,1919.27,0.0,1919.27,0.0,8517600.0,0.0485628211024951,1.0,1.1067423289455796,750082.4290511941,2451923.484842291,0.0,0.0,0.9872738100787188,1.0,0.0,4.963519926e-06,0.9872738100787188,13858.501384931513,6157.881629176043,0.0,80381.63457950595,100398.0175936135
2026-08-19 11:00:00+00:00,7.218978075829967,3.3333333333321207,6686.383014107555,-7.218978075829967,1846.06,10.0,0.0,0.0,1.1067466456428503,351110.01500003337,266261.40929293627,0,1922.34,1922.34,1922.34,1922.34,0.0,1922.34,0.0,8514000.0,0.048562821135680556,1.0,1.1067466456428503,750082.4290511941,2451923.484842291,0.0,0.0,0.9872791544914477,1.0,0.0,4.9635801396e-06,0.9872791544914477,13880.663647624311,6135.719366483246,0.0,80382.1894497762,100398.57246388376
2026-08-19 12:00:00+00:00,7.218978075829967,3.3333333333321207,6686.383014107555,-7.218978075829967,1846.06,10.0,0.0,0.0,1.106751031883093,351110.01500003337,266262.7309245449,0,1936.33,1936.33,1936.33,1936.33,0.0,1936.33,0.0,8510400.0,0.04842965256751719,1.0,1.106751031883093,746261.9751147209,2455331.838646799,0.0,0.0,0.9873183387566818,1.0,0.0,4.9636495655999995e-06,0.9873183387566818,13981.657150905172,6034.725863202384,0.0,80394.62580612168,100411.00882022924
2026-08-19 13:00:00+00:00,7.218978075829967,3.3333333333321207,6686.383014107555,-7.218978075829967,1846.06,10.0,0.0,0.0,1.1067554026290247,351110.01500003337,266264.0525837673,0,1931.76,1931.76,1931.76,1931.76,0.0,1931.76,0.0,8506800.0,0.04842965259959664,1.0,1.1067554026290247,746261.9751147209,2455331.838646799,0.0,0.0,0.9873236690957833,1.0,0.0,4.963728636e-06,0.9873236690957833,13948.66642109863,6067.716593008927,0.0,80395.17568234116,100411.55869644872
2026-08-19 14:00:00+00:00,6.772427498203766,0.0,6665.359446438077,-6.772427498203766,1969.89,10.0,0.0,0.0,1.106759773392217,351110.01500003337,266265.3742627445,0,1969.89,1969.89,1969.89,1969.89,0.0,1969.89,0.0,8503200.0,0.048429652631702735,1.0,1.106759773392217,746261.9751147209,2455331.838646799,0.0,0.0,0.9873289994636623,1.0,0.0,4.96377819e-06,0.9873289994636623,13340.937204436617,6665.359446438077,0.0,80395.72554890986,100402.02219978455
2026-08-19 15:00:00+00:00,6.39482632592605,0.0,6662.057368832167,-6.39482632592605,2085.16,10.0,0.0,0.0,1.1067641295952153,351110.01500003337,266266.6959702602,0,2085.16,2085.16,2085.16,2085.16,0.0,2085.16,0.0,8499600.0,0.04842972269647472,1.0,1.1067641295952153,746261.9751147209,2455331.838646799,0.0,0.0,0.9873343120850043,1.0,0.0,4.9638607308e-06,0.9873343120850043,13334.23606176796,6662.057368832167,0.0,80396.26915595331,100392.56258655344
2026-08-19 16:00:00+00:00,6.39482632592605,0.0,6663.393088180996,-6.39482632592605,2085.16,10.0,0.0,0.0,1.1067685003928684,351110.01500003337,266268.0338305513,0,2088.75,2088.75,2088.75,2088.75,0.0,2088.75,0.0001,8496000.0,0.0484297227583228,1.0,1.1067685003928684,746261.9751147209,2455331.838646799,0.0,0.0,0.9873396425103395,1.0,0.0,5.0244996852e-06,0.9873396425103395,13357.193488278037,6640.43566167092,0.0,80396.80286138155,100394.43201133051
2026-08-19 17:00:00+00:00,6.39482632592605,0.0,6663.393088180996,-6.39482632592605,2085.16,10.0,0.0,0.0,1.1067729023978068,351110.01500003337,266269.3558710083,0,2090.09,2090.09,2090.09,2090.09,0.0,2090.09,0.0,8492400.0,0.048287055127040235,1.0,1.1067729023978068,742186.515908413,2458967.849952331,0.0,0.0,0.9873811569646322,1.0,0.0,4.965061543200001e-06,0.9873811569646322,13365.762555554778,6631.866594394179,0.0,80410.05696159403,100407.686111543
2026-08-19 18:00:00+00:00,6.39482632592605,0.0,6663.393088180996,-6.39482632592605,2085.16,10.0,0.0,0.0,1.1067772586524938,351110.01500003337,266270.677930254,0,2090.81,2090.81,2090.81,2090.81,0.0,2090.81,0.0,8488800.0,0.048287125069747416,1.0,1.1067772586524938,742186.515908413,2458967.849952331,0.0,0.0,0.9873864545862329,1.0,0.0,4.965107454e-06,0.9873864545862329,13370.366830509443,6627.262319439513,0.0,80410.59495034796,100408.22410029692
2026-08-19 19:00:00+00:00,6.39482632592605,0.0,6663.393088180996,-6.39482632592605,2085.16,10.0,0.0,0.0,1.1067816440799831,351110.01500003337,266272.5068416864,0,2100.97,2100.97,2100.97,2100.97,0.0,2100.97,0.0,8485200.0,0.04828705251746235,1.0,1.1067816440799831,742186.43997303,2458967.9191057906,0.0,0.0,0.9873917883643626,1.0,0.0,6.8685938892e-06,0.9873917883643626,13435.338265980852,6562.290883968105,0.0,80410.63878183474,100408.2679317837
2026-08-19 20:00:00+00:00,6.0090543724338055,0.0,6659.128782891217,-6.0090543724338055,2218.06,10.0,0.0,0.0,1.1067860149468072,351110.01500003337,266274.40640276874,0,2218.06,2218.06,2218.06,2218.06,0.0,2218.06,0.0,8481600.0,0.04828705254963506,1.0,1.1067860149468072,742186.43997303,2458967.9191057906,0.0,0.0,0.9873971037680439,1.0,0.0,7.133873223599999e-06,0.9873971037680439,13328.443141320526,6659.128782891217,0.0,80410.60551221867,100398.17743643041
2026-08-19 21:00:00+00:00,6.0090543724338055,0.0,6659.128782891217,-6.0090543724338055,2218.06,10.0,0.0,0.0,1.1067903858308925,351110.01500003337,266276.21214089415,0,2286.12,2286.12,2286.12,2286.12,0.0,2286.12,0.0,8478000.0,0.04828705258183574,1.0,1.1067903858308925,742186.43997303,2458967.9191057906,0.0,0.0,0.9874024192003393,1.0,0.0,6.781470390000001e-06,0.9874024192003393,13737.41938190837,6250.152542303373,0.0,80410.66607560625,100398.237999818
2026-08-19 22:00:00+00:00,6.0090543724338055,0.0,6659.128782891217,-6.0090543724338055,2218.06,10.0,0.0,0.0,1.1067947567322396,351110.01500003337,266277.53721464693,0,2249.61,2249.61,2249.61,2249.61,0.0,2249.61,0.0,8474400.0,0.0482870526140633,1.0,1.1067947567322396,742186.43997303,2458967.9191057906,0.0,0.0,0.9874077346612494,1.0,0.0,4.9763005308e-06,0.9874077346612494,13518.028806770813,6469.54311744093,0.0,80411.20731341332,100398.77923762507
2026-08-19 23:00:00+00:00,6.0090543724338055,0.0,6659.128782891217,-6.0090543724338055,2218.06,10.0,0.0,0.0,1.106799127650848,351110.01500003337,266278.8623118757,0,2252.16,2252.16,2252.16,2252.16,0.0,2252.16,0.0,8470800.0,0.048287052646318385,1.0,1.106799127650848,742186.43997303,2458967.9191057906,0.0,0.0,0.987413050150774,1.0,0.0,4.9763639304e-06,0.987413050150774,13533.35189542052,6454.220028791225,0.0,80411.74853779125,100399.320462003
2026-08-20 00:00:00+00:00,6.0090543724338055,0.0,6660.48785071863,-6.0090543724338055,2218.06,10.0,0.0,0.0,1.106803498586718,351110.01500003337,266280.195412396,0,2261.7,2261.7,2261.7,2261.7,0.0,2261.7,0.0001,8467200.0,0.048287052678600784,1.0,1.106803498586718,742186.43997303,2458967.9191057906,0.0,0.0,0.9874183656689134,1.0,0.0,5.0063950691999996e-06,0.9874183656689134,13590.678274133537,6398.25271790562,0.0,80412.28176892461,100401.21276096377
2026-08-20 01:00:00+00:00,6.0090543724338055,0.0,6660.48785071863,-6.0090543724338055,2218.06,10.0,0.0,0.0,1.106807869539849,351110.01500003337,266281.52059253835,0,2265.67,2265.67,2265.67,2265.67,0.0,2265.67,0.0,8463600.0,0.04828705271091116,1.0,1.106807869539849,742186.43997303,2458967.9191057906,0.0,0.0,0.9874236812156675,1.0,0.0,4.976625628800001e-06,0.9874236812156675,13614.5342199921,6374.396772047056,0.0,80412.8229304828,100401.75392252195
2026-08-20 02:00:00+00:00,6.0090543724338055,0.0,6660.48785071863,-6.0090543724338055,2218.06,10.0,0.0,0.0,1.106812240510242,351110.01500003337,266282.9125079773,0,2251.29,2251.29,2251.29,2251.29,0.0,2251.29,0.0,8460000.0,0.048287052743248626,1.0,1.106812240510242,742186.43997303,2458967.9191057906,0.0,0.0,0.9874289967910368,1.0,0.0,5.2272189144e-06,0.9874289967910368,13528.124018116501,6460.806973922655,0.0,80413.29736679152,100402.22835883067
2026-08-20 03:00:00+00:00,6.0090543724338055,0.0,6660.48785071863,-6.0090543724338055,2218.06,10.0,0.0,0.0,1.1068166114978963,351110.01500003337,266284.38121737505,0,2250.86,2250.86,2250.86,2250.86,0.0,2250.86,0.0,8456400.0,0.048287052775613404,1.0,1.1068166114978963,742186.43997303,2458967.9191057906,0.0,0.0,0.9874343123950214,1.0,0.0,5.5155824063999995e-06,0.9874343123950214,13525.540124736357,6463.390867302801,0.0,80413.69501918857,100402.62601122772
2026-08-20 04:00:00+00:00,6.0090543724338055,0.0,6660.48785071863,-6.0090543724338055,2218.06,10.0,0.0,0.0,1.1068209825028128,351110.01500003337,266285.8240077377,0,2249.8,2249.8,2249.8,2249.8,0.0,2249.8,0.0,8452800.0,0.04828705280800638,1.0,1.1068209825028128,742186.43997303,2458967.9191057906,0.0,0.0,0.9874396280276212,1.0,0.0,5.4182165976e-06,0.9874396280276212,13519.170527101576,6469.76046493758,0.0,80414.11860066775,100403.0495927069
2026-08-20 05:00:00+00:00,6.0090543724338055,0.0,6660.48785071863,-6.0090543724338055,2218.06,10.0,0.0,0.0,1.1068253535249912,351110.01500003337,266287.266927206,0,2247.88,2247.88,2247.88,2247.88,0.0,2247.88,0.0,8449200.0,0.04828705284042645,1.0,1.1068253535249912,742186.43997303,2458967.9191057906,0.0,0.0,0.9874449436888367,1.0,0.0,5.4186720768e-06,0.9874449436888367,13507.633142706503,6481.297849332654,0.0,80414.54206308856,100403.47305512772
2026-08-20 06:00:00+00:00,6.0090543724338055,0.0,6660.48785071863,-6.0090543724338055,2218.06,10.0,0.0,0.0,1.106829777474975,351110.01500003337,266288.5930279339,0,2262.1,2262.1,2262.1,2262.1,0.0,2262.1,0.0,8445600.0,0.04828705287179247,1.0,1.106829777474975,742186.43997303,2458967.9191057906,0.0,0.0,0.9874502593789407,1.0,0.0,4.9799505672e-06,0.9874502593789407,13593.081895882511,6395.849096156646,0.0,80415.0823543928,100404.01334643195
2026-08-20 07:00:00+00:00,6.0090543724338055,0.0,6660.48785071863,-6.0090543724338055,2218.06,10.0,0.0,0.0,1.106834148531886,351110.01500003337,266289.9271218062,0,2251.49,2251.49,2251.49,2251.49,0.0,2251.49,0.0,8442000.0,0.0482870529042676,1.0,1.106834148531886,742186.43997303,2458967.9191057906,0.0,0.0,0.9874555750973876,1.0,0.0,5.009942466000001e-06,0.9874555750973876,13529.325828990988,6459.605163048169,0.0,80415.61466250411,100404.54565454327
2026-08-20 08:00:00+00:00,6.0090543724338055,0.0,6661.859068853985,-6.0090543724338055,2218.06,10.0,0.0,0.0,1.1068385196060595,351110.01500003337,266291.44664152316,0,2281.92,2281.92,2281.92,2281.92,0.0,2281.92,0.0001,8438400.0,0.048287052936769825,1.0,1.1068385196060595,742186.43997303,2458967.9191057906,0.0,0.0,0.9874608908444507,1.0,0.0,5.706244310400001e-06,0.9874608908444507,13712.18135354415,6278.120856630361,0.0,80415.9615548182,100406.26376499272
2026-08-20 09:00:00+00:00,6.0090543724338055,0.0,6661.859068853985,-6.0090543724338055,2218.06,10.0,0.0,0.0,1.1068428906974945,351110.01500003337,266292.77310554695,0,2278.3,2278.3,2278.3,2278.3,0.0,2278.3,0.0,8434800.0,0.04828705296930025,1.0,1.1068428906974945,742186.43997303,2458967.9191057906,0.0,0.0,0.9874662066201297,1.0,0.0,4.9812366744e-06,0.9874662066201297,13690.42857671594,6299.873633458571,0.0,80416.50151287287,100406.80372304739
2026-08-20 10:00:00+00:00,6.0090543724338055,0.0,6661.859068853985,-6.0090543724338055,2218.06,10.0,0.0,0.0,1.1068472618061922,351110.01500003337,266294.09958342183,0,2286.34,2286.34,2286.34,2286.34,0.0,2286.34,0.0,8431200.0,0.048287053001858204,1.0,1.1068472618061922,742186.43997303,2458967.9191057906,0.0,0.0,0.9874715224244252,1.0,0.0,4.981263876e-06,0.9874715224244252,13738.741373870307,6251.560836304204,0.0,80417.04146712384,100407.34367729836
2026-08-20 11:00:00+00:00,6.0090543724338055,0.0,6661.859068853985,-6.0090543724338055,2218.06,10.0,0.0,0.0,1.1068516329321518,351110.01500003337,266295.42607681215,0,2295.6,2295.6,2295.6,2295.6,0.0,2295.6,0.0,8427600.0,0.048287053034443694,1.0,1.1068516329321518,742186.43997303,2458967.9191057906,0.0,0.0,0.9874768382573371,1.0,0.0,4.981297327200001e-06,0.9874768382573371,13794.385217359044,6195.916992815468,0.0,80417.58141590701,100407.88362608153
2026-08-20 12:00:00+00:00,6.0090543724338055,0.0,6661.859068853985,-6.0090543724338055,2218.06,10.0,0.0,0.0,1.106856004075374,351110.01500003337,266296.76059772057,0,2289.57,2289.57,2289.57,2289.57,0.0,2289.57,0.0,8424000.0,0.048287053067057606,1.0,1.106856004075374,742186.43997303,2458967.9191057906,0.0,0.0,0.9874821541188655,1.0,0.0,5.0114175228e-06,0.9874821541188655,13758.150619493268,6232.151590681243,0.0,80418.1133472196,100408.41555739411
2026-08-20 13:00:00+00:00,6.0090543724338055,0.0,6661.859068853985,-6.0090543724338055,2218.06,10.0,0.0,0.0,1.1068603758097924,351110.01500003337,266298.08717865095,0,2276.03,2276.03,2276.03,2276.03,0.0,2276.03,0.0,8420400.0,0.048281951393588374,1.0,1.1068603758097924,742186.439861465,2459579.900864026,0.0,0.0,0.9874887532087516,1.0,0.0,4.9815762804e-06,0.9874887532087516,13676.788023290515,6313.514186883996,0.0,80419.10377283808,100409.40598301259
2026-08-20 14:00:00+00:00,6.0090543724338055,0.0,6661.859068853985,-6.0090543724338055,2218.06,10.0,0.0,0.0,1.1068647469875412,351110.01500003337,266299.4137714664,0,2280.12,2280.12,2280.12,2280.12,0.0,2280.12,0.0,8416800.0,0.048281951426254466,1.0,1.1068647469875412,742186.439861465,2459579.900864026,0.0,0.0,0.9874940685858087,1.0,0.0,4.9815960948e-06,0.9874940685858087,13701.365055673768,6288.937154500743,0.0,80419.64346214087,100409.94567231539
2026-08-20 15:00:00+00:00,6.0090543724338055,0.0,6661.859068853985,-6.0090543724338055,2218.06,10.0,0.0,0.0,1.1068691181825527,351110.01500003337,266301.92754782503,0,2325.12,2325.12,2325.12,2325.12,0.0,2325.12,0.0,8413200.0,0.048281951458948535,1.0,1.1068691181825527,742186.439861465,2459579.900864026,0.0,0.0,0.9874993839914769,1.0,0.0,9.439617078e-06,0.9874993839914769,13971.772502433289,6018.529707741222,0.0,80418.99597794609,100409.2981881206
2026-08-20 16:00:00+00:00,5.684667979114391,0.0,6657.21657812928,-5.684667979114391,2343.94,10.0,0.0,0.0,1.1068734893948273,351110.01500003337,266303.2629450367,0,2343.94,2343.94,2343.94,2343.94,0.0,2343.94,0.0001,8409600.0,0.04828195149167036,1.0,1.1068734893948273,742186.439861465,2459579.900864026,0.0,0.0,0.9875046994257566,1.0,0.0,5.014585796399999e-06,0.9875046994257566,13324.520662965386,6657.21657812928,0.0,80419.52688294416,100401.26412403883
2026-08-20 17:00:00+00:00,5.684667979114391,0.0,6657.21657812928,-5.684667979114391,2343.94,10.0,0.0,0.0,1.106877860624364,351110.01500003337,266305.23386915604,0,2343.1,2343.1,2343.1,2343.1,0.0,2343.1,0.0,8406000.0,0.048281951524420386,1.0,1.106877860624364,742186.439861465,2459579.900864026,0.0,0.0,0.9875100148886476,1.0,0.0,7.401023946e-06,0.9875100148886476,13319.745541862929,6661.991699231737,0.0,80419.4222710802,100401.15951217487
2026-08-20 18:00:00+00:00,5.684667979114391,0.0,6657.21657812928,-5.684667979114391,2343.94,10.0,0.0,0.0,1.1068822318711637,351110.01500003337,266307.2057147377,0,2315.21,2315.21,2315.21,2315.21,0.0,2315.21,0.0,8402400.0,0.04828195155719861,1.0,1.1068822318711637,742186.439861465,2459579.900864026,0.0,0.0,0.9875153303801504,1.0,0.0,7.4044293192000005e-06,0.9875153303801504,13161.200151925428,6820.537089169236,0.0,80419.3167477998,100401.05398889448
2026-08-20 19:00:00+00:00,5.684667979114391,0.0,6657.21657812928,-5.684667979114391,2343.94,10.0,0.0,0.0,1.106886603135527,351110.01500003337,266308.53743289283,0,2322.72,2322.72,2322.72,2322.72,0.0,2322.72,0.0,8398800.0,0.048281948914613126,1.0,1.106886603135527,742186.3638844606,2459579.9700434334,0.0,0.0,0.9875206465714869,1.0,0.0,5.0006713932e-06,0.9875206465714869,13203.892008448576,6777.845232646088,0.0,80419.85159766459,100401.58883875926
2026-08-20 20:00:00+00:00,5.684667979114391,0.0,6657.21657812928,-5.684667979114391,2343.94,10.0,0.0,0.0,1.1068909744168522,351110.01500003337,266310.34665095573,0,2317.55,2317.55,2317.55,2317.55,0.0,2317.55,0.0,8395200.0,0.04828194894744753,1.0,1.1068909744168522,742186.3638844606,2459579.9700434334,0.0,0.0,0.9875259621199293,1.0,0.0,6.7936684824e-06,0.9875259621199293,13174.502274996557,6807.234966098108,0.0,80419.90872189502,100401.64596298969
2026-08-20 21:00:00+00:00,5.684667979114391,0.0,6657.21657812928,-5.684667979114391,2343.94,10.0,0.0,0.0,1.1068953457154407,351110.01500003337,266312.63628979184,0,2317.62,2317.62,2317.62,2317.62,0.0,2317.62,0.0,8391600.0,0.048281948980309464,1.0,1.1068953457154407,742186.3638844606,2459579.9700434334,0.0,0.0,0.987531277696984,1.0,0.0,8.5975968348e-06,0.987531277696984,13174.900201755094,6806.837039339572,0.0,80419.48543539835,100401.22267649302
2026-08-20 22:00:00+00:00,5.684667979114391,0.0,6657.21657812928,-5.684667979114391,2343.94,10.0,0.0,0.0,1.1068997170312918,351110.01500003337,266314.0411623074,0,2313.33,2313.33,2313.33,2313.33,0.0,2313.33,0.0,8388000.0,0.04828194901320049,1.0,1.1068997170312918,742186.3638844606,2459579.9700434334,0.0,0.0,0.9875365933026508,1.0,0.0,5.275261548e-06,0.9875365933026508,13150.512976124694,6831.224264969972,0.0,80419.94692526816,100401.68416636283
2026-08-20 23:00:00+00:00,5.684667979114391,0.0,6657.21657812928,-5.684667979114391,2343.94,10.0,0.0,0.0,1.1069039365299944,351110.01500003337,266316.182987062,0,2326.18,2326.18,2326.18,2326.18,0.0,2326.18,0.0,8384400.0,0.049632420102405206,1.0,1.1069039365299944,781417.3349665436,2424588.8090171088,0.0,0.0,0.9872039420345231,1.0,0.0,8.0424454248e-06,0.9872039420345231,13223.560959656312,6758.176281438353,0.0,80301.00790877145,100282.74514986612
2026-08-21 00:00:00+00:00,5.684667979114391,0.0,6658.417867194715,-5.684667979114391,2343.94,10.0,0.0,0.0,1.1069083078797717,351110.01500003337,266317.5880277084,0,2339.95,2339.95,2339.95,2339.95,0.0,2339.95,9.031e-05,8380800.0,0.049632420136294986,1.0,1.1069083078797717,781417.3349665436,2424588.8090171088,0.0,0.0,0.9872094009664188,1.0,0.0,5.2758226116e-06,0.9872094009664188,13301.838837728717,6681.099692431382,0.0,80301.51955378486,100284.45808394496
2026-08-21 01:00:00+00:00,5.684667979114391,0.0,6658.417867194715,-5.684667979114391,2343.94,10.0,0.0,0.0,1.1069126703198344,351110.01500003337,266319.70211275696,0,2358.71,2358.71,2358.71,2358.71,0.0,2358.71,0.0,8377200.0,0.04971187350193418,1.0,1.1069126703198344,781417.3349665436,2415220.179319775,0.0,0.0,0.987195010041677,1.0,0.0,7.9381788984e-06,0.987195010041677,13408.483209016904,6574.455321143196,0.0,80294.35267093434,100277.29120109444
2026-08-21 02:00:00+00:00,5.684667979114391,0.0,6658.417867194715,-5.684667979114391,2343.94,10.0,0.0,0.0,1.1069170417041034,351110.01500003337,266321.06392430083,0,2344.73,2344.73,2344.73,2344.73,0.0,2344.73,0.0,8373600.0,0.04971187353593809,1.0,1.1069170417041034,781417.3349665436,2415220.179319775,0.0,0.0,0.9872004774543777,1.0,0.0,5.1134334083999995e-06,0.9872004774543777,13329.011550668885,6653.926979491214,0.0,80294.9105227458,100277.8490529059
2026-08-21 03:00:00+00:00,5.684667979114391,0.0,6658.417867194715,-5.684667979114391,2343.94,10.0,0.0,0.0,1.1069214131056355,351110.01500003337,266322.9618202975,0,2339.9,2339.9,2339.9,2339.9,0.0,2339.9,0.0,8370000.0,0.0497118735699722,1.0,1.1069214131056355,781417.3349665436,2415220.179319775,0.0,0.0,0.9872059448973584,1.0,0.0,7.126320412800001e-06,0.9872059448973584,13301.554604329764,6681.383925830337,0.0,80294.93230073608,100277.87083089618
2026-08-21 04:00:00+00:00,5.684667979114391,0.0,6658.417867194715,-5.684667979114391,2343.94,10.0,0.0,0.0,1.1069257845244311,351110.01500003337,266325.13371472113,0,2353.12,2353.12,2353.12,2353.12,0.0,2353.12,0.0,8366400.0,0.049711873604035395,1.0,1.1069257845244311,781417.3349665436,2415220.179319775,0.0,0.0,0.9872114123706197,1.0,0.0,8.155081908e-06,0.9872114123706197,13376.705915013654,6606.232615146446,0.0,80294.6800909313,100277.6186210914
2026-08-21 05:00:00+00:00,5.684667979114391,0.0,6658.417867194715,-5.684667979114391,2343.94,10.0,0.0,0.0,1.10693015596049,351110.01500003337,266326.41021360364,0,2367.36,2367.36,2367.36,2367.36,0.0,2367.36,0.0,8362800.0,0.04971187363812746,1.0,1.10693015596049,781417.3349665436,2415220.179319775,0.0,0.0,0.9872168798741618,1.0,0.0,4.7929979628e-06,0.9872168798741618,13457.655587036244,6525.282943123855,0.0,80295.32328729948,100278.26181745958
2026-08-21 06:00:00+00:00,5.684667979114391,0.0,6658.417867194715,-5.684667979114391,2343.94,10.0,0.0,0.0,1.1069345274138123,351110.01500003337,266327.81026516086,0,2371.51,2371.51,2371.51,2371.51,0.0,2371.51,0.0,8359200.0,0.049711873672249274,1.0,1.1069345274138123,781417.3349665436,2415220.179319775,0.0,0.0,0.9872223474079846,1.0,0.0,5.2568871264e-06,0.9872223474079846,13481.24695914957,6501.69157101053,0.0,80295.84294162475,100278.78147178485
2026-08-21 07:00:00+00:00,5.684667979114391,0.0,6658.417867194715,-5.684667979114391,2343.94,10.0,0.0,0.0,1.1069388988843987,351110.01500003337,266329.15133362066,0,2371.51,2371.51,2371.51,2371.51,0.0,2371.51,0.0,8355600.0,0.049711873706399734,1.0,1.1069388988843987,781417.3349665436,2415220.179319775,0.0,0.0,0.9872278149720888,1.0,0.0,5.035392593999999e-06,0.9872278149720888,13481.24695914957,6501.69157101053,0.0,80296.42158967961,100279.36011983971
2026-08-21 08:00:00+00:00,5.684667979114391,0.0,6659.807705984261,-5.684667979114391,2343.94,10.0,0.0,0.0,1.1069432703722484,351110.01500003337,266330.4924321635,0,2444.89,2444.89,2444.89,2444.89,0.0,2444.89,0.0001,8352000.0,0.049711873740580614,1.0,1.1069432703722484,781417.3349665436,2415220.179319775,0.0,0.0,0.9872332825664737,1.0,0.0,5.0354801928e-06,0.9872332825664737,13898.387895456981,6085.940473492664,0.0,80297.00021828327,100281.32858723291
2026-08-21 09:00:00+00:00,5.684667979114391,0.0,6659.807705984261,-5.684667979114391,2343.94,10.0,0.0,0.0,1.1069476418773618,351110.01500003337,266331.83355934586,0,2403.77,2403.77,2403.77,2403.77,0.0,2403.77,0.0,8348400.0,0.04971187377479058,1.0,1.1069476418773618,781417.3349665436,2415220.179319775,0.0,0.0,0.9872387501911402,1.0,0.0,5.03556237e-06,0.9872387501911402,13664.634348155798,6319.694020793847,0.0,80297.57882887957,100281.90719782922
2026-08-21 10:00:00+00:00,5.684667979114391,0.0,6659.807705984261,-5.684667979114391,2343.94,10.0,0.0,0.0,1.1069519837203923,351110.01500003337,266333.17471459566,0,2394.73,2394.73,2394.73,2394.73,0.0,2394.73,0.0,8344800.0,0.04971502649926873,1.0,1.1069519837203923,781510.4928632439,2415137.100105154,0.0,0.0,0.9872434332533361,1.0,0.0,5.035642398e-06,0.9872434332533361,13613.244949624604,6371.083419325041,0.0,80297.8819436676,100282.21031261724
2026-08-21 11:00:00+00:00,5.684667979114391,0.0,6659.807705984261,-5.684667979114391,2343.94,10.0,0.0,0.0,1.1069563552599162,351110.01500003337,266334.51592543,0,2370.42,2370.42,2370.42,2370.42,0.0,2370.42,0.0,8341200.0,0.04971502653354043,1.0,1.1069563552599162,781510.4928632439,2415137.100105154,0.0,0.0,0.9872489012726998,1.0,0.0,5.0358257424e-06,0.9872489012726998,13475.050671052335,6509.277697897312,0.0,80298.46060919412,100282.78897814377
2026-08-21 12:00:00+00:00,5.684667979114391,0.0,6659.807705984261,-5.684667979114391,2343.94,10.0,0.0,0.0,1.1069607268167037,351110.01500003337,266335.87338052754,0,2387.75,2387.75,2387.75,2387.75,0.0,2387.75,0.0,8337600.0,0.04971502656784166,1.0,1.1069607268167037,781510.4928632439,2415137.100105154,0.0,0.0,0.9872543693223491,1.0,0.0,5.0967920304e-06,0.9872543693223491,13573.565967130386,6410.76240181926,0.0,80299.02304109093,100283.35141004057
2026-08-21 13:00:00+00:00,5.684667979114391,0.0,6659.807705984261,-5.684667979114391,2343.94,10.0,0.0,0.0,1.1069650983907555,351110.01500003337,266338.0107139308,0,2386.98,2386.98,2386.98,2386.98,0.0,2386.98,0.0,8334000.0,0.04971502660217264,1.0,1.1069650983907555,781510.4928632439,2415137.100105154,0.0,0.0,0.9872598374022842,1.0,0.0,8.024922817200002e-06,0.9872598374022842,13569.188772786469,6415.139596163178,0.0,80298.80560531566,100283.1339742653
2026-08-21 14:00:00+00:00,5.684667979114391,0.0,6659.807705984261,-5.684667979114391,2343.94,10.0,0.0,0.0,1.1069694699820716,351110.01500003337,266340.23947224085,0,2393.14,2393.14,2393.14,2393.14,0.0,2393.14,0.0,8330400.0,0.0497150266365336,1.0,1.1069694699820716,781510.4928632439,2415137.100105154,0.0,0.0,0.987265305512505,1.0,0.0,8.368122067199998e-06,0.987265305512505,13604.206327537811,6380.122041411834,0.0,80298.49675526732,100282.82512421696
2026-08-21 15:00:00+00:00,5.684667979114391,0.0,6659.807705984261,-5.684667979114391,2343.94,10.0,0.0,0.0,1.1069738415906518,351110.01500003337,266341.50811843853,0,2393.03,2393.03,2393.03,2393.03,0.0,2393.03,0.0,8326800.0,0.04971502667092409,1.0,1.1069738415906518,781510.4928632439,2415137.100105154,0.0,0.0,0.987270773653012,1.0,0.0,4.763242605599999e-06,0.987270773653012,13603.581014060112,6380.747354889534,0.0,80299.14802796504,100283.47639691469
2026-08-21 16:00:00+00:00,5.684667979114391,0.0,6661.174942533921,-5.684667979114391,2343.94,10.0,0.0,0.0,1.106978213216496,351110.01500003337,266342.807494893,0,2405.13,2405.13,2405.13,2405.13,0.0,2405.13,0.0001,8323200.0,0.04971502670534411,1.0,1.106978213216496,781510.4928632439,2415137.100105154,0.0,0.0,0.9872762418238054,1.0,0.0,4.8785985108e-06,0.9872762418238054,13672.365496607395,6313.330108891912,0.0,80299.76858103991,100285.46418653922
2026-08-21 17:00:00+00:00,5.684667979114391,0.0,6661.174942533921,-5.684667979114391,2343.94,10.0,0.0,0.0,1.1069825848596049,351110.01500003337,266344.0954343074,0,2422.98,2422.98,2422.98,2422.98,0.0,2422.98,0.0,8319600.0,0.04971502673979433,1.0,1.1069825848596049,781510.4928632439,2415137.100105154,0.0,0.0,0.987281710024885,1.0,0.0,4.8356338679999995e-06,0.987281710024885,13773.836820034587,6211.85878546472,0.0,80300.40058178856,100286.09618728787
2026-08-21 18:00:00+00:00,5.684667979114391,0.0,6661.174942533921,-5.684667979114391,2343.94,10.0,0.0,0.0,1.1069871142352192,351110.01500003337,266345.3990802934,0,2419.8,2419.8,2419.8,2419.8,0.0,2419.8,0.0,8316000.0,0.04833687261454411,1.0,1.1069871142352192,741527.8020620004,2450806.0632257946,0.0,0.0,0.9876292665643771,1.0,0.0,4.8945811752e-06,0.9876292665643771,13755.759575861004,6229.936029638303,0.0,80421.127517597,100406.8231230963
2026-08-21 19:00:00+00:00,5.684667979114391,0.0,6661.174942533921,-5.684667979114391,2343.94,10.0,0.0,0.0,1.1069914859134795,351110.01500003337,266346.7025852307,0,2412.41,2412.41,2412.41,2412.41,0.0,2412.41,0.0,8312400.0,0.04833687264807596,1.0,1.1069914859134795,741527.8020620004,2450806.0632257946,0.0,0.0,0.9876345886043382,1.0,0.0,4.89402765e-06,0.9876345886043382,13713.749879495346,6271.94572600396,0.0,80421.69263419026,100407.38823968956
2026-08-21 20:00:00+00:00,5.684667979114391,0.0,6661.174942533921,-5.684667979114391,2343.94,10.0,0.0,0.0,1.1069958576090042,351110.01500003337,266348.005949141,0,2440.07,2440.07,2440.07,2440.07,0.0,2440.07,0.0,8308800.0,0.04833687268163578,1.0,1.1069958576090042,741527.8020620004,2450806.0632257946,0.0,0.0,0.9876399106729783,1.0,0.0,4.8934742148e-06,0.9876399106729783,13870.987795797651,6114.707809701655,0.0,80422.25790188002,100407.95350737932
2026-08-21 21:00:00+00:00,5.29952539895411,0.0,6655.085346522254,-5.29952539895411,2513.52,10.0,0.0,0.0,1.1070002443891716,351110.01500003337,266349.31102923903,0,2513.52,2513.52,2513.52,2513.52,0.0,2513.52,0.0,8305200.0,0.04820530659165079,1.0,1.1070002443891716,737788.2140804969,2454142.7332891407,0.0,0.0,0.9876778781788862,1.0,0.0,4.8998936412e-06,0.9876778781788862,13320.463080779135,6655.085346522254,0.0,80434.28359335085,100409.83202065223
2026-08-21 22:00:00+00:00,5.29952539895411,0.0,6655.085346522254,-5.29952539895411,2513.52,10.0,0.0,0.0,1.1070046026876557,351110.01500003337,266350.6156747895,0,2522.0,2522.0,2522.0,2522.0,0.0,2522.0,0.0,8301600.0,0.04832258837199932,1.0,1.1070046026876557,741121.2140804969,2451169.2315487303,0.0,0.0,0.9876540975009125,1.0,0.0,4.8982381451999995e-06,0.9876540975009125,13365.403056162266,6610.145371139123,0.0,80424.62931360031,100400.1777409017
2026-08-21 23:00:00+00:00,5.29952539895411,0.0,6655.085346522254,-5.29952539895411,2513.52,10.0,0.0,0.0,1.1070089425460659,351110.01500003337,266351.92018733895,0,2515.97,2515.97,2515.97,2515.97,0.0,2515.97,0.0,8298000.0,0.04860108618157111,1.0,1.1070089425460659,749024.3613222744,2443893.092650147,0.0,0.0,0.9875903897137156,1.0,0.0,4.8977148096e-06,0.9875903897137156,13333.44691800657,6642.101509294818,0.0,80400.95635893254,100376.50478623393
2026-08-22 00:00:00+00:00,5.29952539895411,0.0,6656.421722542584,-5.29952539895411,2513.52,10.0,0.0,0.0,1.1070133143105299,351110.01500003337,266353.22456690844,0,2521.69,2521.69,2521.69,2521.69,0.0,2521.69,0.0001,8294400.0,0.04860108621543624,1.0,1.1070133143105299,749024.3613222744,2443893.092650147,0.0,0.0,0.9875957399543404,1.0,0.0,4.8971915604e-06,0.9875957399543404,13363.76020328859,6613.124600033128,0.0,80401.53050242906,100378.41530575078
2026-08-22 01:00:00+00:00,5.29952539895411,0.0,6656.421722542584,-5.29952539895411,2513.52,10.0,0.0,0.0,1.1070176860922585,351110.01500003337,266354.528813519,0,2506.28,2506.28,2506.28,2506.28,0.0,2506.28,0.0,8290800.0,0.04860108624933113,1.0,1.1070176860922585,749024.3613222744,2443893.092650147,0.0,0.0,0.9876010902239498,1.0,0.0,4.8966683976e-06,0.9876010902239498,13282.094516890707,6694.79028643101,0.0,80402.10478906136,100378.98959238308
2026-08-22 02:00:00+00:00,5.29952539895411,0.0,6656.421722542584,-5.29952539895411,2513.52,10.0,0.0,0.0,1.1070220578912524,351110.01500003337,266355.83292718965,0,2515.33,2515.33,2515.33,2515.33,0.0,2515.33,0.0,8287200.0,0.048601086283255324,1.0,1.1070220578912524,749024.3613222744,2443893.092650147,0.0,0.0,0.9876064405225442,1.0,0.0,4.896145314e-06,0.9876064405225442,13330.055221751241,6646.829581570477,0.0,80402.6792188104,100379.56402213212
2026-08-22 03:00:00+00:00,5.29952539895411,0.0,6656.421722542584,-5.29952539895411,2513.52,10.0,0.0,0.0,1.107026352843615,351110.01500003337,266357.1265334006,0,2514.35,2514.35,2514.35,2514.35,0.0,2514.35,0.0,8283600.0,0.04927266091046101,1.0,1.107026352843615,768460.115418921,2426557.6850541136,0.0,0.0,0.9874457147336206,1.0,0.0,4.8566725775999996e-06,0.9874457147336206,13324.861686860266,6652.023116461452,0.0,80344.95317843958,100321.8379817613
2026-08-22 04:00:00+00:00,5.29952539895411,0.0,6656.421722542584,-5.29952539895411,2513.52,10.0,0.0,0.0,1.1070307246768354,351110.01500003337,266358.4199722181,0,2513.88,2513.88,2513.88,2513.88,0.0,2513.88,0.0,8280000.0,0.04927266094492522,1.0,1.1070307246768354,768460.115418921,2426557.6850541136,0.0,0.0,0.9874511363603109,1.0,0.0,4.856020538400001e-06,0.9874511363603109,13322.370909922758,6654.513893398959,0.0,80345.56332705065,100322.44813037237
2026-08-22 05:00:00+00:00,5.29952539895411,0.0,6656.421722542584,-5.29952539895411,2513.52,10.0,0.0,0.0,1.1070350965273201,351110.01500003337,266359.71324367507,0,2439.44,2439.44,2439.44,2439.44,0.0,2439.44,0.0,8276400.0,0.04927266097941896,1.0,1.1070350965273201,768460.115418921,2426557.6850541136,0.0,0.0,0.9874565580167689,1.0,0.0,4.8553686324e-06,0.9874565580167689,12927.874239224613,7049.010564097103,0.0,80346.17365347396,100323.05845679567
2026-08-22 06:00:00+00:00,5.29952539895411,0.0,6656.421722542584,-5.29952539895411,2513.52,10.0,0.0,0.0,1.1070394683950708,351110.01500003337,266361.0063478045,0,2436.94,2436.94,2436.94,2436.94,0.0,2436.94,0.0,8272800.0,0.04927266101394201,1.0,1.1070394683950708,768460.115418921,2426557.6850541136,0.0,0.0,0.9874619797029951,1.0,0.0,4.854716859600001e-06,0.9874619797029951,12914.625425727229,7062.259377594489,0.0,80346.78415767674,100323.66896099846
2026-08-22 07:00:00+00:00,5.29952539895411,0.0,6656.421722542584,-5.29952539895411,2513.52,10.0,0.0,0.0,1.1070438402800862,351110.01500003337,266362.29928463843,0,2432.54,2432.54,2432.54,2432.54,0.0,2432.54,0.0,8269200.0,0.04927266104849637,1.0,1.1070438402800862,768460.115418921,2426557.6850541136,0.0,0.0,0.987467401418989,1.0,0.0,4.8540652164e-06,0.987467401418989,12891.30751397183,7085.577289349888,0.0,80347.3948396268,100324.27964294852
2026-08-22 08:00:00+00:00,5.29952539895411,0.0,6657.707037635693,-5.29952539895411,2513.52,10.0,0.0,0.0,1.1070481570393154,351110.01500003337,266363.5920542098,0,2425.34,2425.34,2425.34,2425.34,0.0,2425.34,0.0001,8265600.0,0.049754711954486996,1.0,1.1070481570393154,782626.6166244498,2413923.388015801,0.0,0.0,0.9873539533565621,1.0,0.0,4.8534137064e-06,0.9873539533565621,12853.15093109936,7125.019187315465,0.0,80306.26931915496,100284.43943756979
2026-08-22 09:00:00+00:00,5.29952539895411,0.0,6657.707037635693,-5.29952539895411,2513.52,10.0,0.0,0.0,1.1070526907280673,351110.01500003337,266364.88465655065,0,2421.49,2421.49,2421.49,2421.49,0.0,2421.49,0.0,8262000.0,0.048341185498184336,1.0,1.1070526907280673,741599.6449512459,2450523.90596961,0.0,0.0,0.9877080357320954,1.0,0.0,4.852762326e-06,0.9877080357320954,12832.747758313386,7145.422360101441,0.0,80429.29858499888,100407.4687034137
2026-08-22 10:00:00+00:00,5.29952539895411,0.0,6657.707037635693,-5.29952539895411,2513.52,10.0,0.0,0.0,1.1070570665444477,351110.01500003337,266366.1982233377,0,2412.14,2412.14,2412.14,2412.14,0.0,2412.14,0.0,8258400.0,0.048307313409978736,1.0,1.1070570665444477,740635.6074748561,2451384.0664184624,0.0,0.0,0.9877217160152809,1.0,0.0,4.9314441348e-06,0.9877217160152809,12783.197195833165,7194.972922581662,0.0,80432.78830264625,100410.95842106108
2026-08-22 11:00:00+00:00,5.29952539895411,0.0,6657.707037635693,-5.29952539895411,2513.52,10.0,0.0,0.0,1.1070614384989614,351110.01500003337,266367.5117035477,0,2423.41,2423.41,2423.41,2423.41,0.0,2423.41,0.0,8254800.0,0.048307313443958,1.0,1.1070614384989614,740635.6074748561,2451384.0664184624,0.0,0.0,0.9877270353740765,1.0,0.0,4.9310947872e-06,0.9877270353740765,12842.922847079379,7135.247271335449,0.0,80433.34250258282,100411.51262099764
2026-08-22 12:00:00+00:00,5.29952539895411,0.0,6657.707037635693,-5.29952539895411,2513.52,10.0,0.0,0.0,1.1070658104707407,351110.01500003337,266368.83258068905,0,2427.31,2427.31,2427.31,2427.31,0.0,2427.31,0.0,8251200.0,0.04830731347796746,1.0,1.1070658104707407,740635.6074748561,2451384.0664184624,0.0,0.0,0.9877323547615193,1.0,0.0,4.95883998e-06,0.9877323547615193,12863.590996135299,7114.579122279527,0.0,80433.88931564626,100412.05943406108
2026-08-22 13:00:00+00:00,5.29952539895411,0.0,6657.707037635693,-5.29952539895411,2513.52,10.0,0.0,0.0,1.107070182459786,351110.01500003337,266370.1533996938,0,2429.35,2429.35,2429.35,2429.35,0.0,2429.35,0.0,8247600.0,0.0483073135120069,1.0,1.107070182459786,740635.6074748561,2451384.0664184624,0.0,0.0,0.9877376741776095,1.0,0.0,4.9585971348e-06,0.9877376741776095,12874.402027949167,7103.768090465661,0.0,80434.43619690475,100412.60631531957
2026-08-22 14:00:00+00:00,5.29952539895411,0.0,6657.707037635693,-5.29952539895411,2513.52,10.0,0.0,0.0,1.1070745398844655,351110.01500003337,266371.4887384835,0,2413.02,2413.02,2413.02,2413.02,0.0,2413.02,0.0,8244000.0,0.04830738556385272,1.0,1.1070745398844655,740635.6074748561,2451384.0664184624,0.0,0.0,0.9877429758834586,1.0,0.0,5.01308208e-06,0.9877429758834586,12787.860778184246,7190.309340230581,0.0,80434.96234013524,100413.13245855007
2026-08-22 15:00:00+00:00,5.29952539895411,0.0,6657.707037635693,-5.29952539895411,2513.52,10.0,0.0,0.0,1.107078926489673,351110.01500003337,266372.7234730238,0,2410.37,2410.37,2410.37,2410.37,0.0,2410.37,0.0,8240400.0,0.04830731358017393,1.0,1.107078926489673,740635.6074748561,2451384.0664184624,0.0,0.0,0.9877483130957332,1.0,0.0,4.6353747708e-06,0.9877483130957332,12773.817035877017,7204.35308253781,0.0,80435.60155427671,100413.77167269154
2026-08-22 16:00:00+00:00,5.29952539895411,0.0,6658.9905243925405,-5.29952539895411,2513.52,10.0,0.0,0.0,1.107083298530515,351110.01500003337,266374.0452477707,0,2421.89,2421.89,2421.89,2421.89,0.0,2421.89,0.0001,8236800.0,0.04830731361430263,1.0,1.107083298530515,740635.6074748561,2451384.0664184624,0.0,0.0,0.9877536325977667,1.0,0.0,4.9621126751999995e-06,0.9877536325977667,12834.867568472968,7144.586036698706,0.0,80436.14750996866,100415.60111514034
2026-08-22 17:00:00+00:00,5.29952539895411,0.0,6658.9905243925405,-5.29952539895411,2513.52,10.0,0.0,0.0,1.1070876705886237,351110.01500003337,266375.3669697557,0,2425.9,2425.9,2425.9,2425.9,0.0,2425.9,0.0,8233200.0,0.04830731364846064,1.0,1.1070876705886237,740635.6074748561,2451384.0664184624,0.0,0.0,0.9877589521284486,1.0,0.0,4.9618899792e-06,0.9877589521284486,12856.118665322776,7123.334939848899,0.0,80436.69352848112,100416.14713365279
2026-08-22 18:00:00+00:00,5.29952539895411,0.0,6658.9905243925405,-5.29952539895411,2513.52,10.0,0.0,0.0,1.1070920426639974,351110.01500003337,266376.68852061394,0,2426.54,2426.54,2426.54,2426.54,0.0,2426.54,0.0,8229600.0,0.04830731368264907,1.0,1.1070920426639974,740635.6074748561,2451384.0664184624,0.0,0.0,0.9877642716877784,1.0,0.0,4.9612229352000005e-06,0.9877642716877784,12859.510361578104,7119.943243593569,0.0,80437.23972817895,100416.69333335062
2026-08-22 19:00:00+00:00,5.29952539895411,0.0,6658.9905243925405,-5.29952539895411,2513.52,10.0,0.0,0.0,1.107096414756638,351110.01500003337,266378.02210164675,0,2438.18,2438.18,2438.18,2438.18,0.0,2438.18,0.0,8226000.0,0.04830731371686703,1.0,1.107096414756638,740635.6074748561,2451384.0664184624,0.0,0.0,0.9877695912757568,1.0,0.0,5.006360361600001e-06,0.9877695912757568,12921.19683722193,7058.256767949744,0.0,80437.77390776103,100417.2275129327
2026-08-22 20:00:00+00:00,5.29952539895411,0.0,6658.9905243925405,-5.29952539895411,2513.52,10.0,0.0,0.0,1.1071007868665443,351110.01500003337,266379.3680925436,0,2431.02,2431.02,2431.02,2431.02,0.0,2431.02,0.0,8222400.0,0.04830731375111519,1.0,1.1071007868665443,740635.6074748561,2451384.0664184624,0.0,0.0,0.9877749108923837,1.0,0.0,5.0529224807999995e-06,0.9877749108923837,12883.25223536542,7096.201369806255,0.0,80438.29568753781,100417.74929270949
2026-08-22 21:00:00+00:00,5.29952539895411,0.0,6658.9905243925405,-5.29952539895411,2513.52,10.0,0.0,0.0,1.1071051589937166,351110.01500003337,266380.7140986691,0,2406.39,2406.39,2406.39,2406.39,0.0,2406.39,0.0,8218800.0,0.04830731378539266,1.0,1.1071051589937166,740635.6074748561,2451384.0664184624,0.0,0.0,0.9877802305376594,1.0,0.0,5.0529541176e-06,0.9877802305376594,12752.72492478918,7226.7286803824945,0.0,80438.81746214489,100418.27106731656
2026-08-22 22:00:00+00:00,5.29952539895411,0.0,6658.9905243925405,-5.29952539895411,2513.52,10.0,0.0,0.0,1.1071095311381556,351110.01500003337,266382.05535602727,0,2413.17,2413.17,2413.17,2413.17,0.0,2413.17,0.0,8215200.0,0.048307313819701436,1.0,1.1071095311381556,740635.6074748561,2451384.0664184624,0.0,0.0,0.9877855502115837,1.0,0.0,5.0351016816e-06,0.9877855502115837,12788.65570699409,7190.797898177585,0.0,80439.34399557806,100418.79760074973
2026-08-22 23:00:00+00:00,5.29952539895411,0.0,6658.9905243925405,-5.29952539895411,2513.52,10.0,0.0,0.0,1.107113903299861,351110.01500003337,266383.3966239824,0,2421.4,2421.4,2421.4,2421.4,0.0,2421.4,0.0,8211600.0,0.048307313854039746,1.0,1.107113903299861,740635.6074748561,2451384.0664184624,0.0,0.0,0.9877908699141571,1.0,0.0,5.035116110400001e-06,0.9877908699141571,12832.270801027482,7147.182804144192,0.0,80439.87052847329,100419.32413364496
2026-08-23 00:00:00+00:00,5.29952539895411,0.0,6660.278282566859,-5.29952539895411,2513.52,10.0,0.0,0.0,1.1071182754788325,351110.01500003337,266384.7379025356,0,2429.95,2429.95,2429.95,2429.95,0.0,2429.95,0.0001,8208000.0,0.048307313888407366,1.0,1.1071182754788325,740635.6074748561,2451384.0664184624,0.0,0.0,0.98779618964538,1.0,0.0,5.035130542799999e-06,0.98779618964538,12877.581743188539,7103.159620157455,0.0,80440.39706082956,100421.13842417556
2026-08-23 01:00:00+00:00,5.29952539895411,0.0,6660.278282566859,-5.29952539895411,2513.52,10.0,0.0,0.0,1.1071226476750706,351110.01500003337,266386.07919168595,0,2422.33,2422.33,2422.33,2422.33,0.0,2422.33,0.0,8204400.0,0.04830731392280585,1.0,1.1071226476750706,740635.6074748561,2451384.0664184624,0.0,0.0,0.9878015094052519,1.0,0.0,5.035144971600001e-06,0.9878015094052519,12837.199359648508,7143.542003697485,0.0,80440.92359264765,100421.66495599365
2026-08-23 02:00:00+00:00,5.29952539895411,0.0,6660.278282566859,-5.29952539895411,2513.52,10.0,0.0,0.0,1.107127019888575,351110.01500003337,266387.34992021776,0,2415.98,2415.98,2415.98,2415.98,0.0,2415.98,0.0,8200800.0,0.0483073139572352,1.0,1.107127019888575,740635.6074748561,2451384.0664184624,0.0,0.0,0.9878068291937732,1.0,0.0,4.770239889600001e-06,0.9878068291937732,12803.54737336515,7177.193989980843,0.0,80441.52069514332,100422.26205848932
2026-08-23 03:00:00+00:00,5.29952539895411,0.0,6660.278282566859,-5.29952539895411,2513.52,10.0,0.0,0.0,1.1071313921193462,351110.01500003337,266388.6204146376,0,2413.19,2413.19,2413.19,2413.19,0.0,2413.19,0.0,8197200.0,0.04830731399169386,1.0,1.1071313921193462,740635.6074748561,2451384.0664184624,0.0,0.0,0.9878121490109444,1.0,0.0,4.7693382984e-06,0.9878121490109444,12788.761697502068,7191.9796658439245,0.0,80442.11804181029,100422.85940515628
2026-08-23 04:00:00+00:00,5.599601558462931,0.1785025326644245,6653.9371864558,-5.599601558462931,2378.24,10.0,0.0,0.0,1.1071357643673843,351110.01500003337,266389.8906750112,0,2378.24,2378.24,2378.24,2378.24,0.0,2378.24,0.0,8193600.0,0.048307314026182935,1.0,1.1071357643673843,740635.6074748561,2451384.0664184624,0.0,0.0,0.9878174688567652,1.0,0.0,4.768436966400001e-06,0.9878174688567652,13317.374912931544,6653.9371864558,0.0,80442.7156325826,100414.02773196995
2026-08-23 05:00:00+00:00,5.599601558462931,0.1785025326644245,6653.9371864558,-5.599601558462931,2378.24,10.0,0.0,0.0,1.1071401366326887,351110.01500003337,266391.160112833,0,2372.6,2372.6,2372.6,2372.6,0.0,2372.6,0.0,8190000.0,0.04830731406070288,1.0,1.1071401366326887,740635.6074748561,2451384.0664184624,0.0,0.0,0.987822788731236,1.0,0.0,4.7653264692e-06,0.987822788731236,13285.793160141813,6685.51893924553,0.0,80443.31405596604,100414.62615535338
2026-08-23 06:00:00+00:00,5.599601558462931,0.1785025326644245,6653.9371864558,-5.599601558462931,2378.24,10.0,0.0,0.0,1.10714450891526,351110.01500003337,266392.47560875624,0,2389.35,2389.35,2389.35,2389.35,0.0,2389.35,0.0,8186400.0,0.048307314095252574,1.0,1.10714450891526,740635.6074748561,2451384.0664184624,0.0,0.0,0.9878281086343569,1.0,0.0,4.9381994304000006e-06,0.9878281086343569,13379.586486246068,6591.725613141276,0.0,80443.8664313074,100415.17853069474
2026-08-23 07:00:00+00:00,5.599601558462931,0.1785025326644245,6653.9371864558,-5.599601558462931,2378.24,10.0,0.0,0.0,1.1071488757617944,351110.01500003337,266393.79092614853,0,2388.29,2388.29,2388.29,2388.29,0.0,2388.29,0.0,8182800.0,0.048354927910013945,1.0,1.1071488757617944,741990.872431569,2450174.9315992887,0.0,0.0,0.9878217870197321,1.0,0.0,4.937504868e-06,0.9878217870197321,13373.650908594098,6597.6611907932465,0.0,80440.33153170935,100411.6436310967
2026-08-23 08:00:00+00:00,5.599601558462931,0.1785025326644245,6655.28795034174,-5.599601558462931,2378.24,10.0,0.0,0.0,1.1071532479900736,351110.01500003337,266395.1061753322,0,2412.25,2412.25,2412.25,2412.25,0.0,2412.25,0.0001,8179200.0,0.04835570332947303,1.0,1.1071532479900736,741990.872431569,2450082.3029013607,0.0,0.0,0.9878269225457912,1.0,0.0,4.937224446e-06,0.9878269225457912,13507.817361934869,6464.845501338415,0.0,80440.81941715733,100413.48228043062
2026-08-23 09:00:00+00:00,5.599601558462931,0.1785025326644245,6655.28795034174,-5.599601558462931,2378.24,10.0,0.0,0.0,1.1071575194830223,351110.01500003337,266396.4213563119,0,2410.91,2410.91,2410.91,2410.91,0.0,2410.91,0.0,8175600.0,0.049236551396616646,1.0,1.1071575194830223,767381.6285102147,2427434.177524404,0.0,0.0,0.9876171880496033,1.0,0.0,4.9369440456e-06,0.9876171880496033,13500.313895846528,6472.348967426756,0.0,80365.8643540751,100338.5272173484
2026-08-23 10:00:00+00:00,5.599601558462931,0.1785025326644245,6655.28795034174,-5.599601558462931,2378.24,10.0,0.0,0.0,1.1071618918342416,351110.01500003337,266397.73646909324,0,2414.8,2414.8,2414.8,2414.8,0.0,2414.8,0.0,8172000.0,0.04923655143197059,1.0,1.1071618918342416,767381.6285102147,2427434.177524404,0.0,0.0,0.9876226067377074,1.0,0.0,4.9366636704000005e-06,0.9876226067377074,13522.09634590895,6450.566517364333,0.0,80366.45179695525,100339.11466022854
2026-08-23 11:00:00+00:00,5.599601558462931,0.1785025326644245,6655.28795034174,-5.599601558462931,2378.24,10.0,0.0,0.0,1.1071662642027278,351110.01500003337,266399.05151368096,0,2433.29,2433.29,2433.29,2433.29,0.0,2433.29,0.0,8168400.0,0.04923655146735584,1.0,1.1071662642027278,767381.6285102147,2427434.177524404,0.0,0.0,0.9876280254555418,1.0,0.0,4.9363833168e-06,0.9876280254555418,13625.632978724929,6347.029884548355,0.0,80367.03931846766,100339.70218174095
2026-08-23 12:00:00+00:00,5.599601558462931,0.1785025326644245,6655.28795034174,-5.599601558462931,2378.24,10.0,0.0,0.0,1.107170636588481,351110.01500003337,266400.36649008165,0,2426.61,2426.61,2426.61,2426.61,0.0,2426.61,0.0,8164800.0,0.049236551502773285,1.0,1.107170636588481,767381.6285102147,2427434.177524404,0.0,0.0,0.9876334442031066,1.0,0.0,4.936102992e-06,0.9876334442031066,13588.227640314397,6384.435222958886,0.0,80367.6269186057,100340.289781879
2026-08-23 13:00:00+00:00,5.599601558462931,0.1785025326644245,6655.28795034174,-5.599601558462931,2378.24,10.0,0.0,0.0,1.107175008991502,351110.01500003337,266401.647917848,0,2458.64,2458.64,2458.64,2458.64,0.0,2458.64,0.0,8161200.0,0.04923655153822071,1.0,1.107175008991502,767381.6285102147,2427434.177524404,0.0,0.0,0.9876388629804023,1.0,0.0,4.810146102e-06,0.9876388629804023,13767.582878231964,6205.07998504132,0.0,80368.24807781691,100340.9109410902
2026-08-23 14:00:00+00:00,5.599601558462931,0.1785025326644245,6655.28795034174,-5.599601558462931,2378.24,10.0,0.0,0.0,1.1071793814117898,351110.01500003337,266402.92915845,0,2437.94,2437.94,2437.94,2437.94,0.0,2437.94,0.0,8157600.0,0.04923655157370077,1.0,1.1071793814117898,767381.6285102147,2427434.177524404,0.0,0.0,0.9876442817874284,1.0,0.0,4.8094204032e-06,0.9876442817874284,13651.671125971783,6320.991737301501,0.0,80368.86943463114,100341.53229790443
2026-08-23 15:00:00+00:00,5.599601558462931,0.1785025326644245,6655.28795034174,-5.599601558462931,2378.24,10.0,0.0,0.0,1.1071837538493454,351110.01500003337,266404.23298147693,0,2437.69,2437.69,2437.69,2437.69,0.0,2437.69,0.0,8154000.0,0.049236551609211476,1.0,1.1071837538493454,767381.6285102147,2427434.177524404,0.0,0.0,0.9876497006241857,1.0,0.0,4.894164792e-06,0.9876497006241857,13650.271225582166,6322.3916376911175,0.0,80369.46821945935,100342.13108273264
2026-08-23 16:00:00+00:00,5.599601558462931,0.1785025326644245,6656.659684735517,-5.599601558462931,2378.24,10.0,0.0,0.0,1.1071881263041685,351110.01500003337,266405.5561980473,0,2449.7,2449.7,2449.7,2449.7,0.0,2449.7,0.0001,8150400.0,0.04923655164475327,1.0,1.1071881263041685,767381.6285102147,2427434.177524404,0.0,0.0,0.9876551194906742,1.0,0.0,4.9669379099999995e-06,0.9876551194906742,13717.522440299304,6256.512157367755,0.0,80370.04762118304,100344.08221885009
2026-08-23 17:00:00+00:00,5.599601558462931,0.1785025326644245,6656.659684735517,-5.599601558462931,2378.24,10.0,0.0,0.0,1.1071924785876317,351110.01500003337,266406.8793824601,0,2439.24,2439.24,2439.24,2439.24,0.0,2439.24,0.0,8146800.0,0.04941298235285818,1.0,1.1071924785876317,772539.4911813716,2422833.58814572,0.0,0.0,0.9876176398100216,1.0,0.0,4.9667925312e-06,0.9876176398100216,13658.950607997782,6315.083989669278,0.0,80355.56494553416,100329.59954320121
2026-08-23 18:00:00+00:00,5.599601558462931,0.1785025326644245,6656.659684735517,-5.599601558462931,2378.24,10.0,0.0,0.0,1.10719685107691,351110.01500003337,266408.2025347147,0,2447.59,2447.59,2447.59,2447.59,0.0,2447.59,0.0,8143200.0,0.04941298238859315,1.0,1.10719685107691,772539.4911813716,2422833.58814572,0.0,0.0,0.9876230774567744,1.0,0.0,4.966647152399999e-06,0.9876230774567744,13705.70728101095,6268.32731665611,0.0,80356.15100551245,100330.1856031795
2026-08-23 19:00:00+00:00,5.599601558462931,0.1785025326644245,6656.659684735517,-5.599601558462931,2378.24,10.0,0.0,0.0,1.107201223583456,351110.01500003337,266409.49324510765,0,2443.58,2443.58,2443.58,2443.58,0.0,2443.58,0.0,8139600.0,0.04941298242436054,1.0,1.107201223583456,772539.4911813716,2422833.58814572,0.0,0.0,0.9876285151334655,1.0,0.0,4.844848071599999e-06,0.9876285151334655,13683.252878761512,6290.781718905548,0.0,80356.7695178641,100330.80411553115
2026-08-23 20:00:00+00:00,5.599601558462931,0.1785025326644245,6656.659684735517,-5.599601558462931,2378.24,10.0,0.0,0.0,1.10720559610727,351110.01500003337,266410.78380534356,0,2449.22,2449.22,2449.22,2449.22,0.0,2449.22,0.0,8136000.0,0.04941298246015968,1.0,1.10720559610727,772539.4911813716,2422833.58814572,0.0,0.0,0.9876339528400956,1.0,0.0,4.8442609692e-06,0.9876339528400956,13714.834631551243,6259.199966115818,0.0,80357.38819088467,100331.42278855173
2026-08-23 21:00:00+00:00,5.599601558462931,0.1785025326644245,6656.659684735517,-5.599601558462931,2378.24,10.0,0.0,0.0,1.1072099686483516,351110.01500003337,266412.07421544887,0,2469.14,2469.14,2469.14,2469.14,0.0,2469.14,0.0,8132400.0,0.049412982495990354,1.0,1.1072099686483516,772539.4911813716,2422833.58814572,0.0,0.0,0.9876393905766647,1.0,0.0,4.8436739747999995e-06,0.9876393905766647,13826.378694595825,6147.655903071236,0.0,80358.00702454767,100332.04162221473
2026-08-23 22:00:00+00:00,5.599601558462931,0.1785025326644245,6656.659684735517,-5.599601558462931,2378.24,10.0,0.0,0.0,1.1072143412067013,351110.01500003337,266413.36447544815,0,2454.13,2454.13,2454.13,2454.13,0.0,2454.13,0.0,8128800.0,0.04941298253185189,1.0,1.1072143412067013,772539.4911813716,2422833.58814572,0.0,0.0,0.9876448283431734,1.0,0.0,4.8430870812e-06,0.9876448283431734,13742.328675203298,6231.705922463763,0.0,80358.62601882883,100332.6606164959
2026-08-23 23:00:00+00:00,5.599601558462931,0.1785025326644245,6656.659684735517,-5.599601558462931,2378.24,10.0,0.0,0.0,1.107218713782319,351110.01500003337,266414.654585369,0,2462.58,2462.58,2462.58,2462.58,0.0,2462.58,0.0,8125200.0,0.04941298256774651,1.0,1.107218713782319,772539.4911813716,2422833.58814572,0.0,0.0,0.9876502661396209,1.0,0.0,4.8425002992e-06,0.9876502661396209,13789.645308372308,6184.389289294752,0.0,80359.24517370027,100333.27977136734
2026-08-24 00:00:00+00:00,5.599601558462931,0.1785025326644245,6658.039762535615,-5.599601558462931,2378.24,10.0,0.0,0.0,1.1072230863752046,351110.01500003337,266415.94454523793,0,2464.6,2464.6,2464.6,2464.6,0.0,2464.6,0.0001,8121600.0,0.049412982603671995,1.0,1.1072230863752046,772539.4911813716,2422833.58814572,0.0,0.0,0.9876557039660084,1.0,0.0,4.8419136252000005e-06,0.9876557039660084,13800.956503520403,6174.458171946756,0.0,80359.8644891358,100335.27916460295
2026-08-24 01:00:00+00:00,5.599601558462931,0.1785025326644245,6658.039762535615,-5.599601558462931,2378.24,10.0,0.0,0.0,1.1072274589853583,351110.01500003337,266417.2628131627,0,2428.27,2428.27,2428.27,2428.27,0.0,2428.27,0.0,8118000.0,0.0494129826396299,1.0,1.1072274589853583,772539.4911813716,2422833.58814572,0.0,0.0,0.9876611418223353,1.0,0.0,4.948144772400001e-06,0.9876611418223353,13597.522978901445,6377.891696565714,0.0,80360.45550702757,100335.87018249472
2026-08-24 02:00:00+00:00,5.599601558462931,0.1785025326644245,6658.039762535615,-5.599601558462931,2378.24,10.0,0.0,0.0,1.10723183161278,351110.01500003337,266418.59238554654,0,2442.54,2442.54,2442.54,2442.54,0.0,2442.54,0.0,8114400.0,0.04941298267561933,1.0,1.10723183161278,772539.4911813716,2422833.58814572,0.0,0.0,0.9876665797086023,1.0,0.0,4.9905514836000004e-06,0.9876665797086023,13677.42929314071,6297.9853823264475,0.0,80361.03523097245,100336.44990643961
2026-08-24 03:00:00+00:00,5.599601558462931,0.1785025326644245,6658.039762535615,-5.599601558462931,2378.24,10.0,0.0,0.0,1.1072362042574702,351110.01500003337,266419.9219582173,0,2429.78,2429.78,2429.78,2429.78,0.0,2429.78,0.0,8110800.0,0.04941298271164074,1.0,1.1072362042574702,772539.4911813716,2422833.58814572,0.0,0.0,0.9876720176248093,1.0,0.0,4.9905276552e-06,0.9876720176248093,13605.978377254725,6369.436298212434,0.0,80361.61496514274,100337.0296406099
2026-08-24 04:00:00+00:00,5.599601558462931,0.1785025326644245,6658.039762535615,-5.599601558462931,2378.24,10.0,0.0,0.0,1.107240576919429,351110.01500003337,266421.2515311769,0,2436.72,2436.72,2436.72,2436.72,0.0,2436.72,0.0,8107200.0,0.049412982747694345,1.0,1.107240576919429,772539.4911813716,2422833.58814572,0.0,0.0,0.9876774555709563,1.0,0.0,4.990503834e-06,0.9876774555709563,13644.839612070456,6330.575063396703,0.0,80362.19470953633,100337.60938500348
2026-08-24 05:00:00+00:00,5.599601558462931,0.1785025326644245,6658.039762535615,-5.599601558462931,2378.24,10.0,0.0,0.0,1.1072449495986556,351110.01500003337,266422.5811044234,0,2448.07,2448.07,2448.07,2448.07,0.0,2448.07,0.0,8103600.0,0.04941298278378059,1.0,1.1072449495986556,772539.4911813716,2422833.58814572,0.0,0.0,0.9876828935470436,1.0,0.0,4.9904800056e-06,0.9876828935470436,13708.395089759013,6267.019585708147,0.0,80362.77446415549,100338.18913962264
2026-08-24 06:00:00+00:00,5.599601558462931,0.1785025326644245,6658.039762535615,-5.599601558462931,2378.24,10.0,0.0,0.0,1.1072493222951507,351110.01500003337,266423.9106779576,0,2455.58,2455.58,2455.58,2455.58,0.0,2455.58,0.0,8100000.0,0.049412982819898366,1.0,1.1072493222951507,772539.4911813716,2422833.58814572,0.0,0.0,0.9876883315530717,1.0,0.0,4.9904561808e-06,0.9876883315530717,13750.448097463068,6224.966578004091,0.0,80363.35422899935,100338.7689044665
2026-08-24 07:00:00+00:00,5.599601558462931,0.1785025326644245,6658.039762535615,-5.599601558462931,2378.24,10.0,0.0,0.0,1.1072536950089145,351110.01500003337,266425.24025177944,0,2453.97,2453.97,2453.97,2453.97,0.0,2453.97,0.0,8096400.0,0.04941298285604767,1.0,1.1072536950089145,772539.4911813716,2422833.58814572,0.0,0.0,0.9876937695890404,1.0,0.0,4.990432355999999e-06,0.9876937695890404,13741.432738953941,6233.981936513217,0.0,80363.93400406803,100339.34867953518
2026-08-24 08:00:00+00:00,5.599601558462931,0.1785025326644245,6659.413691973203,-5.599601558462931,2378.24,10.0,0.0,0.0,1.1072580677399468,351110.01500003337,266426.96846652305,0,2453.62,2453.62,2453.62,2453.62,0.0,2453.62,0.0001,8092800.0,0.049412982892230284,1.0,1.1072580677399468,772539.4911813716,2422833.58814572,0.0,0.0,0.9876992076549499,1.0,0.0,6.486656958e-06,0.9876992076549499,13739.47287840848,6237.3157264962665,0.0,80364.11514872749,100340.90375363224
2026-08-24 09:00:00+00:00,5.599601558462931,0.1785025326644245,6659.413691973203,-5.599601558462931,2378.24,10.0,0.0,0.0,1.1072624404882476,351110.01500003337,266428.29992631206,0,2462.2,2462.2,2462.2,2462.2,0.0,2462.2,0.0,8089200.0,0.04941298292844465,1.0,1.1072624404882476,772539.4911813716,2422833.58814572,0.0,0.0,0.9877046457508004,1.0,0.0,4.9974537852e-06,0.9877046457508004,13787.517459780092,6189.271145124655,0.0,80364.69305885414,100341.4816637589
2026-08-24 10:00:00+00:00,5.599601558462931,0.1785025326644245,6659.413691973203,-5.599601558462931,2378.24,10.0,0.0,0.0,1.1072668132538175,351110.01500003337,266429.6313981185,0,2464.24,2464.24,2464.24,2464.24,0.0,2464.24,0.0,8085600.0,0.04941298296469099,1.0,1.1072668132538175,772539.4911813716,2422833.58814572,0.0,0.0,0.9877100838765922,1.0,0.0,4.9974739164e-06,0.9877100838765922,13798.940646959356,6177.847957945391,0.0,80365.27096747601,100342.05957238076
2026-08-24 11:00:00+00:00,5.599601558462931,0.1785025326644245,6659.413691973203,-5.599601558462931,2378.24,10.0,0.0,0.0,1.1072711580122763,351110.01500003337,266430.9628789107,0,2493.52,2493.52,2493.52,2493.52,0.0,2493.52,0.0,8082000.0,0.049657922954555955,1.0,1.1072711580122763,779739.4911813716,2416411.702569379,0.0,0.0,0.9876564484034696,1.0,0.0,4.997482668e-06,0.9876564484034696,13962.896980591151,6013.891624313595,0.0,80345.10753491119,100321.89613981594
2026-08-24 12:00:00+00:00,5.300410021487123,0.0,6652.252599923775,-5.300410021487123,2511.99,10.0,0.0,0.0,1.1072755308122726,351110.01500003337,266432.294366357,0,2511.99,2511.99,2511.99,2511.99,0.0,2511.99,0.0,8078400.0,0.049657922991050985,1.0,1.1072755308122726,779739.4911813716,2416411.702569379,0.0,0.0,0.9876619125766317,1.0,0.0,4.997482668e-06,0.9876619125766317,13314.576969875436,6652.252599923775,0.0,80345.69457338582,100312.52414318503
2026-08-24 13:00:00+00:00,5.300410021487123,0.0,6652.252599923775,-5.300410021487123,2511.99,10.0,0.0,0.0,1.1072799036295384,351110.01500003337,266433.62586489157,0,2492.76,2492.76,2492.76,2492.76,0.0,2492.76,0.0,8074800.0,0.049657923027578876,1.0,1.1072799036295384,779739.4911813716,2416411.702569379,0.0,0.0,0.9876673767800241,1.0,0.0,4.997499310799999e-06,0.9876673767800241,13212.65008516224,6754.17948463697,0.0,80346.28161138634,100313.11118118555
2026-08-24 14:00:00+00:00,5.300410021487123,0.0,6652.252599923775,-5.300410021487123,2511.99,10.0,0.0,0.0,1.107284276464073,351110.01500003337,266434.95737526746,0,2515.0,2515.0,2515.0,2515.0,0.0,2515.0,0.0,8071200.0,0.04965792306413985,1.0,1.107284276464073,779739.4911813716,2416411.702569379,0.0,0.0,0.987672841013647,1.0,0.0,4.9975187796e-06,0.987672841013647,13330.531204040113,6636.298365759098,0.0,80346.86864815973,100313.69821795894
2026-08-24 15:00:00+00:00,5.300410021487123,0.0,6652.252599923775,-5.300410021487123,2511.99,10.0,0.0,0.0,1.1072886493158762,351110.01500003337,266436.28891386645,0,2486.64,2486.64,2486.64,2486.64,0.0,2486.64,0.0,8067600.0,0.049657923100732804,1.0,1.1072886493158762,779739.4911813716,2416411.702569379,0.0,0.0,0.9876783052775007,1.0,0.0,4.9975997328e-06,0.9876783052775007,13180.211575830737,6786.6179939684735,0.0,80347.45566732436,100314.28523712358
2026-08-24 16:00:00+00:00,5.300410021487123,0.0,6653.565527387327,-5.300410021487123,2511.99,10.0,0.0,0.0,1.107293022184949,351110.01500003337,266437.62046540447,0,2477.03,2477.03,2477.03,2477.03,0.0,2477.03,0.0001,8064000.0,0.04965792313735928,1.0,1.107293022184949,779739.4911813716,2416411.702569379,0.0,0.0,0.987683769571585,1.0,0.0,4.99762332e-06,0.987683769571585,13129.274635524249,6838.867861738515,0.0,80348.04268416425,100316.18518142702
2026-08-24 17:00:00+00:00,5.300410021487123,0.0,6653.565527387327,-5.300410021487123,2511.99,10.0,0.0,0.0,1.1072973950712912,351110.01500003337,266438.95203043224,0,2467.92,2467.92,2467.92,2467.92,0.0,2467.92,0.0,8060400.0,0.04965792317401729,1.0,1.1072973950712912,779739.4911813716,2416411.702569379,0.0,0.0,0.9876892338959007,1.0,0.0,4.9976489736e-06,0.9876892338959007,13080.9879002285,6887.154597034263,0.0,80348.6296981289,100316.77219539168
2026-08-24 18:00:00+00:00,5.300410021487123,0.0,6653.565527387327,-5.300410021487123,2511.99,10.0,0.0,0.0,1.107301767974902,351110.01500003337,266440.2836121392,0,2473.21,2473.21,2473.21,2473.21,0.0,2473.21,0.0,8056800.0,0.0496579232107095,1.0,1.107301767974902,779739.4911813716,2416411.702569379,0.0,0.0,0.9876946982504471,1.0,0.0,4.9976865972e-06,0.9876946982504471,13109.027069242167,6859.1154280205965,0.0,80349.21670602873,100317.3592032915
2026-08-24 19:00:00+00:00,5.300410021487123,0.0,6653.565527387327,-5.300410021487123,2511.99,10.0,0.0,0.0,1.1073061408957825,351110.01500003337,266441.615204449,0,2470.54,2470.54,2470.54,2470.54,0.0,2470.54,0.0,8053200.0,0.04965792324743301,1.0,1.1073061408957825,779739.4911813716,2416411.702569379,0.0,0.0,0.9877001626352252,1.0,0.0,4.9977014148000005e-06,0.9877001626352252,13094.874974484796,6873.267522777967,0.0,80349.80371394032,100317.94621120309
2026-08-24 20:00:00+00:00,5.300410021487123,0.0,6653.565527387327,-5.300410021487123,2511.99,10.0,0.0,0.0,1.1073105138339328,351110.01500003337,266442.94680632005,0,2474.44,2474.44,2474.44,2474.44,0.0,2474.44,0.0,8049600.0,0.04965792328419005,1.0,1.1073105138339328,779739.4911813716,2416411.702569379,0.0,0.0,0.9877056270502347,1.0,0.0,4.9977123228e-06,0.9877056270502347,13115.546573568596,6852.595923694167,0.0,80350.39072290523,100318.533220168
2026-08-24 21:00:00+00:00,5.300410021487123,0.0,6653.565527387327,-5.300410021487123,2511.99,10.0,0.0,0.0,1.107314886789352,351110.01500003337,266444.2784173103,0,2482.78,2482.78,2482.78,2482.78,0.0,2482.78,0.0,8046000.0,0.04965792332097996,1.0,1.107314886789352,779739.4911813716,2416411.702569379,0.0,0.0,0.9877110914954759,1.0,0.0,4.9977215712e-06,0.9877110914954759,13159.7519931478,6808.390504114964,0.0,80350.97773336555,100319.12023062832
2026-08-24 22:00:00+00:00,5.300410021487123,0.0,6653.565527387327,-5.300410021487123,2511.99,10.0,0.0,0.0,1.107319259762041,351110.01500003337,266445.61003495567,0,2473.38,2473.38,2473.38,2473.38,0.0,2473.38,0.0,8042400.0,0.04965792335780339,1.0,1.107319259762041,779739.4911813716,2416411.702569379,0.0,0.0,0.9877165559709488,1.0,0.0,4.9977215712e-06,0.9877165559709488,13109.92813894582,6858.214358316944,0.0,80351.56474778545,100319.70724504822
2026-08-24 23:00:00+00:00,5.300410021487123,0.0,6653.565527387327,-5.300410021487123,2511.99,10.0,0.0,0.0,1.1073236327519993,351110.01500003337,266446.94166142,0,2481.03,2481.03,2481.03,2481.03,0.0,2481.03,0.0,8038800.0,0.04965792339465924,1.0,1.1073236327519993,779739.4911813716,2416411.702569379,0.0,0.0,0.9877220204766537,1.0,0.0,4.9977296928e-06,0.9877220204766537,13150.476275610197,6817.6662216525665,0.0,80352.15176400117,100320.29426126395
2026-08-25 00:00:00+00:00,5.300410021487123,0.0,6654.79429199353,-5.300410021487123,2511.99,10.0,0.0,0.0,1.1073280057592276,351110.01500003337,266448.2732945394,0,2492.2,2492.2,2492.2,2492.2,0.0,2492.2,9.302e-05,8035200.0,0.04965792343154818,1.0,1.1073280057592276,779739.4911813716,2416411.702569379,0.0,0.0,0.9877274850125909,1.0,0.0,4.9977296928e-06,0.9877274850125909,13209.681855550207,6759.68940631876,0.0,80352.73878417659,100322.11004604556
2026-08-25 01:00:00+00:00,5.300410021487123,0.0,6654.79429199353,-5.300410021487123,2511.99,10.0,0.0,0.0,1.1073323787837253,351110.01500003337,266449.60493983724,0,2494.87,2494.87,2494.87,2494.87,0.0,2494.87,0.0,8031600.0,0.0496579234684702,1.0,1.1073323787837253,779739.4911813716,2416411.702569379,0.0,0.0,0.9877329495787605,1.0,0.0,4.9977504216e-06,0.9877329495787605,13223.833950307577,6745.537311561389,0.0,80353.32580278855,100322.69706465752
2026-08-25 02:00:00+00:00,5.300410021487123,0.0,6654.79429199353,-5.300410021487123,2511.99,10.0,0.0,0.0,1.1073367606380868,351110.01500003337,266450.9365917903,0,2506.94,2506.94,2506.94,2506.94,0.0,2506.94,0.0,8028000.0,0.049580897674619484,1.0,1.1073367606380868,779739.4903489028,2425493.4895186755,0.0,0.0,0.9877568665086832,1.0,0.0,4.9977504216e-06,0.9877568665086832,13287.809899266927,6681.561362602039,0.0,80360.39162445941,100329.76288632839
2026-08-25 03:00:00+00:00,5.300410021487123,0.0,6654.79429199353,-5.300410021487123,2511.99,10.0,0.0,0.0,1.107341133697159,351110.01500003337,266452.2682532715,0,2497.96,2497.96,2497.96,2497.96,0.0,2497.96,0.0,8024400.0,0.04958089771154883,1.0,1.107341133697159,779739.4903489028,2425493.4895186755,0.0,0.0,0.9877623229627062,1.0,0.0,4.9977612036e-06,0.9877623229627062,13240.212217273973,6729.159044594993,0.0,80360.97577863204,100330.34704050102
2026-08-25 04:00:00+00:00,5.300410021487123,0.0,6654.79429199353,-5.300410021487123,2511.99,10.0,0.0,0.0,1.1073455067735016,351110.01500003337,266453.59992437303,0,2493.72,2493.72,2493.72,2493.72,0.0,2493.72,0.0,8020800.0,0.049580897748512376,1.0,1.1073455067735016,779739.4903489028,2425493.4895186755,0.0,0.0,0.9877677794468708,1.0,0.0,4.997772331200001e-06,0.9877677794468708,13217.738478782867,6751.6327830861,0.0,80361.55993376742,100330.9311956364
2026-08-25 05:00:00+00:00,5.300410021487123,0.0,6654.79429199353,-5.300410021487123,2511.99,10.0,0.0,0.0,1.107349879867114,351110.01500003337,266454.9637309746,0,2507.61,2507.61,2507.61,2507.61,0.0,2507.61,0.0,8017200.0,0.049580897785507894,1.0,1.107349879867114,779739.4903489028,2425493.4895186755,0.0,0.0,0.9877732359611778,1.0,0.0,5.1183512316e-06,0.9877732359611778,13291.361173981324,6678.010087887642,0.0,80362.11196398607,100331.48322585505
2026-08-25 06:00:00+00:00,5.300410021487123,0.0,6654.79429199353,-5.300410021487123,2511.99,10.0,0.0,0.0,1.1073542529779965,351110.01500003337,266456.2956276419,0,2499.9,2499.9,2499.9,2499.9,0.0,2499.9,0.0,8013600.0,0.049580897822537384,1.0,1.1073542529779965,779739.4903489028,2425493.4895186755,0.0,0.0,0.987778692505627,1.0,0.0,4.9985683128e-06,0.987778692505627,13250.495012715659,6718.876249153308,0.0,80362.69591472216,100332.06717659114
2026-08-25 07:00:00+00:00,5.300410021487123,0.0,6654.79429199353,-5.300410021487123,2511.99,10.0,0.0,0.0,1.1073585932273047,351110.01500003337,266457.5992870261,0,2477.66,2477.66,2477.66,2477.66,0.0,2477.66,0.0,8010000.0,0.04986829611631727,1.0,1.1073585932273047,788253.4150610267,2417899.6091540144,0.0,0.0,0.9877154609617532,1.0,0.0,4.8925704384e-06,0.9877154609617532,13132.613893837783,6836.7573680311825,0.0,80339.19102701993,100308.56228888889
2026-08-25 08:00:00+00:00,5.300410021487123,0.0,6655.681168471244,-5.300410021487123,2511.99,10.0,0.0,0.0,1.1073629663725972,351110.01500003337,266458.9310138057,0,2484.0,2484.0,2484.0,2484.0,0.0,2484.0,6.736e-05,8006400.0,0.04986829615363386,1.0,1.1073629663725972,788253.4150610267,2417899.6091540144,0.0,0.0,0.9877209480571602,1.0,0.0,4.997881296e-06,0.9877209480571602,13166.218493374012,6804.039644972667,0.0,80339.78587439103,100310.04401273771
2026-08-25 09:00:00+00:00,5.300410021487123,0.0,6655.681168471244,-5.300410021487123,2511.99,10.0,0.0,0.0,1.1073673395351609,351110.01500003337,266460.2627529563,0,2473.62,2473.62,2473.62,2473.62,0.0,2473.62,0.0,8002800.0,0.04986829619098354,1.0,1.1073673395351609,788253.4150610267,2417899.6091540144,0.0,0.0,0.9877264351830499,1.0,0.0,4.9979027448000004e-06,0.9877264351830499,13111.200237350975,6859.057900995705,0.0,80340.38072009385,100310.63885844052
2026-08-25 10:00:00+00:00,5.300410021487123,0.0,6655.681168471244,-5.300410021487123,2511.99,10.0,0.0,0.0,1.1073718190185873,351110.01500003337,266461.59450338746,0,2480.94,2480.94,2480.94,2480.94,0.0,2480.94,0.0,7999200.0,0.048939377714941834,1.0,1.1073718190185873,761930.2812771404,2445329.996043091,0.0,0.0,0.9879537229791492,1.0,0.0,4.9979201004e-06,0.9879537229791492,13149.999238708262,6820.2588996384175,0.0,80418.85199116042,100389.1101295071
2026-08-25 11:00:00+00:00,5.300410021487123,0.0,6655.681168471244,-5.300410021487123,2511.99,10.0,0.0,0.0,1.1073762264184825,351110.01500003337,266462.92626460997,0,2477.1,2477.1,2477.1,2477.1,0.0,2477.1,0.0,7995600.0,0.04864068129293697,1.0,1.1073762264184825,753288.5015290371,2453040.8504778277,0.0,0.0,0.9880304528024042,1.0,0.0,4.997935619999999e-06,0.9880304528024042,13129.64566422575,6840.612474120929,0.0,80444.4608393319,100414.71897767858
2026-08-25 12:00:00+00:00,5.300410021487123,0.0,6655.681168471244,-5.300410021487123,2511.99,10.0,0.0,0.0,1.107380585184556,351110.01500003337,266464.2580324886,0,2472.69,2472.69,2472.69,2472.69,0.0,2472.69,0.0,7992000.0,0.048639558786068626,1.0,1.107380585184556,753254.002770991,2453071.6409729114,0.0,0.0,0.9880360777247518,1.0,0.0,4.997935619999999e-06,0.9880360777247518,13106.270856030993,6863.987282315687,0.0,80445.10403802316,100415.36217636983
2026-08-25 13:00:00+00:00,5.300410021487123,0.0,6655.681168471244,-5.300410021487123,2511.99,10.0,0.0,0.0,1.107384973002736,351110.01500003337,266465.5898070233,0,2459.99,2459.99,2459.99,2459.99,0.0,2459.99,0.0,7988400.0,0.04863948401044538,1.0,1.107384973002736,753254.002770991,2453071.6409729114,0.0,0.0,0.9880414523732773,1.0,0.0,4.997935619999999e-06,0.9880414523732773,13038.955648758105,6931.302489588574,0.0,80445.65935641289,100415.91749475956
2026-08-25 14:00:00+00:00,5.300410021487123,0.0,6655.681168471244,-5.300410021487123,2511.99,10.0,0.0,0.0,1.1073893462522073,351110.01500003337,266466.9215922355,0,2475.96,2475.96,2475.96,2475.96,0.0,2475.96,0.0,7984800.0,0.04863948404701768,1.0,1.1073893462522073,753254.002770991,2453071.6409729114,0.0,0.0,0.9880468091872999,1.0,0.0,4.9979507112000004e-06,0.9880468091872999,13123.603196801256,6846.654941545424,0.0,80446.20840225247,100416.46654059914
2026-08-25 15:00:00+00:00,5.300410021487123,0.0,6655.681168471244,-5.300410021487123,2511.99,10.0,0.0,0.0,1.1073936959515827,351110.01500003337,266468.2533867516,0,2481.56,2481.56,2481.56,2481.56,0.0,2481.56,0.0,7981200.0,0.048845290222740534,1.0,1.1073936959515827,759200.7190426249,2447766.3169172574,0.0,0.0,0.9880030955643446,1.0,0.0,4.9979606472e-06,0.9880030955643446,13153.285492921583,6816.972645425096,0.0,80429.52831692487,100399.78645527155
2026-08-25 16:00:00+00:00,5.300410021487123,0.0,6656.649554803739,-5.300410021487123,2511.99,10.0,0.0,0.0,1.107398069235502,351110.01500003337,266469.5851879239,0,2469.59,2469.59,2469.59,2469.59,0.0,2469.59,7.398e-05,7977600.0,0.048845290259537766,1.0,1.107398069235502,759200.7190426249,2447766.3169172574,0.0,0.0,0.9880084743036684,1.0,0.0,4.9979606472e-06,0.9880084743036684,13089.839584964384,6881.386939714791,0.0,80430.08504499716,100401.31156967634
2026-08-25 17:00:00+00:00,5.300410021487123,0.0,6656.649554803739,-5.300410021487123,2511.99,10.0,0.0,0.0,1.1074024425366928,351110.01500003337,266470.9169986074,0,2469.93,2469.93,2469.93,2469.93,0.0,2469.93,0.0,7974000.0,0.04884529029636808,1.0,1.1074024425366928,759200.7190426249,2447766.3169172574,0.0,0.0,0.9880138530722745,1.0,0.0,4.9979713608e-06,0.9880138530722745,13091.641724371688,6879.584800307487,0.0,80430.64177383966,100401.86829851884
2026-08-25 18:00:00+00:00,5.300410021487123,0.0,6656.649554803739,-5.300410021487123,2511.99,10.0,0.0,0.0,1.1074068158551538,351110.01500003337,266472.24881594727,0,2466.04,2466.04,2466.04,2466.04,0.0,2466.04,0.0,7970400.0,0.048845290333231706,1.0,1.1074068158551538,759200.7190426249,2447766.3169172574,0.0,0.0,0.9880192318701628,1.0,0.0,4.9979713608e-06,0.9880192318701628,13071.023129388104,6900.2033952910715,0.0,80431.19850630703,100402.42503098621
2026-08-25 19:00:00+00:00,5.300410021487123,0.0,6656.649554803739,-5.300410021487123,2511.99,10.0,0.0,0.0,1.107411189190886,351110.01500003337,266473.58063994354,0,2462.03,2462.03,2462.03,2462.03,0.0,2462.03,0.0,7966800.0,0.04884529037012819,1.0,1.107411189190886,759200.7190426249,2447766.3169172574,0.0,0.0,0.9880246106973336,1.0,0.0,4.9979713608e-06,0.9880246106973336,13049.768485201941,6921.458039477234,0.0,80431.7552423994,100402.98176707859
2026-08-25 20:00:00+00:00,5.300410021487123,0.0,6656.649554803739,-5.300410021487123,2511.99,10.0,0.0,0.0,1.1074155625457376,351110.01500003337,266474.91247059626,0,2435.25,2435.25,2435.25,2435.25,0.0,2435.25,0.0,7963200.0,0.04884527426637231,1.0,1.1074155625457376,759200.2514023639,2447766.7342125177,0.0,0.0,0.9880299933931724,1.0,0.0,4.9979713608e-06,0.9880299933931724,12907.823504826516,7063.40301985266,0.0,80432.31333016336,100403.53985484254
2026-08-25 21:00:00+00:00,5.300410021487123,0.0,6656.649554803739,-5.300410021487123,2511.99,10.0,0.0,0.0,1.1074199359160117,351110.01500003337,266476.24430790544,0,2440.8,2440.8,2440.8,2440.8,0.0,2440.8,0.0,7959600.0,0.04884527430333607,1.0,1.1074199359160117,759200.2514023639,2447766.7342125177,0.0,0.0,0.9880353722771937,1.0,0.0,4.9979713608e-06,0.9880353722771937,12937.240780445769,7033.985744233405,0.0,80432.87007290364,100404.0965975828
2026-08-25 22:00:00+00:00,5.300410021487123,0.0,6656.649554803739,-5.300410021487123,2511.99,10.0,0.0,0.0,1.1074243093035572,351110.01500003337,266477.5761544804,0,2452.7,2452.7,2452.7,2452.7,0.0,2452.7,0.0,7956000.0,0.04884527434033337,1.0,1.1074243093035572,759200.2514023639,2447766.7342125177,0.0,0.0,0.9880407511904978,1.0,0.0,4.997981152799999e-06,0.9880407511904978,13000.315659701464,6970.910864977711,0.0,80433.42681665951,100404.6533413387
2026-08-25 23:00:00+00:00,5.300410021487123,0.0,6656.649554803739,-5.300410021487123,2511.99,10.0,0.0,0.0,1.1074286827083744,351110.01500003337,266478.9499587668,0,2441.72,2441.72,2441.72,2441.72,0.0,2441.72,0.0,7952400.0,0.04884527437736397,1.0,1.1074286827083744,759200.2514023639,2447766.7342125177,0.0,0.0,0.9880461301330852,1.0,0.0,5.15540844e-06,0.9880461301330852,12942.117157665536,7029.109367013639,0.0,80433.94161298563,100405.1681376648
2026-08-26 00:00:00+00:00,5.300410021487123,0.0,6657.057013227562,-5.300410021487123,2511.99,10.0,0.0,0.0,1.1074330561304624,351110.01500003337,266480.3238113006,0,2445.07,2445.07,2445.07,2445.07,0.0,2445.07,3.144e-05,7948800.0,0.0488452744144281,1.0,1.1074330561304624,759200.2514023639,2447766.7342125177,0.0,0.0,0.9880515091049558,1.0,0.0,5.155562916000001e-06,0.9880515091049558,12959.87353123752,7011.760451865478,0.0,80434.45637134602,100406.09035444903
2026-08-26 01:00:00+00:00,5.300410021487123,0.0,6657.057013227562,-5.300410021487123,2511.99,10.0,0.0,0.0,1.1074374149830075,351110.01500003337,266481.69771208626,0,2454.99,2454.99,2454.99,2454.99,0.0,2454.99,0.0,7945200.0,0.048845350030294554,1.0,1.1074374149830075,759200.2514023639,2447766.7342125177,0.0,0.0,0.9880568701683358,1.0,0.0,5.155717406400001e-06,0.9880568701683358,13012.45359865067,6959.180384452327,0.0,80434.96479360416,100406.59877670716
2026-08-26 02:00:00+00:00,5.300410021487123,0.0,6657.057013227562,-5.300410021487123,2511.99,10.0,0.0,0.0,1.1074418030264526,351110.01500003337,266483.0716611245,0,2464.18,2464.18,2464.18,2464.18,0.0,2464.18,0.0,7941600.0,0.04884527448865761,1.0,1.1074418030264526,759200.2514023639,2447766.7342125177,0.0,0.0,0.988062267136547,1.0,0.0,5.1558718967999995e-06,0.988062267136547,13061.164366748137,6910.469616354861,0.0,80435.48577415553,100407.11975725854
2026-08-26 03:00:00+00:00,5.300410021487123,0.0,6657.057013227562,-5.300410021487123,2511.99,10.0,0.0,0.0,1.107446166284001,351110.01500003337,266484.4038086525,0,2464.58,2464.58,2464.58,2464.58,0.0,2464.58,0.0,7938000.0,0.04893449893900459,1.0,1.107446166284001,759200.2514023639,2437149.134846769,0.0,0.0,0.9880464898669102,1.0,0.0,4.998982449600001e-06,0.9880464898669102,13063.284530756731,6908.349452346265,0.0,80428.61406924867,100400.24805235167
2026-08-26 04:00:00+00:00,5.300410021487123,0.0,6657.057013227562,-5.300410021487123,2511.99,10.0,0.0,0.0,1.1074505397751346,351110.01500003337,266485.735965599,0,2455.77,2455.77,2455.77,2455.77,0.0,2455.77,0.0,7934400.0,0.048934498976273444,1.0,1.1074505397751346,759200.2514023639,2437149.134846769,0.0,0.0,0.9880518784353801,1.0,0.0,4.9989928032e-06,0.9880518784353801,13016.58791846743,6955.046064635567,0.0,80429.17389265844,100400.80787576144
2026-08-26 05:00:00+00:00,5.300410021487123,0.0,6657.057013227562,-5.300410021487123,2511.99,10.0,0.0,0.0,1.1074548673866926,351110.01500003337,266487.0681333734,0,2463.85,2463.85,2463.85,2463.85,0.0,2463.85,0.0,7930800.0,0.049335429116091456,1.0,1.1074548673866926,770867.2258626851,2426741.5324896546,0.0,0.0,0.9879623139768959,1.0,0.0,4.9990084452e-06,0.9879623139768959,13059.415231441046,6912.218751661951,0.0,80396.39474652219,100368.02872962519
2026-08-26 06:00:00+00:00,5.300410021487123,0.0,6657.057013227562,-5.300410021487123,2511.99,10.0,0.0,0.0,1.1074592409121884,351110.01500003337,266488.4003078073,0,2459.03,2459.03,2459.03,2459.03,0.0,2459.03,0.0,7927200.0,0.04933542915374134,1.0,1.1074592409121884,770867.2258626851,2426741.5324896546,0.0,0.0,0.9879677451860899,1.0,0.0,4.9990084452e-06,0.9879677451860899,13033.86725513748,6937.766727965517,0.0,80396.96952402982,100368.60350713282
2026-08-26 07:00:00+00:00,5.300410021487123,0.0,6657.057013227562,-5.300410021487123,2511.99,10.0,0.0,0.0,1.107463614454956,351110.01500003337,266489.73248890083,0,2460.51,2460.51,2460.51,2460.51,0.0,2460.51,0.0,7923600.0,0.049335429191424085,1.0,1.107463614454956,770867.2258626851,2426741.5324896546,0.0,0.0,0.9879731764251416,1.0,0.0,4.9990084452e-06,0.9879731764251416,13041.711861969281,6929.922121133716,0.0,80397.54430536123,100369.17828846423
2026-08-26 08:00:00+00:00,5.300410021487123,0.0,6658.358428200548,-5.300410021487123,2511.99,10.0,0.0,0.0,1.1074679880149951,351110.01500003337,266491.06467665394,0,2455.31,2455.31,2455.31,2455.31,0.0,2455.31,0.0001,7920000.0,0.04933542922914236,1.0,1.1074679880149951,770867.2258626851,2426741.5324896546,0.0,0.0,0.9879786076940505,1.0,0.0,4.9990084452e-06,0.9879786076940505,13014.149729857547,6958.7856682184365,0.0,80398.11909051624,100371.05448859223
2026-08-26 09:00:00+00:00,5.300410021487123,0.0,6658.358428200548,-5.300410021487123,2511.99,10.0,0.0,0.0,1.1074723615923066,351110.01500003337,266492.39687106665,0,2446.8,2446.8,2446.8,2446.8,0.0,2446.8,0.0,7916400.0,0.049335429266894826,1.0,1.1074723615923066,770867.2258626851,2426741.5324896546,0.0,0.0,0.9879840389928174,1.0,0.0,4.9990084452e-06,0.9879840389928174,12969.043240574692,7003.892157501291,0.0,80398.69387949503,100371.62927757102
2026-08-26 10:00:00+00:00,5.300410021487123,0.0,6658.358428200548,-5.300410021487123,2511.99,10.0,0.0,0.0,1.107476756348272,351110.01500003337,266493.729072139,0,2467.67,2467.67,2467.67,2467.67,0.0,2467.67,0.0,7912800.0,0.049150559493702284,1.0,1.107476756348272,765472.4218078464,2431554.7299077916,0.0,0.0,0.9880331495961208,1.0,0.0,4.9990084452e-06,0.9880331495961208,13079.662797723127,6893.272600352855,0.0,80414.60490308516,100387.54030116115
2026-08-26 11:00:00+00:00,5.300410021487123,0.0,6658.358428200548,-5.300410021487123,2511.99,10.0,0.0,0.0,1.1074811763820518,351110.01500003337,266495.0662191507,0,2462.03,2462.03,2462.03,2462.03,0.0,2462.03,0.0,7909200.0,0.048745125309964665,1.0,1.1074811763820518,753734.2514258695,2442028.4434961127,0.0,0.0,0.9881343440957906,1.0,0.0,5.0175426708e-06,0.9881343440957906,13049.768485201941,6923.166912874042,0.0,80448.79815837042,100421.73355644642
2026-08-26 12:00:00+00:00,5.300410021487123,0.0,6658.358428200548,-5.300410021487123,2511.99,10.0,0.0,0.0,1.107485550011446,351110.01500003337,266496.3984455548,0,2454.0,2454.0,2454.0,2454.0,0.0,2454.0,0.0,7905600.0,0.048745125347356755,1.0,1.107485550011446,753734.2514258695,2442028.4434961127,0.0,0.0,0.9881397127765136,1.0,0.0,4.9990534272000004e-06,0.9881397127765136,13007.206192729398,6965.729205346584,0.0,80449.35092953558,100422.28632761157
2026-08-26 13:00:00+00:00,5.300410021487123,0.0,6658.358428200548,-5.300410021487123,2511.99,10.0,0.0,0.0,1.1074899592350445,351110.01500003337,266497.7386822579,0,2456.16,2456.16,2456.16,2456.16,0.0,2456.16,0.0,7902000.0,0.048434515813003065,1.0,1.1074899592350445,744828.0081066302,2449975.721527799,0.0,0.0,0.9882184274890514,1.0,0.0,5.0290860996e-06,0.9882184274890514,13018.65507837581,6954.280319700173,0.0,80475.64821673237,100448.58361480836
2026-08-26 14:00:00+00:00,5.300410021487123,0.0,6658.358428200548,-5.300410021487123,2511.99,10.0,0.0,0.0,1.1074943328991242,351110.01500003337,266499.0789333514,0,2438.1,2438.1,2438.1,2438.1,0.0,2438.1,0.0,7898400.0,0.04843451585021885,1.0,1.1074943328991242,744828.0081066302,2449975.721527799,0.0,0.0,0.9882237632102107,1.0,0.0,5.0291148059999996e-06,0.9882237632102107,12922.929673387753,7050.005724688231,0.0,80476.18139077508,100449.11678885107
2026-08-26 15:00:00+00:00,5.300410021487123,0.0,6658.358428200548,-5.300410021487123,2511.99,10.0,0.0,0.0,1.1074987065804756,351110.01500003337,266500.41125649255,0,2448.97,2448.97,2448.97,2448.97,0.0,2448.97,0.0,7894800.0,0.04843451588746883,1.0,1.1074987065804756,744828.0081066302,2449975.721527799,0.0,0.0,0.9882290989601791,1.0,0.0,4.9993411464e-06,0.9882290989601791,12980.545130321318,6992.390267754666,0.0,80476.72250288539,100449.65790096138
2026-08-26 16:00:00+00:00,5.300410021487123,0.0,6659.323511521054,-5.300410021487123,2511.99,10.0,0.0,0.0,1.1075030802631658,351110.01500003337,266501.7435908545,0,2443.66,2443.66,2443.66,2443.66,0.0,2443.66,7.451e-05,7891200.0,0.048434655016942774,1.0,1.1075030802631658,744831.9795643016,2449972.177934174,0.0,0.0,0.9882344019326138,1.0,0.0,4.9993582572e-06,0.9882344019326138,12952.39995310722,7021.500528289268,0.0,80477.25209525455,100451.15257665103
2026-08-26 17:00:00+00:00,5.300410021487123,0.0,6659.323511521054,-5.300410021487123,2511.99,10.0,0.0,0.0,1.1075074539790621,351110.01500003337,266503.0759390345,0,2459.94,2459.94,2459.94,2459.94,0.0,2459.94,0.0,7887600.0,0.04843465505426159,1.0,1.1075074539790621,744831.9795643016,2449972.177934174,0.0,0.0,0.9882397377549906,1.0,0.0,4.999385113200001e-06,0.9882397377549906,13038.690628257033,6935.209853139457,0.0,80477.79320774926,100451.69368914574
2026-08-26 18:00:00+00:00,5.300410021487123,0.0,6659.323511521054,-5.300410021487123,2511.99,10.0,0.0,0.0,1.1075118277122313,351110.01500003337,266504.4082994813,0,2471.72,2471.72,2471.72,2471.72,0.0,2471.72,0.0,7884000.0,0.048434655091613044,1.0,1.1075118277122313,744831.9795643016,2449972.177934174,0.0,0.0,0.9882450736061777,1.0,0.0,4.999406148e-06,0.9882450736061777,13101.12945831015,6872.77102308634,0.0,80478.33431809285,100452.23479948934
2026-08-26 19:00:00+00:00,5.300410021487123,0.0,6659.323511521054,-5.300410021487123,2511.99,10.0,0.0,0.0,1.1075162014626727,351110.01500003337,266505.74066991167,0,2469.51,2469.51,2469.51,2469.51,0.0,2469.51,0.0,7880400.0,0.048434655128999804,1.0,1.1075162014626727,744831.9795643016,2449972.177934174,0.0,0.0,0.9882504094861747,1.0,0.0,4.9994186148000005e-06,0.9882504094861747,13089.415552162665,6884.484929233824,0.0,80478.87542856822,100452.77590996471
2026-08-26 20:00:00+00:00,5.300410021487123,0.0,6659.323511521054,-5.300410021487123,2511.99,10.0,0.0,0.0,1.1075205752303872,351110.01500003337,266507.07304958586,0,2471.28,2471.28,2471.28,2471.28,0.0,2471.28,0.0,7876800.0,0.04843465516642009,1.0,1.1075205752303872,744831.9795643016,2449972.177934174,0.0,0.0,0.9882557453949821,1.0,0.0,4.999428305999999e-06,0.9882557453949821,13098.797277900698,6875.1032034957925,0.0,80479.41653991543,100453.31702131192
2026-08-26 21:00:00+00:00,5.300410021487123,0.0,6659.323511521054,-5.300410021487123,2511.99,10.0,0.0,0.0,1.1075249490153745,351110.01500003337,266508.40543809236,0,2495.89,2495.89,2495.89,2495.89,0.0,2495.89,0.0,7873200.0,0.048434655203875465,1.0,1.1075249490153745,744831.9795643016,2449972.177934174,0.0,0.0,0.9882610813325997,1.0,0.0,4.9994364528e-06,0.9882610813325997,13229.240368529494,6744.660112866995,0.0,80479.95765254594,100453.85813394243
2026-08-26 22:00:00+00:00,5.300410021487123,0.0,6659.323511521054,-5.300410021487123,2511.99,10.0,0.0,0.0,1.1075293228176342,351110.01500003337,266509.73783557233,0,2492.61,2492.61,2492.61,2492.61,0.0,2492.61,0.0,7869600.0,0.04843465524136459,1.0,1.1075293228176342,744831.9795643016,2449972.177934174,0.0,0.0,0.9882664172990281,1.0,0.0,4.999445128799999e-06,0.9882664172990281,13211.855023659018,6762.045457737472,0.0,80480.49876631866,100454.39924771515
2026-08-26 23:00:00+00:00,5.300410021487123,0.0,6659.323511521054,-5.300410021487123,2511.99,10.0,0.0,0.0,1.107533696637167,351110.01500003337,266511.0702373773,0,2505.66,2505.66,2505.66,2505.66,0.0,2505.66,0.0,7866000.0,0.04843465527888746,1.0,1.107533696637167,744831.9795643016,2449972.177934174,0.0,0.0,0.9882717532942673,1.0,0.0,4.9994363628e-06,0.9882717532942673,13281.025374439423,6692.875106957067,0.0,80481.03988588217,100454.94036727866
2026-08-27 00:00:00+00:00,5.300410021487123,0.0,6660.643689945516,-5.300410021487123,2511.99,10.0,0.0,0.0,1.107538095434984,351110.01500003337,266512.4026570096,0,2490.71,2490.71,2490.71,2490.71,0.0,2490.71,0.0001,7862400.0,0.04821679393361933,1.0,1.107538095434984,738630.3469968991,2455506.506912677,0.0,0.0,0.9883282955150878,1.0,0.0,4.9994782596e-06,0.9883282955150878,13201.784244618191,6773.43641520276,0.0,80499.56000625028,100474.78066607122
2026-08-27 01:00:00+00:00,5.300410021487123,0.0,6660.643689945516,-5.300410021487123,2511.99,10.0,0.0,0.0,1.1075424692891616,351110.01500003337,266513.73508772353,0,2496.81,2496.81,2496.81,2496.81,0.0,2496.81,0.0,7858800.0,0.04821679397103873,1.0,1.1075424692891616,738630.3469968991,2455506.506912677,0.0,0.0,0.9883336083976733,1.0,0.0,4.9994948448e-06,0.9883336083976733,13234.116745749263,6741.103914071689,0.0,80500.09298182064,100475.31364164158
2026-08-27 02:00:00+00:00,5.300410021487123,0.0,6660.643689945516,-5.300410021487123,2511.99,10.0,0.0,0.0,1.1075468431606117,351110.01500003337,266515.06752997485,0,2493.83,2493.83,2493.83,2493.83,0.0,2493.83,0.0,7855200.0,0.04821679400849277,1.0,1.1075468431606117,738630.3469968991,2455506.506912677,0.0,0.0,0.9883389213088186,1.0,0.0,4.99951314e-06,0.9883389213088186,13218.32152388523,6756.8991359357215,0.0,80500.62595588126,100475.8466157022
2026-08-27 03:00:00+00:00,5.300410021487123,0.0,6660.643689945516,-5.300410021487123,2511.99,10.0,0.0,0.0,1.1075512170493353,351110.01500003337,266516.39997888776,0,2491.95,2491.95,2491.95,2491.95,0.0,2491.95,0.0,7851600.0,0.04821679404598078,1.0,1.1075512170493353,738630.3469968991,2455506.506912677,0.0,0.0,0.9883442342485244,1.0,0.0,4.99951314e-06,0.9883442342485244,13208.356753044834,6766.863906776118,0.0,80501.15893330815,100476.3795931291
2026-08-27 04:00:00+00:00,5.300410021487123,0.0,6660.643689945516,-5.300410021487123,2511.99,10.0,0.0,0.0,1.1075555963679409,351110.01500003337,266517.7324367238,0,2486.45,2486.45,2486.45,2486.45,0.0,2486.45,0.0,7848000.0,0.04816955919034083,1.0,1.1075555963679409,737290.6576191058,2456702.071510649,0.0,0.0,0.9883606309738845,1.0,0.0,4.9995216252e-06,0.9883606309738845,13179.204497926656,6796.016161894297,0.0,80505.58352995926,100480.8041897802
2026-08-27 05:00:00+00:00,5.300410021487123,0.0,6660.643689945516,-5.300410021487123,2511.99,10.0,0.0,0.0,1.1075599702912322,351110.01500003337,266519.0729085246,0,2495.52,2495.52,2495.52,2495.52,0.0,2495.52,0.0,7844400.0,0.04816955922786015,1.0,1.1075599702912322,737290.6576191058,2456702.071510649,0.0,0.0,0.9883659389459535,1.0,0.0,5.029565641200001e-06,0.9883659389459535,13227.279216821544,6747.941442999408,0.0,80506.1067403112,100481.32740013214
2026-08-27 06:00:00+00:00,5.300410021487123,0.0,6660.643689945516,-5.300410021487123,2511.99,10.0,0.0,0.0,1.107564344231797,351110.01500003337,266520.41339471826,0,2492.06,2492.06,2492.06,2492.06,0.0,2492.06,0.0,7840800.0,0.048169559265413,1.0,1.107564344231797,737290.6576191058,2456702.071510649,0.0,0.0,0.9883712469465291,1.0,0.0,5.0295943476e-06,0.9883712469465291,13208.9397981472,6766.280861673753,0.0,80506.62994627928,100481.85060610023
2026-08-27 07:00:00+00:00,5.300410021487123,0.0,6660.643689945516,-5.300410021487123,2511.99,10.0,0.0,0.0,1.1075687245108037,351110.01500003337,266521.7538953049,0,2496.19,2496.19,2496.19,2496.19,0.0,2496.19,0.0,7837200.0,0.048114398917648016,1.0,1.1075687245108037,735729.5480508985,2458099.854991274,0.0,0.0,0.9883894816489531,1.0,0.0,5.029623054e-06,0.9883894816489531,13230.83049153594,6744.390168285011,0.0,80511.69183233421,100486.91249215516
2026-08-27 08:00:00+00:00,5.300410021487123,0.0,6661.478565870845,-5.300410021487123,2511.99,10.0,0.0,0.0,1.1075730980652845,351110.01500003337,266523.0944102857,0,2529.9,2529.9,2529.9,2529.9,0.0,2529.9,6.226e-05,7833600.0,0.04811806961802678,1.0,1.1075730980652845,735833.435957163,2458007.150287232,0.0,0.0,0.9883939239932371,1.0,0.0,5.029651764e-06,0.9883939239932371,13409.507313360273,6566.548222386009,0.0,80511.91106892162,100487.96660466789
2026-08-27 09:00:00+00:00,5.300410021487123,0.0,6661.478565870845,-5.300410021487123,2511.99,10.0,0.0,0.0,1.107577468868861,351110.01500003337,266524.4349396598,0,2533.57,2533.57,2533.57,2533.57,0.0,2533.57,0.0,7830000.0,0.04814589585984841,1.0,1.107577468868861,736621.3204115524,2457304.081788422,0.0,0.0,0.9883927114558866,1.0,0.0,5.0296804704e-06,0.9883927114558866,13428.95981813913,6547.095717607151,0.0,80510.14480554021,100486.20034128649
2026-08-27 10:00:00+00:00,5.300410021487123,0.0,6661.478565870845,-5.300410021487123,2511.99,10.0,0.0,0.0,1.1075818428785307,351110.01500003337,266525.76752906333,0,2502.75,2502.75,2502.75,2502.75,0.0,2502.75,0.0,7826400.0,0.04814589589752161,1.0,1.1075818428785307,736621.3204115524,2457304.081788422,0.0,0.0,0.9883980170529455,1.0,0.0,4.9998645432000006e-06,0.9883980170529455,13265.601181276896,6710.454354469385,0.0,80510.6750643996,100486.73060014588
2026-08-27 11:00:00+00:00,5.300410021487123,0.0,6661.478565870845,-5.300410021487123,2511.99,10.0,0.0,0.0,1.107586216905474,351110.01500003337,266527.10012776445,0,2500.41,2500.41,2500.41,2500.41,0.0,2500.41,0.0,7822800.0,0.048145895935229,1.0,1.107586216905474,736621.3204115524,2457304.081788422,0.0,0.0,0.9884033226784844,1.0,0.0,4.9998744288e-06,0.9884033226784844,13253.198221826615,6722.857313919666,0.0,80511.20532396104,100487.26085970731
2026-08-27 12:00:00+00:00,5.300410021487123,0.0,6661.478565870845,-5.300410021487123,2511.99,10.0,0.0,0.0,1.1075905909496913,351110.01500003337,266528.43275637616,0,2493.92,2493.92,2493.92,2493.92,0.0,2493.92,0.0,7819200.0,0.048145895972971475,1.0,1.1075905909496913,736621.3204115524,2457304.081788422,0.0,0.0,0.9884086283325034,1.0,0.0,4.9999616532e-06,0.9884086283325034,13218.798560787165,6757.256974959116,0.0,80511.7355636115,100487.79109935777
2026-08-27 13:00:00+00:00,5.300410021487123,0.0,6661.478565870845,-5.300410021487123,2511.99,10.0,0.0,0.0,1.107594965011182,351110.01500003337,266529.76539165096,0,2495.24,2495.24,2495.24,2495.24,0.0,2495.24,0.0,7815600.0,0.048145896010749034,1.0,1.107594965011182,736621.3204115524,2457304.081788422,0.0,0.0,0.9884139340150025,1.0,0.0,4.9999616532e-06,0.9884139340150025,13225.795102015527,6750.260433730755,0.0,80512.26580659859,100488.32134234486
2026-08-27 14:00:00+00:00,5.300410021487123,0.0,6661.478565870845,-5.300410021487123,2511.99,10.0,0.0,0.0,1.1075993390899466,351110.01500003337,266531.0980335889,0,2516.23,2516.23,2516.23,2516.23,0.0,2516.23,0.0,7812000.0,0.04814589604856101,1.0,1.1075993390899466,736621.3204115524,2457304.081788422,0.0,0.0,0.9884192397259821,1.0,0.0,4.9999616532e-06,0.9884192397259821,13337.050708366543,6639.004827379738,0.0,80512.79605292226,100488.85158866853
2026-08-27 15:00:00+00:00,5.300410021487123,0.0,6661.478565870845,-5.300410021487123,2511.99,10.0,0.0,0.0,1.1076037131859853,351110.01500003337,266532.43068219,0,2520.58,2520.58,2520.58,2520.58,0.0,2520.58,0.0,7808400.0,0.04814589608640829,1.0,1.1076037131859853,736621.3204115524,2457304.081788422,0.0,0.0,0.9884245454654421,1.0,0.0,4.9999616532e-06,0.9884245454654421,13360.10749196001,6615.94804378627,0.0,80513.32630258257,100489.38183832885
2026-08-27 16:00:00+00:00,5.300410021487123,0.0,6661.623157217675,-5.300410021487123,2511.99,10.0,0.0,0.0,1.1076080872992984,351110.01500003337,266533.7544509906,0,2521.19,2521.19,2521.19,2521.19,0.0,2521.19,1.082e-05,7804800.0,0.048145896124289767,1.0,1.1076080872992984,736621.3204115524,2457304.081788422,0.0,0.0,0.9884298512333831,1.0,0.0,4.9666207968e-06,0.9884298512333831,13363.340742073118,6612.859385019992,0.0,80513.86544204329,100490.0655691364
2026-08-27 17:00:00+00:00,5.300410021487123,0.0,6661.623157217675,-5.300410021487123,2511.99,10.0,0.0,0.0,1.1076124614298852,351110.01500003337,266535.0870318715,0,2517.03,2517.03,2517.03,2517.03,0.0,2517.03,0.0,7801200.0,0.04814589616220699,1.0,1.1076124614298852,736621.3204115524,2457304.081788422,0.0,0.0,0.9884351570298047,1.0,0.0,4.9996577447999995e-06,0.9884351570298047,13341.291036383733,6634.909090709378,0.0,80514.39577942359,100490.5959065167
2026-08-27 18:00:00+00:00,5.300410021487123,0.0,6661.623157217675,-5.300410021487123,2511.99,10.0,0.0,0.0,1.1076168355777463,351110.01500003337,266536.41959895287,0,2505.64,2505.64,2505.64,2505.64,0.0,2505.64,0.0,7797600.0,0.048145896200158855,1.0,1.1076168355777463,736621.3204115524,2457304.081788422,0.0,0.0,0.9884404628547073,1.0,0.0,4.9995809748e-06,0.9884404628547073,13280.919366238993,6695.280760854118,0.0,80514.92614060332,100491.12626769643
2026-08-27 19:00:00+00:00,5.300410021487123,0.0,6661.623157217675,-5.300410021487123,2511.99,10.0,0.0,0.0,1.1076212097469833,351110.01500003337,266537.7521789498,0,2496.79,2496.79,2496.79,2496.79,0.0,2496.79,0.0,7794000.0,0.0481458604479883,1.0,1.1076212097469833,736620.3067272025,2457304.9864475974,0.0,0.0,0.9884457770496751,1.0,0.0,4.999604436e-06,0.9884457770496751,13234.010737548833,6742.189389544278,0.0,80515.45942768123,100491.65955477433
2026-08-27 20:00:00+00:00,5.300410021487123,0.0,6661.623157217675,-5.300410021487123,2511.99,10.0,0.0,0.0,1.1076255839293925,351110.01500003337,266539.0847687603,0,2506.96,2506.96,2506.96,2506.96,0.0,2506.96,0.0,7790400.0,0.04814586048601055,1.0,1.1076255839293925,736620.3067272025,2457304.9864475974,0.0,0.0,0.988451082927732,1.0,0.0,4.9996162584e-06,0.988451082927732,13287.915907467357,6688.284219625753,0.0,80515.98978479492,100492.18991188802
2026-08-27 21:00:00+00:00,5.300410021487123,0.0,6661.623157217675,-5.300410021487123,2511.99,10.0,0.0,0.0,1.1076297765688898,351110.01500003337,266540.41744336614,0,2503.1,2503.1,2503.1,2503.1,0.0,2503.1,0.0,7786800.0,0.04973132474368169,1.0,1.1076297765688898,782503.9357780968,2416370.2316049337,0.0,0.0,0.988087551096366,1.0,0.0,4.9999093956e-06,0.988087551096366,13267.456324784416,6708.743802308694,0.0,80387.0174434252,100363.2175705183
2026-08-27 22:00:00+00:00,5.300410021487123,0.0,6661.623157217675,-5.300410021487123,2511.99,10.0,0.0,0.0,1.1076341507851313,351110.01500003337,266541.7501246353,0,2513.8,2513.8,2513.8,2513.8,0.0,2513.8,0.0,7783200.0,0.04973132478305797,1.0,1.1076341507851313,782503.9357780968,2416370.2316049337,0.0,0.0,0.9880930255417051,1.0,0.0,4.9999093956e-06,0.9880930255417051,13324.17071201433,6652.029415078781,0.0,80387.60689474113,100363.80702183423
2026-08-27 23:00:00+00:00,5.300410021487123,0.0,6661.623157217675,-5.300410021487123,2511.99,10.0,0.0,0.0,1.1076385250186471,351110.01500003337,266543.08281990833,0,2509.74,2509.74,2509.74,2509.74,0.0,2509.74,0.0,7779600.0,0.04973132482247067,1.0,1.1076385250186471,782503.9357780968,2416370.2316049337,0.0,0.0,0.9880985000173751,1.0,0.0,4.9999369356e-06,0.9880985000173751,13302.65104732709,6673.54907976602,0.0,80388.19634270272,100364.39646979583
2026-08-28 00:00:00+00:00,5.300410021487123,0.0,6661.89918092631,-5.300410021487123,2511.99,10.0,0.0,0.0,1.1076428992694376,351110.01500003337,266544.41552746587,0,2514.53,2514.53,2514.53,2514.53,0.0,2514.53,2.071e-05,7776000.0,0.04973132486192022,1.0,1.1076428992694376,782503.9357780968,2416370.2316049337,0.0,0.0,0.988103974523376,1.0,0.0,4.9999580244e-06,0.988103974523376,13328.040011330015,6648.436139471731,0.0,80388.78578902927,100365.26193983102
2026-08-28 01:00:00+00:00,5.300410021487123,0.0,6661.89918092631,-5.300410021487123,2511.99,10.0,0.0,0.0,1.1076472735375023,351110.01500003337,266545.7482464895,0,2511.01,2511.01,2511.01,2511.01,0.0,2511.01,0.0,7772400.0,0.04973132490140553,1.0,1.1076472735375023,782503.9357780968,2416370.2316049337,0.0,0.0,0.9881094490597082,1.0,0.0,4.9999760424e-06,0.9881094490597082,13309.382568054381,6667.093582747365,0.0,80389.37523453933,100365.85138534108
2026-08-28 02:00:00+00:00,5.300410021487123,0.0,6661.89918092631,-5.300410021487123,2511.99,10.0,0.0,0.0,1.1076515323042533,351110.01500003337,266547.0809764209,0,2490.77,2490.77,2490.77,2490.77,0.0,2490.77,0.0,7768800.0,0.05074131290719097,1.0,1.1076515323042533,812747.4563396745,2389395.7718522544,0.0,0.0,0.9878808607433047,1.0,0.0,4.9999919652000005e-06,0.9878808607433047,13202.10226921948,6774.373881582265,0.0,80307.78285740671,100284.25900820846
2026-08-28 03:00:00+00:00,5.300410021487123,0.0,6661.89918092631,-5.300410021487123,2511.99,10.0,0.0,0.0,1.1076560232115942,351110.01500003337,266548.4044249214,0,2488.61,2488.61,2488.61,2488.61,0.0,2488.61,0.0,7765200.0,0.04972183344337888,1.0,1.1076560232115942,782225.2950363343,2416625.403549944,0.0,0.0,0.9881225981932898,1.0,0.0,4.9651461576e-06,0.9881225981932898,13190.65338357307,6785.822767228677,0.0,80391.33584859659,100367.81199939834
2026-08-28 04:00:00+00:00,5.300410021487123,0.0,6661.89918092631,-5.300410021487123,2511.99,10.0,0.0,0.0,1.1076603975314878,351110.01500003337,266549.73712203075,0,2484.74,2484.74,2484.74,2484.74,0.0,2484.74,0.0,7761600.0,0.04972183348296744,1.0,1.1076603975314878,782225.2950363343,2416625.403549944,0.0,0.0,0.9881280718128791,1.0,0.0,4.9998190032e-06,0.9881280718128791,13170.140796789912,6806.335354011834,0.0,80391.92499414325,100368.401144945
2026-08-28 05:00:00+00:00,5.300410021487123,0.0,6661.89918092631,-5.300410021487123,2511.99,10.0,0.0,0.0,1.107664771868656,351110.01500003337,266551.0698833506,0,2492.04,2492.04,2492.04,2492.04,0.0,2492.04,0.0,7758000.0,0.04972183352259241,1.0,1.107664771868656,782225.2950363343,2416625.403549944,0.0,0.0,0.988133545462789,1.0,0.0,5.0000348988e-06,0.988133545462789,13208.83378994677,6767.642360854977,0.0,80392.51408612542,100368.99023692717
2026-08-28 06:00:00+00:00,5.300410021487123,0.0,6661.89918092631,-5.300410021487123,2511.99,10.0,0.0,0.0,1.107669158150132,351110.01500003337,266552.4106578839,0,2501.7,2501.7,2501.7,2501.7,0.0,2501.7,0.0,7754400.0,0.049617612500039376,1.0,1.107669158150132,779150.2463693384,2419368.8164802766,0.0,0.0,0.9881631441678044,1.0,0.0,5.0300723304e-06,0.9881631441678044,13260.035750754334,6716.440400047412,0.0,80401.56571335404,100378.04186415579
2026-08-28 07:00:00+00:00,5.300410021487123,0.0,6661.89918092631,-5.300410021487123,2511.99,10.0,0.0,0.0,1.1076735325218976,351110.01500003337,266553.74346079124,0,2495.34,2495.34,2495.34,2495.34,0.0,2495.34,0.0,7750800.0,0.04961761253965302,1.0,1.1076735325218976,779150.2463693384,2419368.8164802766,0.0,0.0,0.9881686068117104,1.0,0.0,5.0001407676e-06,0.9881686068117104,13226.325143017677,6750.1510077840685,0.0,80402.15089943045,100378.6270502322
2026-08-28 08:00:00+00:00,5.300410021487123,0.0,6661.881647367664,-5.300410021487123,2511.99,10.0,0.0,0.0,1.1076780078193627,351110.01500003337,266555.07627036277,0,2487.19,2487.19,2487.19,2487.19,0.0,2487.19,-1.33e-06,7747200.0,0.04873627330430286,1.0,1.1076780078193627,753483.8214258025,2442271.98196581,0.0,0.0,0.9883780134411965,1.0,0.0,5.0001407676e-06,0.9883780134411965,13183.126801342556,6793.331815900544,0.0,80474.34285467892,100450.80147192202
2026-08-28 09:00:00+00:00,5.300410021487123,0.0,6661.881647367664,-5.300410021487123,2511.99,10.0,0.0,0.0,1.1076824313865195,351110.01500003337,266556.40908659855,0,2488.62,2488.62,2488.62,2488.62,0.0,2488.62,0.0,7743600.0,0.04830717340874613,1.0,1.1076824313865195,741205.8795143889,2453229.1843722663,0.0,0.0,0.9884827088674095,1.0,0.0,5.0001407676e-06,0.9884827088674095,13190.706387673283,6785.752229569818,0.0,80509.76965111122,100486.22826835432
2026-08-28 10:00:00+00:00,5.300410021487123,0.0,6661.881647367664,-5.300410021487123,2511.99,10.0,0.0,0.0,1.1076868058107034,351110.01500003337,266557.7362479399,0,2505.52,2505.52,2505.52,2505.52,0.0,2505.52,0.0,7740000.0,0.048307173447396545,1.0,1.1076868058107034,741205.8795143889,2453229.1843722663,0.0,0.0,0.9884880323088915,1.0,0.0,4.9789012464e-06,0.9884880323088915,13280.283317036416,6696.175300206685,0.0,80510.31160338846,100486.77022063156
2026-08-28 11:00:00+00:00,5.300410021487123,0.0,6661.881647367664,-5.300410021487123,2511.99,10.0,0.0,0.0,1.1076911834119392,351110.01500003337,266559.06899231515,0,2504.11,2504.11,2504.11,2504.11,0.0,2504.11,0.0,7736400.0,0.04827959940765658,1.0,1.1076911834119392,740421.7947759706,2453928.931248372,0.0,0.0,0.9884997343828194,1.0,0.0,4.9998212856e-06,0.9884997343828194,13272.809738906119,6703.648878336981,0.0,80513.08757436555,100489.54619160865
2026-08-28 12:00:00+00:00,5.300410021487123,0.0,6661.881647367664,-5.300410021487123,2511.99,10.0,0.0,0.0,1.1076955578706866,351110.01500003337,266560.40854481544,0,2497.99,2497.99,2497.99,2497.99,0.0,2497.99,0.0,7732800.0,0.04827959944635718,1.0,1.1076955578706866,740421.7947759706,2453928.931248372,0.0,0.0,0.988505054947798,1.0,0.0,5.025336933599999e-06,0.988505054947798,13240.371229574615,6736.087387668484,0.0,80513.61612551473,100490.07474275783
2026-08-28 13:00:00+00:00,5.300410021487123,0.0,6661.881647367664,-5.300410021487123,2511.99,10.0,0.0,0.0,1.1076999323467092,351110.01500003337,266561.73206022545,0,2508.51,2508.51,2508.51,2508.51,0.0,2508.51,0.0,7729200.0,0.04827959948509375,1.0,1.1076999323467092,740421.7947759706,2453928.931248372,0.0,0.0,0.9885103755414143,1.0,0.0,4.9651489188e-06,0.9885103755414143,13296.131543000663,6680.327074242437,0.0,80514.16072380915,100490.61934105225
2026-08-28 14:00:00+00:00,5.300410021487123,0.0,6661.881647367664,-5.300410021487123,2511.99,10.0,0.0,0.0,1.1077043068400079,351110.01500003337,266563.05701984814,0,2512.04,2512.04,2512.04,2512.04,0.0,2512.04,0.0,7725600.0,0.048279599523865624,1.0,1.1077043068400079,740421.7947759706,2453928.931248372,0.0,0.0,0.9885156961636687,1.0,0.0,4.9705421688e-06,0.9885156961636687,13314.841990376512,6661.616626866589,0.0,80514.70388794603,100491.16250518913
2026-08-28 15:00:00+00:00,5.300410021487123,0.0,6661.881647367664,-5.300410021487123,2511.99,10.0,0.0,0.0,1.1077086813505819,351110.01500003337,266564.3847078583,0,2470.35,2470.35,2470.35,2470.35,0.0,2470.35,0.0,7722000.0,0.048279599562675024,1.0,1.1077086813505819,740421.7947759706,2453928.931248372,0.0,0.0,0.988521016814561,1.0,0.0,4.9807528416e-06,0.988521016814561,13093.867896580712,6882.590720662387,0.0,80515.2443337504,100491.7029509935
2026-08-28 16:00:00+00:00,5.300410021487123,0.0,6662.608987984013,-5.300410021487123,2511.99,10.0,0.0,0.0,1.1077130558784314,351110.01500003337,266565.7173019366,0,2440.83,2440.83,2440.83,2440.83,0.0,2440.83,5.622e-05,7718400.0,0.048279599601520395,1.0,1.1077130558784314,740421.7947759706,2453928.931248372,0.0,0.0,0.9885263374940915,1.0,0.0,4.9991327568e-06,0.9885263374940915,12937.399792746413,7039.786165113036,0.0,80515.77988354192,100492.96584140137
2026-08-28 17:00:00+00:00,5.300410021487123,0.0,6662.608987984013,-5.300410021487123,2511.99,10.0,0.0,0.0,1.1077174304235566,351110.01500003337,266567.04990530905,0,2442.45,2442.45,2442.45,2442.45,0.0,2442.45,0.0,7714800.0,0.048279599640401516,1.0,1.1077174304235566,740421.7947759706,2453928.931248372,0.0,0.0,0.9885316582022604,1.0,0.0,4.9991426315999995e-06,0.9885316582022604,12945.986456981222,7031.199500878227,0.0,80516.31543409446,100493.5013919539
2026-08-28 18:00:00+00:00,5.300410021487123,0.0,6662.608987984013,-5.300410021487123,2511.99,10.0,0.0,0.0,1.1077218032638438,351110.01500003337,266568.4256081356,0,2427.47,2427.47,2427.47,2427.47,0.0,2427.47,0.0,7711200.0,0.04829462735900991,1.0,1.1077218032638438,740849.034440142,2453547.6801523566,0.0,0.0,0.9885335138117075,1.0,0.0,5.1608001708e-06,0.9885335138117075,12866.586314859345,7110.599643000104,0.0,80515.59125432873,100492.77721218817
2026-08-28 19:00:00+00:00,5.300410021487123,0.0,6662.608987984013,-5.300410021487123,2511.99,10.0,0.0,0.0,1.107726177843514,351110.01500003337,266569.7449213425,0,2434.42,2434.42,2434.42,2434.42,0.0,2434.42,0.0,7707600.0,0.04829462739797652,1.0,1.107726177843514,740849.034440142,2453547.6801523566,0.0,0.0,0.9885388361762123,1.0,0.0,4.9492356012e-06,0.9885388361762123,12903.424164508682,7073.761793350767,0.0,80516.1406766029,100493.32663446234
2026-08-28 20:00:00+00:00,5.300410021487123,0.0,6662.608987984013,-5.300410021487123,2511.99,10.0,0.0,0.0,1.1077305524404601,351110.01500003337,266571.0641905877,0,2426.63,2426.63,2426.63,2426.63,0.0,2426.63,0.0,7704000.0,0.04829462743697932,1.0,1.1077305524404601,740849.034440142,2453547.6801523566,0.0,0.0,0.9885441585693734,1.0,0.0,4.949046190799999e-06,0.9885441585693734,12862.133970441297,7115.051987418152,0.0,80516.69015290035,100493.8761107598
2026-08-28 21:00:00+00:00,5.300410021487123,0.0,6662.608987984013,-5.300410021487123,2511.99,10.0,0.0,0.0,1.1077349270546824,351110.01500003337,266572.439304429,0,2423.99,2423.99,2423.99,2423.99,0.0,2423.99,0.0,7700400.0,0.048294627476018315,1.0,1.1077349270546824,740849.034440142,2453547.6801523566,0.0,0.0,0.9885494809911907,1.0,0.0,5.1585129792e-06,0.9885494809911907,12848.14088798457,7129.04506987488,0.0,80517.18379466317,100494.36975252262
2026-08-28 22:00:00+00:00,5.300410021487123,0.0,6662.608987984013,-5.300410021487123,2511.99,10.0,0.0,0.0,1.1077393189322218,351110.01500003337,266573.77194501413,0,2440.93,2440.93,2440.93,2440.93,0.0,2440.93,0.0,7696800.0,0.04814414552079538,1.0,1.1077393189322218,740849.0319590962,2471604.3751658937,0.0,0.0,0.9885894407635157,1.0,0.0,4.9991561676e-06,0.9885894407635157,12937.929833748562,7039.256124110888,0.0,80529.88143033849,100507.06738819793
2026-08-28 23:00:00+00:00,5.300410021487123,0.0,6662.608987984013,-5.300410021487123,2511.99,10.0,0.0,0.0,1.1077436935810643,351110.01500003337,266575.1045940434,0,2441.9,2441.9,2441.9,2441.9,0.0,2441.9,0.0,7693200.0,0.04814414555978308,1.0,1.1077436935810643,740849.0319590962,2471604.3751658937,0.0,0.0,0.988594747227988,1.0,0.0,4.9991628528000004e-06,0.988594747227988,12943.071231469405,7034.114726390044,0.0,80530.41193412966,100507.5978919891
2026-08-29 00:00:00+00:00,5.300410021487123,0.0,6662.814871769135,-5.300410021487123,2511.99,10.0,0.0,0.0,1.107748068247183,351110.01500003337,266576.4372546388,0,2441.42,2441.42,2441.42,2441.42,0.0,2441.42,1.591e-05,7689600.0,0.04814414559880742,1.0,1.107748068247183,740849.0319590962,2471604.3751658937,0.0,0.0,0.988600053720944,1.0,0.0,4.999181248799999e-06,0.988600053720944,12940.527034659091,7036.864806985479,0.0,80530.94243635563,100508.3342780002
2026-08-29 01:00:00+00:00,5.300410021487123,0.0,6662.814871769135,-5.300410021487123,2511.99,10.0,0.0,0.0,1.107752442930578,351110.01500003337,266577.7507978706,0,2442.44,2442.44,2442.44,2442.44,0.0,2442.44,0.0,7686000.0,0.048144145637868174,1.0,1.107752442930578,740849.0319590962,2471604.3751658937,0.0,0.0,0.9886053602423835,1.0,0.0,4.9274422344e-06,0.9886053602423835,12945.933452881009,7031.458388763563,0.0,80531.49206594605,100508.88390759061
2026-08-29 02:00:00+00:00,5.300410021487123,0.0,6662.814871769135,-5.300410021487123,2511.99,10.0,0.0,0.0,1.1077568176312496,351110.01500003337,266579.0833641382,0,2437.59,2437.59,2437.59,2437.59,0.0,2437.59,0.0,7682400.0,0.04814414567696601,1.0,1.1077568176312496,740849.0319590962,2471604.3751658937,0.0,0.0,0.988610666792307,1.0,0.0,4.9987777788000006e-06,0.988610666792307,12920.226464276797,7057.165377367774,0.0,80532.0226825017,100509.41452414627
2026-08-29 03:00:00+00:00,5.300410021487123,0.0,6662.814871769135,-5.300410021487123,2511.99,10.0,0.0,0.0,1.1077611923491972,351110.01500003337,266580.4067723473,0,2434.05,2434.05,2434.05,2434.05,0.0,2434.05,0.0,7678800.0,0.048144145716099596,1.0,1.1077611923491972,740849.0319590962,2471604.3751658937,0.0,0.0,0.9886159733707147,1.0,0.0,4.9643989596e-06,0.9886159733707147,12901.463012800732,7075.928828843839,0.0,80532.56246711692,100509.95430876149
2026-08-29 04:00:00+00:00,5.300410021487123,0.0,6662.814871769135,-5.300410021487123,2511.99,10.0,0.0,0.0,1.1077655670844218,351110.01500003337,266581.7447462793,0,2439.14,2439.14,2439.14,2439.14,0.0,2439.14,0.0,7675200.0,0.04814414575527093,1.0,1.1077655670844218,740849.0319590962,2471604.3751658937,0.0,0.0,0.9886212799776063,1.0,0.0,5.0190131772e-06,0.9886212799776063,12928.4420998101,7048.949741834471,0.0,80533.08769601019,100510.47953765476
2026-08-29 05:00:00+00:00,5.300410021487123,0.0,6662.814871769135,-5.300410021487123,2511.99,10.0,0.0,0.0,1.1077699418369225,351110.01500003337,266583.0796065812,0,2437.8,2437.8,2437.8,2437.8,0.0,2437.8,0.0,7671600.0,0.04814414579447868,1.0,1.1077699418369225,740849.0319590962,2471604.3751658937,0.0,0.0,0.9886265866129823,1.0,0.0,5.007308212800001e-06,0.9886265866129823,12921.339550381308,7056.052291263262,0.0,80533.61604853481,100511.00789017937
2026-08-29 06:00:00+00:00,5.300410021487123,0.0,6662.814871769135,-5.300410021487123,2511.99,10.0,0.0,0.0,1.1077743166067,351110.01500003337,266584.5123205591,0,2433.93,2433.93,2433.93,2433.93,0.0,2433.93,0.0,7668000.0,0.04814414583372262,1.0,1.1077743166067,740849.0319590962,2471604.3751658937,0.0,0.0,0.9886318932768431,1.0,0.0,5.3743475772e-06,0.9886318932768431,12900.82696359815,7076.564878046419,0.0,80534.04655738466,100511.43839902923
2026-08-29 07:00:00+00:00,5.300410021487123,0.0,6662.814871769135,-5.300410021487123,2511.99,10.0,0.0,0.0,1.1077786913937542,351110.01500003337,266585.8860916558,0,2435.2,2435.2,2435.2,2435.2,0.0,2435.2,0.0,7664400.0,0.04814414587300453,1.0,1.1077786913937542,740849.0319590962,2471604.3751658937,0.0,0.0,0.9886371999691881,1.0,0.0,5.1532159356e-06,0.9886371999691881,12907.55848432544,7069.83335731913,0.0,80534.53601911681,100511.92786076138
2026-08-29 08:00:00+00:00,5.300410021487123,0.0,6663.176985596535,-5.300410021487123,2511.99,10.0,0.0,0.0,1.1077830661980852,351110.01500003337,266587.2199042058,0,2432.98,2432.98,2432.98,2432.98,0.0,2432.98,2.808e-05,7660800.0,0.04814414591232308,1.0,1.1077830661980852,740849.0319590962,2471604.3751658937,0.0,0.0,0.9886425066900181,1.0,0.0,5.0033001852e-06,0.9886425066900181,12895.791574077739,7081.962381394231,0.0,80535.06544939702,100512.81940486899
2026-08-29 09:00:00+00:00,5.300410021487123,0.0,6663.176985596535,-5.300410021487123,2511.99,10.0,0.0,0.0,1.107787441019693,351110.01500003337,266588.56975918874,0,2434.21,2434.21,2434.21,2434.21,0.0,2434.21,0.0,7657200.0,0.04814414595167804,1.0,1.107787441019693,740849.0319590962,2471604.3751658937,0.0,0.0,0.9886478134393331,1.0,0.0,5.0634519011999995e-06,0.9886478134393331,12902.31107840417,7075.442877067802,0.0,80535.57884724566,100513.33280271763
2026-08-29 10:00:00+00:00,5.300410021487123,0.0,6663.176985596535,-5.300410021487123,2511.99,10.0,0.0,0.0,1.1077918158585776,351110.01500003337,266589.90364099114,0,2433.58,2433.58,2433.58,2433.58,0.0,2433.58,0.0,7653600.0,0.048144145991070086,1.0,1.1077918158585776,740849.0319590962,2471604.3751658937,0.0,0.0,0.9886531202171333,1.0,0.0,5.00350959e-06,0.9886531202171333,12898.971820090632,7078.78213538134,0.0,80536.10822827631,100513.86218374828
2026-08-29 11:00:00+00:00,5.300410021487123,0.0,6663.176985596535,-5.300410021487123,2511.99,10.0,0.0,0.0,1.1077961907147393,351110.01500003337,266591.23753655335,0,2434.87,2434.87,2434.87,2434.87,0.0,2434.87,0.0,7650000.0,0.0481441460305001,1.0,1.1077961907147393,740849.0319590962,2471604.3751658937,0.0,0.0,0.9886584270234184,1.0,0.0,5.003536168800001e-06,0.9886584270234184,12905.80934901835,7071.944606453621,0.0,80536.63760554849,100514.39156102046
2026-08-29 12:00:00+00:00,5.300410021487123,0.0,6663.176985596535,-5.300410021487123,2511.99,10.0,0.0,0.0,1.1078005655881782,351110.01500003337,266592.56819800765,0,2433.52,2433.52,2433.52,2433.52,0.0,2433.52,0.0,7646400.0,0.048144146069965865,1.0,1.1078005655881782,740849.0319590962,2471604.3751658937,0.0,0.0,0.9886637338581893,1.0,0.0,4.991379858000001e-06,0.9886637338581893,12898.653795489343,7079.100159982629,0.0,80537.17022693017,100514.92418240214
2026-08-29 13:00:00+00:00,5.300410021487123,0.0,6663.176985596535,-5.300410021487123,2511.99,10.0,0.0,0.0,1.1078049404788939,351110.01500003337,266593.9454759353,0,2434.59,2434.59,2434.59,2434.59,0.0,2434.59,0.0,7642800.0,0.04814414610947004,1.0,1.1078049404788939,740849.0319590962,2471604.3751658937,0.0,0.0,0.9886690407214455,1.0,0.0,5.1662144196000005e-06,0.9886690407214455,12904.325234212334,7073.428721259636,0.0,80537.65624184004,100515.41019731201
2026-08-29 14:00:00+00:00,5.300410021487123,0.0,6663.176985596535,-5.300410021487123,2511.99,10.0,0.0,0.0,1.1078092891955524,351110.01500003337,266595.2794544594,0,2447.34,2447.34,2447.34,2447.34,0.0,2447.34,0.0,7639200.0,0.04814414614967011,1.0,1.1078092891955524,740849.0319590962,2471604.3751658937,0.0,0.0,0.988674347613037,1.0,0.0,5.0037715008e-06,0.988674347613037,12971.905461986295,7005.848493485675,0.0,80538.18556610221,100515.93952157418
2026-08-29 15:00:00+00:00,5.300410021487123,0.0,6663.176985596535,-5.300410021487123,2511.99,10.0,0.0,0.0,1.107813664120719,351110.01500003337,266596.61344164796,0,2443.51,2443.51,2443.51,2443.51,0.0,2443.51,0.0,7635600.0,0.04814414618924978,1.0,1.107813664120719,740849.0319590962,2471604.3751658937,0.0,0.0,0.9886796545332646,1.0,0.0,5.0037789636e-06,0.9886796545332646,12951.604891604,7026.149063867971,0.0,80538.71489175438,100516.46884722635
2026-08-29 16:00:00+00:00,5.300410021487123,0.0,6663.965269396558,-5.300410021487123,2511.99,10.0,0.0,0.0,1.1078180390631631,351110.01500003337,266597.9474380933,0,2449.7,2449.7,2449.7,2449.7,0.0,2449.7,6.071e-05,7632000.0,0.0481441462288652,1.0,1.1078180390631631,740849.0319590962,2471604.3751658937,0.0,0.0,0.9886849614819786,1.0,0.0,5.0037886476e-06,0.9886849614819786,12984.414429637003,6994.127809634991,0.0,80539.24421815161,100517.7864574236
2026-08-29 17:00:00+00:00,5.300410021487123,0.0,6663.965269396558,-5.300410021487123,2511.99,10.0,0.0,0.0,1.1078224140228847,351110.01500003337,266599.2814436611,0,2449.34,2449.34,2449.34,2449.34,0.0,2449.34,0.0,7628400.0,0.04814414626851904,1.0,1.1078224140228847,740849.0319590962,2471604.3751658937,0.0,0.0,0.9886902684591785,1.0,0.0,5.0037978276e-06,0.9886902684591785,12982.50628202927,6996.035957242724,0.0,80539.77354542812,100518.31578470011
2026-08-29 18:00:00+00:00,5.300410021487123,0.0,6663.965269396558,-5.300410021487123,2511.99,10.0,0.0,0.0,1.1078267889998834,351110.01500003337,266600.6154586268,0,2451.12,2451.12,2451.12,2451.12,0.0,2451.12,0.0,7624800.0,0.04814414630821018,1.0,1.1078267889998834,740849.0319590962,2471604.3751658937,0.0,0.0,0.9886955754648649,1.0,0.0,5.0038080407999995e-06,0.9886955754648649,12991.941011867515,6986.601227404479,0.0,80540.30287330848,100518.84511258047
2026-08-29 19:00:00+00:00,5.300410021487123,0.0,6663.965269396558,-5.300410021487123,2511.99,10.0,0.0,0.0,1.1078311639941598,351110.01500003337,266601.94948363747,0,2452.16,2452.16,2452.16,2452.16,0.0,2452.16,0.0,7621200.0,0.04814414634793929,1.0,1.1078311639941598,740849.0319590962,2471604.3751658937,0.0,0.0,0.9887008824990375,1.0,0.0,5.0038206804e-06,0.9887008824990375,12997.453438289862,6981.088800982132,0.0,80540.83220114582,100519.37444041781
2026-08-29 20:00:00+00:00,5.300410021487123,0.0,6663.965269396558,-5.300410021487123,2511.99,10.0,0.0,0.0,1.1078355390057137,351110.01500003337,266603.2835189973,0,2451.54,2451.54,2451.54,2451.54,0.0,2451.54,0.0,7617600.0,0.048144146387705256,1.0,1.1078355390057137,740849.0319590962,2471604.3751658937,0.0,0.0,0.9887061895616971,1.0,0.0,5.0038344612e-06,0.9887061895616971,12994.167184076541,6984.375055195454,0.0,80541.36152863601,100519.903767908
2026-08-29 21:00:00+00:00,5.300410021487123,0.0,6663.965269396558,-5.300410021487123,2511.99,10.0,0.0,0.0,1.1078399140345456,351110.01500003337,266604.61756425066,0,2450.34,2450.34,2450.34,2450.34,0.0,2450.34,0.0,7614000.0,0.04814414642750875,1.0,1.1078399140345456,740849.0319590962,2471604.3751658937,0.0,0.0,0.9887114966528434,1.0,0.0,5.003846532e-06,0.9887114966528434,12987.806692050757,6990.7355472212375,0.0,80541.89085623465,100520.43309550664
2026-08-29 22:00:00+00:00,5.300410021487123,0.0,6663.965269396558,-5.300410021487123,2511.99,10.0,0.0,0.0,1.1078442890806548,351110.01500003337,266605.95162095525,0,2451.48,2451.48,2451.48,2451.48,0.0,2451.48,0.0,7610400.0,0.048144146467350435,1.0,1.1078442890806548,740849.0319590962,2471604.3751658937,0.0,0.0,0.9887168037724765,1.0,0.0,5.0038644456e-06,0.9887168037724765,12993.849159475252,6984.6930797967425,0.0,80542.42018238403,100520.96242165602
2026-08-29 23:00:00+00:00,5.300410021487123,0.0,6663.965269396558,-5.300410021487123,2511.99,10.0,0.0,0.0,1.1078486644682466,351110.01500003337,266607.285689355,0,2456.5,2456.5,2456.5,2456.5,0.0,2456.5,0.0,7606800.0,0.04814136687732318,1.0,1.1078486644682466,740769.8772315289,2471675.0216669,0.0,0.0,0.9887227433853308,1.0,0.0,5.0038832735999994e-06,0.9887227433853308,13020.457217783116,6958.085021488878,0.0,80543.17157154268,100521.71381081468
2026-08-30 00:00:00+00:00,5.300410021487123,0.0,6664.377716904459,-5.300410021487123,2511.99,10.0,0.0,0.0,1.1078530395489128,351110.01500003337,266608.61976799683,0,2457.81,2457.81,2457.81,2457.81,0.0,2457.81,3.166e-05,7603200.0,0.04814136691723725,1.0,1.1078530395489128,740769.8772315289,2471675.0216669,0.0,0.0,0.9887280502660114,1.0,0.0,5.0038966512e-06,0.9887280502660114,13027.400754911265,6951.553931868631,0.0,80543.70079185616,100522.65547863605
2026-08-30 01:00:00+00:00,5.300410021487123,0.0,6664.377716904459,-5.300410021487123,2511.99,10.0,0.0,0.0,1.1078574146468576,351110.01500003337,266609.95385903947,0,2455.44,2455.44,2455.44,2455.44,0.0,2455.44,0.0,7599600.0,0.048141366957189735,1.0,1.1078574146468576,740769.8772315289,2471675.0216669,0.0,0.0,0.9887333571751761,1.0,0.0,5.0039181252e-06,0.9887333571751761,13014.838783160341,6964.115903619554,0.0,80544.23000976996,100523.18469654986
2026-08-30 02:00:00+00:00,5.300410021487123,0.0,6664.377716904459,-5.300410021487123,2511.99,10.0,0.0,0.0,1.1078617897620795,351110.01500003337,266611.2879609118,0,2453.69,2453.69,2453.69,2453.69,0.0,2453.69,0.0,7596000.0,0.048141366997180635,1.0,1.1078617897620795,740769.8772315289,2471675.0216669,0.0,0.0,0.988738664112825,1.0,0.0,5.003933706e-06,0.988738664112825,13005.563065622739,6973.391621157157,0.0,80544.75922685512,100523.71391363502
2026-08-30 03:00:00+00:00,5.300410021487123,0.0,6664.377716904459,-5.300410021487123,2511.99,10.0,0.0,0.0,1.1078661648945793,351110.01500003337,266612.622073446,0,2456.0,2456.0,2456.0,2456.0,0.0,2456.0,0.0,7592400.0,0.048141367037208393,1.0,1.1078661648945793,740769.8772315289,2471675.0216669,0.0,0.0,0.9887439710789586,1.0,0.0,5.0039486568000006e-06,0.9887439710789586,13017.807012772373,6961.147674007521,0.0,80545.28844327974,100524.24313005964
2026-08-30 04:00:00+00:00,5.300410021487123,0.0,6664.377716904459,-5.300410021487123,2511.99,10.0,0.0,0.0,1.107870540044358,351110.01500003337,266613.9561968427,0,2454.8,2454.8,2454.8,2454.8,0.0,2454.8,0.0,7588800.0,0.04814136707727479,1.0,1.107870540044358,740769.8772315289,2471675.0216669,0.0,0.0,0.9887492780735768,1.0,0.0,5.00396436e-06,0.9887492780735768,13011.44652074659,6967.508166033305,0.0,80545.817658843,100524.7723456229
2026-08-30 05:00:00+00:00,5.300410021487123,0.0,6664.377716904459,-5.300410021487123,2511.99,10.0,0.0,0.0,1.1078749152114145,351110.01500003337,266615.2903308525,0,2454.99,2454.99,2454.99,2454.99,0.0,2454.99,0.0,7585200.0,0.04814136711737982,1.0,1.1078749152114145,740769.8772315289,2471675.0216669,0.0,0.0,0.9887545850966797,1.0,0.0,5.003979127200001e-06,0.9887545850966797,13012.45359865067,6966.501088129225,0.0,80546.34687379445,100525.30156057434
2026-08-30 06:00:00+00:00,5.300410021487123,0.0,6664.377716904459,-5.300410021487123,2511.99,10.0,0.0,0.0,1.1078792903957495,351110.01500003337,266616.6244776639,0,2460.1,2460.1,2460.1,2460.1,0.0,2460.1,0.0,7581600.0,0.04814136715752193,1.0,1.1078792903957495,740769.8772315289,2471675.0216669,0.0,0.0,0.9887598921482678,1.0,0.0,5.0040021024e-06,0.9887598921482678,13039.53869386047,6939.415992919425,0.0,80546.87608594575,100525.83077272565
2026-08-30 07:00:00+00:00,5.300410021487123,0.0,6664.377716904459,-5.300410021487123,2511.99,10.0,0.0,0.0,1.1078836655973627,351110.01500003337,266617.9586349964,0,2454.19,2454.19,2454.19,2454.19,0.0,2454.19,0.0,7578000.0,0.04814136719770201,1.0,1.1078836655973627,740769.8772315289,2471675.0216669,0.0,0.0,0.9887651992283409,1.0,0.0,5.004016524e-06,0.9887651992283409,13008.213270633481,6970.741416146413,0.0,80547.40529757738,100526.35998435727
2026-08-30 08:00:00+00:00,5.300410021487123,0.0,6664.744407624252,-5.300410021487123,2511.99,10.0,0.0,0.0,1.1078880408162541,351110.01500003337,266619.2928034433,0,2455.86,2455.86,2455.86,2455.86,0.0,2455.86,2.817e-05,7574400.0,0.04814136723792095,1.0,1.1078880408162541,740769.8772315289,2471675.0216669,0.0,0.0,0.9887705063368992,1.0,0.0,5.004033170400001e-06,0.9887705063368992,13017.064955369366,6962.256422130322,0.0,80547.93450809596,100527.25588559564
2026-08-30 09:00:00+00:00,5.300410021487123,0.0,6664.744407624252,-5.300410021487123,2511.99,10.0,0.0,0.0,1.1078924160524242,351110.01500003337,266620.6269824039,0,2452.61,2452.61,2452.61,2452.61,0.0,2452.61,0.0,7570800.0,0.048141367278178526,1.0,1.1078924160524242,740769.8772315289,2471675.0216669,0.0,0.0,0.9887758134739429,1.0,0.0,5.0040475632e-06,0.9887758134739429,12999.838622799532,6979.482754700155,0.0,80548.46371810237,100527.78509560206
2026-08-30 10:00:00+00:00,5.300410021487123,0.0,6664.744407624252,-5.300410021487123,2511.99,10.0,0.0,0.0,1.1078967913058728,351110.01500003337,266621.96117194643,0,2458.65,2458.65,2458.65,2458.65,0.0,2458.65,0.0,7567200.0,0.04814136731847407,1.0,1.1078967913058728,740769.8772315289,2471675.0216669,0.0,0.0,0.9887811206394722,1.0,0.0,5.0040622115999995e-06,0.9887811206394722,13031.853099329315,6947.468278170373,0.0,80548.99292752845,100528.31430502814
2026-08-30 11:00:00+00:00,5.300410021487123,0.0,6664.744407624252,-5.300410021487123,2511.99,10.0,0.0,0.0,1.1079011665766,351110.01500003337,266623.29537367576,0,2459.11,2459.11,2459.11,2459.11,0.0,2459.11,0.0,7563600.0,0.04814136735880781,1.0,1.1079011665766,740769.8772315289,2471675.0216669,0.0,0.0,0.9887864278334874,1.0,0.0,5.0040828792e-06,0.9887864278334874,13034.291287939199,6945.030089560489,0.0,80549.52213476942,100528.8435122691
2026-08-30 12:00:00+00:00,5.300410021487123,0.0,6664.744407624252,-5.300410021487123,2511.99,10.0,0.0,0.0,1.1079055418646058,351110.01500003337,266624.6295885922,0,2467.99,2467.99,2467.99,2467.99,0.0,2467.99,0.0,7560000.0,0.0481413673991804,1.0,1.1079055418646058,740769.8772315289,2471675.0216669,0.0,0.0,0.9887917350559883,1.0,0.0,5.004107298e-06,0.9887917350559883,13081.358928930002,6897.962448569685,0.0,80550.05133882485,100529.37271632453
2026-08-30 13:00:00+00:00,5.300410021487123,0.0,6664.744407624252,-5.300410021487123,2511.99,10.0,0.0,0.0,1.1079099171698905,351110.01500003337,266625.97183305054,0,2474.16,2474.16,2474.16,2474.16,0.0,2474.16,0.0,7556400.0,0.04814136743959052,1.0,1.1079099171698905,740769.8772315289,2471675.0216669,0.0,0.0,0.9887970423069754,1.0,0.0,5.0341976352e-06,0.9887970423069754,13114.062458762579,6865.2589187371095,0.0,80550.57252334023,100529.89390083992
2026-08-30 14:00:00+00:00,5.300410021487123,0.0,6664.744407624252,-5.300410021487123,2511.99,10.0,0.0,0.0,1.1079142958579429,351110.01500003337,266627.3060980154,0,2475.76,2475.76,2475.76,2475.76,0.0,2475.76,0.0,7552800.0,0.048112514993749134,1.0,1.1079142958579429,739948.683690123,2472407.967187656,0.0,0.0,0.9888088685966113,1.0,0.0,5.0042447748e-06,0.9888088685966113,13122.54311479696,6856.778262702728,0.0,80553.39058710681,100532.7119646065
2026-08-30 15:00:00+00:00,5.300410021487123,0.0,6664.744407624252,-5.300410021487123,2511.99,10.0,0.0,0.0,1.1079186711977984,351110.01500003337,266628.6403733988,0,2479.91,2479.91,2479.91,2479.91,0.0,2479.91,0.0,7549200.0,0.048112515034211434,1.0,1.1079186711977984,739948.683690123,2472407.967187656,0.0,0.0,0.9888141728322898,1.0,0.0,5.0042588076e-06,0.9888141728322898,13144.53981638613,6834.781561113558,0.0,80553.91868199204,100533.24005949173
2026-08-30 16:00:00+00:00,5.300410021487123,0.0,6665.295991699819,-5.300410021487123,2511.99,10.0,0.0,0.0,1.1079230465549328,351110.01500003337,266629.97466066846,0,2528.29,2528.29,2528.29,2528.29,0.0,2528.29,4.116e-05,7545600.0,0.048112515074713036,1.0,1.1079230465549328,739948.683690123,2472407.967187656,0.0,0.0,0.9888194770964215,1.0,0.0,5.0042783448000005e-06,0.9888194770964215,13400.973653225677,6578.899308349578,0.0,80554.44677498122,100534.31973655647
2026-08-30 17:00:00+00:00,5.300410021487123,0.0,6665.295991699819,-5.300410021487123,2511.99,10.0,0.0,0.0,1.1079274219293465,351110.01500003337,266631.308963401,0,2504.62,2504.62,2504.62,2504.62,0.0,2504.62,0.0,7542000.0,0.048112515115253496,1.0,1.1079274219293465,739948.683690123,2472407.967187656,0.0,0.0,0.9888247813890066,1.0,0.0,5.0043112956000005e-06,0.9888247813890066,13275.512948017076,6704.360013558178,0.0,80554.97486249782,100534.84782407308
2026-08-30 18:00:00+00:00,5.300410021487123,0.0,6665.295991699819,-5.300410021487123,2511.99,10.0,0.0,0.0,1.107931796999052,351110.01500003337,266632.6432780585,0,2509.86,2509.86,2509.86,2509.86,0.0,2509.86,0.0,7538400.0,0.04811527548687633,1.0,1.107931796999052,740027.2194730456,2472337.8772822865,0.0,0.0,0.9888294631993793,1.0,0.0,5.004330976800001e-06,0.9888294631993793,13303.28709652967,6676.585865045585,0.0,80555.28437835048,100535.15733992573
2026-08-30 19:00:00+00:00,5.300410021487123,0.0,6665.295991699819,-5.300410021487123,2511.99,10.0,0.0,0.0,1.1079361724080228,351110.01500003337,266633.97760394035,0,2502.76,2502.76,2502.76,2502.76,0.0,2502.76,0.0,7534800.0,0.048115275527496504,1.0,1.1079361724080228,740027.2194730456,2472337.8772822865,0.0,0.0,0.9888347678428167,1.0,0.0,5.00434803e-06,0.9888347678428167,13265.654185377112,6714.218776198142,0.0,80555.81256590551,100535.68552748076
2026-08-30 20:00:00+00:00,5.300410021487123,0.0,6665.295991699819,-5.300410021487123,2511.99,10.0,0.0,0.0,1.1079405478342723,351110.01500003337,266635.31194053503,0,2489.59,2489.59,2489.59,2489.59,0.0,2489.59,0.0,7531200.0,0.0481152755681562,1.0,1.1079405478342723,740027.2194730456,2472337.8772822865,0.0,0.0,0.988840072514711,1.0,0.0,5.0043631644e-06,0.988840072514711,13195.847785394126,6784.025176181129,0.0,80556.34075273923,100536.21371431448
2026-08-30 21:00:00+00:00,5.300410021487123,0.0,6665.295991699819,-5.300410021487123,2511.99,10.0,0.0,0.0,1.1079449232778016,351110.01500003337,266636.64628791076,0,2480.64,2480.64,2480.64,2480.64,0.0,2480.64,0.0,7527600.0,0.04811527560885409,1.0,1.1079449232778016,740027.2194730456,2472337.8772822865,0.0,0.0,0.9888453772150627,1.0,0.0,5.0043785544e-06,0.9888453772150627,13148.409115701816,6831.46384587344,0.0,80556.86893878359,100536.74190035884
2026-08-30 22:00:00+00:00,5.300410021487123,0.0,6665.295991699819,-5.300410021487123,2511.99,10.0,0.0,0.0,1.10794929873861,351110.01500003337,266637.9806474547,0,2469.51,2469.51,2469.51,2469.51,0.0,2469.51,0.0,7524000.0,0.04811527564959106,1.0,1.10794929873861,740027.2194730456,2472337.8772822865,0.0,0.0,0.9888506819438718,1.0,0.0,5.0043991464e-06,0.9888506819438718,13089.415552162665,6890.457409412589,0.0,80557.3971226514,100537.27008422665
2026-08-30 23:00:00+00:00,5.300410021487123,0.0,6665.295991699819,-5.300410021487123,2511.99,10.0,0.0,0.0,1.1079536742166975,351110.01500003337,266639.31501864566,0,2415.55,2415.55,2415.55,2415.55,0.0,2415.55,0.0,7520400.0,0.04811527569036689,1.0,1.1079536742166975,740027.2194730456,2472337.8772822865,0.0,0.0,0.9888559867011385,1.0,0.0,5.0044177836e-06,0.9888559867011385,12803.40542740322,7176.467534172035,0.0,80557.9253048639,100537.79826643915
2026-08-31 00:00:00+00:00,5.300410021487123,0.0,6665.600116450743,-5.300410021487123,2511.99,10.0,0.0,0.0,1.107958049712065,351110.01500003337,266640.6574132539,0,2427.14,2427.14,2427.14,2427.14,0.0,2427.14,2.364e-05,7516800.0,0.04811527573118224,1.0,1.107958049712065,740027.2194730456,2472337.8772822865,0.0,0.0,0.988861291486863,1.0,0.0,5.0344834896e-06,0.988861291486863,12864.837179552254,7115.339906773926,0.0,80558.44547365094,100538.62255997711
2026-08-31 01:00:00+00:00,5.300410021487123,0.0,6665.600116450743,-5.300410021487123,2511.99,10.0,0.0,0.0,1.107962424877945,351110.01500003337,266641.9998400072,0,2412.17,2412.17,2412.17,2412.17,0.0,2412.17,0.0,7513200.0,0.04811824846274848,1.0,1.107962424877945,740027.2194730456,2471979.8577991803,0.0,0.0,0.9888659281172136,1.0,0.0,5.0345786988e-06,0.9888659281172136,12785.490041530593,7194.687044795586,0.0,80558.73101424956,100538.90810057573
2026-08-31 02:00:00+00:00,5.300410021487123,0.0,6665.600116450743,-5.300410021487123,2511.99,10.0,0.0,0.0,1.10796680040787,351110.01500003337,266643.33428312733,0,2406.99,2406.99,2406.99,2406.99,0.0,2406.99,0.0,7509600.0,0.048118248503644656,1.0,1.10796680040787,740027.2194730456,2471979.8577991803,0.0,0.0,0.9888712332764352,1.0,0.0,5.004612108000001e-06,0.9888712332764352,12758.033917619288,7222.143168706892,0.0,80559.25926566334,100539.43635198951
2026-08-31 03:00:00+00:00,5.300410021487123,0.0,6665.600116450743,-5.300410021487123,2511.99,10.0,0.0,0.0,1.107971175955075,351110.01500003337,266644.6687377072,0,2419.95,2419.95,2419.95,2419.95,0.0,2419.95,0.0,7506000.0,0.04811824854457991,1.0,1.107971175955075,740027.2194730456,2471979.8577991803,0.0,0.0,0.9888765384641185,1.0,0.0,5.004630039599999e-06,0.9888765384641185,12826.727231497762,7153.449854828418,0.0,80559.78751561051,100539.96460193669
2026-08-31 04:00:00+00:00,5.300410021487123,0.0,6665.600116450743,-5.300410021487123,2511.99,10.0,0.0,0.0,1.1079755515195595,351110.01500003337,266646.10727120336,0,2416.36,2416.36,2416.36,2416.36,0.0,2416.36,0.0,7502400.0,0.04811824858555469,1.0,1.1079755515195595,740027.2194730456,2471979.8577991803,0.0,0.0,0.9888818436802634,1.0,0.0,5.3949310992e-06,0.9888818436802634,12807.698759520625,7172.478326805555,0.0,80560.2116966346,100540.38878296077
2026-08-31 05:00:00+00:00,5.300410021487123,0.0,6665.600116450743,-5.300410021487123,2511.99,10.0,0.0,0.0,1.1079799265083907,351110.01500003337,266647.43625812605,0,2434.91,2434.91,2434.91,2434.91,0.0,2434.91,0.0,7498800.0,0.04812333153697956,1.0,1.1079799265083907,740027.2194730456,2471367.826354178,0.0,0.0,0.9888860085890517,1.0,0.0,4.9840728012e-06,0.9888860085890517,12906.021365419208,7074.155720906971,0.0,80560.34505089902,100540.5221372252
2026-08-31 06:00:00+00:00,5.300410021487123,0.0,6665.600116450743,-5.300410021487123,2511.99,10.0,0.0,0.0,1.107984302107433,351110.01500003337,266648.77061951987,0,2437.55,2437.55,2437.55,2437.55,0.0,2437.55,0.0,7495200.0,0.04812333157803783,1.0,1.107984302107433,740027.2194730456,2471367.826354178,0.0,0.0,0.9888913144034532,1.0,0.0,5.004203579999999e-06,0.9888913144034532,12920.014447875936,7060.162638450242,0.0,80560.87361407932,100541.0507004055
2026-08-31 07:00:00+00:00,5.300410021487123,0.0,6665.600116450743,-5.300410021487123,2511.99,10.0,0.0,0.0,1.1079886777237549,351110.01500003337,266650.1051698272,0,2439.02,2439.02,2439.02,2439.02,0.0,2439.02,0.0,7491600.0,0.048123331619134735,1.0,1.1079886777237549,740027.2194730456,2471367.826354178,0.0,0.0,0.988896620246323,1.0,0.0,5.0048870076e-06,0.988896620246323,12927.806050607522,7052.371035718657,0.0,80561.40199834161,100541.57908466778
2026-08-31 08:00:00+00:00,5.300410021487123,0.0,6666.056550128883,-5.300410021487123,2511.99,10.0,0.0,0.0,1.1079930533573568,351110.01500003337,266651.4397307409,0,2445.0,2445.0,2445.0,2445.0,0.0,2445.0,3.522e-05,7488000.0,0.048123331660271385,1.0,1.1079930533573568,740027.2194730456,2471367.826354178,0.0,0.0,0.9889019261176609,1.0,0.0,5.0049017352e-06,0.9889019261176609,12959.502502536016,7021.131017468304,0.0,80561.93038199289,100542.5639019972
2026-08-31 09:00:00+00:00,5.300410021487123,0.0,6666.056550128883,-5.300410021487123,2511.99,10.0,0.0,0.0,1.107997414413489,351110.01500003337,266652.774301522,0,2445.47,2445.47,2445.47,2445.47,0.0,2445.47,0.0,7484400.0,0.048123410723336146,1.0,1.107997414413489,740027.2194730456,2471367.826354178,0.0,0.0,0.9889072143228598,1.0,0.0,5.004913690799999e-06,0.9889072143228598,12961.993695246112,7018.6398247582065,0.0,80562.45255301852,100543.08607302283
2026-08-31 10:00:00+00:00,5.300410021487123,0.0,6666.056550128883,-5.300410021487123,2511.99,10.0,0.0,0.0,1.1080018046764013,351110.01500003337,266654.10888238554,0,2454.37,2454.37,2454.37,2454.37,0.0,2454.37,0.0,7480800.0,0.048123331742664144,1.0,1.1080018046764013,740027.2194730456,2471367.826354178,0.0,0.0,0.988912537945742,1.0,0.0,5.0049264528e-06,0.988912537945742,13009.167344437348,6971.46617556697,0.0,80562.98714946501,100543.62066946932
2026-08-31 11:00:00+00:00,5.300410021487123,0.0,6666.056550128883,-5.300410021487123,2511.99,10.0,0.0,0.0,1.1080061803618437,351110.01500003337,266655.4434699286,0,2445.1,2445.1,2445.1,2445.1,0.0,2445.1,0.0,7477200.0,0.04812333178391981,1.0,1.1080061803618437,740027.2194730456,2471367.826354178,0.0,0.0,0.9889178439024854,1.0,0.0,5.0049264528e-06,0.9889178439024854,12960.032543538164,7020.600976466156,0.0,80563.51553647371,100544.14905647803
2026-08-31 12:00:00+00:00,5.300410021487123,0.0,6666.056550128883,-5.300410021487123,2511.99,10.0,0.0,0.0,1.1080105355440102,351110.01500003337,266656.77806814364,0,2450.61,2450.61,2450.61,2450.61,0.0,2450.61,0.0,7473600.0,0.04829925434620508,1.0,1.1080105355440102,745043.8420510293,2466890.7690666337,0.0,0.0,0.9888838175502627,1.0,0.0,5.0049414252000005e-06,0.9888838175502627,12989.237802756557,6991.39571724776,0.0,80550.23394521937,100530.86746522368
2026-08-31 13:00:00+00:00,5.300410021487123,0.0,6666.056550128883,-5.300410021487123,2511.99,10.0,0.0,0.0,1.108014911263932,351110.01500003337,266658.11267564463,0,2439.53,2439.53,2439.53,2439.53,0.0,2439.53,0.0,7470000.0,0.048299254387695,1.0,1.108014911263932,745043.8420510293,2466890.7690666337,0.0,0.0,0.9888891422988131,1.0,0.0,5.0049511992e-06,0.9888891422988131,12930.509259718481,7050.124260285837,0.0,80550.76891026174,100531.40243026605
2026-08-31 14:00:00+00:00,5.300410021487123,0.0,6666.056550128883,-5.300410021487123,2511.99,10.0,0.0,0.0,1.1080192624251481,351110.01500003337,266659.44732524065,0,2466.78,2466.78,2466.78,2466.78,0.0,2466.78,0.0,7466400.0,0.04850998130624595,1.0,1.1080192624251481,751084.7293535586,2461499.794133649,0.0,0.0,0.9888474088808684,1.0,0.0,5.0050840104e-06,0.9888474088808684,13074.945432804005,6905.688087200314,0.0,80534.78123966517,100515.41475966948
2026-08-31 15:00:00+00:00,5.300410021487123,0.0,6666.056550128883,-5.300410021487123,2511.99,10.0,0.0,0.0,1.1080236381795345,351110.01500003337,266660.7819815215,0,2466.4,2466.4,2466.4,2466.4,0.0,2466.4,0.0,7462800.0,0.04850998134800144,1.0,1.1080236381795345,751084.7293535586,2461499.794133649,0.0,0.0,0.9888527561224986,1.0,0.0,5.005084028399999e-06,0.9888527561224986,13072.93127699584,6907.702243008479,0.0,80535.3240534733,100515.95757347762
2026-08-31 16:00:00+00:00,5.300410021487123,0.0,6667.064080475965,-5.300410021487123,2511.99,10.0,0.0,0.0,1.1080280139512009,351110.01500003337,266662.1055161433,0,2468.0,2468.0,2468.0,2468.0,0.0,2468.0,7.702e-05,7459200.0,0.04850998138979756,1.0,1.1080280139512009,751084.7293535586,2461499.794133649,0.0,0.0,0.9888581033930441,1.0,0.0,4.9633520436000004e-06,0.9888581033930441,13081.411933030218,6900.2291173211825,0.0,80535.87799909298,100517.51904944438
2026-08-31 17:00:00+00:00,5.300410021487123,0.0,6667.064080475965,-5.300410021487123,2511.99,10.0,0.0,0.0,1.1080323897401483,351110.01500003337,266663.44017810444,0,2474.17,2474.17,2474.17,2474.17,0.0,2474.17,0.0,7455600.0,0.04850998143163343,1.0,1.1080323897401483,751084.7293535586,2461499.794133649,0.0,0.0,0.9888634506925055,1.0,0.0,5.0050554372e-06,0.9888634506925055,13114.115462862794,6867.525587488606,0.0,80536.4208275259,100518.0618778773
2026-08-31 18:00:00+00:00,5.300410021487123,0.0,6667.064080475965,-5.300410021487123,2511.99,10.0,0.0,0.0,1.108036765546376,351110.01500003337,266664.7748494077,0,2476.57,2476.57,2476.57,2476.57,0.0,2476.57,0.0,7452000.0,0.04850998147351038,1.0,1.108036765546376,751084.7293535586,2461499.794133649,0.0,0.0,0.9888687980208825,1.0,0.0,5.00506542e-06,0.9888687980208825,13126.836446914363,6854.804603437037,0.0,80536.96365676931,100518.60470712071
2026-08-31 19:00:00+00:00,5.300410021487123,0.0,6667.064080475965,-5.300410021487123,2511.99,10.0,0.0,0.0,1.108041141369885,351110.01500003337,266666.10953327396,0,2480.77,2480.77,2480.77,2480.77,0.0,2480.77,0.0,7448400.0,0.048509981515427514,1.0,1.108041141369885,751084.7293535586,2461499.794133649,0.0,0.0,0.9888741453781754,1.0,0.0,5.0050874808e-06,0.9888741453781754,13149.098169004608,6832.542881346792,0.0,80537.5064836024,100519.1475339538
2026-08-31 20:00:00+00:00,5.300410021487123,0.0,6667.064080475965,-5.300410021487123,2511.99,10.0,0.0,0.0,1.1080455172106747,351110.01500003337,266667.44424134627,0,2471.8,2471.8,2471.8,2471.8,0.0,2471.8,0.0,7444800.0,0.048509981557385284,1.0,1.1080455172106747,751084.7293535586,2461499.794133649,0.0,0.0,0.9888794927643845,1.0,0.0,5.0051532024e-06,0.9888794927643845,13101.55349111187,6880.0875592395305,0.0,80538.04929638217,100519.69034673358
2026-08-31 21:00:00+00:00,5.300410021487123,0.0,6667.064080475965,-5.300410021487123,2511.99,10.0,0.0,0.0,1.1080498930687455,351110.01500003337,266668.7789704166,0,2477.35,2477.35,2477.35,2477.35,0.0,2477.35,0.0,7441200.0,0.04850998159938391,1.0,1.1080498930687455,751084.7293535586,2461499.794133649,0.0,0.0,0.9888848401795097,1.0,0.0,5.0052068928e-06,0.9888848401795097,13130.970766731123,6850.6702836202785,0.0,80538.5920983167,100520.2331486681
2026-08-31 22:00:00+00:00,5.300410021487123,0.0,6667.064080475965,-5.300410021487123,2511.99,10.0,0.0,0.0,1.1080542919722713,351110.01500003337,266670.1137239066,0,2468.23,2468.23,2468.23,2468.23,0.0,2468.23,0.0,7437600.0,0.0483125314718682,1.0,1.1080542919722713,745423.8279263261,2466552.351632812,0.0,0.0,0.9889341124203216,1.0,0.0,5.0052734136e-06,0.9889341124203216,13082.631027335161,6899.010023016241,0.0,80554.55732203723,100536.19837238864
2026-08-31 23:00:00+00:00,5.300410021487123,0.0,6667.064080475965,-5.300410021487123,2511.99,10.0,0.0,0.0,1.108058667864995,351110.01500003337,266671.44849600946,0,2466.53,2466.53,2466.53,2466.53,0.0,2466.53,0.0,7434000.0,0.04831253151377268,1.0,1.108058667864995,745423.8279263261,2466552.351632812,0.0,0.0,0.9889394388694634,1.0,0.0,5.005318158e-06,0.9889394388694634,13073.620330298634,6908.0207200527675,0.0,80555.09271957242,100536.73376992383
2026-09-01 00:00:00+00:00,5.300410021487123,0.0,6667.812647153508,-5.300410021487123,2511.99,10.0,0.0,0.0,1.1080630437749996,351110.01500003337,266672.7832864739,0,2470.75,2470.75,2470.75,2470.75,0.0,2470.75,5.716e-05,7430400.0,0.0483125315557178,1.0,1.1080630437749996,745423.8279263261,2466552.351632812,0.0,0.0,0.9889447653472938,1.0,0.0,5.0053619592e-06,0.9889447653472938,13095.988060589309,6886.401556439636,0.0,80555.6281088189,100538.01772584784
2026-09-01 01:00:00+00:00,5.300410021487123,0.0,6667.812647153508,-5.300410021487123,2511.99,10.0,0.0,0.0,1.108067419702286,351110.01500003337,266674.1180968141,0,2461.77,2461.77,2461.77,2461.77,0.0,2461.77,0.0,7426800.0,0.04831253159770399,1.0,1.108067419702286,745423.8279263261,2466552.351632812,0.0,0.0,0.9889500918538129,1.0,0.0,5.0054114376e-06,0.9889500918538129,13048.390378596354,6933.999238432591,0.0,80556.16348826251,100538.55310529144
2026-09-01 02:00:00+00:00,5.300410021487123,0.0,6667.812647153508,-5.300410021487123,2511.99,10.0,0.0,0.0,1.1080717967282265,351110.01500003337,266675.4529261355,0,2463.83,2463.83,2463.83,2463.83,0.0,2463.83,0.0,7423200.0,0.04807979567293619,1.0,1.1080717967282265,738790.5723821224,2472473.116465478,0.0,0.0,0.9890071068448488,1.0,0.0,5.0054575608e-06,0.9890071068448488,13059.309223240616,6923.080393788327,0.0,80574.84719329898,100557.23681032792
2026-09-01 03:00:00+00:00,5.300410021487123,0.0,6667.812647153508,-5.300410021487123,2511.99,10.0,0.0,0.0,1.1080761726900794,351110.01500003337,266676.7882946111,0,2471.39,2471.39,2471.39,2471.39,0.0,2471.39,0.0,7419600.0,0.04807979571479715,1.0,1.1080761726900794,738790.5723821224,2472473.116465478,0.0,0.0,0.9890124086192499,1.0,0.0,5.0074542576e-06,0.9890124086192499,13099.380323003059,6883.009294025885,0.0,80575.37333091284,100557.76294794178
2026-09-01 04:00:00+00:00,5.300410021487123,0.0,6667.812647153508,-5.300410021487123,2511.99,10.0,0.0,0.0,1.1080805486692136,351110.01500003337,266678.1231531311,0,2468.94,2468.94,2468.94,2468.94,0.0,2468.94,0.0,7416000.0,0.04807979575669874,1.0,1.1080805486692136,738790.5723821224,2472473.116465478,0.0,0.0,0.9890177104220723,1.0,0.0,5.005516932e-06,0.9890177104220723,13086.394318450417,6895.995298578527,0.0,80575.89998846134,100558.28960549028
2026-09-01 05:00:00+00:00,5.300410021487123,0.0,6667.812647153508,-5.300410021487123,2511.99,10.0,0.0,0.0,1.108084904032195,351110.01500003337,266679.4580492674,0,2483.51,2483.51,2483.51,2483.51,0.0,2483.51,0.0,7412400.0,0.048253668815128714,1.0,1.108084904032195,743742.2364804047,2468053.8800952854,0.0,0.0,0.988984450924717,1.0,0.0,5.0056329312e-06,0.988984450924717,13163.621292463486,6818.768324565459,0.0,80562.88734970975,100545.27696673869
2026-09-01 06:00:00+00:00,5.300410021487123,0.0,6667.812647153508,-5.300410021487123,2511.99,10.0,0.0,0.0,1.1080892800458109,351110.01500003337,266680.7929576108,0,2470.69,2470.69,2470.69,2470.69,0.0,2470.69,0.0,7408800.0,0.048253668857266785,1.0,1.1080892800458109,743742.2364804047,2468053.8800952854,0.0,0.0,0.988989771305552,1.0,0.0,5.005653649200001e-06,0.988989771305552,13095.67003598802,6886.719581040925,0.0,80563.42048036115,100545.81009739009
2026-09-01 07:00:00+00:00,5.300410021487123,0.0,6667.812647153508,-5.300410021487123,2511.99,10.0,0.0,0.0,1.108093656076708,351110.01500003337,266682.1278809254,0,2471.44,2471.44,2471.44,2471.44,0.0,2471.44,0.0,7405200.0,0.048253668899445934,1.0,1.108093656076708,743742.2364804047,2468053.8800952854,0.0,0.0,0.9889950917150087,1.0,0.0,5.005684731599999e-06,0.9889950917150087,13099.645343504135,6882.74427352481,0.0,80563.95360609062,100546.34322311956
2026-09-01 08:00:00+00:00,5.300410021487123,0.0,6668.924096184512,-5.300410021487123,2511.99,10.0,0.0,0.0,1.108098032124887,351110.01500003337,266683.4628181294,0,2447.09,2447.09,2447.09,2447.09,0.0,2447.09,8.569e-05,7401600.0,0.04825366894166638,1.0,1.108098032124887,743742.2364804047,2468053.8800952854,0.0,0.0,0.9890004121530872,1.0,0.0,5.005711756800001e-06,0.9890004121530872,12970.580359480924,7012.920706579024,0.0,80564.48672798026,100547.98779404021
2026-09-01 09:00:00+00:00,5.300410021487123,0.0,6668.924096184512,-5.300410021487123,2511.99,10.0,0.0,0.0,1.1081024081903477,351110.01500003337,266684.7977681976,0,2451.1,2451.1,2451.1,2451.1,0.0,2451.1,0.0,7398000.0,0.04825366898392747,1.0,1.1081024081903477,743742.2364804047,2468053.8800952854,0.0,0.0,0.989005732619788,1.0,0.0,5.005734937200001e-06,0.989005732619788,12991.835003667085,6991.666062392862,0.0,80565.01984705514,100548.52091311509
2026-09-01 10:00:00+00:00,5.300410021487123,0.0,6668.924096184512,-5.300410021487123,2511.99,10.0,0.0,0.0,1.1081067842730903,351110.01500003337,266686.8312425173,0,2455.78,2455.78,2455.78,2455.78,0.0,2455.78,0.0,7394400.0,0.04825366902623052,1.0,1.1081067842730903,743742.2364804047,2468053.8800952854,0.0,0.0,0.9890110531151106,1.0,0.0,7.6249811916e-06,0.9890110531151106,13016.640922567647,6966.8601434923,0.0,80564.854451928,100548.35551798795
2026-09-01 11:00:00+00:00,5.300410021487123,0.0,6668.924096184512,-5.300410021487123,2511.99,10.0,0.0,0.0,1.1081111603731149,351110.01500003337,266688.92763910984,0,2457.87,2457.87,2457.87,2457.87,0.0,2457.87,0.0,7390800.0,0.04825366906857442,1.0,1.1081111603731149,743742.2364804047,2468053.8800952854,0.0,0.0,0.9890163736390558,1.0,0.0,7.8608619072e-06,0.9890163736390558,13027.718779512554,6955.7822865473945,0.0,80564.62614457763,100548.12721063758
2026-09-01 12:00:00+00:00,5.300410021487123,0.0,6668.924096184512,-5.300410021487123,2511.99,10.0,0.0,0.0,1.1081155364904207,351110.01500003337,266690.71352488874,0,2445.22,2445.22,2445.22,2445.22,0.0,2445.22,0.0,7387200.0,0.04825366911095896,1.0,1.1081155364904207,743742.2364804047,2468053.8800952854,0.0,0.0,0.9890216941916236,1.0,0.0,6.6964902336e-06,0.9890216941916236,12960.668592740742,7022.832473319207,0.0,80564.7083580906,100548.20942415055
2026-09-01 13:00:00+00:00,5.300410021487123,0.0,6668.924096184512,-5.300410021487123,2511.99,10.0,0.0,0.0,1.108119902934672,351110.01500003337,266692.4988786804,0,2442.99,2442.99,2442.99,2442.99,0.0,2442.99,0.0,7383600.0,0.048335334683935915,1.0,1.108119902934672,746075.9910422139,2465971.0736814467,0.0,0.0,0.9890089754085657,1.0,0.0,6.6944506320000005e-06,0.9890089754085657,12948.848678392824,7034.652387667124,0.0,80558.45731218875,100541.9583782487
2026-09-01 14:00:00+00:00,5.300410021487123,0.0,6668.924096184512,-5.300410021487123,2511.99,10.0,0.0,0.0,1.1081242790865042,351110.01500003337,266694.0592647284,0,2448.24,2448.24,2448.24,2448.24,0.0,2448.24,0.0,7380000.0,0.04833533472647766,1.0,1.1081242790865042,746075.9910422139,2465971.0736814467,0.0,0.0,0.9890143047166845,1.0,0.0,5.850863783999999e-06,0.9890143047166845,12976.675831005632,7006.825235054315,0.0,80558.76809959428,100542.26916565423
2026-09-01 15:00:00+00:00,5.300410021487123,0.0,6668.924096184512,-5.300410021487123,2511.99,10.0,0.0,0.0,1.1081286552556184,351110.01500003337,266695.414638541,0,2447.9,2447.9,2447.9,2447.9,0.0,2447.9,0.0,7376400.0,0.048335334769060045,1.0,1.1081286552556184,746075.9910422139,2465971.0736814467,0.0,0.0,0.9890196340535207,1.0,0.0,5.0821168356e-06,0.9890196340535207,12974.873691598328,7008.62737446162,0.0,80559.28390931815,100542.7849753781
2026-09-01 16:00:00+00:00,5.300410021487123,0.0,6669.065874095963,-5.300410021487123,2511.99,10.0,0.0,0.0,1.108133031442015,351110.01500003337,266696.77141786716,0,2431.68,2431.68,2431.68,2431.68,0.0,2431.68,1.1e-05,7372800.0,0.04833533481168484,1.0,1.108133031442015,746075.9910422139,2465971.0736814467,0.0,0.0,0.989024963419074,1.0,0.0,5.0873610888e-06,0.989024963419074,12888.901041049805,7094.741802921594,0.0,80559.79832361138,100543.44116758279
2026-09-01 17:00:00+00:00,5.300410021487123,0.0,6669.065874095963,-5.300410021487123,2511.99,10.0,0.0,0.0,1.108137407645694,351110.01500003337,266698.1774153738,0,2417.3,2417.3,2417.3,2417.3,0.0,2417.3,0.0,7369200.0,0.04833533485435093,1.0,1.108137407645694,746075.9910422139,2465971.0736814467,0.0,0.0,0.9890302928133449,1.0,0.0,5.2718815944000005e-06,0.9890302928133449,12812.681144940823,7170.961699030577,0.0,80560.2635298071,100543.9063737785
2026-09-01 18:00:00+00:00,5.300410021487123,0.0,6669.065874095963,-5.300410021487123,2511.99,10.0,0.0,0.0,1.1081417838666552,351110.01500003337,266699.6123148349,0,2411.8,2411.8,2411.8,2411.8,0.0,2411.8,0.0,7365600.0,0.04833533489705877,1.0,1.1081417838666552,746075.9910422139,2465971.0736814467,0.0,0.0,0.9890356222363333,1.0,0.0,5.380222748399999e-06,0.9890356222363333,12783.528889822643,7200.113954148756,0.0,80560.69984413142,100544.34268810283
2026-09-01 19:00:00+00:00,5.300410021487123,0.0,6669.065874095963,-5.300410021487123,2511.99,10.0,0.0,0.0,1.1081461601048987,351110.01500003337,266701.0473179459,0,2417.99,2417.99,2417.99,2417.99,0.0,2417.99,0.0,7362000.0,0.04833533493980924,1.0,1.1081461601048987,746075.9910422139,2465971.0736814467,0.0,0.0,0.9890409516880394,1.0,0.0,5.3805824388e-06,0.9890409516880394,12816.338427855646,7167.304416115753,0.0,80561.13606488885,100544.77890886026
2026-09-01 20:00:00+00:00,5.300410021487123,0.0,6669.065874095963,-5.300410021487123,2511.99,10.0,0.0,0.0,1.1081505363604252,351110.01500003337,266702.47995925293,0,2420.23,2420.23,2420.23,2420.23,0.0,2420.23,0.0,7358400.0,0.04833533498260012,1.0,1.1081505363604252,746075.9910422139,2465971.0736814467,0.0,0.0,0.9890462811684637,1.0,0.0,5.371697912399999e-06,0.9890462811684637,12828.211346303779,7155.4314976676205,0.0,80561.57465753361,100545.21750150502
2026-09-01 21:00:00+00:00,5.300410021487123,0.0,6669.065874095963,-5.300410021487123,2511.99,10.0,0.0,0.0,1.1081549107711182,351110.01500003337,266703.9177912621,0,2414.27,2414.27,2414.27,2414.27,0.0,2414.27,0.0,7354800.0,0.04835102827787252,1.0,1.1081549107711182,746525.0326036504,2465570.313948816,0.0,0.0,0.9890481577144624,1.0,0.0,5.391131471999999e-06,0.9890481577144624,12796.620902575716,7187.021941395684,0.0,80560.79569961817,100544.43854358958
2026-09-01 22:00:00+00:00,5.300410021487123,0.0,6669.065874095963,-5.300410021487123,2511.99,10.0,0.0,0.0,1.1081592870612023,351110.01500003337,266705.35555022804,0,2411.85,2411.85,2411.85,2411.85,0.0,2411.85,0.0,7351200.0,0.04835102832076177,1.0,1.1081592870612023,746525.0326036504,2465570.313948816,0.0,0.0,0.9890534889238631,1.0,0.0,5.390828535600001e-06,0.9890534889238631,12783.793910323717,7199.848933647683,0.0,80561.22978166491,100544.87262563632
2026-09-01 23:00:00+00:00,5.300410021487123,0.0,6669.065874095963,-5.300410021487123,2511.99,10.0,0.0,0.0,1.1081636633685688,351110.01500003337,266706.7906452381,0,2417.46,2417.46,2417.46,2417.46,0.0,2417.46,0.0,7347600.0,0.04835102836369343,1.0,1.1081636633685688,746525.0326036504,2465570.313948816,0.0,0.0,0.9890588201620004,1.0,0.0,5.3808111432e-06,0.9890588201620004,12813.52921054426,7170.11363342714,0.0,80561.66653775715,100545.30938172856
2026-09-02 00:00:00+00:00,5.300410021487123,0.0,6669.077614851868,-5.300410021487123,2511.99,10.0,0.0,0.0,1.108168039693218,351110.01500003337,266708.2258430932,0,2407.68,2407.68,2407.68,2407.68,0.0,2407.68,9.2e-07,7344000.0,0.048351028406667496,1.0,1.108168039693218,746525.0326036504,2465570.313948816,0.0,0.0,0.9890641514288743,1.0,0.0,5.3811677988e-06,0.9890641514288743,12761.691200534115,7221.96338419319,0.0,80562.10320109414,100545.75778582145
2026-09-02 01:00:00+00:00,5.300410021487123,0.0,6669.077614851868,-5.300410021487123,2511.99,10.0,0.0,0.0,1.1081724585065424,351110.01500003337,266709.66114380443,0,2398.01,2398.01,2398.01,2398.01,0.0,2398.01,0.0,7340400.0,0.047993158621633114,1.0,1.1081724585065424,736333.4099534292,2474667.7040434615,0.0,0.0,0.9891480876344493,1.0,0.0,5.3815244904e-06,0.9891480876344493,12710.436235626335,7273.218349100968,0.0,80590.13874278136,100573.79332750867
2026-09-02 02:00:00+00:00,5.300410021487123,0.0,6669.077614851868,-5.300410021487123,2511.99,10.0,0.0,0.0,1.1081768348659256,351110.01500003337,266711.096547382,0,2408.96,2408.96,2408.96,2408.96,0.0,2408.96,0.0,7336800.0,0.0479931586643656,1.0,1.1081768348659256,736333.4099534292,2474667.7040434615,0.0,0.0,0.9891533808301098,1.0,0.0,5.3818812144e-06,0.9891533808301098,12768.475725361619,7215.178859365685,0.0,80590.56183321157,100574.21641793888
2026-09-02 03:00:00+00:00,5.300410021487123,0.0,6669.077614851868,-5.300410021487123,2511.99,10.0,0.0,0.0,1.1081812112425913,351110.01500003337,266712.5320538381,0,2413.34,2413.34,2413.34,2413.34,0.0,2413.34,0.0,7333200.0,0.04799315870714005,1.0,1.1081812112425913,736333.4099534292,2474667.7040434615,0.0,0.0,0.9891586740540957,1.0,0.0,5.382237978e-06,0.9891586740540957,12791.691521255732,7191.96306347157,0.0,80590.98483070859,100574.6394154359
2026-09-02 04:00:00+00:00,5.300410021487123,0.0,6669.077614851868,-5.300410021487123,2511.99,10.0,0.0,0.0,1.1081855876365403,351110.01500003337,266713.9250256909,0,2414.15,2414.15,2414.15,2414.15,0.0,2414.15,0.0,7329600.0,0.04799315874995602,1.0,1.1081855876365403,736333.4099534292,2474667.7040434615,0.0,0.0,0.9891639673064072,1.0,0.0,5.2227325223999995e-06,0.9891639673064072,12795.984853373138,7187.669731354166,0.0,80591.45037275425,100575.10495748156
2026-09-02 05:00:00+00:00,5.300410021487123,0.0,6669.077614851868,-5.300410021487123,2511.99,10.0,0.0,0.0,1.1081899640477724,351110.01500003337,266715.25913864863,0,2421.31,2421.31,2421.31,2421.31,0.0,2421.31,0.0,7326000.0,0.04799315879281418,1.0,1.1081899640477724,736333.4099534292,2474667.7040434615,0.0,0.0,0.9891692605870442,1.0,0.0,5.002024626e-06,0.9891692605870442,12833.935789126985,7149.718795600319,0.0,80591.97478364041,100575.62936836772
2026-09-02 06:00:00+00:00,5.300410021487123,0.0,6669.077614851868,-5.300410021487123,2511.99,10.0,0.0,0.0,1.1081943404762877,351110.01500003337,266716.66631954,0,2419.55,2419.55,2419.55,2419.55,0.0,2419.55,0.0,7322400.0,0.047993158835715644,1.0,1.1081943404762877,736333.4099534292,2474667.7040434615,0.0,0.0,0.9891745538960067,1.0,0.0,5.2759530288e-06,0.9891745538960067,12824.607067489169,7159.047517238136,0.0,80592.42613653821,100576.08072126552
2026-09-02 07:00:00+00:00,5.300410021487123,0.0,6669.077614851868,-5.300410021487123,2511.99,10.0,0.0,0.0,1.1081987169220862,351110.01500003337,266718.09782192507,0,2416.65,2416.65,2416.65,2416.65,0.0,2416.65,0.0,7318800.0,0.04799315887865774,1.0,1.1081987169220862,736333.4099534292,2474667.7040434615,0.0,0.0,0.9891798472332956,1.0,0.0,5.3671132116000004e-06,0.9891798472332956,12809.235878426854,7174.418706300448,0.0,80592.85317788803,100576.50776261534
2026-09-02 08:00:00+00:00,5.300410021487123,0.0,6669.723745039957,-5.300410021487123,2511.99,10.0,0.0,0.0,1.108203093385168,351110.01500003337,266719.47299292224,0,2392.11,2392.11,2392.11,2392.11,0.0,2392.11,5.096e-05,7315200.0,0.04799315892164269,1.0,1.108203093385168,736333.4099534292,2474667.7040434615,0.0,0.0,0.9891851405989103,1.0,0.0,5.155883546400001e-06,0.9891851405989103,12679.163816499562,7305.136898415832,0.0,80593.33656057128,100577.63727548666
2026-09-02 09:00:00+00:00,5.60722257138866,0.18229408089064236,6655.1205087274175,-5.60722257138866,2375.43,10.0,0.0,0.0,1.1082074698655333,351110.01500003337,266720.8159741092,0,2375.43,2375.43,2375.43,2375.43,0.0,2375.43,0.0,7311600.0,0.047993158964670934,1.0,1.1082074698655333,736333.4099534292,2474667.7040434615,0.0,0.0,0.989190433992851,1.0,0.0,5.0351696892e-06,0.989190433992851,13319.747006834654,6655.1205087274175,0.0,80593.85214301018,100568.71965857226
2026-09-02 10:00:00+00:00,5.60722257138866,0.18229408089064236,6655.1205087274175,-5.60722257138866,2375.43,10.0,0.0,0.0,1.1082118463631818,351110.01500003337,266722.1589665339,0,2371.5,2371.5,2371.5,2371.5,0.0,2371.5,0.0,7308000.0,0.04799315900774048,1.0,1.1082118463631818,736333.4099534292,2474667.7040434615,0.0,0.0,0.9891957274151183,1.0,0.0,5.0351864688e-06,0.9891957274151183,13297.710622129098,6677.156893432974,0.0,80594.36772415723,100569.2352397193
2026-09-02 11:00:00+00:00,5.60722257138866,0.18229408089064236,6655.1205087274175,-5.60722257138866,2375.43,10.0,0.0,0.0,1.1082162273172214,351110.01500003337,266723.50197087514,0,2380.58,2380.58,2380.58,2380.58,0.0,2380.58,0.0,7304400.0,0.047955763048228794,1.0,1.1082162273172214,736333.4097752139,2479179.2659205114,0.0,0.0,0.9892091968260132,1.0,0.0,5.0352057936e-06,0.9892091968260132,13348.624203077306,6626.243312484766,0.0,80597.75396487728,100572.62148043935
2026-09-02 12:00:00+00:00,5.60722257138866,0.18229408089064236,6655.1205087274175,-5.60722257138866,2375.43,10.0,0.0,0.0,1.1082206038494549,351110.01500003337,266724.84498694877,0,2376.55,2376.55,2376.55,2376.55,0.0,2376.55,0.0,7300800.0,0.04795576309134897,1.0,1.1082206038494549,736333.4097752139,2479179.2659205114,0.0,0.0,0.9892144863191027,1.0,0.0,5.0352244272e-06,0.9892144863191027,13326.027096114613,6648.840419447461,0.0,80598.26814280171,100573.13565836378
2026-09-02 13:00:00+00:00,5.60722257138866,0.18229408089064236,6655.1205087274175,-5.60722257138866,2375.43,10.0,0.0,0.0,1.1082249803989717,351110.01500003337,266726.1880133856,0,2402.3,2402.3,2402.3,2402.3,0.0,2402.3,0.0,7297200.0,0.047955763134512,1.0,1.1082249803989717,736333.4097752139,2479179.2659205114,0.0,0.0,0.9892197758404762,1.0,0.0,5.0352379272e-06,0.9892197758404762,13470.41307732787,6504.454438234202,0.0,80598.78232029366,100573.64983585573
2026-09-02 14:00:00+00:00,5.60722257138866,0.18229408089064236,6655.1205087274175,-5.60722257138866,2375.43,10.0,0.0,0.0,1.1082293886348127,351110.01500003337,266727.5310494444,0,2393.39,2393.39,2393.39,2393.39,0.0,2393.39,0.0,7293600.0,0.04768901819133786,1.0,1.1082293886348127,728799.4393156505,2485904.823080786,0.0,0.0,0.9892833094748879,1.0,0.0,5.035248648e-06,0.9892833094748879,13420.452724216795,6554.414791345277,0.0,80619.7465795661,100594.61409512817
2026-09-02 15:00:00+00:00,5.60722257138866,0.18229408089064236,6655.1205087274175,-5.60722257138866,2375.43,10.0,0.0,0.0,1.1082337652190224,351110.01500003337,266728.8740961979,0,2390.15,2390.15,2390.15,2390.15,0.0,2390.15,0.0,7290000.0,0.04768901823434035,1.0,1.1082337652190224,728799.4393156505,2485904.823080786,0.0,0.0,0.9892885706150094,1.0,0.0,5.0352633899999994e-06,0.9892885706150094,13402.285323085496,6572.582192476575,0.0,80620.25077179965,100595.11828736172
2026-09-02 16:00:00+00:00,5.60722257138866,0.18229408089064236,6655.81385523776,-5.60722257138866,2375.43,10.0,0.0,0.0,1.1082381418205158,351110.01500003337,266730.2171530565,0,2385.27,2385.27,2385.27,2385.27,0.0,2385.27,5.184e-05,7286400.0,0.047689018277385475,1.0,1.1082381418205158,728799.4393156505,2485904.823080786,0.0,0.0,0.9892938317831104,1.0,0.0,5.0352759216e-06,0.9892938317831104,13374.92207693712,6600.638785135296,0.0,80620.75496375182,100596.31582582425
2026-09-02 17:00:00+00:00,5.60722257138866,0.18229408089064236,6655.81385523776,-5.60722257138866,2375.43,10.0,0.0,0.0,1.1082425184392932,351110.01500003337,266731.5602205198,0,2392.58,2392.58,2392.58,2392.58,0.0,2392.58,0.0,7282800.0,0.04768901832047279,1.0,1.1082425184392932,728799.4393156505,2485904.823080786,0.0,0.0,0.9892990929791909,1.0,0.0,5.035290325200001e-06,0.9892990929791909,13415.91087393397,6559.649988138444,0.0,80621.25915492338,100596.8200169958
2026-09-02 18:00:00+00:00,5.60722257138866,0.18229408089064236,6655.81385523776,-5.60722257138866,2375.43,10.0,0.0,0.0,1.1082468950753543,351110.01500003337,266732.90329873847,0,2394.05,2394.05,2394.05,2394.05,0.0,2394.05,0.0,7279200.0,0.04768901836360295,1.0,1.1082468950753543,728799.4393156505,2485904.823080786,0.0,0.0,0.9893043542032512,1.0,0.0,5.035305294000001e-06,0.9893043542032512,13424.153491113913,6551.407370958502,0.0,80621.76334516337,100597.3242072358
2026-09-02 19:00:00+00:00,5.60722257138866,0.18229408089064236,6655.81385523776,-5.60722257138866,2375.43,10.0,0.0,0.0,1.1082512717286999,351110.01500003337,266734.2463877002,0,2392.15,2392.15,2392.15,2392.15,0.0,2392.15,0.0,7275600.0,0.047689018406775086,1.0,1.1082512717286999,728799.4393156505,2485904.823080786,0.0,0.0,0.9893096154552916,1.0,0.0,5.0353202159999995e-06,0.9893096154552916,13413.499768228274,6562.0610938441405,0.0,80622.2675344845,100597.82839655693
2026-09-02 20:00:00+00:00,5.60722257138866,0.18229408089064236,6655.81385523776,-5.60722257138866,2375.43,10.0,0.0,0.0,1.1082556483993293,351110.01500003337,266735.5894895099,0,2392.65,2392.65,2392.65,2392.65,0.0,2392.65,0.0,7272000.0,0.04768901844999074,1.0,1.1082556483993293,728799.4393156505,2485904.823080786,0.0,0.0,0.9893148767353118,1.0,0.0,5.035343029200001e-06,0.9893148767353118,13416.303379513969,6559.257482558446,0.0,80622.77172078163,100598.33258285405
2026-09-02 21:00:00+00:00,5.60722257138866,0.18229408089064236,6655.81385523776,-5.60722257138866,2375.43,10.0,0.0,0.0,1.1082600250872434,351110.01500003337,266736.932605731,0,2389.18,2389.18,2389.18,2389.18,0.0,2389.18,0.0,7268400.0,0.04768901849324947,1.0,1.1082600250872434,728799.4393156505,2485904.823080786,0.0,0.0,0.9893201380433121,1.0,0.0,5.0353717032e-06,0.9893201380433121,13396.846317191248,6578.714544881166,0.0,80623.27590249135,100598.83676456378
2026-09-02 22:00:00+00:00,5.60722257138866,0.18229408089064236,6655.81385523776,-5.60722257138866,2375.43,10.0,0.0,0.0,1.1082644017924412,351110.01500003337,266738.27573769266,0,2378.79,2378.79,2378.79,2378.79,0.0,2378.79,0.0,7264800.0,0.0476890185365515,1.0,1.1082644017924412,728799.4393156505,2485904.823080786,0.0,0.0,0.9893253993792928,1.0,0.0,5.035405359600001e-06,0.9893253993792928,13338.58727467452,6636.973587397893,0.0,80623.78007828485,100599.34094035727
2026-09-02 23:00:00+00:00,5.60722257138866,0.18229408089064236,6655.81385523776,-5.60722257138866,2375.43,10.0,0.0,0.0,1.1082687785149237,351110.01500003337,266739.61888575513,0,2390.91,2390.91,2390.91,2390.91,0.0,2390.91,0.0,7261200.0,0.04768901857989505,1.0,1.1082687785149237,728799.4393156505,2485904.823080786,0.0,0.0,0.9893306607432542,1.0,0.0,5.035440366000001e-06,0.9893306607432542,13406.54681223975,6569.014049832664,0.0,80624.28424780176,100599.84510987418
2026-09-03 00:00:00+00:00,5.60722257138866,0.18229408089064236,6657.0105115322185,-5.60722257138866,2375.43,10.0,0.0,0.0,1.1082731581174101,351110.01500003337,266741.47766499716,0,2378.66,2378.66,2378.66,2378.66,0.0,2378.66,8.972e-05,7257600.0,0.047664910535970995,1.0,1.1082731581174101,728121.3078790951,2486510.2084411783,0.0,0.0,0.9893411613561024,1.0,0.0,6.968491495200001e-06,0.9893411613561024,13337.85833574024,6638.899182626633,0.0,80626.1123388944,100602.86985726128
2026-09-03 01:00:00+00:00,5.60722257138866,0.18229408089064236,6657.0105115322185,-5.60722257138866,2375.43,10.0,0.0,0.0,1.108277534874473,351110.01500003337,266742.8208874839,0,2385.72,2385.72,2385.72,2385.72,0.0,2385.72,0.0,7254000.0,0.047664910579378494,1.0,1.108277534874473,728121.3078790951,2486510.2084411783,0.0,0.0,0.989346420205052,1.0,0.0,5.035658932799999e-06,0.989346420205052,13377.445327094243,6599.312191272629,0.0,80626.61555094126,100603.37306930815
2026-09-03 02:00:00+00:00,5.60722257138866,0.18229408089064236,6657.0105115322185,-5.60722257138866,2375.43,10.0,0.0,0.0,1.1082818669376788,351110.01500003337,266744.1641420371,0,2405.0,2405.0,2405.0,2405.0,0.0,2405.0,0.0,7250400.0,0.048041501071673265,1.0,1.1082818669376788,738766.4482514862,2477008.622431734,0.0,0.0,0.9892699348773385,1.0,0.0,5.0357537892e-06,0.9892699348773385,13485.552578270619,6491.204940096255,0.0,80598.41753182723,100575.17505019411
2026-09-03 03:00:00+00:00,5.60722257138866,0.18229408089064236,6657.0105115322185,-5.60722257138866,2375.43,10.0,0.0,0.0,1.108286243729134,351110.01500003337,266745.5074873343,0,2402.39,2402.39,2402.39,2402.39,0.0,2402.39,0.0,7246800.0,0.04804150111551864,1.0,1.108286243729134,738766.4482514862,2477008.622431734,0.0,0.0,0.9892752339341366,1.0,0.0,5.03606862e-06,0.9892752339341366,13470.917727359292,6505.83979100758,0.0,80598.9347384419,100575.69225680878
2026-09-03 04:00:00+00:00,5.60722257138866,0.18229408089064236,6657.0105115322185,-5.60722257138866,2375.43,10.0,0.0,0.0,1.1082906205378737,351110.01500003337,266746.8508571342,0,2407.55,2407.55,2407.55,2407.55,0.0,2407.55,0.0,7243200.0,0.04804150115940797,1.0,1.1082906205378737,738766.4482514862,2477008.622431734,0.0,0.0,0.9892805330193193,1.0,0.0,5.0361351156e-06,0.9892805330193193,13499.85099582766,6476.906522539213,0.0,80599.45193052001,100576.20944888689
2026-09-03 05:00:00+00:00,5.60722257138866,0.18229408089064236,6657.0105115322185,-5.60722257138866,2375.43,10.0,0.0,0.0,1.1082949973638982,351110.01500003337,266748.19425168005,0,2403.87,2403.87,2403.87,2403.87,0.0,2403.87,0.0,7239600.0,0.04804150120334083,1.0,1.1082949973638982,738766.4482514862,2477008.622431734,0.0,0.0,0.9892858321328867,1.0,0.0,5.036202522e-06,0.9892858321328867,13479.216416764948,6497.541101601924,0.0,80599.96910781827,100576.72662618515
2026-09-03 06:00:00+00:00,5.60722257138866,0.18229408089064236,6657.0105115322185,-5.60722257138866,2375.43,10.0,0.0,0.0,1.1082993742072076,351110.01500003337,266749.53767238284,0,2407.33,2407.33,2407.33,2407.33,0.0,2407.33,0.0,7236000.0,0.0480415012473181,1.0,1.1082993742072076,738766.4482514862,2477008.622431734,0.0,0.0,0.9892911312748388,1.0,0.0,5.0362752168e-06,0.9892911312748388,13498.617406861953,6478.140111504919,0.0,80600.48626892577,100577.24378729265
2026-09-03 07:00:00+00:00,5.60722257138866,0.18229408089064236,6657.0105115322185,-5.60722257138866,2375.43,10.0,0.0,0.0,1.1083037352508398,351110.01500003337,266750.88111958466,0,2397.33,2397.33,2397.33,2397.33,0.0,2397.33,0.0,7232400.0,0.0480518410558568,1.0,1.1083037352508398,739057.957544786,2476748.427145751,0.0,0.0,0.9892941920755368,1.0,0.0,5.0363491932e-06,0.9892941920755368,13442.545181148067,6534.212337218806,0.0,80600.21749950293,100576.97501786982
2026-09-03 08:00:00+00:00,5.60722257138866,0.18229408089064236,6658.141771604555,-5.60722257138866,2375.43,10.0,0.0,0.0,1.1083081267279709,351110.01500003337,266752.2246029438,0,2402.65,2402.65,2402.65,2402.65,0.0,2402.65,8.397e-05,7228800.0,0.04805175944705775,1.0,1.1083081267279709,739057.957544786,2476748.427145751,0.0,0.0,0.9892995100439844,1.0,0.0,5.0364593748e-06,0.9892995100439844,13472.375605227855,6505.513173211354,0.0,80600.7412081252,100578.62998656441
2026-09-03 09:00:00+00:00,5.60722257138866,0.18229408089064236,6658.141771604555,-5.60722257138866,2375.43,10.0,0.0,0.0,1.1083125036231303,351110.01500003337,266753.5681096809,0,2392.65,2392.65,2392.65,2392.65,0.0,2392.65,0.0,7225200.0,0.04805175949117513,1.0,1.1083125036231303,739057.957544786,2476748.427145751,0.0,0.0,0.9893048103645841,1.0,0.0,5.0365216476e-06,0.9893048103645841,13416.303379513969,6561.585398925241,0.0,80601.2586970334,100579.14747547261
2026-09-03 10:00:00+00:00,5.60722257138866,0.18229408089064236,6658.141771604555,-5.60722257138866,2375.43,10.0,0.0,0.0,1.1083168809576982,351110.01500003337,266754.91164654907,0,2395.74,2395.74,2395.74,2395.74,0.0,2395.74,0.0,7221600.0,0.04804820354384942,1.0,1.1083168809576982,738956.8998493578,2476838.6376881124,0.0,0.0,0.9893108793804397,1.0,0.0,5.0366092356e-06,0.9893108793804397,13433.629697259557,6544.259081179652,0.0,80602.0460524133,100579.93483085251
2026-09-03 11:00:00+00:00,5.60722257138866,0.18229408089064236,6658.141771604555,-5.60722257138866,2375.43,10.0,0.0,0.0,1.1083212578874295,351110.01500003337,266756.67565180914,0,2406.12,2406.12,2406.12,2406.12,0.0,2406.12,0.0,7218000.0,0.04804820358805184,1.0,1.1083212578874295,738956.8998493578,2476838.6376881124,0.0,0.0,0.9893161793787668,1.0,0.0,6.6128095512e-06,0.9893161793787668,13491.832667550572,6486.056110888637,0.0,80602.14292964537,100580.03170808459
2026-09-03 12:00:00+00:00,5.60722257138866,0.18229408089064236,6658.141771604555,-5.60722257138866,2375.43,10.0,0.0,0.0,1.1083256348344461,351110.01500003337,266758.03063528205,0,2422.35,2422.35,2422.35,2422.35,0.0,2422.35,0.0,7214400.0,0.04804820363229867,1.0,1.1083256348344461,738956.8998493578,2476838.6376881124,0.0,0.0,0.9893214794054874,1.0,0.0,5.0794606296e-06,0.9893214794054874,13582.837889884211,6395.050888554999,0.0,80602.64883863385,100580.53761707306
2026-09-03 13:00:00+00:00,5.60722257138866,0.18229408089064236,6658.141771604555,-5.60722257138866,2375.43,10.0,0.0,0.0,1.1083300117987478,351110.01500003337,266759.77850659256,0,2428.75,2428.75,2428.75,2428.75,0.0,2428.75,0.0,7210800.0,0.04804820367659013,1.0,1.1083300117987478,738956.8998493578,2476838.6376881124,0.0,0.0,0.9893267794606014,1.0,0.0,6.552251042400001e-06,0.9893267794606014,13618.7241143411,6359.164664098111,0.0,80602.76186975394,100580.65064819316
2026-09-03 14:00:00+00:00,5.60722257138866,0.18229408089064236,6658.141771604555,-5.60722257138866,2375.43,10.0,0.0,0.0,1.108334329662493,351110.01500003337,266761.1241307572,0,2488.32,2488.32,2488.32,2488.32,0.0,2488.32,0.0,7207200.0,0.048546325538827206,1.0,1.108334329662493,753209.3253779847,2464117.830862787,0.0,0.0,0.9892246485492511,1.0,0.0,5.044316569199999e-06,0.9892246485492511,13952.746362918722,6025.142415520488,0.0,80565.55705977313,100543.44583821234
2026-09-03 15:00:00+00:00,5.292270922610484,0.0,6652.593796438466,-5.292270922610484,2515.99,10.0,0.0,0.0,1.1083387503177324,351110.01500003337,266762.870339843,0,2515.99,2515.99,2515.99,2515.99,0.0,2515.99,0.0,7203600.0,0.04854632558367711,1.0,1.1083387503177324,753209.3253779847,2464117.830862787,0.0,0.0,0.989230001744731,1.0,0.0,6.5459439648e-06,0.989230001744731,13315.300718578752,6652.593796438466,0.0,80565.69041123253,100533.58492624975
2026-09-03 16:00:00+00:00,5.292270922610484,0.0,6653.753519593027,-5.292270922610484,2515.99,10.0,0.0,0.0,1.1083432250728795,351110.01500003337,266764.3165813429,0,2493.29,2493.29,2493.29,2493.29,0.0,2493.29,8.789e-05,7200000.0,0.048546325628572085,1.0,1.1083432250728795,753209.3253779847,2464117.830862787,0.0,0.0,0.9892353549691797,1.0,0.0,5.421435066e-06,0.9892353549691797,13195.166168635495,6773.888069536284,0.0,80566.12374044914,100535.17797862092
2026-09-03 17:00:00+00:00,5.292270922610484,0.0,6653.753519593027,-5.292270922610484,2515.99,10.0,0.0,0.0,1.1083477523203022,351110.01500003337,266766.07697993045,0,2499.36,2499.36,2499.36,2499.36,0.0,2499.36,0.0,7196400.0,0.04810417604976913,1.0,1.1083477523203022,740549.3326274959,2475418.9189325417,0.0,0.0,0.9893359230943617,1.0,0.0,6.5990564316e-06,0.9893359230943617,13227.290253135741,6741.763985036037,0.0,80599.67381780274,100568.72805597453
2026-09-03 18:00:00+00:00,5.292270922610484,0.0,6653.753519593027,-5.292270922610484,2515.99,10.0,0.0,0.0,1.1083522271117934,351110.01500003337,266767.8379042929,0,2511.92,2511.92,2511.92,2511.92,0.0,2511.92,0.0,7192800.0,0.04810417609433548,1.0,1.1083522271117934,740549.3326274959,2475418.9189325417,0.0,0.0,0.98934122925829,1.0,0.0,6.6009837924e-06,0.98934122925829,13293.761175923728,6675.29306224805,0.0,80599.77594073676,100568.83017890854
2026-09-03 19:00:00+00:00,5.292270922610484,0.0,6653.753519593027,-5.292270922610484,2515.99,10.0,0.0,0.0,1.1083567019213507,351110.01500003337,266769.1290391575,0,2517.03,2517.03,2517.03,2517.03,0.0,2517.03,0.0,7189200.0,0.048104176138945354,1.0,1.1083567019213507,740549.3326274959,2475418.9189325417,0.0,0.0,0.9893465354506776,1.0,0.0,4.8399078024000005e-06,0.9893465354506776,13320.804680338268,6648.249557833509,0.0,80600.347863161,100569.40210133279
2026-09-03 20:00:00+00:00,5.292270922610484,0.0,6653.753519593027,-5.292270922610484,2515.99,10.0,0.0,0.0,1.1083611767489747,351110.01500003337,266770.8604222611,0,2503.82,2503.82,2503.82,2503.82,0.0,2503.82,0.0,7185600.0,0.04810417618360141,1.0,1.1083611767489747,740549.3326274959,2475418.9189325417,0.0,0.0,0.9893518416715239,1.0,0.0,6.4901718252000005e-06,0.9893518416715239,13250.893781450584,6718.160456721194,0.0,80600.47954733827,100569.53378551005
2026-09-03 21:00:00+00:00,5.292270922610484,0.0,6653.753519593027,-5.292270922610484,2515.99,10.0,0.0,0.0,1.108365651594665,351110.01500003337,266772.57878004876,0,2510.13,2510.13,2510.13,2510.13,0.0,2510.13,0.0,7182000.0,0.048104176228301654,1.0,1.108365651594665,740549.3326274959,2475418.9189325417,0.0,0.0,0.9893571479208294,1.0,0.0,6.4413041616e-06,0.9893571479208294,13284.288010972256,6684.766227199522,0.0,80600.62426682387,100569.67850499565
2026-09-03 22:00:00+00:00,5.292270922610484,0.0,6653.753519593027,-5.292270922610484,2515.99,10.0,0.0,0.0,1.1083701115324023,351110.01500003337,266774.2975966443,0,2495.52,2495.52,2495.52,2495.52,0.0,2495.52,0.0,7178400.0,0.048104258632244656,1.0,1.1083701115324023,740549.3326274959,2475418.9189325417,0.0,0.0,0.9893624365022275,1.0,0.0,6.4429825068e-06,0.9893624365022275,13206.967932792915,6762.086305378863,0.0,80600.76232412236,100569.81656229415
2026-09-03 23:00:00+00:00,5.292270922610484,0.0,6653.753519593027,-5.292270922610484,2515.99,10.0,0.0,0.0,1.1083746013402451,351110.01500003337,266776.01687223214,0,2506.42,2506.42,2506.42,2506.42,0.0,2506.42,0.0,7174800.0,0.048104176317836256,1.0,1.1083746013402451,740549.3326274959,2475418.9189325417,0.0,0.0,0.9893677605048188,1.0,0.0,6.4446615108e-06,0.9893677605048188,13264.653685849371,6704.400552322408,0.0,80600.91235916421,100569.966597336
2026-09-04 00:00:00+00:00,5.292270922610484,0.0,6655.01504727163,-5.292270922610484,2515.99,10.0,0.0,0.0,1.1083790762401349,351110.01500003337,266777.79946537333,0,2500.49,2500.49,2500.49,2500.49,0.0,2500.49,9.533e-05,7171200.0,0.04810417636267106,1.0,1.1083790762401349,740549.3326274959,2475418.9189325417,0.0,0.0,0.9893730668395028,1.0,0.0,6.6819619188000005e-06,0.9893730668395028,13233.270519278289,6737.045246572092,0.0,80600.9928732735,100571.30863912388
2026-09-04 01:00:00+00:00,5.292270922610484,0.0,6655.01504727163,-5.292270922610484,2515.99,10.0,0.0,0.0,1.108383551158092,351110.01500003337,266779.58261211234,0,2505.88,2505.88,2505.88,2505.88,0.0,2505.88,0.0,7167600.0,0.04810417640755116,1.0,1.108383551158092,740549.3326274959,2475418.9189325417,0.0,0.0,0.9893783732026464,1.0,0.0,6.683992383599999e-06,0.9893783732026464,13261.79585955116,6708.51990629922,0.0,80601.07284377748,100571.38860962786
2026-09-04 02:00:00+00:00,5.292270922610484,0.0,6655.01504727163,-5.292270922610484,2515.99,10.0,0.0,0.0,1.1083880260941157,351110.01500003337,266781.36631270696,0,2506.99,2506.99,2506.99,2506.99,0.0,2506.99,0.0,7164000.0,0.048104176452477,1.0,1.1083880260941157,740549.3326274959,2475418.9189325417,0.0,0.0,0.98938367959425,1.0,0.0,6.686023773600001e-06,0.98938367959425,13267.670280275257,6702.6454855751235,0.0,80601.15227041836,100571.46803626874
2026-09-04 03:00:00+00:00,5.292270922610484,0.0,6655.01504727163,-5.292270922610484,2515.99,10.0,0.0,0.0,1.1083925010482059,351110.01500003337,266783.028304355,0,2503.73,2503.73,2503.73,2503.73,0.0,2503.73,0.0,7160400.0,0.04810417649744769,1.0,1.1083925010482059,740549.3326274959,2475418.9189325417,0.0,0.0,0.9893889860143136,1.0,0.0,6.2297696952e-06,0.9893889860143136,13250.417477067547,6719.898288782832,0.0,80601.35341599846,100571.66918184883
2026-09-04 04:00:00+00:00,5.292270922610484,0.0,6655.01504727163,-5.292270922610484,2515.99,10.0,0.0,0.0,1.1083969760203634,351110.01500003337,266784.69900141965,0,2508.48,2508.48,2508.48,2508.48,0.0,2508.48,0.0,7156800.0,0.04810417654246257,1.0,1.1083969760203634,740549.3326274959,2475418.9189325417,0.0,0.0,0.9893942924628377,1.0,0.0,6.2623617551999995e-06,0.9893942924628377,13275.555763949948,6694.760001900433,0.0,80601.54586615472,100571.8616320051
2026-09-04 05:00:00+00:00,5.292270922610484,0.0,6655.01504727163,-5.292270922610484,2515.99,10.0,0.0,0.0,1.108401451010588,351110.01500003337,266786.37008107634,0,2507.94,2507.94,2507.94,2507.94,0.0,2507.94,0.0,7153200.0,0.04810417658752386,1.0,1.108401451010588,740549.3326274959,2475418.9189325417,0.0,0.0,0.989399598939822,1.0,0.0,6.263756614800001e-06,0.989399598939822,13272.697937651737,6697.617828198642,0.0,80601.73794371157,100572.05370956195
2026-09-04 06:00:00+00:00,5.292270922610484,0.0,6655.01504727163,-5.292270922610484,2515.99,10.0,0.0,0.0,1.1084059260188794,351110.01500003337,266788.050593693,0,2506.65,2506.65,2506.65,2506.65,0.0,2506.65,0.0,7149600.0,0.04810417663263,1.0,1.1084059260188794,740549.3326274959,2475418.9189325417,0.0,0.0,0.9894049054452669,1.0,0.0,6.2990748864e-06,0.9894049054452669,13265.87090816157,6704.44485768881,0.0,80601.92059830128,100572.23636415166
2026-09-04 07:00:00+00:00,5.292270922610484,0.0,6655.01504727163,-5.292270922610484,2515.99,10.0,0.0,0.0,1.1084103876595413,351110.01500003337,266789.41387432936,0,2503.53,2503.53,2503.53,2503.53,0.0,2503.53,0.0,7146000.0,0.048216940960500665,1.0,1.1084103876595413,740549.3326274959,2461865.264605514,0.0,0.0,0.9893860923154604,1.0,0.0,5.1099633216e-06,0.9893860923154604,13249.359022883027,6720.956742967354,0.0,80593.95183937636,100564.26760522673
2026-09-04 08:00:00+00:00,5.292270922610484,0.0,6655.817815215331,-5.292270922610484,2515.99,10.0,0.0,0.0,1.108414862703913,351110.01500003337,266790.7690515487,0,2526.43,2526.43,2526.43,2526.43,0.0,2526.43,6.004e-05,7142400.0,0.04821694100580709,1.0,1.108414862703913,740549.3326274959,2461865.264605514,0.0,0.0,0.9893914108993234,1.0,0.0,5.079563532e-06,0.9893914108993234,13370.552027010805,6600.566506783278,0.0,80594.46407021693,100565.58260401101
2026-09-04 09:00:00+00:00,5.292270922610484,0.0,6655.817815215331,-5.292270922610484,2515.99,10.0,0.0,0.0,1.1084193377663525,351110.01500003337,266792.1242463675,0,2520.0,2520.0,2520.0,2520.0,0.0,2520.0,0.0,7138800.0,0.048216941051158146,1.0,1.1084193377663525,740549.3326274959,2461865.264605514,0.0,0.0,0.9893967295117773,1.0,0.0,5.0796036972e-06,0.9893967295117773,13336.52272497842,6634.595808815662,0.0,80594.97629349661,100566.0948272907
2026-09-04 10:00:00+00:00,5.292270922610484,0.0,6655.817815215331,-5.292270922610484,2515.99,10.0,0.0,0.0,1.1084238128468595,351110.01500003337,266793.7788430939,0,2525.0,2525.0,2525.0,2525.0,0.0,2525.0,0.0,7135200.0,0.04821694109655583,1.0,1.1084238128468595,740549.3326274959,2461865.264605514,0.0,0.0,0.9894020481528221,1.0,0.0,6.201800748e-06,0.9894020481528221,13362.984079591473,6608.13445420261,0.0,80595.18912490719,100566.30765870128
2026-09-04 11:00:00+00:00,5.292270922610484,0.0,6655.817815215331,-5.292270922610484,2515.99,10.0,0.0,0.0,1.1084282879454332,351110.01500003337,266795.13408727176,0,2521.89,2521.89,2521.89,2521.89,0.0,2521.89,0.0,7131600.0,0.04821694114199904,1.0,1.1084282879454332,740549.3326274959,2461865.264605514,0.0,0.0,0.9894073668224579,1.0,0.0,5.0797314e-06,0.9894073668224579,13346.525117022153,6624.593416771929,0.0,80595.70131890493,100566.81985269902
2026-09-04 12:00:00+00:00,5.292270922610484,0.0,6655.817815215331,-5.292270922610484,2515.99,10.0,0.0,0.0,1.108432789876776,351110.01500003337,266796.4893510889,0,2450.12,2450.12,2450.12,2450.12,0.0,2450.12,0.0,7128000.0,0.04799106454798174,1.0,1.108432789876776,734149.3274738503,2467578.5789819187,0.0,0.0,0.9894608820844553,1.0,0.0,5.079779208e-06,0.9894608820844553,12966.698832906399,7004.419700887684,0.0,80613.13579953043,100584.25433332451
2026-09-04 13:00:00+00:00,5.292270922610484,0.0,6655.817815215331,-5.292270922610484,2515.99,10.0,0.0,0.0,1.1084372650115937,351110.01500003337,266797.84463512566,0,2451.02,2451.02,2451.02,2451.02,0.0,2451.02,0.0,7124400.0,0.04799106459329883,1.0,1.1084372650115937,734149.3274738503,2467578.5789819187,0.0,0.0,0.9894661767279833,1.0,0.0,5.0798291904e-06,0.9894661767279833,12971.461876736748,6999.656657057333,0.0,80613.63951786223,100584.75805165632
2026-09-04 14:00:00+00:00,5.292270922610484,0.0,6655.817815215331,-5.292270922610484,2515.99,10.0,0.0,0.0,1.1084419514628423,351110.01500003337,266799.19993647403,0,2438.84,2438.84,2438.84,2438.84,0.0,2438.84,0.0,7120800.0,0.046212885790615665,1.0,1.1084419514628423,685154.4641876131,2511325.8323654532,0.0,0.0,0.98985095699163,1.0,0.0,5.0798682719999995e-06,0.98985095699163,12907.002016899354,7064.116516894728,0.0,80747.38442065456,100718.50295444865
2026-09-04 15:00:00+00:00,5.292270922610484,0.0,6655.817815215331,-5.292270922610484,2515.99,10.0,0.0,0.0,1.1084463842959422,351110.01500003337,266800.5552554569,0,2450.95,2450.95,2450.95,2450.95,0.0,2450.95,0.0,7117200.0,0.04656894337688988,1.0,1.1084463842959422,694768.0864859435,2502741.4150234014,0.0,0.0,0.9897800494802051,1.0,0.0,5.0799085632e-06,0.9897800494802051,12971.091417772166,7000.027116021917,0.0,80721.1327642717,100692.25129806578
2026-09-04 16:00:00+00:00,5.292270922610484,0.0,6655.895121274285,-5.292270922610484,2515.99,10.0,0.0,0.0,1.1084507696372714,351110.01500003337,266801.9105994164,0,2459.15,2459.15,2459.15,2459.15,0.0,2459.15,5.94e-06,7113600.0,0.04732494341923266,1.0,1.1084507696372714,715507.7847998708,2484225.8589713373,0.0,0.0,0.9896239847851679,1.0,0.0,5.0799763728e-06,0.9896239847851679,13014.488039337573,6956.7078005154635,0.0,80664.98154289665,100636.1773827497
2026-09-04 17:00:00+00:00,5.292270922610484,0.0,6655.895121274285,-5.292270922610484,2515.99,10.0,0.0,0.0,1.1084552448446798,351110.01500003337,266803.265962103,0,2444.07,2444.07,2444.07,2444.07,0.0,2444.07,0.0,7110000.0,0.04732494346408833,1.0,1.1084552448446798,715507.7847998708,2484225.8589713373,0.0,0.0,0.989629208472199,1.0,0.0,5.0800207572e-06,0.989629208472199,12934.680593824607,7036.515246028429,0.0,80665.460269042,100636.65610889504
2026-09-04 18:00:00+00:00,5.292270922610484,0.0,6655.895121274285,-5.292270922610484,2515.99,10.0,0.0,0.0,1.1084597200701558,351110.01500003337,266804.6213446876,0,2449.47,2449.47,2449.47,2449.47,0.0,2449.47,0.0,7106400.0,0.04732494350898908,1.0,1.1084597200701558,715507.7847998708,2484225.8589713373,0.0,0.0,0.9896344321868031,1.0,0.0,5.080069530000001e-06,0.9896344321868031,12963.258856806702,7007.936983046335,0.0,80665.93898497039,100637.13482482343
2026-09-04 19:00:00+00:00,5.292270922610484,0.0,6655.895121274285,-5.292270922610484,2515.99,10.0,0.0,0.0,1.1084641953137004,351110.01500003337,266805.9767492337,0,2454.67,2454.67,2454.67,2454.67,0.0,2454.67,0.0,7102800.0,0.04732494355393446,1.0,1.1084641953137004,715507.7847998708,2484225.8589713373,0.0,0.0,0.9896396559289807,1.0,0.0,5.0801260356e-06,0.9896396559289807,12990.778665604277,6980.417174248758,0.0,80666.41768861853,100637.61352847156
2026-09-04 20:00:00+00:00,5.292270922610484,0.0,6655.895121274285,-5.292270922610484,2515.99,10.0,0.0,0.0,1.108468670575313,351110.01500003337,266807.33217140974,0,2450.15,2450.15,2450.15,2450.15,0.0,2450.15,0.0,7099200.0,0.047324943598925584,1.0,1.108468670575313,715507.7847998708,2484225.8589713373,0.0,0.0,0.9896448796987315,1.0,0.0,5.080166305200001e-06,0.9896448796987315,12966.857601034078,7004.3382388189575,0.0,80666.89638431807,100638.09222417111
2026-09-04 21:00:00+00:00,5.292270922610484,0.0,6655.895121274285,-5.292270922610484,2515.99,10.0,0.0,0.0,1.108473145854994,351110.01500003337,266808.68761855125,0,2450.7,2450.7,2450.7,2450.7,0.0,2450.7,0.0,7095600.0,0.04732494364396289,1.0,1.108473145854994,715507.7847998708,2484225.8589713373,0.0,0.0,0.9896501034960555,1.0,0.0,5.080234068e-06,0.9896501034960555,12969.768350041513,7001.427489811524,0.0,80667.37506473338,100638.57090458642
2026-09-04 22:00:00+00:00,5.292270922610484,0.0,6655.895121274285,-5.292270922610484,2515.99,10.0,0.0,0.0,1.108477621152743,351110.01500003337,266810.0430840934,0,2449.99,2449.99,2449.99,2449.99,0.0,2449.99,0.0,7092000.0,0.047324943689046384,1.0,1.108477621152743,715507.7847998708,2484225.8589713373,0.0,0.0,0.9896553273209532,1.0,0.0,5.0802772248000004e-06,0.9896553273209532,12966.01083768646,7005.185002166577,0.0,80667.85373642936,100639.0495762824
2026-09-04 23:00:00+00:00,5.292270922610484,0.0,6655.895121274285,-5.292270922610484,2515.99,10.0,0.0,0.0,1.10848209646856,351110.01500003337,266811.3985704666,0,2454.57,2454.57,2454.57,2454.57,0.0,2454.57,0.0,7088400.0,0.04732494373417562,1.0,1.10848209646856,715507.7847998708,2484225.8589713373,0.0,0.0,0.9896605511734244,1.0,0.0,5.0803294896e-06,0.9896605511734244,12990.249438512017,6980.946401341019,0.0,80668.33239697572,100639.52823682876
2026-09-05 00:00:00+00:00,5.292270922610484,0.0,6656.1546728135545,-5.292270922610484,2515.99,10.0,0.0,0.0,1.1084865718024457,351110.01500003337,266812.76224052673,0,2450.95,2450.95,2450.95,2450.95,0.0,2450.95,2.001e-05,7084800.0,0.04732494377935037,1.0,1.1084865718024457,715507.7847998708,2484225.8589713373,0.0,0.0,0.9896657750534698,1.0,0.0,5.1109757028e-06,0.9896657750534698,12971.091417772166,7000.36397362014,0.0,80668.8028835167,100640.25827490902
2026-09-05 01:00:00+00:00,5.292270922610484,0.0,6656.1546728135545,-5.292270922610484,2515.99,10.0,0.0,0.0,1.1084910471544003,351110.01500003337,266814.1178169351,0,2450.71,2450.71,2450.71,2450.71,0.0,2450.71,0.0,7081200.0,0.0473249438245702,1.0,1.1084910471544003,715507.7847998708,2484225.8589713373,0.0,0.0,0.9896709989610892,1.0,0.0,5.0806151603999995e-06,0.9896709989610892,12969.82127275074,7001.634118641566,0.0,80669.28147339093,100640.73686478323
2026-09-05 02:00:00+00:00,5.292270922610484,0.0,6656.1546728135545,-5.292270922610484,2515.99,10.0,0.0,0.0,1.108495522524423,351110.01500003337,266815.47341389913,0,2452.27,2452.27,2452.27,2452.27,0.0,2452.27,0.0,7077600.0,0.04732494386983732,1.0,1.108495522524423,715507.7847998708,2484225.8589713373,0.0,0.0,0.9896762228962827,1.0,0.0,5.0806663884e-06,0.9896762228962827,12978.077215390012,6993.378176002294,0.0,80669.76005239104,100641.21544378335
2026-09-05 03:00:00+00:00,5.292270922610484,0.0,6656.1546728135545,-5.292270922610484,2515.99,10.0,0.0,0.0,1.1084995855973345,351110.01500003337,266816.82902896096,0,2451.57,2451.57,2451.57,2451.57,0.0,2451.57,0.0,7074000.0,0.05080109171448055,1.0,1.1084995855973345,816583.0484005915,2394032.4984095716,0.0,0.0,0.9889461045768253,1.0,0.0,5.080708404e-06,0.9889461045768253,12974.372625744185,6997.08276564812,0.0,80412.05258323275,100383.50797462506
2026-09-05 04:00:00+00:00,5.292270922610484,0.0,6656.1546728135545,-5.292270922610484,2515.99,10.0,0.0,0.0,1.108504072846515,351110.01500003337,266818.18466230814,0,2448.01,2448.01,2448.01,2448.01,0.0,2448.01,0.0,7070400.0,0.05070107116858713,1.0,1.108504072846515,813544.3448957624,2396743.6515318495,0.0,0.0,0.9889728048042151,1.0,0.0,5.0807511216e-06,0.9889728048042151,12955.532141259693,7015.923250132613,0.0,80420.07166712492,100391.52705851724
2026-09-05 05:00:00+00:00,5.292270922610484,0.0,6656.1546728135545,-5.292270922610484,2515.99,10.0,0.0,0.0,1.108508548269127,351110.01500003337,266819.5403180491,0,2450.04,2450.04,2450.04,2450.04,0.0,2450.04,0.0,7066800.0,0.050701071217309046,1.0,1.108508548269127,813544.3448957624,2396743.6515318495,0.0,0.0,0.9889783883998002,1.0,0.0,5.0808092364e-06,0.9889783883998002,12966.27545123259,7005.1799401597145,0.0,80420.67646771361,100392.13185910591
2026-09-05 06:00:00+00:00,5.292270922610484,0.0,6656.1546728135545,-5.292270922610484,2515.99,10.0,0.0,0.0,1.1085130237098073,351110.01500003337,266820.89599563665,0,2452.47,2452.47,2452.47,2452.47,0.0,2452.47,0.0,7063200.0,0.050701071266081144,1.0,1.1085130237098073,813544.3448957624,2396743.6515318495,0.0,0.0,0.9889839720269095,1.0,0.0,5.0808652992e-06,0.9889839720269095,12979.135669574533,6992.319721817772,0.0,80421.2812575241,100392.7366489164
2026-09-05 07:00:00+00:00,5.292270922610484,0.0,6656.1546728135545,-5.292270922610484,2515.99,10.0,0.0,0.0,1.1085174991685574,351110.01500003337,266822.2516921154,0,2456.23,2456.23,2456.23,2456.23,0.0,2456.23,0.0,7059600.0,0.05070107131490231,1.0,1.1085174991685574,813544.3448957624,2396743.6515318495,0.0,0.0,0.9889895556855431,1.0,0.0,5.080910284799999e-06,0.9889895556855431,12999.03460824355,6972.420783148756,0.0,80421.886039512,100393.3414309043
2026-09-05 08:00:00+00:00,5.292270922610484,0.0,6656.9479432923135,-5.292270922610484,2515.99,10.0,0.0,0.0,1.108521965677103,351110.01500003337,266823.6155721363,0,2455.64,2455.64,2455.64,2455.64,0.0,2455.64,6.104e-05,7056000.0,0.05077680043936317,1.0,1.108521965677103,815844.3448957624,2394691.7721371795,0.0,0.0,0.9889791912205975,1.0,0.0,5.1115547016e-06,0.9889791912205975,12995.912168399209,6976.336493471856,0.0,80416.88309204858,100389.13175391965
2026-09-05 09:00:00+00:00,5.292270922610484,0.0,6656.9479432923135,-5.292270922610484,2515.99,10.0,0.0,0.0,1.1085265594286253,351110.01500003337,266824.971348039,0,2457.56,2457.56,2457.56,2457.56,0.0,2457.56,0.0,7052400.0,0.049778670649548884,1.0,1.1085265594286253,785885.5729742203,2421426.680165851,0.0,0.0,0.9891949908737403,1.0,0.0,5.0811561612e-06,0.9891949908737403,13006.073328570621,6966.1753333004435,0.0,80491.29673559783,100463.5453974689
2026-09-05 10:00:00+00:00,5.292270922610484,0.0,6656.9479432923135,-5.292270922610484,2515.99,10.0,0.0,0.0,1.1085310245534183,351110.01500003337,266826.3271432047,0,2453.11,2453.11,2453.11,2453.11,0.0,2453.11,0.0,7048800.0,0.04986631599153646,1.0,1.1085310245534183,788485.5729742203,2419106.7083008057,0.0,0.0,0.9891820178271548,1.0,0.0,5.081202536400001e-06,0.9891820178271548,12982.522722965006,6989.725938906059,0.0,80485.3859738509,100457.63463572197
2026-09-05 11:00:00+00:00,5.292270922610484,0.0,6656.9479432923135,-5.292270922610484,2515.99,10.0,0.0,0.0,1.1085355000848438,351110.01500003337,266827.68296404555,0,2452.6,2452.6,2452.6,2452.6,0.0,2452.6,0.0,7045200.0,0.049866316039731684,1.0,1.1085355000848438,788485.5729742203,2419106.7083008057,0.0,0.0,0.9891875128555887,1.0,0.0,5.0812729416e-06,0.9891875128555887,12979.823664794474,6992.424997076591,0.0,80485.95951252588,100458.20817439695
2026-09-05 12:00:00+00:00,5.292270922610484,0.0,6656.9479432923135,-5.292270922610484,2515.99,10.0,0.0,0.0,1.1085399756343386,351110.01500003337,266829.0388065562,0,2457.71,2457.71,2457.71,2457.71,0.0,2457.71,0.0,7041600.0,0.04986631608797598,1.0,1.1085399756343386,788485.5729742203,2419106.7083008057,0.0,0.0,0.9891930079145483,1.0,0.0,5.0813283348e-06,0.9891930079145483,13006.867169209014,6965.381492662051,0.0,80486.53304024896,100458.78170212003
2026-09-05 13:00:00+00:00,5.292270922610484,0.0,6656.9479432923135,-5.292270922610484,2515.99,10.0,0.0,0.0,1.1085444407600702,351110.01500003337,266830.3946709714,0,2452.91,2452.91,2452.91,2452.91,0.0,2452.91,0.0,7038000.0,0.04995441679830459,1.0,1.1085444407600702,791105.028025277,2416769.412200227,0.0,0.0,0.9891799783976869,1.0,0.0,5.0813846064e-06,0.9891799783976869,12981.464268780483,6990.784393090583,0.0,80480.60238197318,100452.85104384425
2026-09-05 14:00:00+00:00,5.292270922610484,0.0,6656.9479432923135,-5.292270922610484,2515.99,10.0,0.0,0.0,1.1085489102434116,351110.01500003337,266831.75055722793,0,2456.11,2456.11,2456.11,2456.11,0.0,2456.11,0.0,7034400.0,0.05000590645165226,1.0,1.1085489102434116,792638.7051091876,2415400.949576049,0.0,0.0,0.9891746627154107,1.0,0.0,5.0814406404000005e-06,0.9891746627154107,12998.399535732837,6973.849126138228,0.0,80477.38010643283,100449.6287683039
2026-09-05 15:00:00+00:00,5.292270922610484,0.0,6656.9479432923135,-5.292270922610484,2515.99,10.0,0.0,0.0,1.108553385847048,351110.01500003337,266833.1064752039,0,2458.65,2458.65,2458.65,2458.65,0.0,2458.65,0.0,7030800.0,0.05000590650018455,1.0,1.108553385847048,792638.7051091876,2415400.949576049,0.0,0.0,0.9891801727158225,1.0,0.0,5.081533693199999e-06,0.9891801727158225,13011.841903876268,6960.406757994797,0.0,80477.95880478417,100450.20746665524
2026-09-05 16:00:00+00:00,5.292270922610484,0.0,6657.191086709215,-5.292270922610484,2515.99,10.0,0.0,0.0,1.1085578614687541,351110.01500003337,266834.4624148364,0,2470.06,2470.06,2470.06,2470.06,0.0,2470.06,1.86e-05,7027200.0,0.05000590654876591,1.0,1.1085578614687541,792638.7051091876,2415400.949576049,0.0,0.0,0.9891856827469269,1.0,0.0,5.081589032399999e-06,0.9891856827469269,13072.226715103252,6900.265090184714,0.0,80478.53749225533,100451.0292975433
2026-09-05 17:00:00+00:00,5.292270922610484,0.0,6657.191086709215,-5.292270922610484,2515.99,10.0,0.0,0.0,1.1085623371085296,351110.01500003337,266835.81837743404,0,2480.13,2480.13,2480.13,2480.13,0.0,2480.13,0.0,7023600.0,0.05000590659739701,1.0,1.1085623371085296,792638.7051091876,2415400.949576049,0.0,0.0,0.9891911928087237,1.0,0.0,5.0816492748e-06,0.9891911928087237,13125.51988329394,6846.971921994025,0.0,80479.11616753781,100451.60797282578
2026-09-05 18:00:00+00:00,5.292270922610484,0.0,6657.191086709215,-5.292270922610484,2515.99,10.0,0.0,0.0,1.1085668127663748,351110.01500003337,266837.1743626177,0,2479.49,2479.49,2479.49,2479.49,0.0,2479.49,0.0,7020000.0,0.05000590664607785,1.0,1.1085668127663748,792638.7051091876,2415400.949576049,0.0,0.0,0.9891967029012133,1.0,0.0,5.0817080952e-06,0.9891967029012133,13122.132829903469,6850.358975384497,0.0,80479.69483101083,100452.1866362988
2026-09-05 19:00:00+00:00,5.292270922610484,0.0,6657.191086709215,-5.292270922610484,2515.99,10.0,0.0,0.0,1.1085712884422896,351110.01500003337,266838.5303702628,0,2476.54,2476.54,2476.54,2476.54,0.0,2476.54,0.0,7016400.0,0.05000590669480842,1.0,1.1085712884422896,792638.7051091876,2415400.949576049,0.0,0.0,0.9892022130243958,1.0,0.0,5.081766447599999e-06,0.9892022130243958,13106.520630681769,6865.971174606198,0.0,80480.273482799,100452.76528808697
2026-09-05 20:00:00+00:00,5.292270922610484,0.0,6657.191086709215,-5.292270922610484,2515.99,10.0,0.0,0.0,1.1085757641362746,351110.01500003337,266839.8864032918,0,2476.49,2476.49,2476.49,2476.49,0.0,2476.49,0.0,7012800.0,0.0500059067435894,1.0,1.1085757641362746,792638.7051091876,2415400.949576049,0.0,0.0,0.9892077231782713,1.0,0.0,5.0818357512e-06,0.9892077231782713,13106.256017135636,6866.2357881523285,0.0,80480.85211997991,100453.34392526788
2026-09-05 21:00:00+00:00,5.292270922610484,0.0,6657.191086709215,-5.292270922610484,2515.99,10.0,0.0,0.0,1.1085802398483295,351110.01500003337,266841.2424591997,0,2487.97,2487.97,2487.97,2487.97,0.0,2487.97,0.0,7009200.0,0.050005906792420785,1.0,1.1085802398483295,792638.7051091876,2415400.949576049,0.0,0.0,0.98921323336284,1.0,0.0,5.081895666e-06,0.98921323336284,13167.011287327205,6805.48051796076,0.0,80481.43074505858,100453.92255034654
2026-09-05 22:00:00+00:00,5.292270922610484,0.0,6657.191086709215,-5.292270922610484,2515.99,10.0,0.0,0.0,1.1085847155784543,351110.01500003337,266842.59853604727,0,2479.93,2479.93,2479.93,2479.93,0.0,2479.93,0.0,7005600.0,0.05000590684130213,1.0,1.1085847155784543,792638.7051091876,2415400.949576049,0.0,0.0,0.989218743578102,1.0,0.0,5.0819483124e-06,0.989218743578102,13124.461429109417,6848.030376178548,0.0,80482.0093599743,100454.50116526226
2026-09-05 23:00:00+00:00,5.292270922610484,0.0,6657.191086709215,-5.292270922610484,2515.99,10.0,0.0,0.0,1.1085891913266492,351110.01500003337,266844.35113186395,0,2479.17,2479.17,2479.17,2479.17,0.0,2479.17,0.0,7002000.0,0.050005906890234764,1.0,1.1085891913266492,792638.7051091876,2415400.949576049,0.0,0.0,0.9892242538240574,1.0,0.0,6.5678796072e-06,0.9892242538240574,13120.439303208235,6852.052502079731,0.0,80482.19146669767,100454.68327198563
2026-09-06 00:00:00+00:00,5.292270922610484,0.0,6658.115804710049,-5.292270922610484,2515.99,10.0,0.0,0.0,1.1085936670929144,351110.01500003337,266845.70805062173,0,2489.03,2489.03,2489.03,2489.03,0.0,2489.03,7.02e-05,6998400.0,0.05000590693921625,1.0,1.1085936670929144,792638.7051091876,2415400.949576049,0.0,0.0,0.9892297641007068,1.0,0.0,5.085044154e-06,0.9892297641007068,13172.621094505175,6800.7954287836255,0.0,80482.76926125691,100456.18578454571
2026-09-06 01:00:00+00:00,5.292270922610484,0.0,6658.115804710049,-5.292270922610484,2515.99,10.0,0.0,0.0,1.10859814287725,351110.01500003337,266847.06499044615,0,2504.67,2504.67,2504.67,2504.67,0.0,2504.67,0.0,6994800.0,0.05000590698824947,1.0,1.10859814287725,792638.7051091876,2415400.949576049,0.0,0.0,0.9892352744080499,1.0,0.0,5.0850972432e-06,0.9892352744080499,13255.392211734801,6718.024311553998,0.0,80483.34704552637,100456.76356881516
2026-09-06 02:00:00+00:00,5.292270922610484,0.0,6658.115804710049,-5.292270922610484,2515.99,10.0,0.0,0.0,1.1086026186796556,351110.01500003337,266848.4219522031,0,2502.32,2502.32,2502.32,2502.32,0.0,2502.32,0.0,6991200.0,0.05000590703733221,1.0,1.1086026186796556,792638.7051091876,2415400.949576049,0.0,0.0,0.9892407847460873,1.0,0.0,5.085153576e-06,0.9892407847460873,13242.955375066667,6730.461148222133,0.0,80483.9248186404,100457.3413419292
2026-09-06 03:00:00+00:00,5.292270922610484,0.0,6658.115804710049,-5.292270922610484,2515.99,10.0,0.0,0.0,1.1086070945001316,351110.01500003337,266849.78712035296,0,2508.57,2508.57,2508.57,2508.57,0.0,2508.57,0.0,6987600.0,0.05000590708646557,1.0,1.1086070945001316,792638.7051091876,2415400.949576049,0.0,0.0,0.9892462951148189,1.0,0.0,5.1158805732e-06,0.9892462951148189,13276.032068332983,6697.384454955817,0.0,80484.49439613853,100457.91091942733
2026-09-06 04:00:00+00:00,5.292270922610484,0.0,6658.115804710049,-5.292270922610484,2515.99,10.0,0.0,0.0,1.1086115703587731,351110.01500003337,266851.1441783649,0,2503.24,2503.24,2503.24,2503.24,0.0,2503.24,0.0,6984000.0,0.050005737585602006,1.0,1.1086115703587731,792633.6520398665,2415405.458793545,0.0,0.0,0.9892518408904051,1.0,0.0,5.0854624092e-06,0.9892518408904051,13247.824264315468,6725.592258973333,0.0,80485.08451547584,100458.50103876465
2026-09-06 05:00:00+00:00,5.292270922610484,0.0,6658.115804710049,-5.292270922610484,2515.99,10.0,0.0,0.0,1.1086160462153904,351110.01500003337,266852.50125792157,0,2512.43,2512.43,2512.43,2512.43,0.0,2512.43,0.0,6980400.0,0.05000573763483662,1.0,1.1086160462153904,792633.6520398665,2415405.458793545,0.0,0.0,0.9892573513024875,1.0,0.0,5.085517284e-06,0.9892573513024875,13296.460234094258,6676.956289194542,0.0,80485.66219678806,100459.07872007687
2026-09-06 06:00:00+00:00,5.292270922610484,0.0,6658.115804710049,-5.292270922610484,2515.99,10.0,0.0,0.0,1.108621655050613,351110.01500003337,266853.8583591395,0,2504.63,2504.63,2504.63,2504.63,0.0,2504.63,0.0,6976800.0,0.05000573765125993,1.0,1.108621655050613,792633.6520398665,2415405.458793545,0.0,0.0,0.9892628617521141,1.0,0.0,5.085572594400001e-06,0.9892628617521141,13255.180520897899,6718.236002390902,0.0,80486.23986962117,100459.65639290998
2026-09-06 07:00:00+00:00,5.292270922610484,0.0,6658.115804710049,-5.292270922610484,2515.99,10.0,0.0,0.0,1.1086250827283881,351110.01500003337,266855.21549935924,0,2495.61,2495.61,2495.61,2495.61,0.0,2495.61,0.0,6973200.0,0.050007753782211006,1.0,1.1086250827283881,792693.737740861,2415351.84440113,0.0,0.0,0.9892679522195122,1.0,0.0,5.085692884800001e-06,0.9892679522195122,13207.44423717595,6765.972286112848,0.0,80486.670043486,100460.08656677479
2026-09-06 08:00:00+00:00,5.292270922610484,0.0,6659.058347672085,-5.292270922610484,2515.99,10.0,0.0,0.0,1.10862955863956,351110.01500003337,266856.57266088645,0,2494.37,2494.37,2494.37,2494.37,0.0,2494.37,7.14e-05,6969600.0,0.05000775383159839,1.0,1.10862955863956,792693.737740861,2415351.84440113,0.0,0.0,0.9892734629381703,1.0,0.0,5.0857468667999996e-06,0.9892734629381703,13200.881821231913,6773.477245018923,0.0,80487.24775046948,100461.60681672032
2026-09-06 09:00:00+00:00,5.292270922610484,0.0,6659.058347672085,-5.292270922610484,2515.99,10.0,0.0,0.0,1.1086340345688024,351110.01500003337,266857.9298519689,0,2497.99,2497.99,2497.99,2497.99,0.0,2497.99,0.0,6966000.0,0.050007753881037065,1.0,1.1086340345688024,792693.737740861,2415351.84440113,0.0,0.0,0.9892789736875257,1.0,0.0,5.0858317548e-06,0.9892789736875257,13220.039841971762,6754.319224279074,0.0,80487.82543867588,100462.18450492671
2026-09-06 10:00:00+00:00,5.292270922610484,0.0,6659.058347672085,-5.292270922610484,2515.99,10.0,0.0,0.0,1.1086385488350858,351110.01500003337,266859.287064247,0,2500.52,2500.52,2500.52,2500.52,0.0,2500.52,0.0,6962400.0,0.04966717854926683,1.0,1.1086385488350858,782588.3290268511,2424370.348270027,0.0,0.0,0.9893553410663273,1.0,0.0,5.0858853156e-06,0.9893553410663273,13233.429287405968,6740.929778844868,0.0,80513.28157791431,100487.64064416515
2026-09-06 11:00:00+00:00,5.292270922610484,0.0,6659.058347672085,-5.292270922610484,2515.99,10.0,0.0,0.0,1.1086430258700506,351110.01500003337,266860.6443029213,0,2500.62,2500.62,2500.62,2500.62,0.0,2500.62,0.0,6958800.0,0.04965767526822917,1.0,1.1086430258700506,782307.6351730484,2424620.8522789534,0.0,0.0,0.9893627921887033,1.0,0.0,5.0859583632e-06,0.9893627921887033,13233.958514498228,6740.4005517526075,0.0,80514.54050292919,100488.89956918002
2026-09-06 12:00:00+00:00,5.292270922610484,0.0,6659.058347672085,-5.292270922610484,2515.99,10.0,0.0,0.0,1.1086475018536652,351110.01500003337,266862.0015655701,0,2499.45,2499.45,2499.45,2499.45,0.0,2499.45,0.0,6955200.0,0.04965767531746623,1.0,1.1086475018536652,782307.6351730484,2424620.8522789534,0.0,0.0,0.9893682657740758,1.0,0.0,5.0860223352e-06,0.9893682657740758,13227.766557518775,6746.592508732062,0.0,80515.10507092264,100489.46413717348
2026-09-06 13:00:00+00:00,5.292270922610484,0.0,6659.058347672085,-5.292270922610484,2515.99,10.0,0.0,0.0,1.1086519778553507,351110.01500003337,266863.358849866,0,2493.61,2493.61,2493.61,2493.61,0.0,2493.61,0.0,6951600.0,0.04965767536675392,1.0,1.1086519778553507,782307.6351730484,2424620.8522789534,0.0,0.0,0.9893737393897305,1.0,0.0,5.0860775844e-06,0.9893737393897305,13196.85969533073,6777.499370920105,0.0,80515.66962790134,100490.02869415218
2026-09-06 14:00:00+00:00,5.292270922610484,0.0,6659.058347672085,-5.292270922610484,2515.99,10.0,0.0,0.0,1.108656439043288,351110.01500003337,266864.71615853097,0,2477.18,2477.18,2477.18,2477.18,0.0,2477.18,0.0,6948000.0,0.049789482797073514,1.0,1.108656439043288,786206.9964978986,2421141.2373523973,0.0,0.0,0.989351843038283,1.0,0.0,5.0861430324e-06,0.989351843038283,13109.90768407224,6864.451382178598,0.0,80506.62429095124,100480.98335720207
2026-09-06 15:00:00+00:00,5.292270922610484,0.0,6659.058347672085,-5.292270922610484,2515.99,10.0,0.0,0.0,1.108660915081056,351110.01500003337,266866.07349917607,0,2478.43,2478.43,2478.43,2478.43,0.0,2478.43,0.0,6944400.0,0.04978948284659812,1.0,1.108660915081056,786206.9964978986,2421141.2373523973,0.0,0.0,0.9893573307442816,1.0,0.0,5.086236999599999e-06,0.9893573307442816,13116.523022725502,6857.836043525334,0.0,80507.19373884163,100481.55280509246
2026-09-06 16:00:00+00:00,5.292270922610484,0.0,6659.301483092365,-5.292270922610484,2515.99,10.0,0.0,0.0,1.1086653911368956,351110.01500003337,266867.4308615614,0,2483.33,2483.33,2483.33,2483.33,0.0,2483.33,1.85e-05,6940800.0,0.049789482896173354,1.0,1.1086653911368956,786206.9964978986,2421141.2373523973,0.0,0.0,0.9893628184807194,1.0,0.0,5.0862925944e-06,0.9893628184807194,13142.455150246293,6832.147051424822,0.0,80507.76317567931,100482.36537735042
2026-09-06 17:00:00+00:00,5.292270922610484,0.0,6659.301483092365,-5.292270922610484,2515.99,10.0,0.0,0.0,1.1086698366628664,351110.01500003337,266868.78824783827,0,2490.16,2490.16,2490.16,2490.16,0.0,2490.16,0.0,6937200.0,0.05006100517812717,1.0,1.1086698366628664,794281.8588782693,2413936.0280827684,0.0,0.0,0.9893120241507208,1.0,0.0,5.086356249599999e-06,0.9893120241507208,13178.601360647723,6796.000841023393,0.0,80488.5713914347,100463.1735931058
2026-09-06 18:00:00+00:00,5.292270922610484,0.0,6659.301483092365,-5.292270922610484,2515.99,10.0,0.0,0.0,1.1086743604837332,351110.01500003337,266870.1456555638,0,2493.14,2493.14,2493.14,2493.14,0.0,2493.14,0.0,6933600.0,0.04963680340204424,1.0,1.1086743604837332,781691.9603545122,2425171.9954476506,0.0,0.0,0.9894054335647671,1.0,0.0,5.08641075e-06,0.9894054335647671,13194.372327997102,6780.229873674014,0.0,80520.0109644761,100494.6131661472
2026-09-06 19:00:00+00:00,5.292270922610484,0.0,6659.301483092365,-5.292270922610484,2515.99,10.0,0.0,0.0,1.108678836593857,351110.01500003337,266871.50309008773,0,2489.64,2489.64,2489.64,2489.64,0.0,2489.64,0.0,6930000.0,0.04963680345161792,1.0,1.108678836593857,781691.9603545122,2425171.9954476506,0.0,0.0,0.9894109051401169,1.0,0.0,5.0864852952e-06,0.9894109051401169,13175.849379767966,6798.752821903151,0.0,80520.5746548553,100495.17685652642
2026-09-06 20:00:00+00:00,5.292270922610484,0.0,6659.301483092365,-5.292270922610484,2515.99,10.0,0.0,0.0,1.1086833127220517,351110.01500003337,266872.86054614926,0,2498.52,2498.52,2498.52,2498.52,0.0,2498.52,0.0,6926400.0,0.04963680350124311,1.0,1.1086833127220517,781691.9603545122,2425171.9954476506,0.0,0.0,0.9894163767457254,1.0,0.0,5.0865401268e-06,0.9894163767457254,13222.844745560747,6751.757456110369,0.0,80521.13833432103,100495.74053599215
2026-09-06 21:00:00+00:00,5.292270922610484,0.0,6659.301483092365,-5.292270922610484,2515.99,10.0,0.0,0.0,1.1086877888683182,351110.01500003337,266874.2180315212,0,2507.2,2507.2,2507.2,2507.2,0.0,2507.2,0.0,6922800.0,0.04963680355092093,1.0,1.1086877888683182,781691.9603545122,2425171.9954476506,0.0,0.0,0.9894218483815925,1.0,0.0,5.0866240824e-06,0.9894218483815925,13268.781657169005,6705.82054450211,0.0,80521.70199510048,100496.30419677158
2026-09-06 22:00:00+00:00,5.292270922610484,0.0,6659.301483092365,-5.292270922610484,2515.99,10.0,0.0,0.0,1.1086922650326567,351110.01500003337,266875.57553838333,0,2506.97,2506.97,2506.97,2506.97,0.0,2506.97,0.0,6919200.0,0.04963680360065004,1.0,1.1086922650326567,781691.9603545122,2425171.9954476506,0.0,0.0,0.9894273200477188,1.0,0.0,5.086678734e-06,0.9894273200477188,13267.564434856804,6707.037766814311,0.0,80522.26564501406,100496.86784668517
2026-09-06 23:00:00+00:00,5.292270922610484,0.0,6659.301483092365,-5.292270922610484,2515.99,10.0,0.0,0.0,1.1086967412150672,351110.01500003337,266876.93306701933,0,2513.47,2513.47,2513.47,2513.47,0.0,2513.47,0.0,6915600.0,0.04963680365043022,1.0,1.1086967412150672,781691.9603545122,2425171.9954476506,0.0,0.0,0.9894327917441046,1.0,0.0,5.0867344476e-06,0.9894327917441046,13301.964195853772,6672.638005817344,0.0,80522.82928377815,100497.43148544925
2026-09-07 00:00:00+00:00,5.292270922610484,0.0,6660.199239375539,-5.292270922610484,2515.99,10.0,0.0,0.0,1.1087012174155493,351110.01500003337,266878.29062848975,0,2512.0,2512.0,2512.0,2512.0,0.0,2512.0,6.753e-05,6912000.0,0.04963680370026369,1.0,1.1087012174155493,781691.9603545122,2425171.9954476506,0.0,0.0,0.9894382634707494,1.0,0.0,5.0868316044e-06,0.9894382634707494,13294.184557597537,6681.315400356753,0.0,80523.39290033205,100498.89285828634
2026-09-07 01:00:00+00:00,5.292270922610484,0.0,6660.199239375539,-5.292270922610484,2515.99,10.0,0.0,0.0,1.1087056936341038,351110.01500003337,266879.64821466024,0,2502.83,2502.83,2502.83,2502.83,0.0,2502.83,0.0,6908400.0,0.049636803750147784,1.0,1.1087056936341038,781691.9603545122,2425171.9954476506,0.0,0.0,0.9894437352276539,1.0,0.0,5.086898279999999e-06,0.9894437352276539,13245.654433237198,6729.845524717092,0.0,80523.95650281041,100499.4564607647
2026-09-07 02:00:00+00:00,5.292270922610484,0.0,6660.199239375539,-5.292270922610484,2515.99,10.0,0.0,0.0,1.10871016987073,351110.01500003337,266881.005829967,0,2510.81,2510.81,2510.81,2510.81,0.0,2510.81,0.0,6904800.0,0.04963680380008473,1.0,1.10871016987073,781691.9603545122,2425171.9954476506,0.0,0.0,0.989449207014818,1.0,0.0,5.0869815768e-06,0.989449207014818,13287.88675519963,6687.61320275466,0.0,80524.52008677687,100500.02004473117
2026-09-07 03:00:00+00:00,5.292270922610484,0.0,6660.199239375539,-5.292270922610484,2515.99,10.0,0.0,0.0,1.1087146461254285,351110.01500003337,266882.3634700657,0,2496.01,2496.01,2496.01,2496.01,0.0,2496.01,0.0,6901200.0,0.049636803850074074,1.0,1.1087146461254285,781691.9603545122,2425171.9954476506,0.0,0.0,0.989454678832242,1.0,0.0,5.087048594399999e-06,0.989454678832242,13209.561145544996,6765.938812409294,0.0,80525.083656576,100500.58361453029
2026-09-07 04:00:00+00:00,5.292270922610484,0.0,6660.199239375539,-5.292270922610484,2515.99,10.0,0.0,0.0,1.1087191223981991,351110.01500003337,266883.7211315018,0,2496.83,2496.83,2496.83,2496.83,0.0,2496.83,0.0,6897600.0,0.049636803900114934,1.0,1.1087191223981991,781691.9603545122,2425171.9954476506,0.0,0.0,0.9894601506799261,1.0,0.0,5.0871026663999996e-06,0.9894601506799261,13213.900807701535,6761.599150252755,0.0,80525.64721566235,100501.14717361664
2026-09-07 05:00:00+00:00,5.292270922610484,0.0,6660.199239375539,-5.292270922610484,2515.99,10.0,0.0,0.0,1.1087236017792832,351110.01500003337,266885.078817521,0,2503.42,2503.42,2503.42,2503.42,0.0,2503.42,0.0,6894000.0,0.04960934589489541,1.0,1.1087236017792832,780881.8713611581,2425894.9830863373,0.0,0.0,0.9894712810801445,1.0,0.0,5.0871688992e-06,0.9894712810801445,13248.776873081539,6726.723084872751,0.0,80528.19752463076,100503.69748258505
2026-09-07 06:00:00+00:00,5.292270922610484,0.0,6660.199239375539,-5.292270922610484,2515.99,10.0,0.0,0.0,1.1087280780882107,351110.01500003337,266886.4446968981,0,2496.86,2496.86,2496.86,2496.86,0.0,2496.86,0.0,6890400.0,0.04960934594501332,1.0,1.1087280780882107,780881.8713611581,2425894.9830863373,0.0,0.0,0.9894767500647805,1.0,0.0,5.1178428108e-06,0.9894767500647805,13214.059575829215,6761.440382125076,0.0,80528.75186053128,100504.25181848557
2026-09-07 07:00:00+00:00,5.292270922610484,0.0,6660.199239375539,-5.292270922610484,2515.99,10.0,0.0,0.0,1.1087325544152113,351110.01500003337,266887.80245707696,0,2488.0,2488.0,2488.0,2488.0,0.0,2488.0,0.0,6886800.0,0.04960934599518296,1.0,1.1087325544152113,780881.8713611581,2425894.9830863373,0.0,0.0,0.9894822190796447,1.0,0.0,5.087394853199999e-06,0.9894822190796447,13167.170055454884,6808.329902499406,0.0,80529.31432624342,100504.81428419771
2026-09-07 08:00:00+00:00,5.292270922610484,0.0,6660.3264123679655,-5.292270922610484,2515.99,10.0,0.0,0.0,1.108737030760284,351110.01500003337,266889.16022260295,0,2490.15,2490.15,2490.15,2490.15,0.0,2490.15,9.65e-06,6883200.0,0.04960934604540479,1.0,1.108737030760284,780881.8713611581,2425894.9830863373,0.0,0.0,0.9894876881247372,1.0,0.0,5.0873890068e-06,0.9894876881247372,13178.548437938498,6797.078693008219,0.0,80529.87679722189,100505.5039281686
2026-09-07 09:00:00+00:00,5.292270922610484,0.0,6660.3264123679655,-5.292270922610484,2515.99,10.0,0.0,0.0,1.1087415071234294,351110.01500003337,266890.5180289635,0,2483.38,2483.38,2483.38,2483.38,0.0,2483.38,0.0,6879600.0,0.04960934609568035,1.0,1.1087415071234294,780881.8713611581,2425894.9830863373,0.0,0.0,0.9894931572000579,1.0,0.0,5.0875161264000006e-06,0.9894931572000579,13142.719763792426,6832.907367154292,0.0,80530.43923797924,100506.06636892597
2026-09-07 10:00:00+00:00,5.292270922610484,0.0,6660.3264123679655,-5.292270922610484,2515.99,10.0,0.0,0.0,1.1087459835046474,351110.01500003337,266891.8758533542,0,2487.76,2487.76,2487.76,2487.76,0.0,2487.76,0.0,6876000.0,0.04960934614600743,1.0,1.1087459835046474,780881.8713611581,2425894.9830863373,0.0,0.0,0.9894986263056074,1.0,0.0,5.0875578000000004e-06,0.9894986263056074,13165.89991043346,6809.727220513258,0.0,80531.00167132,100506.62880226673
2026-09-07 11:00:00+00:00,5.292270922610484,0.0,6660.3264123679655,-5.292270922610484,2515.99,10.0,0.0,0.0,1.1087504599424927,351110.01500003337,266893.23370389716,0,2487.97,2487.97,2487.97,2487.97,0.0,2487.97,0.0,6872400.0,0.049609003634325965,1.0,1.1087504599424927,780871.7688504463,2425903.999445989,0.0,0.0,0.9895041658184387,1.0,0.0,5.0876299044000006e-06,0.9895041658184387,13167.011287327205,6808.615843619511,0.0,80531.58879921038,100507.2159301571
2026-09-07 12:00:00+00:00,5.292270922610484,0.0,6660.3264123679655,-5.292270922610484,2515.99,10.0,0.0,0.0,1.1087549363598566,351110.01500003337,266894.59157585195,0,2504.38,2504.38,2504.38,2504.38,0.0,2504.38,0.0,6868800.0,0.04960900368475896,1.0,1.1087549363598566,780871.7688504463,2425903.999445989,0.0,0.0,0.9895096349479685,1.0,0.0,5.0876842464e-06,0.9895096349479685,13253.857453167246,6721.769677779472,0.0,80532.15119340678,100507.77832435351
2026-09-07 13:00:00+00:00,5.292270922610484,0.0,6660.3264123679655,-5.292270922610484,2515.99,10.0,0.0,0.0,1.1087594127952933,351110.01500003337,266895.94947190053,0,2497.86,2497.86,2497.86,2497.86,0.0,2497.86,0.0,6865200.0,0.04960900373295152,1.0,1.1087594127952933,780871.7689770682,2425904.000094129,0.0,0.0,0.9895151041081977,1.0,0.0,5.087748636e-06,0.9895151041081977,13219.351846751824,6756.275284194891,0.0,80532.7135742883,100508.34070523501
2026-09-07 14:00:00+00:00,5.292270922610484,0.0,6660.3264123679655,-5.292270922610484,2515.99,10.0,0.0,0.0,1.1087638892488028,351110.01500003337,266897.30738951714,0,2489.08,2489.08,2489.08,2489.08,0.0,2489.08,0.0,6861600.0,0.0496090037834902,1.0,1.1087638892488028,780871.7689770682,2425904.000094129,0.0,0.0,0.9895205732981848,1.0,0.0,5.0878035612e-06,0.9895205732981848,13172.885708051304,6802.741422895413,0.0,80533.27594405011,100508.90307499684
2026-09-07 15:00:00+00:00,5.292270922610484,0.0,6660.3264123679655,-5.292270922610484,2515.99,10.0,0.0,0.0,1.1087683657203855,351110.01500003337,266898.65034596686,0,2468.99,2468.99,2468.99,2468.99,0.0,2468.99,0.0,6858000.0,0.04960900383408173,1.0,1.1087683657203855,780871.7689770682,2425904.000094129,0.0,0.0,0.9895260425184009,1.0,0.0,5.031722066399999e-06,0.9895260425184009,13066.563985216058,6909.063145730658,0.0,80533.85328559257,100509.48041653929
2026-09-07 16:00:00+00:00,5.292270922610484,0.0,6660.70191761025,-5.292270922610484,2515.99,10.0,0.0,0.0,1.108772842210041,351110.01500003337,266900.0084816544,0,2481.76,2481.76,2481.76,2481.76,0.0,2481.76,2.859e-05,6854400.0,0.049609003884727,1.0,1.108772842210041,780871.7689770682,2425904.000094129,0.0,0.0,0.989531511768846,1.0,0.0,5.088569126399999e-06,0.989531511768846,13134.146284897797,6841.856351291205,0.0,80534.4154585108,100510.41809469981
2026-09-07 17:00:00+00:00,5.292270922610484,0.0,6660.70191761025,-5.292270922610484,2515.99,10.0,0.0,0.0,1.108777371596065,351110.01500003337,266901.36664105515,0,2494.31,2494.31,2494.31,2494.31,0.0,2494.31,0.0,6850800.0,0.04913929287794927,1.0,1.108777371596065,767105.5480703462,2438191.4773403886,0.0,0.0,0.9896332061241931,1.0,0.0,5.088632079599999e-06,0.9896332061241931,13200.564284976557,6775.438351212445,0.0,80568.76320574142,100544.76584193042
2026-09-07 18:00:00+00:00,5.292270922610484,0.0,6660.70191761025,-5.292270922610484,2515.99,10.0,0.0,0.0,1.1087818481220804,351110.01500003337,266902.72480736714,0,2490.69,2490.69,2490.69,2490.69,0.0,2490.69,0.0,6847200.0,0.049139292928209066,1.0,1.1087818481220804,767105.5480703462,2438191.4773403886,0.0,0.0,0.9896386253993693,1.0,0.0,5.088632079599999e-06,0.9896386253993693,13181.406264236708,6794.596371952294,0.0,80569.30780121783,100545.31043740684
2026-09-07 19:00:00+00:00,5.292270922610484,0.0,6660.70191761025,-5.292270922610484,2515.99,10.0,0.0,0.0,1.108786324666169,351110.01500003337,266904.082995547,0,2494.68,2494.68,2494.68,2494.68,0.0,2494.68,0.0,6843600.0,0.04913929297852171,1.0,1.108786324666169,767105.5480703462,2438191.4773403886,0.0,0.0,0.9896440447042218,1.0,0.0,5.0886881172e-06,0.9896440447042218,13202.522425217921,6773.480210971079,0.0,80569.85238524602,100545.85502143503
2026-09-07 20:00:00+00:00,5.292270922610484,0.0,6660.70191761025,-5.292270922610484,2515.99,10.0,0.0,0.0,1.1087908012283316,351110.01500003337,266905.44120576413,0,2494.15,2494.15,2494.15,2494.15,0.0,2494.15,0.0,6840000.0,0.04913929302888764,1.0,1.1087908012283316,767105.5480703462,2438191.4773403886,0.0,0.0,0.9896494640387505,1.0,0.0,5.0887447884e-06,0.9896494640387505,13199.71752162894,6776.285114560062,0.0,80570.39695765654,100546.39959384555
2026-09-07 21:00:00+00:00,5.292270922610484,0.0,6660.70191761025,-5.292270922610484,2515.99,10.0,0.0,0.0,1.1087952778085672,351110.01500003337,266906.7994376979,0,2490.08,2490.08,2490.08,2490.08,0.0,2490.08,0.0,6836400.0,0.04913929307930598,1.0,1.1087952778085672,767105.5480703462,2438191.4773403886,0.0,0.0,0.9896548834029559,1.0,0.0,5.0888002572e-06,0.9896548834029559,13178.177978973914,6797.824657215087,0.0,80570.94151877024,100546.94415495924
2026-09-07 22:00:00+00:00,5.292270922610484,0.0,6660.70191761025,-5.292270922610484,2515.99,10.0,0.0,0.0,1.1087997544068762,351110.01500003337,266908.15763337736,0,2481.69,2481.69,2481.69,2481.69,0.0,2481.69,0.0,6832800.0,0.049139293129777606,1.0,1.1087997544068762,767105.5480703462,2438191.4773403886,0.0,0.0,0.9896603027968379,1.0,0.0,5.088638530799999e-06,0.9896603027968379,13133.775825933213,6842.226810255788,0.0,80571.48612655798,100547.48876274699
2026-09-07 23:00:00+00:00,5.292270922610484,0.0,6660.70191761025,-5.292270922610484,2515.99,10.0,0.0,0.0,1.1088042407991479,351110.01500003337,266909.8661373812,0,2488.92,2488.92,2488.92,2488.92,0.0,2488.92,0.0,6829200.0,0.04905248035410881,1.0,1.1088042407991479,764580.0263972011,2440445.7715010224,0.0,0.0,0.9896834569411788,1.0,0.0,6.401072754e-06,0.9896834569411788,13172.038944703687,6803.9636914853145,0.0,80577.90727452096,100553.90991070996
2026-09-08 00:00:00+00:00,5.292270922610484,0.0,6661.260869835532,-5.292270922610484,2515.99,10.0,0.0,0.0,1.1088087321412803,351110.01500003337,266911.60654296144,0,2494.49,2494.49,2494.49,2494.49,0.0,2494.49,4.234e-05,6825600.0,0.04892188624567617,1.0,1.1088087321412803,760791.8603574625,2443827.2033057353,0.0,0.0,0.9897155352585126,1.0,0.0,6.520552916399999e-06,0.9897155352585126,13201.516893742626,6775.0446946716565,0.0,80587.42988742096,100563.99147583524
2026-09-08 01:00:00+00:00,5.292270922610484,0.0,6661.260869835532,-5.292270922610484,2515.99,10.0,0.0,0.0,1.1088132087939093,351110.01500003337,266913.1269362408,0,2503.33,2503.33,2503.33,2503.33,0.0,2503.33,0.0,6822000.0,0.04892188629607874,1.0,1.1088132087939093,760791.8603574625,2443827.2033057353,0.0,0.0,0.9897209315695804,1.0,0.0,5.6962264356e-06,0.9897209315695804,13248.300568698503,6728.261019715779,0.0,80587.80419300153,100564.3657814158
2026-09-08 02:00:00+00:00,5.292270922610484,0.0,6661.260869835532,-5.292270922610484,2515.99,10.0,0.0,0.0,1.1088176854646121,351110.01500003337,266914.5074875679,0,2483.43,2483.43,2483.43,2483.43,0.0,2483.43,0.0,6818400.0,0.04892188634653505,1.0,1.1088176854646121,760791.8603574625,2443827.2033057353,0.0,0.0,0.9897263279100708,1.0,0.0,5.172273737999999e-06,0.9897263279100708,13142.984377338555,6833.577211075729,0.0,80588.31835086498,100564.87993927926
2026-09-08 03:00:00+00:00,5.292270922610484,0.0,6661.260869835532,-5.292270922610484,2515.99,10.0,0.0,0.0,1.1088221621533891,351110.01500003337,266915.8636688041,0,2484.91,2484.91,2484.91,2484.91,0.0,2484.91,0.0,6814800.0,0.04892188639704398,1.0,1.1088221621533891,760791.8603574625,2443827.2033057353,0.0,0.0,0.9897317242799842,1.0,0.0,5.0809444704e-06,0.9897317242799842,13150.816938304019,6825.744650110265,0.0,80588.85688915005,100565.41847756432
2026-09-08 04:00:00+00:00,5.292270922610484,0.0,6661.260869835532,-5.292270922610484,2515.99,10.0,0.0,0.0,1.10882663886024,351110.01500003337,266917.58505017747,0,2477.81,2477.81,2477.81,2477.81,0.0,2477.81,0.0,6811200.0,0.04892188644760642,1.0,1.10882663886024,760791.8603574625,2443827.2033057353,0.0,0.0,0.9897371206793208,1.0,0.0,6.4491326928e-06,0.9897371206793208,13113.241814753485,6863.319773660799,0.0,80589.03023762873,100565.591826043
2026-09-08 05:00:00+00:00,5.292270922610484,0.0,6661.260869835532,-5.292270922610484,2515.99,10.0,0.0,0.0,1.108831124395347,351110.01500003337,266918.94109817717,0,2472.23,2472.23,2472.23,2472.23,0.0,2472.23,0.0,6807600.0,0.04884366722659794,1.0,1.108831124395347,758529.3374111371,2445846.846587598,0.0,0.0,0.9897584501962297,1.0,0.0,5.0803867224e-06,0.9897584501962297,13083.710943005317,6892.850645408965,0.0,80595.16319663083,100571.72478504511
2026-09-08 06:00:00+00:00,5.292270922610484,0.0,6661.260869835532,-5.292270922610484,2515.99,10.0,0.0,0.0,1.1088356011383815,351110.01500003337,266920.66844583536,0,2467.28,2467.28,2467.28,2467.28,0.0,2467.28,0.0,6804000.0,0.04884366727718481,1.0,1.1088356011383815,758529.3374111371,2445846.846587598,0.0,0.0,0.9897638383154412,1.0,0.0,6.471410615999999e-06,0.9897638383154412,13057.514201938397,6919.047386475886,0.0,80595.3276715898,100571.88926000407
2026-09-08 07:00:00+00:00,5.292270922610484,0.0,6661.260869835532,-5.292270922610484,2515.99,10.0,0.0,0.0,1.1088400778994905,351110.01500003337,266922.0391091554,0,2478.32,2478.32,2478.32,2478.32,0.0,2478.32,0.0,6800400.0,0.04884366732782475,1.0,1.1088400778994905,758529.3374111371,2445846.846587598,0.0,0.0,0.9897692264639852,1.0,0.0,5.1350830524e-06,0.9897692264639852,13115.940872924017,6860.620715490267,0.0,80595.84884118586,100572.41042960013
2026-09-08 08:00:00+00:00,5.292270922610484,0.0,6661.1967732562225,-5.292270922610484,2515.99,10.0,0.0,0.0,1.1088445546786732,351110.01500003337,266923.40163500636,0,2476.76,2476.76,2476.76,2476.76,0.0,2476.76,-4.89e-06,6796800.0,0.04884366737851864,1.0,1.1088445546786732,758529.3374111371,2445846.846587598,0.0,0.0,0.9897746146418614,1.0,0.0,5.1045705252e-06,0.9897746146418614,13107.684930284744,6868.8125615502295,0.0,80596.37815854984,100572.87565038481
2026-09-08 09:00:00+00:00,5.292270922610484,0.0,6661.1967732562225,-5.292270922610484,2515.99,10.0,0.0,0.0,1.1088490314759303,351110.01500003337,266924.7641828644,0,2490.82,2490.82,2490.82,2490.82,0.0,2490.82,0.0,6793200.0,0.04884366742926738,1.0,1.1088490314759303,758529.3374111371,2445846.846587598,0.0,0.0,0.9897800028490701,1.0,0.0,5.1046269156000006e-06,0.9897800028490701,13182.094259456648,6794.403232378327,0.0,80596.9074642057,100573.40495604067
2026-09-08 10:00:00+00:00,5.292270922610484,0.0,6661.1967732562225,-5.292270922610484,2515.99,10.0,0.0,0.0,1.108853508291262,351110.01500003337,266926.1267522148,0,2480.13,2480.13,2480.13,2480.13,0.0,2480.13,0.0,6789600.0,0.04884366748006874,1.0,1.108853508291262,758529.3374111371,2445846.846587598,0.0,0.0,0.9897853910856116,1.0,0.0,5.1046813764e-06,0.9897853910856116,13125.51988329394,6850.977608541033,0.0,80597.43675866816,100573.93425050314
2026-09-08 11:00:00+00:00,5.292270922610484,0.0,6661.1967732562225,-5.292270922610484,2515.99,10.0,0.0,0.0,1.108857985124668,351110.01500003337,266927.4893602326,0,2473.35,2473.35,2473.35,2473.35,0.0,2473.35,0.0,6786000.0,0.048843667530924284,1.0,1.108857985124668,758529.3374111371,2445846.846587598,0.0,0.0,0.989790779351486,1.0,0.0,5.10480018e-06,0.989790779351486,13089.638286438641,6886.859205396333,0.0,80597.96602476237,100574.46351659735
2026-09-08 12:00:00+00:00,5.292270922610484,0.0,6661.1967732562225,-5.292270922610484,2515.99,10.0,0.0,0.0,1.1088624619761493,351110.01500003337,266928.85198952915,0,2471.72,2471.72,2471.72,2471.72,0.0,2471.72,0.0,6782400.0,0.04884366758183423,1.0,1.1088624619761493,758529.3374111371,2445846.846587598,0.0,0.0,0.9897961676466933,1.0,0.0,5.104853838e-06,0.9897961676466933,13081.011884834785,6895.485607000189,0.0,80598.49527987686,100574.99277171184
2026-09-08 13:00:00+00:00,5.292270922610484,0.0,6661.1967732562225,-5.292270922610484,2515.99,10.0,0.0,0.0,1.1088669388457044,351110.01500003337,266930.21464296634,0,2458.37,2458.37,2458.37,2458.37,0.0,2458.37,0.0,6778800.0,0.04884366763279813,1.0,1.1088669388457044,758529.3374111371,2445846.846587598,0.0,0.0,0.9898015559712339,1.0,0.0,5.1049182168e-06,0.9898015559712339,13010.360068017935,6966.137423817038,0.0,80599.02452114993,100575.5220129849
2026-09-08 14:00:00+00:00,5.292270922610484,0.0,6661.1967732562225,-5.292270922610484,2515.99,10.0,0.0,0.0,1.1088714157333348,351110.01500003337,266931.57731998723,0,2484.82,2484.82,2484.82,2484.82,0.0,2484.82,0.0,6775200.0,0.04884366768381576,1.0,1.1088714157333348,758529.3374111371,2445846.846587598,0.0,0.0,0.9898069443251079,1.0,0.0,5.1049805076e-06,0.9898069443251079,13150.340633920985,6826.156857913989,0.0,80599.55374913855,100576.05124097352
2026-09-08 15:00:00+00:00,5.292270922610484,0.0,6661.1967732562225,-5.292270922610484,2515.99,10.0,0.0,0.0,1.1088758773974274,351110.01500003337,266932.94001829246,0,2497.77,2497.77,2497.77,2497.77,0.0,2497.77,0.0,6771600.0,0.04884649581126266,1.0,1.1088758773974274,758608.4921387044,2445776.1939662104,0.0,0.0,0.9898117596257291,1.0,0.0,5.1050341836e-06,0.9898117596257291,13218.875542368789,6757.621949466185,0.0,80599.8817511067,100576.37924294168
2026-09-08 16:00:00+00:00,5.292270922610484,0.0,6661.886499157775,-5.292270922610484,2515.99,10.0,0.0,0.0,1.1088803692542448,351110.01500003337,266934.31093583314,0,2495.73,2495.73,2495.73,2495.73,0.0,2495.73,5.222e-05,6768000.0,0.04884640717699895,1.0,1.1088803692542448,758608.4921387044,2445776.1939662104,0.0,0.0,0.9898171663015811,1.0,0.0,5.135799351600001e-06,0.9898171663015811,13208.079309686664,6769.107908049862,0.0,80600.40917160554,100577.59638934207
2026-09-08 17:00:00+00:00,5.292270922610484,0.0,6661.886499157775,-5.292270922610484,2515.99,10.0,0.0,0.0,1.108884846196098,351110.01500003337,266935.67370864225,0,2487.3,2487.3,2487.3,2487.3,0.0,2487.3,0.0,6764400.0,0.048846407228182676,1.0,1.108884846196098,758608.4921387044,2445776.1939662104,0.0,0.0,0.9898225550355533,1.0,0.0,5.1052610124e-06,0.9898225550355533,13163.465465809059,6813.721751927467,0.0,80600.9384372622,100578.12565499873
2026-09-08 18:00:00+00:00,5.292270922610484,0.0,6661.886499157775,-5.292270922610484,2515.99,10.0,0.0,0.0,1.1088893231560264,351110.01500003337,266937.03650781367,0,2485.68,2485.68,2485.68,2485.68,0.0,2485.68,0.0,6760800.0,0.04884640727942169,1.0,1.1088893231560264,758608.4921387044,2445776.1939662104,0.0,0.0,0.9898279437988625,1.0,0.0,5.1053337072e-06,0.9898279437988625,13154.891986914428,6822.295230822098,0.0,80601.46768685716,100578.65490459368
2026-09-08 19:00:00+00:00,5.292270922610484,0.0,6661.886499157775,-5.292270922610484,2515.99,10.0,0.0,0.0,1.10889380013403,351110.01500003337,266938.39932871476,0,2480.99,2480.99,2480.99,2480.99,0.0,2480.99,0.0,6757200.0,0.04884640733071488,1.0,1.10889380013403,758608.4921387044,2445776.1939662104,0.0,0.0,0.9898333325915092,1.0,0.0,5.1053890464e-06,0.9898333325915092,13130.071236287384,6847.115981449142,0.0,80601.99692502304,100579.18414275956
2026-09-08 20:00:00+00:00,5.292270922610484,0.0,6661.886499157775,-5.292270922610484,2515.99,10.0,0.0,0.0,1.1088982771301084,351110.01500003337,266939.7621721713,0,2481.95,2481.95,2481.95,2481.95,0.0,2481.95,0.0,6753600.0,0.04884640738206203,1.0,1.1088982771301084,758608.4921387044,2445776.1939662104,0.0,0.0,0.9898387214134935,1.0,0.0,5.105447478e-06,0.9898387214134935,13135.15181637309,6842.035401363435,0.0,80602.52615093422,100579.71336867075
2026-09-08 21:00:00+00:00,5.292270922610484,0.0,6661.886499157775,-5.292270922610484,2515.99,10.0,0.0,0.0,1.108902755563801,351110.01500003337,266941.1250371621,0,2481.91,2481.91,2481.91,2481.91,0.0,2481.91,0.0,6750000.0,0.04883380569846163,1.0,1.108902755563801,758244.4315483382,2446101.180741231,0.0,0.0,0.9898466558379825,1.0,0.0,5.1055020828e-06,0.9898466558379825,13134.940125536186,6842.2470922003395,0.0,80603.94914184482,100581.13635958135
2026-09-08 22:00:00+00:00,5.292270922610484,0.0,6661.886499157775,-5.292270922610484,2515.99,10.0,0.0,0.0,1.1089072292615216,351110.01500003337,266942.4879236297,0,2488.07,2488.07,2488.07,2488.07,0.0,2488.07,0.0,6746400.0,0.048863407504252,1.0,1.1089072292615216,759099.8211625849,2445337.662486973,0.0,0.0,0.9898460669825492,1.0,0.0,5.1055564716e-06,0.9898460669825492,13167.540514419468,6809.6467033170575,0.0,80602.3795023372,100579.56672007372
2026-09-08 23:00:00+00:00,5.292270922610484,0.0,6661.886499157775,-5.292270922610484,2515.99,10.0,0.0,0.0,1.1089117063118181,351110.01500003337,266943.85083163105,0,2483.87,2483.87,2483.87,2483.87,0.0,2483.87,0.0,6742800.0,0.048863407555782334,1.0,1.1089117063118181,759099.8211625849,2445337.662486973,0.0,0.0,0.9898514577053286,1.0,0.0,5.1056110728e-06,0.9898514577053286,13145.312976544503,6831.874241192023,0.0,80602.90933109174,100580.09654882827
2026-09-09 00:00:00+00:00,5.292270922610484,0.0,6662.57511598457,-5.292270922610484,2515.99,10.0,0.0,0.0,1.1089161833801904,351110.01500003337,266945.21376115107,0,2495.54,2495.54,2495.54,2495.54,0.0,2495.54,5.214e-05,6739200.0,0.04886340760736885,1.0,1.1089161833801904,759099.8211625849,2445337.662486973,0.0,0.0,0.9898568484574657,1.0,0.0,5.105665616399999e-06,0.9898568484574657,13207.073778211368,6770.802056351954,0.0,80603.43914863549,100581.31498319881
2026-09-09 01:00:00+00:00,5.292270922610484,0.0,6662.57511598457,-5.292270922610484,2515.99,10.0,0.0,0.0,1.108920660466638,351110.01500003337,266946.57671505475,0,2496.73,2496.73,2496.73,2496.73,0.0,2496.73,0.0,6735600.0,0.048863407659009095,1.0,1.108920660466638,759099.8211625849,2445337.662486973,0.0,0.0,0.9898622392389613,1.0,0.0,5.1057308916000005e-06,0.9898622392389613,13213.371580609275,6764.504253954047,0.0,80603.96895210358,100581.8447866669
2026-09-09 02:00:00+00:00,5.292270922610484,0.0,6662.57511598457,-5.292270922610484,2515.99,10.0,0.0,0.0,1.1089251375711613,351110.01500003337,266947.947891665,0,2492.64,2492.64,2492.64,2492.64,0.0,2492.64,0.0,6732000.0,0.048863407710706186,1.0,1.1089251375711613,759099.8211625849,2445337.662486973,0.0,0.0,0.9898676300498149,1.0,0.0,5.1365074824e-06,0.9898676300498149,13191.726192535796,6786.149642027524,0.0,80604.49054317304,100582.36637773637
2026-09-09 03:00:00+00:00,5.292270922610484,0.0,6662.57511598457,-5.292270922610484,2515.99,10.0,0.0,0.0,1.10892961469376,351110.01500003337,266949.3109193441,0,2487.79,2487.79,2487.79,2487.79,0.0,2487.79,0.0,6728400.0,0.0488634077624579,1.0,1.10892961469376,759099.8211625849,2445337.662486973,0.0,0.0,0.9898730208900272,1.0,0.0,5.1059549628e-06,0.9898730208900272,13166.058678561136,6811.817156002185,0.0,80605.0202934817,100582.89612804503
2026-09-09 04:00:00+00:00,5.292270922610484,0.0,6662.57511598457,-5.292270922610484,2515.99,10.0,0.0,0.0,1.1089340918344346,351110.01500003337,266950.6739690516,0,2508.68,2508.68,2508.68,2508.68,0.0,2508.68,0.0,6724800.0,0.048863407814265125,1.0,1.1089340918344346,759099.8211625849,2445337.662486973,0.0,0.0,0.9898784117595979,1.0,0.0,5.106011410800001e-06,0.9898784117595979,13276.61421813447,6701.261616428853,0.0,80605.55003207002,100583.42586663335
2026-09-09 05:00:00+00:00,5.292270922610484,0.0,6662.57511598457,-5.292270922610484,2515.99,10.0,0.0,0.0,1.1089385689931848,351110.01500003337,266952.0370403102,0,2495.45,2495.45,2495.45,2495.45,0.0,2495.45,0.0,6721200.0,0.04886340786612742,1.0,1.1089385689931848,759099.8211625849,2445337.662486973,0.0,0.0,0.9898838026585276,1.0,0.0,5.1060660696e-06,0.9898838026585276,13206.597473828331,6771.278360734989,0.0,80606.07975941547,100583.9555939788
2026-09-09 06:00:00+00:00,5.292270922610484,0.0,6662.57511598457,-5.292270922610484,2515.99,10.0,0.0,0.0,1.1089430451996989,351110.01500003337,266953.4001324935,0,2500.05,2500.05,2500.05,2500.05,0.0,2500.05,0.0,6717600.0,0.048872021629153606,1.0,1.1089430451996989,759348.8450817275,2445115.3830683655,0.0,0.0,0.9898874619240418,1.0,0.0,5.1061183812e-06,0.9898874619240418,13230.941920072342,6746.933914490979,0.0,80606.00147200172,100583.87730656505
2026-09-09 07:00:00+00:00,5.292270922610484,0.0,6662.57511598457,-5.292270922610484,2515.99,10.0,0.0,0.0,1.108947522394597,351110.01500003337,266954.7632475257,0,2509.49,2509.49,2509.49,2509.49,0.0,2509.49,0.0,6714000.0,0.048872021681137356,1.0,1.108947522394597,759348.8450817275,2445115.3830683655,0.0,0.0,0.989892853800269,1.0,0.0,5.106177899999999e-06,0.989892853800269,13280.900957581784,6696.974876981539,0.0,80606.53149871255,100584.40733327587
2026-09-09 08:00:00+00:00,5.292270922610484,0.0,6663.713336440737,-5.292270922610484,2515.99,10.0,0.0,0.0,1.1089519996075712,351110.01500003337,266956.1263839974,0,2519.0,2519.0,2519.0,2519.0,0.0,2519.0,8.538e-05,6710400.0,0.04887202173317595,1.0,1.1089519996075712,759348.8450817275,2445115.3830683655,0.0,0.0,0.9898982457058658,1.0,0.0,5.1062321375999995e-06,0.9898982457058658,13331.23045405581,6647.7836009636785,0.0,80607.06151429587,100586.07556931536
2026-09-09 09:00:00+00:00,5.292270922610484,0.0,6663.713336440737,-5.292270922610484,2515.99,10.0,0.0,0.0,1.1089564768386215,351110.01500003337,266957.4895559591,0,2489.13,2489.13,2489.13,2489.13,0.0,2489.13,0.0,6706800.0,0.04887202178527161,1.0,1.1089564768386215,759348.8450817275,2445115.3830683655,0.0,0.0,0.9899036376408319,1.0,0.0,5.1063390072e-06,0.9899036376408319,13173.150321597435,6805.863733422053,0.0,80607.59150470095,100586.60555972044
2026-09-09 10:00:00+00:00,5.292270922610484,0.0,6663.713336440737,-5.292270922610484,2515.99,10.0,0.0,0.0,1.1089609540877483,351110.01500003337,266958.8855714246,0,2486.3,2486.3,2486.3,2486.3,0.0,2486.3,0.0,6703200.0,0.048872021837422785,1.0,1.1089609540877483,759348.8450817275,2445115.3830683655,0.0,0.0,0.9899090296051677,1.0,0.0,5.229341261999999e-06,0.9899090296051677,13158.173194886447,6820.84086013304,0.0,80608.08866191428,100587.10271693378
2026-09-09 11:00:00+00:00,5.292270922610484,0.0,6663.713336440737,-5.292270922610484,2515.99,10.0,0.0,0.0,1.1089654313549508,351110.01500003337,266960.2488930204,0,2499.86,2499.86,2499.86,2499.86,0.0,2499.86,0.0,6699600.0,0.04887202188962947,1.0,1.1089654313549508,759348.8450817275,2445115.3830683655,0.0,0.0,0.9899144215988733,1.0,0.0,5.1068467404e-06,0.9899144215988733,13229.936388597045,6749.077666422442,0.0,80608.61852330936,100587.63257832885
2026-09-09 12:00:00+00:00,5.292270922610484,0.0,6663.713336440737,-5.292270922610484,2515.99,10.0,0.0,0.0,1.1089699086402298,351110.01500003337,266962.28445874574,0,2510.66,2510.66,2510.66,2510.66,0.0,2510.66,0.0,6696000.0,0.04887202194189255,1.0,1.1089699086402298,759348.8450817275,2445115.3830683655,0.0,0.0,0.9899198136219489,1.0,0.0,7.624947808799999e-06,0.9899198136219489,13287.092914561237,6691.921140458251,0.0,80608.47615088697,100587.49020590646
2026-09-09 13:00:00+00:00,5.292270922610484,0.0,6663.713336440737,-5.292270922610484,2515.99,10.0,0.0,0.0,1.1089743922495932,351110.01500003337,266964.3209941278,0,2501.44,2501.44,2501.44,2501.44,0.0,2501.44,0.0,6692400.0,0.04881604478523305,1.0,1.1089743922495932,757731.6600583921,2446559.036631942,0.0,0.0,0.9899364176063765,1.0,0.0,7.628521827599999e-06,0.9899364176063765,13238.298176654771,6740.715878364718,0.0,80612.26944072638,100591.28349574587
2026-09-09 14:00:00+00:00,5.292270922610484,0.0,6663.713336440737,-5.292270922610484,2515.99,10.0,0.0,0.0,1.1089788695710503,351110.01500003337,266967.0129600038,0,2498.16,2498.16,2498.16,2498.16,0.0,2498.16,0.0,6688800.0,0.048816044837547645,1.0,1.1089788695710503,757731.6600583921,2446559.036631942,0.0,0.0,0.9899418037180452,1.0,0.0,1.0083565825200001e-05,0.9899418037180452,13220.939528028606,6758.074526990882,0.0,80611.46859259915,100590.48264761864
2026-09-09 15:00:00+00:00,5.292270922610484,0.0,6663.713336440737,-5.292270922610484,2515.99,10.0,0.0,0.0,1.1089833469105845,351110.01500003337,266969.14726545993,0,2488.97,2488.97,2488.97,2488.97,0.0,2488.97,0.0,6685200.0,0.048816044889919086,1.0,1.1089833469105845,757731.6600583921,2446559.036631942,0.0,0.0,0.9899471898590188,1.0,0.0,7.994609150400001e-06,0.9899471898590188,13172.303558249816,6806.710496769672,0.0,80611.22541518102,100590.23947020051
2026-09-09 16:00:00+00:00,5.292270922610484,0.0,6664.118679874826,-5.292270922610484,2515.99,10.0,0.0,0.0,1.108987824386431,351110.01500003337,266971.30139546696,0,2494.84,2494.84,2494.84,2494.84,0.0,2494.84,3.07e-05,6681600.0,0.04881499542184731,1.0,1.108987824386431,757701.363041455,2446586.0827574776,0.0,0.0,0.9899527859136794,1.0,0.0,8.068802475600001e-06,0.9899527859136794,13203.36918856554,6776.050209888036,0.0,80611.03611600981,100590.45551446339
2026-09-09 17:00:00+00:00,5.292270922610484,0.0,6664.118679874826,-5.292270922610484,2515.99,10.0,0.0,0.0,1.1089922542546073,351110.01500003337,266973.26272399834,0,2492.54,2492.54,2492.54,2492.54,0.0,2492.54,0.0,6678000.0,0.04923677674126603,1.0,1.1089922542546073,757701.363041455,2396921.631147359,0.0,0.0,0.9898738891436073,1.0,0.0,7.346562408e-06,0.9898738891436073,13191.196965443536,6788.222433010041,0.0,80581.373341355,100560.79273980859
2026-09-09 18:00:00+00:00,5.292270922610484,0.0,6664.118679874826,-5.292270922610484,2515.99,10.0,0.0,0.0,1.10899673164818,351110.01500003337,266975.2603874349,0,2480.15,2480.15,2480.15,2480.15,0.0,2480.15,0.0,6674400.0,0.04923677679427052,1.0,1.10899673164818,757701.363041455,2396921.631147359,0.0,0.0,0.9898793202357195,1.0,0.0,7.4826068436e-06,0.9898793202357195,13125.625728712394,6853.793669741184,0.0,80581.28258875135,100560.70198720493
2026-09-09 19:00:00+00:00,5.292270922610484,0.0,6664.118679874826,-5.292270922610484,2515.99,10.0,0.0,0.0,1.109001209059829,351110.01500003337,266977.22762418236,0,2464.28,2464.28,2464.28,2464.28,0.0,2464.28,0.0,6670800.0,0.049236776847330965,1.0,1.109001209059829,757701.363041455,2396921.631147359,0.0,0.0,0.9898847513576304,1.0,0.0,7.3685835036e-06,0.9898847513576304,13041.637389170564,6937.782009283012,0.0,80581.22227329959,100560.64167175317
2026-09-09 20:00:00+00:00,5.292270922610484,0.0,6664.118679874826,-5.292270922610484,2515.99,10.0,0.0,0.0,1.1090056864895552,351110.01500003337,266979.1251784003,0,2470.37,2470.37,2470.37,2470.37,0.0,2470.37,0.0,6667200.0,0.049236776900449586,1.0,1.1090056864895552,757701.363041455,2396921.631147359,0.0,0.0,0.9898901825093398,1.0,0.0,7.107525579600001e-06,0.9898901825093398,13073.867319089262,6905.552079364315,0.0,80581.23165083973,100560.65104929332
2026-09-09 21:00:00+00:00,5.292270922610484,0.0,6664.118679874826,-5.292270922610484,2515.99,10.0,0.0,0.0,1.1090101639373584,351110.01500003337,266980.99110674206,0,2460.58,2460.58,2460.58,2460.58,0.0,2460.58,0.0,6663600.0,0.04923677695362505,1.0,1.1090101639373584,757701.363041455,2396921.631147359,0.0,0.0,0.9898956136908482,1.0,0.0,6.9890176619999986e-06,0.9898956136908482,13022.055986756905,6957.363411696672,0.0,80581.27266471891,100560.6920631725
2026-09-09 22:00:00+00:00,5.292270922610484,0.0,6664.118679874826,-5.292270922610484,2515.99,10.0,0.0,0.0,1.1090146414032385,351110.01500003337,266982.8576797638,0,2449.12,2449.12,2449.12,2449.12,0.0,2449.12,0.0,6660000.0,0.049236777006859356,1.0,1.1090146414032385,757701.363041455,2396921.631147359,0.0,0.0,0.9899010449021554,1.0,0.0,6.9913835028e-06,0.9899010449021554,12961.40656198379,7018.012836469788,0.0,80581.31304438069,100560.73244283427
2026-09-09 23:00:00+00:00,5.292270922610484,0.0,6664.118679874826,-5.292270922610484,2515.99,10.0,0.0,0.0,1.1090191188871958,351110.01500003337,266984.724897798,0,2466.97,2466.97,2466.97,2466.97,0.0,2466.97,0.0,6656400.0,0.04923677706015028,1.0,1.1090191188871958,757701.363041455,2396921.631147359,0.0,0.0,0.9899064761432618,1.0,0.0,6.9937505387999995e-06,0.9899064761432618,13055.873597952384,6923.5458005011915,0.0,80581.35278949281,100560.7721879464
2026-09-10 00:00:00+00:00,5.292270922610484,0.0,6663.966385693257,-5.292270922610484,2515.99,10.0,0.0,0.0,1.1090235955051038,351110.01500003337,266986.4683884802,0,2463.76,2463.76,2463.76,2463.76,0.0,2463.76,-1.168e-05,6652800.0,0.04924462795247497,1.0,1.1090235955051038,757701.363041455,2396007.005035938,0.0,0.0,0.9899103448602696,1.0,0.0,6.5302799256e-06,0.9899103448602696,13038.885408290807,6940.3816959812,0.0,80580.96764409728,100560.23474836929
2026-09-10 01:00:00+00:00,5.292270922610484,0.0,6663.966385693257,-5.292270922610484,2515.99,10.0,0.0,0.0,1.1090280730252116,351110.01500003337,266988.3202922132,0,2463.0,2463.0,2463.0,2463.0,0.0,2463.0,0.0,6649200.0,0.04924462800589002,1.0,1.1090280730252116,757701.363041455,2396007.005035938,0.0,0.0,0.9899157769979419,1.0,0.0,6.9362965152e-06,0.9899157769979419,13034.863282389622,6944.403821882385,0.0,80581.02301830385,100560.29012257585
2026-09-10 02:00:00+00:00,5.292270922610484,0.0,6663.966385693257,-5.292270922610484,2515.99,10.0,0.0,0.0,1.1090325505633971,351110.01500003337,266990.1728120915,0,2473.99,2473.99,2473.99,2473.99,0.0,2473.99,0.0,6645600.0,0.04924462805936325,1.0,1.1090325505633971,757701.363041455,2396007.005035938,0.0,0.0,0.9899212091654228,1.0,0.0,6.9385561487999994e-06,0.9899212091654228,13093.025339829112,6886.241764442897,0.0,80581.0777868313,100560.3448911033
2026-09-10 03:00:00+00:00,5.292270922610484,0.0,6663.966385693257,-5.292270922610484,2515.99,10.0,0.0,0.0,1.1090370281196602,351110.01500003337,266991.90696680435,0,2474.34,2474.34,2474.34,2474.34,0.0,2474.34,0.0,6642000.0,0.04924462811289465,1.0,1.1090370281196602,757701.363041455,2396007.005035938,0.0,0.0,0.9899266413627129,1.0,0.0,6.4951794396e-06,0.9899266413627129,13094.877634652026,6884.389469619981,0.0,80581.25093099044,100560.51803526244
2026-09-10 04:00:00+00:00,5.292270922610484,0.0,6663.966385693257,-5.292270922610484,2515.99,10.0,0.0,0.0,1.1090415056940002,351110.01500003337,266993.6415542061,0,2477.69,2477.69,2477.69,2477.69,0.0,2477.69,0.0,6638400.0,0.049244628166484006,1.0,1.1090415056940002,757701.363041455,2396007.005035938,0.0,0.0,0.9899320735898122,1.0,0.0,6.4967578488e-06,0.9899320735898122,13112.606742242771,6866.660362029237,0.0,80581.42365292698,100560.69075719899
2026-09-10 05:00:00+00:00,5.292270922610484,0.0,6663.966385693257,-5.292270922610484,2515.99,10.0,0.0,0.0,1.1090459683508012,351110.01500003337,266995.37657445786,0,2481.11,2481.11,2481.11,2481.11,0.0,2481.11,0.0,6634800.0,0.049244719490119104,1.0,1.1090459683508012,757701.363041455,2396007.005035938,0.0,0.0,0.9899374877299737,1.0,0.0,6.4983368304e-06,0.9899374877299737,13130.706308798099,6848.560795473908,0.0,80581.58959150856,100560.85669578056
2026-09-10 06:00:00+00:00,5.292270922610484,0.0,6663.966385693257,-5.292270922610484,2515.99,10.0,0.0,0.0,1.109050494499072,351110.01500003337,266997.11562758824,0,2479.25,2479.25,2479.25,2479.25,0.0,2479.25,0.0,6631200.0,0.04894629739990264,1.0,1.109050494499072,749165.8780831198,2403626.5776307145,0.0,0.0,0.9900021340651612,1.0,0.0,6.51339918e-06,0.9900021340651612,13120.862684882042,6858.4044193899645,0.0,80602.54851409554,100581.81561836755
2026-09-10 07:00:00+00:00,5.292270922610484,0.0,6663.966385693257,-5.292270922610484,2515.99,10.0,0.0,0.0,1.109054972127781,351110.01500003337,266998.4994642283,0,2471.5,2471.5,2471.5,2471.5,0.0,2471.5,0.0,6627600.0,0.04894629745333301,1.0,1.109054972127781,749165.8780831198,2403626.5776307145,0.0,0.0,0.9900075345686827,1.0,0.0,5.1829513236e-06,0.9900075345686827,13079.847585231812,6899.419519040196,0.0,80603.06084832794,100582.32795259994
2026-09-10 08:00:00+00:00,5.292270922610484,0.0,6664.6321865441,-5.292270922610484,2515.99,10.0,0.0,0.0,1.1090594497745676,351110.01500003337,266999.8833237861,0,2470.18,2470.18,2470.18,2470.18,0.0,2470.18,5.093e-05,6624000.0,0.048946297506822445,1.0,1.1090594497745676,749165.8780831198,2403626.5776307145,0.0,0.0,0.9900129351016641,1.0,0.0,5.1830102952000005e-06,0.9900129351016641,13072.861787613965,6907.071117508885,0.0,80603.57316998625,100583.5060751091
2026-09-10 09:00:00+00:00,5.292270922610484,0.0,6664.6321865441,-5.292270922610484,2515.99,10.0,0.0,0.0,1.1090638919098756,351110.01500003337,267001.26720268815,0,2467.65,2467.65,2467.65,2467.65,0.0,2467.65,0.0,6620400.0,0.04926173925055455,1.0,1.1090638919098756,758193.1111399103,2395569.1588729555,0.0,0.0,0.9899558460707817,1.0,0.0,5.183055882e-06,0.9899558460707817,13059.472342179763,6920.460562943089,0.0,80582.14476059476,100562.07766571762
2026-09-10 10:00:00+00:00,5.292270922610484,0.0,6664.6321865441,-5.292270922610484,2515.99,10.0,0.0,0.0,1.1090683695926744,351110.01500003337,267002.6511028092,0,2463.08,2463.08,2463.08,2463.08,0.0,2463.08,0.0,6616800.0,0.04926173930451361,1.0,1.1090683695926744,758193.1111399103,2395569.1588729555,0.0,0.0,0.9899612803010499,1.0,0.0,5.1831084888e-06,0.9899612803010499,13035.286664063431,6944.6462410594195,0.0,80582.66887314466,100562.6017782675
2026-09-10 11:00:00+00:00,5.292270922610484,0.0,6664.6321865441,-5.292270922610484,2515.99,10.0,0.0,0.0,1.10907284733313,351110.01500003337,267004.0350292419,0,2461.03,2461.03,2461.03,2461.03,0.0,2461.03,0.0,6613200.0,0.04926138791672896,1.0,1.10907284733313,758183.011865811,2395578.173920817,0.0,0.0,0.9899667840948441,1.0,0.0,5.1831801684e-06,0.9899667840948441,13024.437508672081,6955.4953964507695,0.0,80583.2173838336,100563.15028895644
2026-09-10 12:00:00+00:00,5.292270922610484,0.0,6664.6321865441,-5.292270922610484,2515.99,10.0,0.0,0.0,1.109077325052085,351110.01500003337,267005.41897851945,0,2413.44,2413.44,2413.44,2413.44,0.0,2413.44,0.0,6609600.0,0.04926138797080437,1.0,1.109077325052085,758183.011865811,2395578.173920817,0.0,0.0,0.9899722183473034,1.0,0.0,5.1832388628e-06,0.9899722183473034,12772.578335465047,7207.354569657803,0.0,80583.74145501858,100563.67436014142
2026-09-10 13:00:00+00:00,5.292270922610484,0.0,6664.6321865441,-5.292270922610484,2515.99,10.0,0.0,0.0,1.1090818027891183,351110.01500003337,267006.80295862514,0,2433.87,2433.87,2433.87,2433.87,0.0,2433.87,0.0,6606000.0,0.049261388024939956,1.0,1.1090818027891183,758183.011865811,2395578.173920817,0.0,0.0,0.9899776526295928,1.0,0.0,5.1833274552e-06,0.9899776526295928,12880.699430413979,7099.233474708872,0.0,80584.26550584903,100564.19841097188
2026-09-10 14:00:00+00:00,5.292270922610484,0.0,6664.6321865441,-5.292270922610484,2515.99,10.0,0.0,0.0,1.1090862805442294,351110.01500003337,267008.1869617176,0,2442.29,2442.29,2442.29,2442.29,0.0,2442.29,0.0,6602400.0,0.04926138807913438,1.0,1.1090862805442294,758183.011865811,2395578.173920817,0.0,0.0,0.9899830869417129,1.0,0.0,5.1833866788e-06,0.9899830869417129,12925.26035158236,7054.672553540491,0.0,80584.78954416653,100564.72244928937
2026-09-10 15:00:00+00:00,5.292270922610484,0.0,6664.6321865441,-5.292270922610484,2515.99,10.0,0.0,0.0,1.109090753566327,351110.01500003337,267009.5709864111,0,2440.01,2440.01,2440.01,2440.01,0.0,2440.01,0.0,6598800.0,0.049303575861793236,1.0,1.109090753566327,759396.011865811,2394495.487971063,0.0,0.0,0.9899801925224646,1.0,0.0,5.183440711199999e-06,0.9899801925224646,12913.19397387881,7066.738931244042,0.0,80582.38925988734,100562.32216501019
2026-09-10 16:00:00+00:00,5.292270922610484,0.0,6663.23191663648,-5.292270922610484,2515.99,10.0,0.0,0.0,1.109095265669902,351110.01500003337,267010.9550603281,0,2447.62,2447.62,2447.62,2447.62,0.0,2447.62,-0.0001081,6595200.0,0.048998936041672714,1.0,1.109095265669902,750667.5414784858,2402287.3562471196,0.0,0.0,0.9900457504392051,1.0,0.0,5.1835981932e-06,0.9900457504392051,12953.468155599872,7025.064479615357,0.0,80604.02322710044,100582.55586231567
2026-09-10 17:00:00+00:00,5.292270922610484,0.0,6663.23191663648,-5.292270922610484,2515.99,10.0,0.0,0.0,1.109099743479368,351110.01500003337,267012.3391617634,0,2464.85,2464.85,2464.85,2464.85,0.0,2464.85,0.0,6591600.0,0.0489989360957479,1.0,1.109099743479368,750667.5414784858,2402287.3562471196,0.0,0.0,0.9900511568520359,1.0,0.0,5.1836743836e-06,0.9900511568520359,13044.653983596452,6933.878651618779,0.0,80604.53737135534,100583.07000657058
2026-09-10 18:00:00+00:00,5.292270922610484,0.0,6663.23191663648,-5.292270922610484,2515.99,10.0,0.0,0.0,1.109104221306912,351110.01500003337,267014.17020390957,0,2467.37,2467.37,2467.37,2467.37,0.0,2467.37,0.0,6588000.0,0.04899893614988304,1.0,1.109104221306912,750667.5414784858,2402287.3562471196,0.0,0.0,0.9900565632943898,1.0,0.0,6.857495326799999e-06,0.9900565632943898,13057.99050632143,6920.5421288938005,0.0,80604.60458526516,100583.13722048039
2026-09-10 19:00:00+00:00,5.292270922610484,0.0,6663.23191663648,-5.292270922610484,2515.99,10.0,0.0,0.0,1.1091087105996058,351110.01500003337,267016.0701636184,0,2461.46,2461.46,2461.46,2461.46,0.0,2461.46,0.0,6584400.0,0.04889732499937027,1.0,1.1091087105996058,747771.9627963682,2404872.2907869373,0.0,0.0,0.990081994371235,1.0,0.0,7.1155510128000005e-06,0.990081994371235,13026.713185168803,6951.819450046428,0.0,80611.63373132882,100590.16636654406
2026-09-10 20:00:00+00:00,5.292270922610484,0.0,6663.23191663648,-5.292270922610484,2515.99,10.0,0.0,0.0,1.1091131884633536,351110.01500003337,267017.4559244006,0,2460.53,2460.53,2460.53,2460.53,0.0,2460.53,0.0,6580800.0,0.048897325053508744,1.0,1.1091131884633536,747771.9627963682,2404872.2907869373,0.0,0.0,0.990087390033447,1.0,0.0,5.1897894588e-06,0.990087390033447,13021.791373210775,6956.741262004455,0.0,80612.14244158688,100590.67507680212
2026-09-10 21:00:00+00:00,5.292270922610484,0.0,6663.23191663648,-5.292270922610484,2515.99,10.0,0.0,0.0,1.1091176663451798,351110.01500003337,267018.8417120777,0,2459.27,2459.27,2459.27,2459.27,0.0,2459.27,0.0,6577200.0,0.048897325107706724,1.0,1.1091176663451798,747771.9627963682,2404872.2907869373,0.0,0.0,0.9900927857250637,1.0,0.0,5.189863248e-06,0.9900927857250637,13015.123111848285,6963.409523366945,0.0,80612.65113527427,100591.1837704895
2026-09-10 22:00:00+00:00,5.292270922610484,0.0,6663.23191663648,-5.292270922610484,2515.99,10.0,0.0,0.0,1.109122144245085,351110.01500003337,267020.22752456117,0,2443.84,2443.84,2443.84,2443.84,0.0,2443.84,0.0,6573600.0,0.0488973251619631,1.0,1.109122144245085,747771.9627963682,2404872.2907869373,0.0,0.0,0.9900981814460855,1.0,0.0,5.189929214400001e-06,0.9900981814460855,12933.463371512407,7045.069263702824,0.0,80613.1598144797,100591.69244969494
2026-09-10 23:00:00+00:00,5.292270922610484,0.0,6663.23191663648,-5.292270922610484,2515.99,10.0,0.0,0.0,1.1091266221630693,351110.01500003337,267021.73637222225,0,2437.04,2437.04,2437.04,2437.04,0.0,2437.04,0.0,6570000.0,0.04889732521627943,1.0,1.1091266221630693,747771.9627963682,2404872.2907869373,0.0,0.0,0.9901035771965124,1.0,0.0,5.6506707828e-06,0.9901035771965124,12897.475929238655,7081.056705976576,0.0,80613.5454688319,100592.07810404713
2026-09-11 00:00:00+00:00,5.292270922610484,0.0,6663.313914831301,-5.292270922610484,2515.99,10.0,0.0,0.0,1.1091310478825993,351110.01500003337,267023.5614217869,0,2455.46,2455.46,2455.46,2455.46,0.0,2455.46,6.31e-06,6566400.0,0.048897325272469816,1.0,1.1091310478825993,747771.9627963682,2404872.2907869373,0.0,0.0,0.9901089729759879,1.0,0.0,6.8348118492e-06,0.9901089729759879,12994.95955963314,6983.655073776912,0.0,80613.61493147985,100592.2295648899
2026-09-11 01:00:00+00:00,5.292270922610484,0.0,6663.313914831301,-5.292270922610484,2515.99,10.0,0.0,0.0,1.1091355258365307,351110.01500003337,267025.3870334217,0,2453.25,2453.25,2453.25,2453.25,0.0,2453.25,0.0,6562800.0,0.04889732532690716,1.0,1.1091355258365307,747771.9627963682,2404872.2907869373,0.0,0.0,0.9901143687852254,1.0,0.0,6.8368700664000005e-06,0.9901143687852254,12983.26364089417,6995.350992515881,0.0,80613.68384250737,100592.29847591741
2026-09-11 02:00:00+00:00,5.292270922610484,0.0,6663.313914831301,-5.292270922610484,2515.99,10.0,0.0,0.0,1.1091400038085404,351110.01500003337,267027.1807196061,0,2445.86,2445.86,2445.86,2445.86,0.0,2445.86,0.0,6559200.0,0.048897325381404455,1.0,1.1091400038085404,747771.9627963682,2404872.2907869373,0.0,0.0,0.9901197646238684,1.0,0.0,6.717264526799999e-06,0.9901197646238684,12944.15375877608,7034.460874633973,0.0,80613.78468930983,100592.39932271988
2026-09-11 03:00:00+00:00,5.292270922610484,0.0,6663.313914831301,-5.292270922610484,2515.99,10.0,0.0,0.0,1.1091444817986298,351110.01500003337,267028.91571305937,0,2446.2,2446.2,2446.2,2446.2,0.0,2446.2,0.0,6555600.0,0.04889732543596215,1.0,1.1091444817986298,747771.9627963682,2404872.2907869373,0.0,0.0,0.9901251604919171,1.0,0.0,6.4974202704e-06,0.9901251604919171,12945.953130889766,7032.661502520286,0.0,80613.94423916808,100592.55887257813
2026-09-11 04:00:00+00:00,5.292270922610484,0.0,6663.313914831301,-5.292270922610484,2515.99,10.0,0.0,0.0,1.109148974676605,351110.01500003337,267030.657077912,0,2457.96,2457.96,2457.96,2457.96,0.0,2457.96,0.0,6552000.0,0.04876990202889475,1.0,1.109148974676605,744152.1455439667,2408103.88865039,0.0,0.0,0.9901555487931478,1.0,0.0,6.521238234e-06,0.9901555487931478,13008.190236939667,6970.4243964703865,0.0,80622.87251121638,100601.48714462643
2026-09-11 05:00:00+00:00,5.292270922610484,0.0,6663.313914831301,-5.292270922610484,2515.99,10.0,0.0,0.0,1.1091534527029125,351110.01500003337,267032.39887391985,0,2467.78,2467.78,2467.78,2467.78,0.0,2467.78,0.0,6548400.0,0.04876990208342602,1.0,1.1091534527029125,744152.1455439667,2408103.88865039,0.0,0.0,0.9901609311238994,1.0,0.0,6.5228103252e-06,0.9901609311238994,13060.160337399702,6918.454296010351,0.0,80623.02050543943,100601.63513884948
2026-09-11 06:00:00+00:00,5.292270922610484,0.0,6663.313914831301,-5.292270922610484,2515.99,10.0,0.0,0.0,1.1091579307472998,351110.01500003337,267033.7902230804,0,2465.9,2465.9,2465.9,2465.9,0.0,2465.9,0.0,6544800.0,0.04876990213801724,1.0,1.1091579307472998,744152.1455439667,2408103.88865039,0.0,0.0,0.9901663134839084,1.0,0.0,5.210399717999999e-06,0.9901663134839084,13050.210868065195,6928.403765344859,0.0,80623.51895678241,100602.13359019246
2026-09-11 07:00:00+00:00,5.292270922610484,0.0,6663.313914831301,-5.292270922610484,2515.99,10.0,0.0,0.0,1.1091624088097662,351110.01500003337,267035.18088332267,0,2466.51,2466.51,2466.51,2466.51,0.0,2466.51,0.0,6541200.0,0.04876990219266952,1.0,1.1091624088097662,744152.1455439667,2408103.88865039,0.0,0.0,0.9901716958731748,1.0,0.0,5.2077926916e-06,0.9901716958731748,13053.439153327987,6925.175480082065,0.0,80624.01810731622,100602.63274072627
2026-09-11 08:00:00+00:00,5.292270922610484,0.0,6664.114483957098,-5.292270922610484,2515.99,10.0,0.0,0.0,1.1091668868903124,351110.01500003337,267036.5715843548,0,2475.8,2475.8,2475.8,2475.8,0.0,2475.8,6.11e-05,6537600.0,0.048769902247381314,1.0,1.1091668868903124,744152.1455439667,2408103.88865039,0.0,0.0,0.9901770782916992,1.0,0.0,5.2079183208e-06,0.9901770782916992,13102.604350199037,6876.810852336811,0.0,80624.51722733292,100603.93242986877
2026-09-11 09:00:00+00:00,5.292270922610484,0.0,6664.114483957098,-5.292270922610484,2515.99,10.0,0.0,0.0,1.1091713126477125,351110.01500003337,267037.96230716887,0,2468.39,2468.39,2468.39,2468.39,0.0,2468.39,0.0,6534000.0,0.04921848827422348,1.0,1.1091713126477125,756950.412068179,2396680.068733568,0.0,0.0,0.9900947321547943,1.0,0.0,5.2079727672000005e-06,0.9900947321547943,13063.388622662493,6916.026579873356,0.0,80594.21395115496,100573.62915369081
2026-09-11 10:00:00+00:00,5.292270922610484,0.0,6664.114483957098,-5.292270922610484,2515.99,10.0,0.0,0.0,1.1091757907642066,351110.01500003337,267039.35305030394,0,2461.09,2461.09,2461.09,2461.09,0.0,2461.09,0.0,6530400.0,0.04921848832957165,1.0,1.1091757907642066,756950.412068179,2396680.068733568,0.0,0.0,0.9901001624882908,1.0,0.0,5.208021741600001e-06,0.9901001624882908,13024.755044927437,6954.660157608411,0.0,80594.72985249531,100574.14505503116
2026-09-11 11:00:00+00:00,5.292270922610484,0.0,6664.114483957098,-5.292270922610484,2515.99,10.0,0.0,0.0,1.1091802688987804,351110.01500003337,267040.7438165394,0,2457.19,2457.19,2457.19,2457.19,0.0,2457.19,0.0,6526800.0,0.04921848838498177,1.0,1.1091802688987804,756950.412068179,2396680.068733568,0.0,0.0,0.9901055928515707,1.0,0.0,5.2080811236e-06,0.9901055928515707,13004.115188329257,6975.300014206593,0.0,80595.24574119254,100574.66094372839
2026-09-11 12:00:00+00:00,5.292270922610484,0.0,6664.114483957098,-5.292270922610484,2515.99,10.0,0.0,0.0,1.109184747051434,351110.01500003337,267042.13460321364,0,2509.74,2509.74,2509.74,2509.74,0.0,2509.74,0.0,6523200.0,0.049218488440452735,1.0,1.109184747051434,756950.412068179,2396680.068733568,0.0,0.0,0.9901110232446343,1.0,0.0,5.2081305372e-06,0.9901110232446343,13282.224025312436,6697.191177223413,0.0,80595.76161990827,100575.17682244412
2026-09-11 13:00:00+00:00,5.292270922610484,0.0,6664.114483957098,-5.292270922610484,2515.99,10.0,0.0,0.0,1.1091892252221671,351110.01500003337,267043.5253971313,0,2628.21,2628.21,2628.21,2628.21,0.0,2628.21,0.0,6519600.0,0.049218488495985424,1.0,1.1091892252221671,756950.412068179,2396680.068733568,0.0,0.0,0.9901164536674817,1.0,0.0,5.2081305372e-06,0.9901164536674817,13909.199361514102,6070.215841021748,0.0,80596.27750183805,100575.6927043739
2026-09-11 14:00:00+00:00,5.292270922610484,0.0,6664.114483957098,-5.292270922610484,2515.99,10.0,0.0,0.0,1.1091937034109807,351110.01500003337,267044.916214127,0,2606.52,2606.52,2606.52,2606.52,0.0,2606.52,0.0,6516000.0,0.04921848855157962,1.0,1.1091937034109807,756950.412068179,2396680.068733568,0.0,0.0,0.9901218841201131,1.0,0.0,5.2081898328e-06,0.9901218841201131,13794.410005202679,6185.00519733317,0.0,80596.79337114724,100576.20857368309
2026-09-11 15:00:00+00:00,5.292270922610484,0.0,6664.114483957098,-5.292270922610484,2515.99,10.0,0.0,0.0,1.109198181617874,351110.01500003337,267046.30706257356,0,2558.01,2558.01,2558.01,2558.01,0.0,2558.01,0.0,6512400.0,0.04921848860723377,1.0,1.109198181617874,756950.412068179,2396680.068733568,0.0,0.0,0.990127314602529,1.0,0.0,5.2082804808e-06,0.990127314602529,13537.681942746845,6441.733259789003,0.0,80597.30921946315,100576.724421999
2026-09-11 16:00:00+00:00,5.292270922610484,0.0,6664.796092656068,-5.292270922610484,2515.99,10.0,0.0,0.0,1.1092026599017444,351110.01500003337,267047.6979389364,0,2576.38,2576.38,2576.38,2576.38,0.0,2576.38,4.999e-05,6508800.0,0.049217983795345255,1.0,1.1092026599017444,756935.9230154402,2396693.003118308,0.0,0.0,0.9901328434477632,1.0,0.0,5.2083578916e-06,0.9901328434477632,13634.9009595952,6345.195851639619,0.0,80597.85957603343,100577.95638726825
2026-09-11 17:00:00+00:00,5.292270922610484,0.0,6664.796092656068,-5.292270922610484,2515.99,10.0,0.0,0.0,1.1092071381447983,351110.01500003337,267049.08884024055,0,2565.31,2565.31,2565.31,2565.31,0.0,2565.31,0.0,6505200.0,0.049217983851123526,1.0,1.1092071381447983,756935.9230154402,2396693.003118308,0.0,0.0,0.990138273935899,1.0,0.0,5.2084241604e-06,0.990138273935899,13576.315520481901,6403.781290752918,0.0,80598.37537350011,100578.47218473493
2026-09-11 18:00:00+00:00,5.292270922610484,0.0,6664.796092656068,-5.292270922610484,2515.99,10.0,0.0,0.0,1.1092116164059322,351110.01500003337,267050.47976176295,0,2536.23,2536.23,2536.23,2536.23,0.0,2536.23,0.0,6501600.0,0.049217983906963525,1.0,1.1092116164059322,756935.9230154402,2396693.003118308,0.0,0.0,0.990143704453819,1.0,0.0,5.2084727424e-06,0.990143704453819,13422.416282052389,6557.68052918243,0.0,80598.89116120606,100578.98797244088
2026-09-11 19:00:00+00:00,5.292270922610484,0.0,6664.796092656068,-5.292270922610484,2515.99,10.0,0.0,0.0,1.1092160946851468,351110.01500003337,267051.8707079061,0,2538.3,2538.3,2538.3,2538.3,0.0,2538.3,0.0,6498000.0,0.04921798396286481,1.0,1.1092160946851468,756935.9230154402,2396693.003118308,0.0,0.0,0.9901491350015234,1.0,0.0,5.2085378088e-06,0.9901491350015234,13433.371282862194,6546.725528372626,0.0,80599.40693474887,100579.50374598369
2026-09-11 20:00:00+00:00,5.292270922610484,0.0,6664.796092656068,-5.292270922610484,2515.99,10.0,0.0,0.0,1.1092205729824418,351110.01500003337,267053.2616740603,0,2529.4,2529.4,2529.4,2529.4,0.0,2529.4,0.0,6494400.0,0.04921798401882849,1.0,1.1092205729824418,756935.9230154402,2396693.003118308,0.0,0.0,0.9901545655790119,1.0,0.0,5.2085856132e-06,0.9901545655790119,13386.270071650959,6593.82673958386,0.0,80599.92269873811,100580.01950997293
2026-09-11 21:00:00+00:00,5.292270922610484,0.0,6664.796092656068,-5.292270922610484,2515.99,10.0,0.0,0.0,1.109225063327542,351110.01500003337,267054.6526623872,0,2515.07,2515.07,2515.07,2515.07,0.0,2515.07,0.0,6490800.0,0.04911487241454937,1.0,1.109225063327542,753980.8956431345,2399331.0270934296,0.0,0.0,0.9901800254407527,1.0,0.0,5.208641510400001e-06,0.9901800254407527,13310.431829329951,6669.664981904868,0.0,80607.47092284891,100587.56773408373
2026-09-11 22:00:00+00:00,5.292270922610484,0.0,6664.796092656068,-5.292270922610484,2515.99,10.0,0.0,0.0,1.1092294594158432,351110.01500003337,267056.0436708862,0,2510.64,2510.64,2510.64,2510.64,0.0,2510.64,0.0,6487200.0,0.04982002892681736,1.0,1.1092294594158432,768663.2285020215,2363657.886039543,0.0,0.0,0.990048592263774,1.0,0.0,5.208689915999999e-06,0.990048592263774,13286.987069142786,6693.109742092034,0.0,80559.93240960938,100540.0292208442
2026-09-11 23:00:00+00:00,5.292270922610484,0.0,6664.796092656068,-5.292270922610484,2515.99,10.0,0.0,0.0,1.1092339377670963,351110.01500003337,267057.43470003066,0,2515.47,2515.47,2515.47,2515.47,0.0,2515.47,0.0,6483600.0,0.04982002898367033,1.0,1.1092339377670963,768663.2285020215,2363657.886039543,0.0,0.0,0.9900540871222763,1.0,0.0,5.2087400928000005e-06,0.9900540871222763,13312.548737698993,6667.548073535825,0.0,80560.4706803161,100540.56749155092
2026-09-12 00:00:00+00:00,5.292270922610484,0.0,6664.803397180703,-5.292270922610484,2515.99,10.0,0.0,0.0,1.1092384161364297,351110.01500003337,267058.83411594055,0,2509.5,2509.5,2509.5,2509.5,0.0,2509.5,5.5e-07,6480000.0,0.0498200290405868,1.0,1.1092384161364297,768663.2285020215,2363657.886039543,0.0,0.0,0.9900595820112755,1.0,0.0,5.2401171492e-06,0.9900595820112755,13280.95388029101,6699.1502354684435,0.0,80561.00057496515,100541.1046907246
2026-09-12 01:00:00+00:00,5.292270922610484,0.0,6664.803397180703,-5.292270922610484,2515.99,10.0,0.0,0.0,1.1092428949306825,351110.01500003337,267060.22521365236,0,2512.46,2512.46,2512.46,2512.46,0.0,2512.46,0.0,6476400.0,0.049816539809239835,1.0,1.1092428949306825,768562.2523591396,2363748.0180664104,0.0,0.0,0.9900657527237458,1.0,0.0,5.2089424164e-06,0.9900657527237458,13296.619002221938,6683.485113537517,0.0,80561.77607620135,100541.88019196081
2026-09-12 02:00:00+00:00,5.292270922610484,0.0,6664.803397180703,-5.292270922610484,2515.99,10.0,0.0,0.0,1.1092473733361794,351110.01500003337,267061.6163318741,0,2513.11,2513.11,2513.11,2513.11,0.0,2513.11,0.0,6472800.0,0.04981653986627932,1.0,1.1092473733361794,768562.2523591396,2363748.0180664104,0.0,0.0,0.9900712473018394,1.0,0.0,5.208992082e-06,0.9900712473018394,13300.058978321635,6680.045137437819,0.0,80562.31415937649,100542.41827513595
2026-09-12 03:00:00+00:00,5.292270922610484,0.0,6664.803397180703,-5.292270922610484,2515.99,10.0,0.0,0.0,1.1092518517597567,351110.01500003337,267063.00747089635,0,2511.98,2511.98,2511.98,2511.98,0.0,2511.98,0.0,6469200.0,0.049816539923382086,1.0,1.1092518517597567,768562.2523591396,2363748.0180664104,0.0,0.0,0.9900767419104263,1.0,0.0,5.2090428348e-06,0.9900767419104263,13294.078712179084,6686.025403580369,0.0,80562.8522324576,100542.95634821706
2026-09-12 04:00:00+00:00,5.292270922610484,0.0,6664.803397180703,-5.292270922610484,2515.99,10.0,0.0,0.0,1.1092563302014151,351110.01500003337,267064.3986307963,0,2511.5,2511.5,2511.5,2511.5,0.0,2511.5,0.0,6465600.0,0.049816539980548136,1.0,1.1092563302014151,768562.2523591396,2363748.0180664104,0.0,0.0,0.9900822365495068,1.0,0.0,5.209093875600001e-06,0.9900822365495068,13291.538422136231,6688.565693623223,0.0,80563.39029536763,100543.49441112709
2026-09-12 05:00:00+00:00,5.292270922610484,0.0,6664.803397180703,-5.292270922610484,2515.99,10.0,0.0,0.0,1.109260808661155,351110.01500003337,267065.806547352,0,2510.61,2510.61,2510.61,2510.61,0.0,2510.61,0.0,6462000.0,0.049816540037778356,1.0,1.109260808661155,768562.2523591396,2363748.0180664104,0.0,0.0,0.9900877312190809,1.0,0.0,5.2718102892e-06,0.9900877312190809,13286.828301015108,6693.275814744346,0.0,80563.91161232849,100544.01572808795
2026-09-12 06:00:00+00:00,5.292270922610484,0.0,6664.803397180703,-5.292270922610484,2515.99,10.0,0.0,0.0,1.109265287175115,351110.01500003337,267067.197817948,0,2518.21,2518.21,2518.21,2518.21,0.0,2518.21,0.0,6458400.0,0.04981623015065484,1.0,1.109265287175115,768553.2835967214,2363756.023703082,0.0,0.0,0.990093285783035,1.0,0.0,5.2094537676e-06,0.990093285783035,13327.049560026948,6653.054555732506,0.0,80564.47060476575,100544.57472052521
2026-09-12 07:00:00+00:00,5.292270922610484,0.0,6664.803397180703,-5.292270922610484,2515.99,10.0,0.0,0.0,1.1092697656787056,351110.01500003337,267068.5891061293,0,2522.99,2522.99,2522.99,2522.99,0.0,2522.99,0.0,6454800.0,0.04981616426625424,1.0,1.1092697656787056,768551.375621261,2363757.7273574597,0.0,0.0,0.9900987932097851,1.0,0.0,5.2094924748e-06,0.9900987932097851,13352.346615037024,6627.7575007224295,0.0,80565.01302927325,100545.11714503271
2026-09-12 08:00:00+00:00,5.292270922610484,0.0,6664.888765148062,-5.292270922610484,2515.99,10.0,0.0,0.0,1.109274478278799,351110.01500003337,267069.98041221616,0,2532.29,2532.29,2532.29,2532.29,0.0,2532.29,6.37e-06,6451200.0,0.04781048223616313,1.0,1.109274478278799,712035.7972138101,2414224.233708522,0.0,0.0,0.990491691683812,1.0,0.0,5.2095323808e-06,0.990491691683812,13401.564734617303,6578.62474910951,0.0,80701.5723122955,100681.7617960223
2026-09-12 09:00:00+00:00,5.292270922610484,0.0,6664.888765148062,-5.292270922610484,2515.99,10.0,0.0,0.0,1.1092788694206541,351110.01500003337,267071.3717362733,0,2529.99,2529.99,2529.99,2529.99,0.0,2529.99,0.0,6447600.0,0.04855881005913787,1.0,1.1092788694206541,732767.8076131017,2395715.9227242055,0.0,0.0,0.9903524060717042,1.0,0.0,5.209572528e-06,0.9903524060717042,13389.392511495298,6590.796972231515,0.0,80651.27641488193,100631.46589860873
2026-09-12 10:00:00+00:00,5.292270922610484,0.0,6664.888765148062,-5.292270922610484,2515.99,10.0,0.0,0.0,1.1092833479713928,351110.01500003337,267072.7630782422,0,2532.52,2532.52,2532.52,2532.52,0.0,2532.52,0.0,6444000.0,0.04855881011520191,1.0,1.1092833479713928,732767.8076131017,2395715.9227242055,0.0,0.0,0.9903577667149834,1.0,0.0,5.209612455599999e-06,0.9903577667149834,13402.781956929504,6577.407526797309,0.0,80651.7672484552,100631.956732182
2026-09-12 11:00:00+00:00,5.292270922610484,0.0,6664.888765148062,-5.292270922610484,2515.99,10.0,0.0,0.0,1.109287826551039,351110.01500003337,267074.1544382115,0,2535.21,2535.21,2535.21,2535.21,0.0,2535.21,0.0,6440400.0,0.04855871743406737,1.0,1.109287826551039,732765.2122354583,2395718.239978789,0.0,0.0,0.9903631452752959,1.0,0.0,5.2096527144e-06,0.9903631452752959,13417.018165711326,6563.171318015487,0.0,80652.26435487781,100632.45383860462
2026-09-12 12:00:00+00:00,5.292270922610484,0.0,6664.888765148062,-5.292270922610484,2515.99,10.0,0.0,0.0,1.109292305137941,351110.01500003337,267075.54581587674,0,2534.39,2534.39,2534.39,2534.39,0.0,2534.39,0.0,6436800.0,0.048558717490256864,1.0,1.109292305137941,732765.2122354583,2395718.239978789,0.0,0.0,0.9903685059667061,1.0,0.0,5.2096918319999995e-06,0.9903685059667061,13412.678503554784,6567.510980172028,0.0,80652.75516965409,100632.9446533809
2026-09-12 13:00:00+00:00,5.292270922610484,0.0,6664.888765148062,-5.292270922610484,2515.99,10.0,0.0,0.0,1.1092967538638323,351110.01500003337,267076.9372114986,0,2543.62,2543.62,2543.62,2543.62,0.0,2543.62,0.0,6433200.0,0.04855890313081357,1.0,1.1092967538638323,732765.2122354583,2395718.239978789,0.0,0.0,0.9903738309295578,1.0,0.0,5.2097319252e-06,0.9903738309295578,13461.52616417048,6518.663319556334,0.0,80653.23342181894,100633.42290554574
2026-09-12 14:00:00+00:00,5.292270922610484,0.0,6664.888765148062,-5.292270922610484,2515.99,10.0,0.0,0.0,1.1093012623763758,351110.01500003337,267078.32862488314,0,2538.99,2538.99,2538.99,2538.99,0.0,2538.99,0.0,6429600.0,0.04855862863254212,1.0,1.1093012623763758,732762.7223275235,2395720.4630742697,0.0,0.0,0.9903792445694856,1.0,0.0,5.2097712912e-06,0.9903792445694856,13437.022949798793,6543.166533928021,0.0,80653.74279163062,100633.93227535742
2026-09-12 15:00:00+00:00,5.292270922610484,0.0,6664.888765148062,-5.292270922610484,2515.99,10.0,0.0,0.0,1.1093057410254767,351110.01500003337,267079.7200703749,0,2534.0,2534.0,2534.0,2534.0,0.0,2534.0,0.0,6426000.0,0.04855856055651819,1.0,1.1093057410254767,732760.8155975281,2395722.165485517,0.0,0.0,0.9903846184513534,1.0,0.0,5.2098643656e-06,0.9903846184513534,13410.614517894966,6569.5749658318455,0.0,80654.2381698821,100634.4276536089
2026-09-12 16:00:00+00:00,5.292270922610484,0.0,6665.580250751394,-5.292270922610484,2515.99,10.0,0.0,0.0,1.109310221369483,351110.01500003337,267081.11152311595,0,2530.69,2530.69,2530.69,2530.69,0.0,2530.69,5.163e-05,6422400.0,0.04854412927273799,1.0,1.109310221369483,732357.026617519,2396082.6872835187,0.0,0.0,0.9903927552106839,1.0,0.0,5.2098643656e-06,0.9903927552106839,13393.097101141127,6587.783868189018,0.0,80655.70361483167,100636.58458416181
2026-09-12 17:00:00+00:00,5.292270922610484,0.0,6665.580250751394,-5.292270922610484,2515.99,10.0,0.0,0.0,1.1093147000468004,351110.01500003337,267082.50299356354,0,2524.93,2524.93,2524.93,2524.93,0.0,2524.93,0.0,6418800.0,0.048544129329225694,1.0,1.1093147000468004,732357.026617519,2396082.6872835187,0.0,0.0,0.9903981144893854,1.0,0.0,5.2099035192e-06,0.9903981144893854,13362.61362062689,6618.267348703255,0.0,80656.19384080934,100637.07481013949
2026-09-12 18:00:00+00:00,5.292270922610484,0.0,6665.580250751394,-5.292270922610484,2515.99,10.0,0.0,0.0,1.1093191787421997,351110.01500003337,267083.89448728494,0,2521.58,2521.58,2521.58,2521.58,0.0,2521.58,0.0,6415200.0,0.048544129385776236,1.0,1.1093191787421997,732357.026617519,2396082.6872835187,0.0,0.0,0.9904034737970874,1.0,0.0,5.2099635168e-06,0.9904034737970874,13344.884513036144,6635.996456294,0.0,80656.68405369559,100637.56502302573
2026-09-12 19:00:00+00:00,5.292270922610484,0.0,6665.580250751394,-5.292270922610484,2515.99,10.0,0.0,0.0,1.1093236574556813,351110.01500003337,267085.294366986,0,2518.15,2518.15,2518.15,2518.15,0.0,2518.15,0.0,6411600.0,0.04854412944239139,1.0,1.1093236574556813,732357.026617519,2396082.6872835187,0.0,0.0,0.9904088331337899,1.0,0.0,5.241334507200001e-06,0.9904088331337899,13326.732023771592,6654.148945558553,0.0,80657.16589078447,100638.04686011461
2026-09-12 20:00:00+00:00,5.292270922610484,0.0,6665.580250751394,-5.292270922610484,2515.99,10.0,0.0,0.0,1.1093281361872447,351110.01500003337,267086.6859235539,0,2519.44,2519.44,2519.44,2519.44,0.0,2519.44,0.0,6408000.0,0.048544129499070277,1.0,1.1093281361872447,732357.026617519,2396082.6872835187,0.0,0.0,0.9904141924994931,1.0,0.0,5.210144370000001e-06,0.9904141924994931,13333.559053261759,6647.321916068386,0.0,80657.65606118907,100638.53703051922
2026-09-12 21:00:00+00:00,5.292270922610484,0.0,6665.580250751394,-5.292270922610484,2515.99,10.0,0.0,0.0,1.1093326149368907,351110.01500003337,267088.07749992365,0,2523.01,2523.01,2523.01,2523.01,0.0,2523.01,0.0,6404400.0,0.04854412955581222,1.0,1.1093326149368907,732357.026617519,2396082.6872835187,0.0,0.0,0.9904195518941975,1.0,0.0,5.2101913643999996e-06,0.9904195518941975,13352.452460455479,6628.428508874666,0.0,80658.14622197434,100639.02719130449
2026-09-12 22:00:00+00:00,5.292270922610484,0.0,6665.580250751394,-5.292270922610484,2515.99,10.0,0.0,0.0,1.1093370937046187,351110.01500003337,267089.46909416857,0,2521.78,2521.78,2521.78,2521.78,0.0,2521.78,0.0,6400800.0,0.048544129612617226,1.0,1.1093370937046187,732357.026617519,2396082.6872835187,0.0,0.0,0.9904249113179031,1.0,0.0,5.2102311444e-06,0.9904249113179031,13345.942967220668,6634.938002109477,0.0,80658.63637506712,100639.51734439726
2026-09-12 23:00:00+00:00,5.292270922610484,0.0,6665.580250751394,-5.292270922610484,2515.99,10.0,0.0,0.0,1.109341572498855,351110.01500003337,267090.8607138206,0,2524.76,2524.76,2524.76,2524.76,0.0,2524.76,0.0,6397200.0,0.04854405750137225,1.0,1.109341572498855,732355.0078282367,2396084.4897703384,0.0,0.0,0.9904302845988174,1.0,0.0,5.2102991232e-06,0.9904302845988174,13361.713934570047,6619.1670347600975,0.0,80659.13136815751,100640.01233748766
2026-09-13 00:00:00+00:00,5.292270922610484,0.0,6666.186876407271,-5.292270922610484,2515.99,10.0,0.0,0.0,1.109346051302748,351110.01500003337,267092.2523506964,0,2524.22,2524.22,2524.22,2524.22,0.0,2524.22,4.541e-05,6393600.0,0.0485440575583056,1.0,1.109346051302748,732355.0078282367,2396084.4897703384,0.0,0.0,0.9904356440728187,1.0,0.0,5.2103364624e-06,0.9904356440728187,13358.856108271835,6622.631486714186,0.0,80659.62149627868,100641.10909126469
2026-09-13 01:00:00+00:00,5.292270922610484,0.0,6666.186876407271,-5.292270922610484,2515.99,10.0,0.0,0.0,1.1093505301247235,351110.01500003337,267093.6440050818,0,2524.81,2524.81,2524.81,2524.81,0.0,2524.81,0.0,6390000.0,0.048544057615304226,1.0,1.1093505301247235,732355.0078282367,2396084.4897703384,0.0,0.0,0.9904410035758212,1.0,0.0,5.2103748708e-06,0.9904410035758212,13361.978548116176,6619.509046869845,0.0,80660.1116170729,100641.5992120589
2026-09-13 02:00:00+00:00,5.292270922610484,0.0,6666.186876407271,-5.292270922610484,2515.99,10.0,0.0,0.0,1.1093550089647812,351110.01500003337,267095.0356770154,0,2520.48,2520.48,2520.48,2520.48,0.0,2520.48,0.0,6386400.0,0.04854405767236658,1.0,1.1093550089647812,732355.0078282367,2396084.4897703384,0.0,0.0,0.9904463631078254,1.0,0.0,5.2104134232e-06,0.9904463631078254,13339.063015021273,6642.424579964748,0.0,80660.60173050169,100642.0893254877
2026-09-13 03:00:00+00:00,5.292270922610484,0.0,6666.186876407271,-5.292270922610484,2515.99,10.0,0.0,0.0,1.109359487822922,351110.01500003337,267096.4273677253,0,2519.76,2519.76,2519.76,2519.76,0.0,2519.76,0.0,6382800.0,0.04854405772949355,1.0,1.109359487822922,732355.0078282367,2396084.4897703384,0.0,0.0,0.9904517226688314,1.0,0.0,5.2104565728e-06,0.9904517226688314,13335.252579956996,6646.235015029027,0.0,80661.09183533699,100642.579430323
2026-09-13 04:00:00+00:00,5.292270922610484,0.0,6666.186876407271,-5.292270922610484,2515.99,10.0,0.0,0.0,1.109363966699145,351110.01500003337,267097.8190783357,0,2519.23,2519.23,2519.23,2519.23,0.0,2519.23,0.0,6379200.0,0.048544057786684025,1.0,1.109363966699145,732355.0078282367,2396084.4897703384,0.0,0.0,0.9904570822588397,1.0,0.0,5.2105039308e-06,0.9904570822588397,13332.44767636801,6649.039918618011,0.0,80661.58193045476,100643.06952544078
2026-09-13 05:00:00+00:00,5.292270922610484,0.0,6666.186876407271,-5.292270922610484,2515.99,10.0,0.0,0.0,1.1093684455934516,351110.01500003337,267099.21080681524,0,2521.59,2521.59,2521.59,2521.59,0.0,2521.59,0.0,6375600.0,0.04854405784393978,1.0,1.1093684455934516,732355.0078282367,2396084.4897703384,0.0,0.0,0.9904624418778498,1.0,0.0,5.210543682000001e-06,0.9904624418778498,13344.937435745373,6636.55015924065,0.0,80662.07201788627,100643.55961287228
2026-09-13 06:00:00+00:00,5.292270922610484,0.0,6666.186876407271,-5.292270922610484,2515.99,10.0,0.0,0.0,1.1093729245058408,351110.01500003337,267100.6025532121,0,2511.73,2511.73,2511.73,2511.73,0.0,2511.73,0.0,6372000.0,0.04854405790126082,1.0,1.1093729245058408,732355.0078282367,2396084.4897703384,0.0,0.0,0.9904678015258621,1.0,0.0,5.2105836132e-06,0.9904678015258621,13292.755644448433,6688.73195053759,0.0,80662.56209758343,100644.04969256945
2026-09-13 07:00:00+00:00,5.292270922610484,0.0,6666.186876407271,-5.292270922610484,2515.99,10.0,0.0,0.0,1.1093774034363126,351110.01500003337,267101.9943194409,0,2516.62,2516.62,2516.62,2516.62,0.0,2516.62,0.0,6368400.0,0.04854405795864691,1.0,1.1093774034363126,732355.0078282367,2396084.4897703384,0.0,0.0,0.9904731612028769,1.0,0.0,5.210630712e-06,0.9904731612028769,13318.634849259995,6662.852745726025,0.0,80663.05216763163,100644.53976261764
2026-09-13 08:00:00+00:00,5.292270922610484,0.0,6666.953371312886,-5.292270922610484,2515.99,10.0,0.0,0.0,1.1093818823848676,351110.01500003337,267103.386107279,0,2493.25,2493.25,2493.25,2493.25,0.0,2493.25,5.809e-05,6364800.0,0.048544058016096736,1.0,1.1093818823848676,732355.0078282367,2396084.4897703384,0.0,0.0,0.9904785209088944,1.0,0.0,5.2106844636e-06,0.9904785209088944,13194.95447779859,6787.2996120930475,0.0,80663.54222625378,100645.79631614541
2026-09-13 09:00:00+00:00,5.292270922610484,0.0,6666.953371312886,-5.292270922610484,2515.99,10.0,0.0,0.0,1.1093863613515058,351110.01500003337,267104.7779131688,0,2483.69,2483.69,2483.69,2483.69,0.0,2483.69,0.0,6361200.0,0.04854405807361206,1.0,1.1093863613515058,732355.0078282367,2396084.4897703384,0.0,0.0,0.9904838806439147,1.0,0.0,5.2107248952e-06,0.9904838806439147,13144.360367778434,6837.893722113203,0.0,80664.03227700735,100646.28636689899
2026-09-13 10:00:00+00:00,5.292270922610484,0.0,6666.953371312886,-5.292270922610484,2515.99,10.0,0.0,0.0,1.1093908403362274,351110.01500003337,267106.16973747866,0,2471.09,2471.09,2471.09,2471.09,0.0,2471.09,0.0,6357600.0,0.04854405813119311,1.0,1.1093908403362274,732355.0078282367,2396084.4897703384,0.0,0.0,0.9904892404079377,1.0,0.0,5.210766705600001e-06,0.9904892404079377,13077.677754153543,6904.576335738095,0.0,80664.52231952403,100646.77640941566
2026-09-13 11:00:00+00:00,5.292270922610484,0.0,6666.953371312886,-5.292270922610484,2515.99,10.0,0.0,0.0,1.10939531938389,351110.01500003337,267107.5615807743,0,2480.13,2480.13,2480.13,2480.13,0.0,2480.13,0.0,6354000.0,0.048543673976132684,1.0,1.10939531938389,732344.2608343137,2396094.085297528,0.0,0.0,0.9904946733279797,1.0,0.0,5.2108106328e-06,0.9904946733279797,13125.51988329394,6856.734206597696,0.0,80665.03802886576,100647.2921187574
2026-09-13 12:00:00+00:00,5.292270922610484,0.0,6666.953371312886,-5.292270922610484,2515.99,10.0,0.0,0.0,1.109399798466151,351110.01500003337,267108.95344375895,0,2476.21,2476.21,2476.21,2476.21,0.0,2476.21,0.0,6350400.0,0.04854314837640916,1.0,1.109399798466151,732329.557727166,2396107.2130948305,0.0,0.0,0.9905001331010032,1.0,0.0,5.2108571916e-06,0.9905001331010032,13104.774181277307,6877.479908614329,0.0,80665.5631468693,100647.81723676094
2026-09-13 13:00:00+00:00,5.292270922610484,0.0,6666.953371312886,-5.292270922610484,2515.99,10.0,0.0,0.0,1.1094042775051227,351110.01500003337,267110.3453308926,0,2477.84,2477.84,2477.84,2477.84,0.0,2477.84,0.0,6346800.0,0.048543148434184724,1.0,1.1094042775051227,732329.557727166,2396107.2130948305,0.0,0.0,0.9905054928548553,1.0,0.0,5.2109204472e-06,0.9905054928548553,13113.400582881162,6868.853507010474,0.0,80666.05312299111,100648.30721288275
2026-09-13 14:00:00+00:00,5.292270922610484,0.0,6666.953371312886,-5.292270922610484,2515.99,10.0,0.0,0.0,1.1094087565621777,351110.01500003337,267111.7372456633,0,2491.3,2491.3,2491.3,2491.3,0.0,2491.3,0.0,6343200.0,0.048543148492026233,1.0,1.1094087565621777,732329.557727166,2396107.2130948305,0.0,0.0,0.99051085263771,1.0,0.0,5.21099676e-06,0.99051085263771,13184.6345494995,6797.6195403921365,0.0,80666.54308165889,100648.79717155053
2026-09-13 15:00:00+00:00,5.292270922610484,0.0,6666.953371312886,-5.292270922610484,2515.99,10.0,0.0,0.0,1.1094132356373163,351110.01500003337,267113.12919455266,0,2489.55,2489.55,2489.55,2489.55,0.0,2489.55,0.0,6339600.0,0.048543148549933246,1.0,1.1094132356373163,732329.557727166,2396107.2130948305,0.0,0.0,0.9905162124495673,1.0,0.0,5.2110973368e-06,0.9905162124495673,13175.373075384932,6806.881014506705,0.0,80667.03301639116,100649.28710628279
2026-09-13 16:00:00+00:00,5.292270922610484,0.0,6666.345910040242,-5.292270922610484,2515.99,10.0,0.0,0.0,1.1094177147305389,351110.01500003337,267114.5211642659,0,2503.44,2503.44,2503.44,2503.44,0.0,2503.44,-4.585e-05,6336000.0,0.04854314860790665,1.0,1.1094177147305389,732329.557727166,2396107.2130948305,0.0,0.0,0.9905215722904274,1.0,0.0,5.21114814e-06,0.9905215722904274,13248.882718499992,6732.7639101190025,0.0,80667.52294048265,100649.16956910165
2026-09-13 17:00:00+00:00,5.292270922610484,0.0,6666.345910040242,-5.292270922610484,2515.99,10.0,0.0,0.0,1.109422193966846,351110.01500003337,267115.9131548937,0,2503.99,2503.99,2503.99,2503.99,0.0,2503.99,0.0,6332400.0,0.04854207805578481,1.0,1.109422193966846,732299.6132495219,2396133.9494566275,0.0,0.0,0.9905271352431835,1.0,0.0,5.2111992816e-06,0.9905271352431835,13251.793467507425,6729.853161111569,0.0,80668.08415828057,100649.73078689957
2026-09-13 18:00:00+00:00,5.292270922610484,0.0,6666.345910040242,-5.292270922610484,2515.99,10.0,0.0,0.0,1.1094266730962363,351110.01500003337,267117.30516638333,0,2508.35,2508.35,2508.35,2508.35,0.0,2508.35,0.0,6328800.0,0.048542078113889,1.0,1.1094266730962363,732299.6132495219,2396133.9494566275,0.0,0.0,0.9905324950276945,1.0,0.0,5.2112502251999995e-06,0.9905324950276945,13274.867768730008,6706.778859888986,0.0,80668.57402081095,100650.22064942995
2026-09-13 19:00:00+00:00,5.292270922610484,0.0,6666.345910040242,-5.292270922610484,2515.99,10.0,0.0,0.0,1.1094311522437101,351110.01500003337,267118.6971987005,0,2505.09,2505.09,2505.09,2505.09,0.0,2505.09,0.0,6325200.0,0.04854207817205869,1.0,1.1094311522437101,732299.6132495219,2396133.9494566275,0.0,0.0,0.9905378548412075,1.0,0.0,5.2113010392e-06,0.9905378548412075,13257.614965522298,6724.0316630966945,0.0,80669.06387269672,100650.71050131571
2026-09-13 20:00:00+00:00,5.292270922610484,0.0,6666.345910040242,-5.292270922610484,2515.99,10.0,0.0,0.0,1.109435631409268,351110.01500003337,267120.08925179834,0,2511.98,2511.98,2511.98,2511.98,0.0,2511.98,0.0,6321600.0,0.04854207823029477,1.0,1.109435631409268,732299.6132495219,2396133.9494566275,0.0,0.0,0.9905432146837228,1.0,0.0,5.2113516768e-06,0.9905432146837228,13294.078712179084,6687.567916439909,0.0,80669.55371398485,100651.20034260384
2026-09-13 21:00:00+00:00,5.292270922610484,0.0,6666.345910040242,-5.292270922610484,2515.99,10.0,0.0,0.0,1.10944011059291,351110.01500003337,267121.48132564337,0,2507.94,2507.94,2507.94,2507.94,0.0,2507.94,0.0,6318000.0,0.048542078288597246,1.0,1.10944011059291,732299.6132495219,2396133.9494566275,0.0,0.0,0.9905485745552404,1.0,0.0,5.211402188400001e-06,0.9905485745552404,13272.697937651737,6708.948690967255,0.0,80670.04354470875,100651.69017332775
2026-09-13 22:00:00+00:00,5.292270922610484,0.0,6666.345910040242,-5.292270922610484,2515.99,10.0,0.0,0.0,1.1094445897946357,351110.01500003337,267122.8734204196,0,2474.41,2474.41,2474.41,2474.41,0.0,2474.41,0.0,6314400.0,0.048542078346967,1.0,1.1094445897946357,732299.6132495219,2396133.9494566275,0.0,0.0,0.9905539344557602,1.0,0.0,5.2114533876000004e-06,0.9905539344557602,13095.248093616608,6886.398535002386,0.0,80670.53336468444,100652.17999330343
2026-09-13 23:00:00+00:00,5.292270922610484,0.0,6666.345910040242,-5.292270922610484,2515.99,10.0,0.0,0.0,1.1094490690144458,351110.01500003337,267124.26553668204,0,2475.48,2475.48,2475.48,2475.48,0.0,2475.48,0.0,6310800.0,0.04854207840540248,1.0,1.1094490690144458,732299.6132495219,2396133.9494566275,0.0,0.0,0.990559294385283,1.0,0.0,5.211506664e-06,0.990559294385283,13100.910823503802,6880.735805115192,0.0,80671.02317335713,100652.66980197612
2026-09-14 00:00:00+00:00,5.292270922610484,0.0,6667.038240637716,-5.292270922610484,2515.99,10.0,0.0,0.0,1.1094535482523398,351110.01500003337,267125.6576738415,0,2483.28,2483.28,2483.28,2483.28,0.0,2483.28,5.268e-05,6307200.0,0.048542078463905014,1.0,1.1094535482523398,732299.6132495219,2396133.9494566275,0.0,0.0,0.9905646543438084,1.0,0.0,5.211557733600001e-06,0.9905646543438084,13142.190536700164,6840.148422516302,0.0,80671.51297131588,100653.85193053234
2026-09-14 01:00:00+00:00,5.292270922610484,0.0,6667.038240637716,-5.292270922610484,2515.99,10.0,0.0,0.0,1.1094580275083181,351110.01500003337,267127.049834264,0,2492.22,2492.22,2492.22,2492.22,0.0,2492.22,0.0,6303600.0,0.04854207852247394,1.0,1.1094580275083181,732299.6132495219,2396133.9494566275,0.0,0.0,0.990570014331337,1.0,0.0,5.2116176592e-06,0.990570014331337,13189.5034387483,6792.835520468167,0.0,80672.00275619503,100654.34171541149
2026-09-14 02:00:00+00:00,5.292270922610484,0.0,6667.038240637716,-5.292270922610484,2515.99,10.0,0.0,0.0,1.1094625067823811,351110.01500003337,267128.44204384246,0,2510.0,2510.0,2510.0,2510.0,0.0,2510.0,0.0,6300000.0,0.04854207858111059,1.0,1.1094625067823811,732299.6132495219,2396133.9494566275,0.0,0.0,0.9905753743478684,1.0,0.0,5.211774514799999e-06,0.9905753743478684,13283.600015752316,6698.738943464152,0.0,80672.49250210129,100654.83146131775
2026-09-14 03:00:00+00:00,5.292270922610484,0.0,6667.038240637716,-5.292270922610484,2515.99,10.0,0.0,0.0,1.1094669860745283,351110.01500003337,267129.8342606769,0,2511.98,2511.98,2511.98,2511.98,0.0,2511.98,0.0,6296400.0,0.04854207863981319,1.0,1.1094669860745283,732299.6132495219,2396133.9494566275,0.0,0.0,0.9905807343934033,1.0,0.0,5.211774514799999e-06,0.9905807343934033,13294.078712179084,6688.260247037382,0.0,80672.98225093505,100655.32121015151
2026-09-14 04:00:00+00:00,5.292270922610484,0.0,6667.038240637716,-5.292270922610484,2515.99,10.0,0.0,0.0,1.10947146538476,351110.01500003337,267131.22649832297,0,2513.72,2513.72,2513.72,2513.72,0.0,2513.72,0.0,6292800.0,0.04854207869858418,1.0,1.10947146538476,732299.6132495219,2396133.9494566275,0.0,0.0,0.9905860944679415,1.0,0.0,5.2118252604e-06,0.9905860944679415,13303.287263584425,6679.051695632042,0.0,80673.47198914044,100655.8109483569
2026-09-14 05:00:00+00:00,5.292270922610484,0.0,6667.038240637716,-5.292270922610484,2515.99,10.0,0.0,0.0,1.1094759447130764,351110.01500003337,267132.6187569223,0,2515.48,2515.48,2515.48,2515.48,0.0,2515.48,0.0,6289200.0,0.048542078757422225,1.0,1.1094759447130764,732299.6132495219,2396133.9494566275,0.0,0.0,0.9905914545714833,1.0,0.0,5.2118765352e-06,0.9905914545714833,13312.601660408222,6669.737298808246,0.0,80673.96171657607,100656.30067579253
2026-09-14 06:00:00+00:00,5.292270922610484,0.0,6667.038240637716,-5.292270922610484,2515.99,10.0,0.0,0.0,1.109480424059477,351110.01500003337,267134.0110383851,0,2513.41,2513.41,2513.41,2513.41,0.0,2513.41,0.0,6285600.0,0.048542078816326883,1.0,1.109480424059477,732299.6132495219,2396133.9494566275,0.0,0.0,0.990596814704029,1.0,0.0,5.2119349595999995e-06,0.990596814704029,13301.646659598417,6680.69229961805,0.0,80674.4514313318,100656.79039054827
2026-09-14 07:00:00+00:00,5.292270922610484,0.0,6667.038240637716,-5.292270922610484,2515.99,10.0,0.0,0.0,1.1094849034239627,351110.01500003337,267135.40336786455,0,2521.97,2521.97,2521.97,2521.97,0.0,2521.97,0.0,6282000.0,0.048542078875300376,1.0,1.1094849034239627,732299.6132495219,2396133.9494566275,0.0,0.0,0.9906021748655783,1.0,0.0,5.212087542e-06,0.9906021748655783,13346.948498695961,6635.390460520505,0.0,80674.94110825431,100657.28006747077
2026-09-14 08:00:00+00:00,5.292270922610484,0.0,6668.064203401213,-5.292270922610484,2515.99,10.0,0.0,0.0,1.1094893828112145,351110.01500003337,267136.79572064005,0,2517.67,2517.67,2517.67,2517.67,0.0,2517.67,7.7e-05,6278400.0,0.048542038837689594,1.0,1.1094893828112145,732298.4918776115,2396134.9507102193,0.0,0.0,0.9906075425977797,1.0,0.0,5.212147582800001e-06,0.9906075425977797,13324.191733728738,6659.173188251226,0.0,80675.43342001259,100658.79834199254
2026-09-14 09:00:00+00:00,5.292270922610484,0.0,6668.064203401213,-5.292270922610484,2515.99,10.0,0.0,0.0,1.1094938622118697,351110.01500003337,267138.1880968773,0,2522.82,2522.82,2522.82,2522.82,0.0,2522.82,0.0,6274800.0,0.048542038896797646,1.0,1.1094938622118697,732298.4918776115,2396134.9507102193,0.0,0.0,0.990612902813054,1.0,0.0,5.2122082428000005e-06,0.990612902813054,13351.446928980184,6631.917992999781,0.0,80675.9230690407,100659.28799102065
2026-09-14 10:00:00+00:00,5.292270922610484,0.0,6668.064203401213,-5.292270922610484,2515.99,10.0,0.0,0.0,1.1094983416306101,351110.01500003337,267139.5804959063,0,2512.25,2512.25,2512.25,2512.25,0.0,2512.25,0.0,6271200.0,0.04854203895597409,1.0,1.1094983416306101,732298.4918776115,2396134.9507102193,0.0,0.0,0.9906182630573325,1.0,0.0,5.2122663936000005e-06,0.9906182630573325,13295.50762532819,6687.857296651775,0.0,80676.41270546068,100659.77762744064
2026-09-14 11:00:00+00:00,5.292270922610484,0.0,6668.064203401213,-5.292270922610484,2515.99,10.0,0.0,0.0,1.109502821067435,351110.01500003337,267140.97291720996,0,2508.4,2508.4,2508.4,2508.4,0.0,2508.4,0.0,6267600.0,0.04854203901521781,1.0,1.109502821067435,732298.4918776115,2396134.9507102193,0.0,0.0,0.9906236233306156,1.0,0.0,5.2123226076e-06,0.9906236233306156,13275.132382276139,6708.232539703825,0.0,80676.90232978988,100660.26725176984
2026-09-14 12:00:00+00:00,5.292270922610484,0.0,6668.064203401213,-5.292270922610484,2515.99,10.0,0.0,0.0,1.1095073005223453,351110.01500003337,267142.36536035576,0,2504.49,2504.49,2504.49,2504.49,0.0,2504.49,0.0,6264000.0,0.048542039074530585,1.0,1.1095073005223453,732298.4918776115,2396134.9507102193,0.0,0.0,0.9906289836329031,1.0,0.0,5.2123772016e-06,0.9906289836329031,13254.43960296873,6728.925319011233,0.0,80677.39194246067,100660.75686444063
2026-09-14 13:00:00+00:00,5.292270922610484,0.0,6668.064203401213,-5.292270922610484,2515.99,10.0,0.0,0.0,1.1095117799953402,351110.01500003337,267143.7578271789,0,2499.52,2499.52,2499.52,2499.52,0.0,2499.52,0.0,6260400.0,0.04854203913391131,1.0,1.1095117799953402,732298.4918776115,2396134.9507102193,0.0,0.0,0.9906343439641955,1.0,0.0,5.2124386644e-06,0.9906343439641955,13228.137016483357,6755.227905496607,0.0,80677.88154163794,100661.24646361789
2026-09-14 14:00:00+00:00,5.292270922610484,0.0,6668.064203401213,-5.292270922610484,2515.99,10.0,0.0,0.0,1.109516259486421,351110.01500003337,267145.15031464165,0,2500.38,2500.38,2500.38,2500.38,0.0,2500.38,0.0,6256800.0,0.048542039193359754,1.0,1.109516259486421,732298.4918776115,2396134.9507102193,0.0,0.0,0.990639704324493,1.0,0.0,5.212488754799999e-06,0.990639704324493,13232.688369476804,6750.676552503161,0.0,80678.37113035971,100661.73605233966
2026-09-14 15:00:00+00:00,5.292270922610484,0.0,6668.064203401213,-5.292270922610484,2515.99,10.0,0.0,0.0,1.1095207389955866,351110.01500003337,267146.54282551305,0,2507.28,2507.28,2507.28,2507.28,0.0,2507.28,0.0,6253200.0,0.0485420392528777,1.0,1.1095207389955866,732298.4918776115,2396134.9507102193,0.0,0.0,0.9906450647137953,1.0,0.0,5.212549209600001e-06,0.9906450647137953,13269.205038842816,6714.1598831371475,0.0,80678.86070585664,100662.2256278366
2026-09-14 16:00:00+00:00,5.292270922610484,0.0,6668.55242507127,-5.292270922610484,2515.99,10.0,0.0,0.0,1.1095252185228377,351110.01500003337,267147.9353586239,0,2528.14,2528.14,2528.14,2528.14,0.0,2528.14,3.649e-05,6249600.0,0.048542039312462926,1.0,1.1095252185228377,732298.4918776115,2396134.9507102193,0.0,0.0,0.9906504251321032,1.0,0.0,5.2126052868e-06,0.9906504251321032,13379.601810288468,6604.251333361552,0.0,80679.3502692983,100663.20341294832
2026-09-14 17:00:00+00:00,5.292270922610484,0.0,6668.55242507127,-5.292270922610484,2515.99,10.0,0.0,0.0,1.1095296980681744,351110.01500003337,267149.3279113797,0,2532.44,2532.44,2532.44,2532.44,0.0,2532.44,0.0,6246000.0,0.04854203937211765,1.0,1.1095296980681744,732298.4918776115,2396134.9507102193,0.0,0.0,0.9906557855794165,1.0,0.0,5.2126516512e-06,0.9906557855794165,13402.358575255696,6581.494568394326,0.0,80679.83982327906,100663.69296692908
2026-09-14 18:00:00+00:00,5.292270922610484,0.0,6668.55242507127,-5.292270922610484,2515.99,10.0,0.0,0.0,1.1095341776315961,351110.01500003337,267150.72048484534,0,2537.48,2537.48,2537.48,2537.48,0.0,2537.48,0.0,6242400.0,0.04854203943184121,1.0,1.1095341776315961,732298.4918776115,2396134.9507102193,0.0,0.0,0.9906611460557352,1.0,0.0,5.2127020008e-06,0.9906611460557352,13429.031620705651,6554.8215229443695,0.0,80680.32936673408,100664.1825103841
2026-09-14 19:00:00+00:00,5.292270922610484,0.0,6668.55242507127,-5.292270922610484,2515.99,10.0,0.0,0.0,1.1095386572131036,351110.01500003337,267152.1130838789,0,2538.48,2538.48,2538.48,2538.48,0.0,2538.48,0.0,6238800.0,0.04854203949163405,1.0,1.1095386572131036,732298.4918776115,2396134.9507102193,0.0,0.0,0.9906665065610596,1.0,0.0,5.212770534e-06,0.9906665065610596,13434.323891628263,6549.529252021759,0.0,80680.81889480539,100664.6720384554
2026-09-14 20:00:00+00:00,5.292270922610484,0.0,6668.55242507127,-5.292270922610484,2515.99,10.0,0.0,0.0,1.109543136812697,351110.01500003337,267153.505704146,0,2569.67,2569.67,2569.67,2569.67,0.0,2569.67,0.0,6235200.0,0.048542039551495275,1.0,1.109543136812697,732298.4918776115,2396134.9507102193,0.0,0.0,0.99067186709539,1.0,0.0,5.212822842e-06,0.99067186709539,13599.389821704484,6384.463321945537,0.0,80681.30841182743,100665.16155547745
2026-09-14 21:00:00+00:00,5.292270922610484,0.0,6668.55242507127,-5.292270922610484,2515.99,10.0,0.0,0.0,1.1095476164303757,351110.01500003337,267154.89834541513,0,2545.54,2545.54,2545.54,2545.54,0.0,2545.54,0.0,6231600.0,0.048542039611426446,1.0,1.1095476164303757,732298.4918776115,2396134.9507102193,0.0,0.0,0.9906772276587265,1.0,0.0,5.2128742824000005e-06,0.9906772276587265,13471.687324341892,6512.165819308129,0.0,80681.7979180318,100665.65106168183
2026-09-14 22:00:00+00:00,5.292270922610484,0.0,6668.55242507127,-5.292270922610484,2515.99,10.0,0.0,0.0,1.1095520960661407,351110.01500003337,267156.29100719036,0,2532.2,2532.2,2532.2,2532.2,0.0,2532.2,0.0,6228000.0,0.048542039671426895,1.0,1.1095520960661407,732298.4918776115,2396134.9507102193,0.0,0.0,0.990682588251069,1.0,0.0,5.2129238652e-06,0.990682588251069,13401.088430234267,6582.764713415753,0.0,80682.28741391434,100666.14055756436
2026-09-14 23:00:00+00:00,5.292270922610484,0.0,6668.55242507127,-5.292270922610484,2515.99,10.0,0.0,0.0,1.1095565757199914,351110.01500003337,267157.6836930237,0,2513.93,2513.93,2513.93,2513.93,0.0,2513.93,0.0,6224400.0,0.04854203973149662,1.0,1.1095565757199914,732298.4918776115,2396134.9507102193,0.0,0.0,0.990687948872418,1.0,0.0,5.2129867428e-06,0.990687948872418,13304.398640478174,6679.454503171847,0.0,80682.77689592325,100666.63003957327
2026-09-15 00:00:00+00:00,5.292270922610484,0.0,6668.7234389581745,-5.292270922610484,2515.99,10.0,0.0,0.0,1.109561055391928,351110.01500003337,267159.07639927027,0,2514.7,2514.7,2514.7,2514.7,0.0,2514.7,1.285e-05,6220800.0,0.048542039791635405,1.0,1.109561055391928,732298.4918776115,2396134.9507102193,0.0,0.0,0.9906933095227736,1.0,0.0,5.213035976399999e-06,0.9906933095227736,13308.473689088583,6675.550468448342,0.0,80683.26636770344,100667.29052524037
2026-09-15 01:00:00+00:00,5.292270922610484,0.0,6668.7234389581745,-5.292270922610484,2515.99,10.0,0.0,0.0,1.1095655350819502,351110.01500003337,267160.46912641893,0,2514.11,2514.11,2514.11,2514.11,0.0,2514.11,0.0,6217200.0,0.048542039851844354,1.0,1.1095655350819502,732298.4918776115,2396134.9507102193,0.0,0.0,0.9906986702021358,1.0,0.0,5.2130870388000005e-06,0.9906986702021358,13305.351249244246,6678.67290829268,0.0,80683.75582876604,100667.77998630296
2026-09-15 02:00:00+00:00,5.292270922610484,0.0,6668.7234389581745,-5.292270922610484,2515.99,10.0,0.0,0.0,1.1095700147900591,351110.01500003337,267161.86187441705,0,2511.01,2511.01,2511.01,2511.01,0.0,2511.01,0.0,6213600.0,0.048542039912123025,1.0,1.1095700147900591,732298.4918776115,2396134.9507102193,0.0,0.0,0.9907040309105047,1.0,0.0,5.2131379032e-06,0.9907040309105047,13288.945209384154,6695.078948152773,0.0,80684.24527916376,100668.26943670069
2026-09-15 03:00:00+00:00,5.292270922610484,0.0,6668.7234389581745,-5.292270922610484,2515.99,10.0,0.0,0.0,1.1095744945162538,351110.01500003337,267163.25444337365,0,2497.64,2497.64,2497.64,2497.64,0.0,2497.64,0.0,6210000.0,0.048542039972471196,1.0,1.1095744945162538,732298.4918776115,2396134.9507102193,0.0,0.0,0.9907093916478809,1.0,0.0,5.212440568799999e-06,0.9907093916478809,13218.18754714885,6765.836610388076,0.0,80684.73491878773,100668.75907632466
2026-09-15 04:00:00+00:00,5.292270922610484,0.0,6668.7234389581745,-5.292270922610484,2515.99,10.0,0.0,0.0,1.1095789742605349,351110.01500003337,267164.6472315632,0,2489.43,2489.43,2489.43,2489.43,0.0,2489.43,0.0,6206400.0,0.04854204003288998,1.0,1.1095789742605349,732298.4918776115,2396134.9507102193,0.0,0.0,0.990714752414264,1.0,0.0,5.2132339908e-06,0.990714752414264,13174.738002874217,6809.286154662708,0.0,80685.22434936336,100669.24850690029
2026-09-15 05:00:00+00:00,5.292270922610484,0.0,6668.7234389581745,-5.292270922610484,2515.99,10.0,0.0,0.0,1.1095834540229021,351110.01500003337,267166.04002701375,0,2495.0,2495.0,2495.0,2495.0,0.0,2495.0,0.0,6202800.0,0.048542040093379146,1.0,1.1095834540229021,732298.4918776115,2396134.9507102193,0.0,0.0,0.9907201132096544,1.0,0.0,5.2132339908e-06,0.9907201132096544,13204.215951913158,6779.808205623767,0.0,80685.71378286276,100669.73794039969
2026-09-15 06:00:00+00:00,5.292270922610484,0.0,6668.7234389581745,-5.292270922610484,2515.99,10.0,0.0,0.0,1.109587933803356,351110.01500003337,267167.4328432761,0,2484.63,2484.63,2484.63,2484.63,0.0,2484.63,0.0,6199200.0,0.048542040153938704,1.0,1.109587933803356,732298.4918776115,2396134.9507102193,0.0,0.0,0.9907254740340522,1.0,0.0,5.2132847111999996e-06,0.9907254740340522,13149.335102445688,6834.689055091238,0.0,80686.20320573513,100670.22736327206
2026-09-15 07:00:00+00:00,5.292270922610484,0.0,6668.7234389581745,-5.292270922610484,2515.99,10.0,0.0,0.0,1.109592413601896,351110.01500003337,267168.8256806872,0,2472.77,2472.77,2472.77,2472.77,0.0,2472.77,0.0,6195600.0,0.04854204021456798,1.0,1.109592413601896,732298.4918776115,2396134.9507102193,0.0,0.0,0.9907308348874578,1.0,0.0,5.2133366916e-06,0.9907308348874578,13086.568769303527,6897.4553882333985,0.0,80686.69261764368,100670.71677518061
2026-09-15 08:00:00+00:00,5.292270922610484,0.0,6667.650479689459,-5.292270922610484,2515.99,10.0,0.0,0.0,1.1095968934185227,351110.01500003337,267170.21853892505,0,2475.77,2475.77,2475.77,2475.77,0.0,2475.77,-8.189e-05,6192000.0,0.048542040275268095,1.0,1.1095968934185227,732298.4918776115,2396134.9507102193,0.0,0.0,0.9907361957698712,1.0,0.0,5.213387466e-06,0.9907361957698712,13102.44558207136,6880.505616196851,0.0,80687.18201891042,100670.13321717863
2026-09-15 09:00:00+00:00,5.292270922610484,0.0,6667.650479689459,-5.292270922610484,2515.99,10.0,0.0,0.0,1.109601373253236,351110.01500003337,267171.6114245851,0,2472.87,2472.87,2472.87,2472.87,0.0,2472.87,0.0,6188400.0,0.04854204033603904,1.0,1.109601373253236,732298.4918776115,2396134.9507102193,0.0,0.0,0.9907415566812923,1.0,0.0,5.213462925599999e-06,0.9907415566812923,13087.097996395787,6895.853201872422,0.0,80687.67140293983,100670.62260120804
2026-09-15 10:00:00+00:00,5.292270922610484,0.0,6667.650479689459,-5.292270922610484,2515.99,10.0,0.0,0.0,1.1096058531265371,351110.01500003337,267173.00433158607,0,2482.24,2482.24,2482.24,2482.24,0.0,2482.24,0.0,6184800.0,0.04854186483716405,1.0,1.1096058531265371,732293.5828085209,2396139.3340913,0.0,0.0,0.9907469501544772,1.0,0.0,5.2135156224000006e-06,0.9907469501544772,13136.686574940648,6846.264623327563,0.0,80688.17219838972,100671.12339665793
2026-09-15 11:00:00+00:00,5.292270922610484,0.0,6667.650479689459,-5.292270922610484,2515.99,10.0,0.0,0.0,1.1096103329974238,351110.01500003337,267174.3972595156,0,2475.15,2475.15,2475.15,2475.15,0.0,2475.15,0.0,6181200.0,0.04854186489807599,1.0,1.1096103329974238,732293.5828085209,2396139.3340913,0.0,0.0,0.9907523111051544,1.0,0.0,5.213566774799999e-06,0.9907523111051544,13099.16437409934,6883.786824168869,0.0,80688.66155393288,100671.6127522011
2026-09-15 12:00:00+00:00,5.292270922610484,0.0,6667.650479689459,-5.292270922610484,2515.99,10.0,0.0,0.0,1.1096148128825292,351110.01500003337,267175.7902084702,0,2477.88,2477.88,2477.88,2477.88,0.0,2477.88,0.0,6177600.0,0.04854189808285825,1.0,1.1096148128825292,732294.5090323408,2396138.5071115852,0.0,0.0,0.990757665953788,1.0,0.0,5.2136182872e-06,0.990757665953788,13113.612273718067,6869.338924550142,0.0,80689.14874596236,100672.09994423058
2026-09-15 13:00:00+00:00,5.292270922610484,0.0,6667.650479689459,-5.292270922610484,2515.99,10.0,0.0,0.0,1.1096192927895896,351110.01500003337,267177.1831807661,0,2452.58,2452.58,2452.58,2452.58,0.0,2452.58,0.0,6174000.0,0.048541898143912965,1.0,1.1096192927895896,732294.5090323408,2396138.5071115852,0.0,0.0,0.9907630269660214,1.0,0.0,5.2136784684e-06,0.9907630269660214,12979.717819376021,7003.233378892189,0.0,80689.63807875209,100672.5892770203
2026-09-15 14:00:00+00:00,5.292270922610484,0.0,6667.650479689459,-5.292270922610484,2515.99,10.0,0.0,0.0,1.1096237727147373,351110.01500003337,267178.57617388084,0,2406.73,2406.73,2406.73,2406.73,0.0,2406.73,0.0,6170400.0,0.04854189820503829,1.0,1.1096237727147373,732294.5090323408,2396138.5071115852,0.0,0.0,0.9907683880072634,1.0,0.0,5.2137292068e-06,0.9907683880072634,12737.067197574332,7245.884000693879,0.0,80690.12740090833,100673.07859917654
2026-09-15 15:00:00+00:00,5.292270922610484,0.0,6667.650479689459,-5.292270922610484,2515.99,10.0,0.0,0.0,1.1096282526579715,351110.01500003337,267179.9775758362,0,2423.27,2423.27,2423.27,2423.27,0.0,2423.27,0.0,6166800.0,0.04854189826623645,1.0,1.1096282526579715,732294.5090323408,2396138.5071115852,0.0,0.0,0.9907737490775139,1.0,0.0,5.2451745948e-06,0.9907737490775139,12824.601358634309,7158.349839633902,0.0,80690.60832440906,100673.55952267727
