timestamp,BOROS_collateral,BOROS_size,BOROS_entry_rate,BOROS_realized_settlements,BOROS_liquidation_count,PT_amount,PT_cash,PT_py_index_high,LENDING_collateral,LENDING_borrowed,LENDING_liquidation_count,BOROS_seconds_to_expiry,BOROS_mark_rate,BOROS_funding_rate,BOROS_funding_period_seconds,BOROS_underlying_price,PT_seconds_to_expiry,PT_implied_apy,PT_asset_price,PT_sy_exchange_rate,PT_total_pt,PT_total_sy,PT_scalar_root,PT_ln_fee_rate_root,LENDING_collateral_price,LENDING_debt_price,LENDING_lending_rate,LENDING_borrowing_rate,LENDING_collateral_market_price,BOROS_balance,PT_balance,LENDING_balance,net_balance
2026-08-02 00:00:00+00:00,19980.34749915231,143.9133596116426,0.0331363597202182,0.0,0,0.0,0.0,1.1049163316988413,351110.01500003337,265672.69664466893,0,4665600.0,0.0331363597202182,2.775e-05,3600.0,1846.06,10022400.0,0.05254060318860576,1.0,1.1049163316988413,1156867.8503629519,3114869.502320892,0.0,0.0,0.9838577433411293,1.0,0.0,5.853437189999999e-06,0.9838577433411293,19980.34749915231,0.0,79769.61037773394,99749.95787688626
2026-08-02 01:00:00+00:00,19979.306476841968,143.9133596116426,0.0331363597202182,-1.041022310344078,0,0.0,0.0,1.1049206952183488,351110.01500003337,265674.2521530535,0,4662000.0,0.0331363597202182,0.0,3600.0,1856.29,10018800.0,0.05254044100489308,1.0,1.1049206952183488,1156867.8503629519,3114894.1382452925,0.0,0.0,0.9838635426931098,1.0,0.0,5.8549630824e-06,0.9838635426931098,19979.306476841968,0.0,79770.09107991029,99749.39755675226
2026-08-02 02:00:00+00:00,19978.254288844044,143.9133596116426,0.0331363597202182,-2.093210308268734,0,0.0,0.0,1.1049250587359736,351110.01500003337,265675.80807609414,0,4658400.0,0.0331363597202182,0.0,3600.0,1876.2,10015200.0,0.05254044103004962,1.0,1.1049250587359736,1156867.8503629519,3114894.1382452925,0.0,0.0,0.983869293891345,1.0,0.0,5.8564895615999995e-06,0.983869293891345,19978.254288844044,0.0,79770.55446016823,99748.80874901227
2026-08-02 03:00:00+00:00,19977.201870914832,143.9133596116426,0.0331363597202182,-3.1456282374795794,0,0.0,0.0,1.1049294222708308,351110.01500003337,265677.364413952,0,4654800.0,0.0331363597202182,0.0,3600.0,1876.61,10011600.0,0.05254044105522393,1.0,1.1049294222708308,1156867.8503629519,3114894.1382452925,0.0,0.0,0.9838750451231992,1.0,0.0,5.8580166204e-06,0.9838750451231992,19977.201870914832,0.0,79771.01743741299,99748.21930832783
2026-08-02 04:00:00+00:00,19976.147422860606,143.9133596116426,0.0331363597202182,-4.200076291705075,0,0.0,0.0,1.1049337858229207,351110.01500003337,265678.9211667902,0,4651200.0,0.0331363597202182,0.0,3600.0,1880.23,10008000.0,0.052540441080416,1.0,1.1049337858229207,1156867.8503629519,3114894.1382452925,0.0,0.0,0.9838807963886725,1.0,0.0,5.859544266e-06,0.9838807963886725,19976.147422860606,0.0,79771.48001148138,99747.627434342
2026-08-02 05:00:00+00:00,19975.09553209093,143.9133596116426,0.0331363597202182,-5.25196706138173,0,0.0,0.0,1.1049381493922428,351110.01500003337,265680.4783347727,0,4647600.0,0.0331363597202182,0.0,3600.0,1875.67,10004400.0,0.0525404411056265,1.0,1.1049381493922428,1156867.8503629519,3114894.1382452925,0.0,0.0,0.9838865476877648,1.0,0.0,5.861072502e-06,0.9838865476877648,19975.09553209093,0.0,79771.94218220946,99747.03771430039
2026-08-02 06:00:00+00:00,19974.04305247284,143.9133596116426,0.0331363597202182,-6.304446679474236,0,0.0,0.0,1.104942512978797,351110.01500003337,265682.03591806174,0,4644000.0,0.0331363597202182,0.0,3600.0,1876.72,10000800.0,0.052540441130854765,1.0,1.104942512978797,1156867.8503629519,3114894.1382452925,0.0,0.0,0.9838922990204766,1.0,0.0,5.8626013212e-06,0.9838922990204766,19974.04305247284,0.0,79772.4039494351,99746.44700190795
2026-08-02 07:00:00+00:00,19972.991357985968,143.9133596116426,0.0331363597202182,-7.356141166345607,0,0.0,0.0,1.104946876582584,351110.01500003337,265683.59391681943,0,4640400.0,0.0331363597202182,0.0,3600.0,1875.32,9997200.0,0.0525404411561019,1.0,1.104946876582584,1156867.8503629519,3114894.1382452925,0.0,0.0,0.9838980503868077,1.0,0.0,5.864130723600001e-06,0.9838980503868077,19972.991357985968,0.0,79772.8653129962,99745.85667098218
2026-08-02 08:00:00+00:00,19987.012119893647,143.9133596116426,0.0331363597202182,6.664620741332561,0,0.0,0.0,1.1049512278937244,351110.01500003337,265685.1523312098,0,4636800.0,0.0331363597202182,5.607e-05,3600.0,1867.34,9993600.0,0.05264490703897451,1.0,1.1049512278937244,1161301.5514845203,3110946.7065217644,0.0,0.0,0.9838728578762702,1.0,0.0,5.8656607164e-06,0.9838728578762702,19987.012119893647,0.0,79762.46155585314,99749.47367574679
2026-08-02 09:00:00+00:00,19985.963291135733,143.9133596116426,0.0331363597202182,5.615791983418335,0,0.0,0.0,1.1049555933019635,351110.01500003337,265686.7111613941,0,4633200.0,0.0331363597202182,0.0,3600.0,1870.21,9990000.0,0.0526298853560947,1.0,1.1049555933019635,1160663.359035395,3111515.0075710034,0.0,0.0,0.9838830680415991,1.0,0.0,5.8671912888e-06,0.9838830680415991,19985.963291135733,0.0,79764.48761697061,99750.45090810634
2026-08-02 10:00:00+00:00,19984.915836357457,143.9133596116426,0.0331363597202182,4.568337205141097,0,0.0,0.0,1.104959956957407,351110.01500003337,265688.27040753537,0,4629600.0,0.0331363597202182,0.0,3600.0,1867.76,9986400.0,0.052629885381440644,1.0,1.104959956957407,1160663.359035395,3111515.0075710034,0.0,0.0,0.9838888288980937,1.0,0.0,5.8687224479999995e-06,0.9838888288980937,19984.915836357457,0.0,79764.95106523955,99749.86690159701
2026-08-02 11:00:00+00:00,19983.8773601155,143.9133596116426,0.0331363597202182,3.529860963185558,0,0.0,0.0,1.104964320630083,351110.01500003337,265689.8300697969,0,4626000.0,0.0331363597202182,0.0,3600.0,1851.75,9982800.0,0.05262988540680458,1.0,1.104964320630083,1160663.359035395,3111515.0075710034,0.0,0.0,0.9838945897883197,1.0,0.0,5.870254193999999e-06,0.9838945897883197,19983.8773601155,0.0,79765.41410923173,99749.29146934723
2026-08-02 12:00:00+00:00,19982.83651165564,143.9133596116426,0.0331363597202182,2.48901250332616,0,0.0,0.0,1.1049686843199922,351110.01500003337,265691.39014834166,0,4622400.0,0.0331363597202182,0.0,3600.0,1855.98,9979200.0,0.052629885432186496,1.0,1.1049686843199922,1160663.359035395,3111515.0075710034,0.0,0.0,0.983900350712277,1.0,0.0,5.8717865268000005e-06,0.983900350712277,19982.83651165564,0.0,79765.87674878404,99748.71326043968
2026-08-02 13:00:00+00:00,19981.79679602797,143.9133596116426,0.0331363597202182,1.4492968756572575,0,0.0,0.0,1.104973048186843,351110.01500003337,265692.95064333087,0,4618800.0,0.0331363597202182,0.0,3600.0,1853.96,9975600.0,0.05262853009674551,1.0,1.104973048186843,1160605.7897855006,3111566.2726095063,0.0,0.0,0.9839065124127248,1.0,0.0,5.8733194392e-06,0.9839065124127248,19981.79679602797,0.0,79766.47968853143,99748.2764845594
2026-08-02 14:00:00+00:00,19980.75705796798,143.9133596116426,0.0331363597202182,0.4095588156677512,0,0.0,0.0,1.1049774119112186,351110.01500003337,265694.5115549287,0,4615200.0,0.0331363597202182,0.0,3600.0,1854.0,9972000.0,0.0526285301221634,1.0,1.1049774119112186,1160605.7897855006,3111566.2726095063,0.0,0.0,0.9839122732618708,1.0,0.0,5.874852942e-06,0.9839122732618708,19980.75705796798,0.0,79766.94146876369,99747.69852673166
2026-08-02 15:00:00+00:00,19979.715205661774,143.9133596116426,0.0331363597202182,-0.6322934905386701,0,0.0,0.0,1.1049819225039008,351110.01500003337,265696.07288329914,0,4611600.0,0.0331363597202182,0.0,3600.0,1857.77,9968400.0,0.051383031093271914,1.0,1.1049819225039008,1108514.2150939242,3158035.00130173,0.0,0.0,0.9842863194270535,1.0,0.0,5.8763870352e-06,0.9842863194270535,19979.715205661774,0.0,79896.71149506123,99876.42670072301
2026-08-02 16:00:00+00:00,19982.514179342263,143.9133596116426,0.0331363597202182,2.166680189948128,0,0.0,0.0,1.104986281421901,351110.01500003337,265697.6346286036,0,4608000.0,0.0331363597202182,1.434e-05,3600.0,1862.37,9964800.0,0.05142406936792465,1.0,1.104986281421901,1110206.0051257266,3156528.121604842,0.0,0.0,0.9842798099204597,1.0,0.0,5.8779217080000005e-06,0.9842798099204597,19982.514179342263,0.0,79892.864196799,99875.37837614126
2026-08-02 17:00:00+00:00,19981.466707739746,143.9133596116426,0.0331363597202182,1.1192085874304363,0,0.0,0.0,1.1049906451985367,351110.01500003337,265699.19679100416,0,4604400.0,0.0331363597202182,0.0,3600.0,1867.79,9961200.0,0.05142406939280075,1.0,1.1049906451985367,1110206.0051257266,3156528.121604842,0.0,0.0,0.9842854443133635,1.0,0.0,5.8794569639999995e-06,0.9842854443133635,19981.466707739746,0.0,79893.28032617539,99874.74703391513
2026-08-02 18:00:00+00:00,19980.41510298216,143.9133596116426,0.0331363597202182,0.06760382984148117,0,0.0,0.0,1.1049948955191304,351110.01500003337,265700.759370664,0,4600800.0,0.0331363597202182,0.0,3600.0,1875.16,9957600.0,0.052386375485073744,1.0,1.1049948955191304,1150378.1495670339,3120777.7461908036,0.0,0.0,0.9840067992415835,1.0,0.0,5.8809928068e-06,0.9840067992415835,19980.41510298216,0.0,79793.88267118321,99774.29777416537
2026-08-02 19:00:00+00:00,19979.360004390637,143.9133596116426,0.0331363597202182,-0.9874947616815273,0,0.0,0.0,1.1049992447762966,351110.01500003337,265702.3223677463,0,4597200.0,0.0331363597202182,0.0,3600.0,1881.39,9954000.0,0.05238643849767333,1.0,1.1049992447762966,1150378.0733746015,3120777.8158231606,0.0,0.0,0.9840125162441306,1.0,0.0,5.882529236400001e-06,0.9840125162441306,19979.360004390637,0.0,79794.32697095093,99773.68697534157
2026-08-02 20:00:00+00:00,19978.30398046589,143.9133596116426,0.0331363597202182,-2.0435186864294455,0,0.0,0.0,1.1050036231578868,351110.01500003337,265703.8857824152,0,4593600.0,0.0331363597202182,0.0,3600.0,1883.04,9950400.0,0.05238637371990418,1.0,1.1050036231578868,1150378.0733746015,3120777.8158231606,0.0,0.0,0.9840182709949621,1.0,0.0,5.8840662564e-06,0.9840182709949621,19978.30398046589,0.0,79794.78410693281,99773.0880873987
2026-08-02 21:00:00+00:00,19977.244199127443,143.9133596116426,0.0331363597202182,-3.1033000248785125,0,0.0,0.0,1.105007987003008,351110.01500003337,265705.449614831,0,4590000.0,0.0331363597202182,0.0,3600.0,1889.74,9946800.0,0.05238637374533073,1.0,1.105007987003008,1150378.0733746015,3120777.8158231606,0.0,0.0,0.9840240066537286,1.0,0.0,5.8856038524e-06,0.9840240066537286,19977.244199127443,0.0,79795.23412175255,99772.47832087999
2026-08-02 22:00:00+00:00,19976.189151008643,143.9133596116426,0.0331363597202182,-4.158348143680162,0,0.0,0.0,1.1050123541135242,351110.01500003337,265707.01386515785,0,4586400.0,0.03572236713229223,0.0,3600.0,1881.3,9943200.0,0.052358816049072,1.0,1.1050123541135242,1149214.7691787994,3121813.8309608013,0.0,0.0,0.984037866971701,1.0,0.0,5.887142038800001e-06,0.984037866971701,20078.014112479672,0.0,79798.53636787692,99876.55048035659
2026-08-02 23:00:00+00:00,19975.132381209234,143.9133596116426,0.0331363597202182,-5.215117943088159,0,0.0,0.0,1.1050167179931254,351110.01500003337,265708.57853355794,0,4582800.0,0.03572236713229223,0.0,3600.0,1884.37,9939600.0,0.05235881607452142,1.0,1.1050167179931254,1149214.7691787994,3121813.8309608013,0.0,0.0,0.9840435998030901,1.0,0.0,5.8886808084e-06,0.9840435998030901,20077.043449948083,0.0,79798.98455399188,99876.02800393995
2026-08-03 00:00:00+00:00,20001.037236662778,143.9133596116426,0.0331363597202182,20.689737510455075,0,0.0,0.0,1.1050210818899606,351110.01500003337,265710.14362019545,0,4579200.0,0.03655125581522055,0.0001,3600.0,1873.02,9936000.0,0.05235881609999016,1.0,1.1050210818899606,1149214.7691787994,3121813.8309608013,0.0,0.0,0.9840493326678773,1.0,0.0,5.8902201684e-06,0.9840493326678773,20134.698027261886,0.0,79799.43233359576,99934.13036085764
2026-08-03 01:00:00+00:00,19999.990555799563,143.9133596116426,0.0331363597202182,19.64305664723867,0,0.0,0.0,1.1050254458040294,351110.01500003337,265711.7091252327,0,4575600.0,0.03655125581522055,0.0,3600.0,1866.38,9932400.0,0.05235881612547666,1.0,1.1050254458040294,1149214.7691787994,3121813.8309608013,0.0,0.0,0.9840550655660634,1.0,0.0,5.8917601116e-06,0.9840550655660634,20133.07280188895,0.0,79799.87970652664,99932.95250841559
2026-08-03 02:00:00+00:00,19998.94554053615,143.9133596116426,0.0331363597202182,18.598041383827102,0,0.0,0.0,1.1050298097353322,351110.01500003337,265713.2750488319,0,4572000.0,0.03655125581522055,0.0,3600.0,1863.41,9928800.0,0.05235881615098226,1.0,1.1050298097353322,1149214.7691787994,3121813.8309608013,0.0,0.0,0.984060798497648,1.0,0.0,5.893300638e-06,0.984060798497648,20131.711470640967,0.0,79800.32667262212,99932.03814326308
2026-08-03 03:00:00+00:00,19997.904579914688,143.9133596116426,0.0331363597202182,17.557080762364684,0,0.0,0.0,1.1050341736838731,351110.01500003337,265714.84139115614,0,4568400.0,0.03655125581522055,0.0,3600.0,1856.18,9925200.0,0.05235881613689042,1.0,1.1050341736838731,1149214.7691787994,3121813.837138657,0.0,0.0,0.9840665314742909,1.0,0.0,5.8948417512e-06,0.9840665314742909,20130.051245916588,0.0,79800.77323581296,99930.82448172955
2026-08-03 04:00:00+00:00,19996.86483624662,143.9133596116426,0.0331363597202182,16.517337094295026,0,0.0,0.0,1.1050385376496439,351110.01500003337,265716.4081523688,0,4564800.0,0.03655125581522055,0.0,3600.0,1854.01,9921600.0,0.05235881616243265,1.0,1.1050385376496439,1149214.7691787994,3121813.837138657,0.0,0.0,0.9840722644726698,1.0,0.0,5.8963834512e-06,0.9840722644726698,20128.75300110726,0.0,79801.21938774711,99929.97238885437
2026-08-03 05:00:00+00:00,19995.822367051594,143.9133596116426,0.0331363597202182,15.474867899271999,0,0.0,0.0,1.105042903357693,351110.01500003337,265717.9753326311,0,4561200.0,0.03655125581522055,0.0,3600.0,1858.87,9918000.0,0.05234418143506758,1.0,1.105042903357693,1148597.32779063,3122363.7274247357,0.0,0.0,0.9840823015071901,1.0,0.0,5.8979257308000004e-06,0.9840823015071901,20127.95197090327,0.0,79803.1763108258,99931.12828172906
2026-08-03 06:00:00+00:00,19994.78585924577,143.9133596116426,0.0331363597202182,14.43836009344945,0,0.0,0.0,1.105047267637804,351110.01500003337,265719.5429321082,0,4557600.0,0.03655125581522055,0.0,3600.0,1848.24,9914400.0,0.05234180719567405,1.0,1.105047267637804,1148497.1786476525,3122452.9200325804,0.0,0.0,0.9840887310518663,1.0,0.0,5.8994686044e-06,0.9840887310518663,20126.056187225742,0.0,79803.86618887639,99929.92237610213
2026-08-03 07:00:00+00:00,19993.752290073946,143.9133596116426,0.0331363597202182,13.40479092162601,0,0.0,0.0,1.1050516213361172,351110.01500003337,265721.1109509615,0,4554000.0,0.03035072349044073,0.0,3600.0,1843.0,9910800.0,0.05242935403167692,1.0,1.1050516213361172,1152193.897093601,3119161.1411389164,0.0,0.0,0.9840687348005364,1.0,0.0,5.9010120576e-06,0.9840687348005364,19887.05896045176,0.0,79795.27728591871,99682.33624637047
2026-08-03 08:00:00+00:00,19990.420336892086,143.9133596116426,0.0331363597202182,10.072837739765408,0,0.0,0.0,1.1050559853707915,351110.01500003337,265722.679389355,0,4550400.0,0.03210376555826525,-8.69e-06,3600.0,1839.42,9907200.0,0.05242935405732885,1.0,1.1050559853707915,1152193.897093601,3119161.1411389164,0.0,0.0,0.9840744753412622,1.0,0.0,5.9025561012e-06,0.9840744753412622,19950.978725560493,0.0,79795.72440886556,99746.70313442605
2026-08-03 09:00:00+00:00,19989.38183260973,143.9133596116426,0.0331363597202182,9.034333457409115,0,0.0,0.0,1.1050605298623517,351110.01500003337,265724.2482474512,0,4546800.0,0.03210376555826525,0.0,3600.0,1851.8,9903600.0,0.05089958310330167,1.0,1.1050605298623517,1088733.054974561,3175704.005103635,0.0,0.0,0.984529856472568,1.0,0.0,5.904100728e-06,0.984529856472568,19949.706177971264,0.0,79954.04442661285,99903.75060458411
2026-08-03 10:00:00+00:00,19988.346928714833,143.9133596116426,0.0331363597202182,7.999429562509743,0,0.0,0.0,1.1050646842893064,351110.01500003337,265725.8175254113,0,4543200.0,0.03210376555826525,0.0,3600.0,1845.38,9900000.0,0.05267714211976671,1.0,1.1050646842893064,1162706.362717534,3109827.1960748783,0.0,0.0,0.9840132318480262,1.0,0.0,5.905645934400001e-06,0.9840132318480262,19948.840130398807,0.0,79771.08306898049,99719.9231993793
2026-08-03 11:00:00+00:00,19987.31561959931,143.9133596116426,0.0331363597202182,6.968120446987141,0,0.0,0.0,1.1050690483755683,351110.01500003337,265727.3872234006,0,4539600.0,0.03210376555826525,0.0,3600.0,1838.97,9896400.0,0.052677142145599154,1.0,1.1050690483755683,1162706.362717534,3109827.1960748783,0.0,0.0,0.9840189985094561,1.0,0.0,5.9071917348000004e-06,0.9840189985094561,19947.97724587351,0.0,79771.53810357233,99719.51534944584
2026-08-03 12:00:00+00:00,19986.282224277973,143.9133596116426,0.0331363597202182,5.93472512564838,0,0.0,0.0,1.1050734124790647,351110.01500003337,265728.9573415813,0,4536000.0,0.03210376555826525,0.0,3600.0,1842.69,9892800.0,0.05267714217145003,1.0,1.1050734124790647,1162706.362717534,3109827.1960748783,0.0,0.0,0.9840247652046807,1.0,0.0,5.9087381184e-06,0.9840247652046807,19946.895533355666,0.0,79771.99272983847,99718.88826319414
2026-08-03 13:00:00+00:00,19985.24009156776,143.9133596116426,0.0331363597202182,4.89259241543441,0,0.0,0.0,1.105077776599796,351110.01500003337,265730.5278801157,0,4532400.0,0.03210376555826525,0.0,3600.0,1858.27,9889200.0,0.052677142197320004,1.0,1.105077776599796,1162706.362717534,3109827.1960748783,0.0,0.0,0.9840305319337002,1.0,0.0,5.9102850852000006e-06,0.9840305319337002,19945.551908552323,0.0,79772.44694761652,99717.99885616885
2026-08-03 14:00:00+00:00,19984.18979910093,143.9133596116426,0.0331363597202182,3.8422999486007816,0,0.0,0.0,1.1050821407377613,351110.01500003337,265732.09883916815,0,4528800.0,0.03210376555826525,0.0,3600.0,1872.82,9885600.0,0.052677142223209295,1.0,1.1050821407377613,1162706.362717534,3109827.1960748783,0.0,0.0,0.9840362986965144,1.0,0.0,5.911832642400001e-06,0.9840362986965144,19944.2226334414,0.0,79772.90075674234,99717.12339018374
2026-08-03 15:00:00+00:00,19983.14527174049,143.9133596116426,0.0331363597202182,2.7977725881623483,0,0.0,0.0,1.1050865048929623,351110.01500003337,265733.6702188999,0,4525200.0,0.03210376555826525,0.0,3600.0,1862.54,9882000.0,0.052677142249117015,1.0,1.1050865048929623,1162706.362717534,3109827.1960748783,0.0,0.0,0.9840420654931241,1.0,0.0,5.9133807792e-06,0.9840420654931241,19943.429083808365,0.0,79773.35415705474,99716.78324086311
2026-08-03 16:00:00+00:00,19991.935885953208,143.9133596116426,0.0331363597202182,11.588386800880265,0,0.0,0.0,1.1050908690653973,351110.01500003337,265735.2420194743,0,4521600.0,0.03210376555826525,3.664e-05,3600.0,1865.51,9878400.0,0.05267714227504383,1.0,1.1050908690653973,1162706.362717534,3109827.1960748783,0.0,0.0,0.9840478323235291,1.0,0.0,5.9149295028e-06,0.9840478323235291,19952.188013117375,0.0,79773.80714839033,99725.99516150772
2026-08-03 17:00:00+00:00,19990.888246108287,143.9133596116426,0.0331363597202182,10.540746955958044,0,0.0,0.0,1.1050952332550672,351110.01500003337,265736.4815407352,0,4518000.0,0.03210376555826525,0.0,3600.0,1868.09,9874800.0,0.05267714230098908,1.0,1.1050952332550672,1162706.362717534,3109827.1960748783,0.0,0.0,0.9840535991877299,1.0,0.0,4.6644862032e-06,0.9840535991877299,19951.11709213388,0.0,79774.59243090544,99725.70952303932
2026-08-03 18:00:00+00:00,19989.840595047204,143.9133596116426,0.0331363597202182,9.493095894875522,0,0.0,0.0,1.1050995974619722,351110.01500003337,265737.7209916549,0,4514400.0,0.03210376555826525,0.0,3600.0,1868.11,9871200.0,0.052677142326954085,1.0,1.1050995974619722,1162706.362717534,3109827.1960748783,0.0,0.0,0.9840593660857264,1.0,0.0,4.664199744000001e-06,0.9840593660857264,19950.10070577977,0.0,79775.3777956278,99725.47850140758
2026-08-03 19:00:00+00:00,19988.792299056906,143.9133596116426,0.0331363597202182,8.444799904575637,0,0.0,0.0,1.1051039616863247,351110.01500003337,265738.95343338896,0,4510800.0,0.03210376555826525,0.0,3600.0,1869.26,9867600.0,0.05267714054940709,1.0,1.1051039616863247,1162706.286529173,3109827.265684893,0.0,0.0,0.9840651335450611,1.0,0.0,4.6378017828e-06,0.9840651335450611,19949.059656105135,0.0,79776.17036662728,99725.23002273242
2026-08-03 20:00:00+00:00,19987.74456387462,143.9133596116426,0.0331363597202182,7.39706472229085,0,0.0,0.0,1.1051083275092521,351110.01500003337,265740.18577992794,0,4507200.0,0.03210376555826525,0.0,3600.0,1868.26,9864000.0,0.052663719896578254,1.0,1.1051083275092521,1162135.7728590847,3110335.328271182,0.0,0.0,0.9840748247523742,1.0,0.0,4.6374220476e-06,0.9840748247523742,19948.064869783288,0.0,79778.34070003335,99726.40556981665
2026-08-03 21:00:00+00:00,19986.699840231377,143.9133596116426,0.0331363597202182,6.352341079047132,0,0.0,0.0,1.1051126917678686,351110.01500003337,265741.4169872709,0,4503600.0,0.03210376555826525,0.0,3600.0,1862.89,9860400.0,0.052663719922592556,1.0,1.1051126917678686,1162135.7728590847,3110335.328271182,0.0,0.0,0.9840805903423532,1.0,0.0,4.633113682800001e-06,0.9840805903423532,19947.16580071514,0.0,79779.13384907442,99726.29964978957
2026-08-03 22:00:00+00:00,19985.65694482226,143.9133596116426,0.0331363597202182,5.3094456699326305,0,0.0,0.0,1.1051170560437258,351110.01500003337,265742.6480961967,0,4500000.0,0.03210376555826525,0.0,3600.0,1859.63,9856800.0,0.05266371990126473,1.0,1.1051170560437258,1162135.7728590847,3110335.3354428494,0.0,0.0,0.9840863559799509,1.0,0.0,4.632721869599999e-06,0.9840863559799509,19946.22363530254,0.0,79779.927113252,99726.15074855453
2026-08-03 23:00:00+00:00,19984.613965291945,143.9133596116426,0.0331363597202182,4.266466139615865,0,0.0,0.0,1.1051213650947576,351110.01500003337,265743.90690942976,0,4496400.0,0.03210376555826525,0.0,3600.0,1859.78,9853200.0,0.05313258679163568,1.0,1.1051213650947576,1156269.0071319228,3024722.901343549,0.0,0.0,0.9839552102982688,1.0,0.0,4.7369523132e-06,0.9839552102982688,19945.209024226093,0.0,79732.62173775642,99677.8307619825
2026-08-04 00:00:00+00:00,19997.946728116887,143.9133596116426,0.0331363597202182,17.59922896455683,0,0.0,0.0,1.1051257294048615,351110.01500003337,265745.16572892806,0,4492800.0,0.03210376555826525,5.396e-05,3600.0,1850.55,9849600.0,0.053132586817945304,1.0,1.1051257294048615,1156269.0071319228,3024722.901343549,0.0,0.0,0.9839610252065939,1.0,0.0,4.7369534508e-06,0.9839610252065939,19958.7687445211,0.0,79733.40459080733,99692.17333532844
2026-08-04 01:00:00+00:00,19996.899811714306,143.9133596116426,0.0331363597202182,16.552312561974084,0,0.0,0.0,1.1051300937322006,351110.01500003337,265746.4245543894,0,4489200.0,0.03210376555826525,0.0,3600.0,1866.8,9846000.0,0.05313258684427424,1.0,1.1051300937322006,1156269.0071319228,3024722.901343549,0.0,0.0,0.9839668401492834,1.0,0.0,4.7369534508e-06,0.9839668401492834,19957.40946773937,0.0,79734.18744996097,99691.59691770034
2026-08-04 02:00:00+00:00,19995.853618754063,143.9133596116426,0.0331363597202182,15.506119601730813,0,0.0,0.0,1.105134458076776,351110.01500003337,265747.6833858147,0,4485600.0,0.03210376555826525,0.0,3600.0,1865.51,9842400.0,0.053132586870622056,1.0,1.105134458076776,1156269.0071319228,3024722.901343549,0.0,0.0,0.9839726551263378,1.0,0.0,4.7369534544e-06,0.9839726551263378,19956.42220987393,0.0,79734.9703152164,99691.39252509033
2026-08-04 03:00:00+00:00,19994.80851936945,143.9133596116426,0.0331363597202182,14.461020217116982,0,0.0,0.0,1.1051388224385859,351110.01500003337,265748.9422232031,0,4482000.0,0.03210376555826525,0.0,3600.0,1863.56,9838800.0,0.053132586896990075,1.0,1.1051388224385859,1156269.0071319228,3024722.901343549,0.0,0.0,0.9839784701377567,1.0,0.0,4.7369534544e-06,0.9839784701377567,19955.449941084833,0.0,79735.75318657456,99691.20312765939
2026-08-04 04:00:00+00:00,19993.7612833063,143.9133596116426,0.0331363597202182,13.413784153965631,0,0.0,0.0,1.1051431868176322,351110.01500003337,265750.2010665545,0,4478400.0,0.03210376555826525,0.0,3600.0,1867.37,9835200.0,0.053132586923376524,1.0,1.1051431868176322,1156269.0071319228,3024722.901343549,0.0,0.0,0.9839842851835412,1.0,0.0,4.7369534544e-06,0.9839842851835412,19954.35391537951,0.0,79736.53606403572,99690.88997941524
2026-08-04 05:00:00+00:00,19992.716178313607,143.9133596116426,0.0331363597202182,12.368679161271649,0,0.0,0.0,1.1051475512139135,351110.01500003337,265751.45991587,0,4474800.0,0.03210376555826525,0.0,3600.0,1863.57,9831600.0,0.05313258694978251,1.0,1.1051475512139135,1156269.0071319228,3024722.901343549,0.0,0.0,0.9839901002636909,1.0,0.0,4.736953458e-06,0.9839901002636909,19953.420615799027,0.0,79737.31894759886,99690.73956339789
2026-08-04 06:00:00+00:00,19991.675195259824,143.9133596116426,0.0331363597202182,11.327696107488627,0,0.0,0.0,1.105151915627431,351110.01500003337,265752.7187711486,0,4471200.0,0.03210376555826525,0.0,3600.0,1856.22,9828000.0,0.053132586976208485,1.0,1.105151915627431,1156269.0071319228,3024722.901343549,0.0,0.0,0.983995915378206,1.0,0.0,4.736953458e-06,0.983995915378206,19952.566104929596,0.0,79738.1018372649,99690.6679421945
2026-08-04 07:00:00+00:00,19990.630348238818,143.9133596116426,0.0331363597202182,10.282849086481589,0,0.0,0.0,1.1051562800581842,351110.01500003337,265753.97763239034,0,4467600.0,0.03210376555826525,0.0,3600.0,1863.11,9824400.0,0.05313258700265311,1.0,1.1051562800581842,1156269.0071319228,3024722.901343549,0.0,0.0,0.9840017305270871,1.0,0.0,4.736953458e-06,0.9840017305270871,19951.40769672882,0.0,79738.884733034,99690.29242976283
2026-08-04 08:00:00+00:00,20003.86705006773,143.9133596116426,0.0331363597202182,23.51955091539361,0,0.0,0.0,1.105160644506173,351110.01500003337,265755.2364995962,0,4464000.0,0.03189737060516771,5.342e-05,3600.0,1857.25,9820800.0,0.05313258702911705,1.0,1.105160644506173,1156269.0071319228,3024722.901343549,0.0,0.0,0.984007545710334,1.0,0.0,4.7369534616e-06,0.984007545710334,19956.990402105806,0.0,79739.6676349052,99696.658037011
2026-08-04 09:00:00+00:00,20002.82511364032,143.9133596116426,0.0331363597202182,22.477614487984923,0,0.0,0.0,1.105165010480672,351110.01500003337,265756.4953727653,0,4460400.0,0.03189737060516771,0.0,3600.0,1857.92,9817200.0,0.05311977482505115,1.0,1.105165010480672,1155730.575434601,3025202.341112453,0.0,0.0,0.9840170876515582,1.0,0.0,4.7369534616e-06,0.9840170876515582,19955.969372387786,0.0,79741.75903286244,99697.72840525022
2026-08-04 10:00:00+00:00,20001.778567371028,143.9133596116426,0.0331363597202182,21.43106821869214,0,0.0,0.0,1.1051693749631393,351110.01500003337,265757.75425189856,0,4456800.0,0.03354968659088388,0.0,3600.0,1866.14,9813600.0,0.053119774851547286,1.0,1.1051693749631393,1155730.575434601,3025202.341112453,0.0,0.0,0.9840229015589508,1.0,0.0,4.7369534652e-06,0.9840229015589508,20017.46613142801,0.0,79742.54147484101,99760.00760626902
2026-08-04 11:00:00+00:00,20000.728745982928,143.9133596116426,0.0331363597202182,20.38124683059119,0,0.0,0.0,1.1051737394628418,351110.01500003337,265759.0131369951,0,4453200.0,0.03354968659088388,0.0,3600.0,1871.98,9810000.0,0.053119774878064074,1.0,1.1051737394628418,1155730.575434601,3025202.341112453,0.0,0.0,0.9840287155006936,1.0,0.0,4.7369534652e-06,0.9840287155006936,20016.45269220092,0.0,79743.32392291701,99759.77661511794
2026-08-04 12:00:00+00:00,19999.67761791215,143.9133596116426,0.0331363597202182,19.33011875981507,0,0.0,0.0,1.105178103979781,351110.01500003337,265760.2720280549,0,4449600.0,0.03354968659088388,0.0,3600.0,1874.31,9806400.0,0.05311977490459907,1.0,1.105178103979781,1155730.575434601,3025202.341112453,0.0,0.0,0.9840345294767875,1.0,0.0,4.7369534652e-06,0.9840345294767875,20015.408408100044,0.0,79744.10637709073,99759.51478519078
2026-08-04 13:00:00+00:00,19998.633881291014,143.9133596116426,0.0331363597202182,18.286382138677922,0,0.0,0.0,1.1051824685139566,351110.01500003337,265761.4500293025,0,4446000.0,0.03354968659088388,0.0,3600.0,1861.13,9802800.0,0.053119774931154495,1.0,1.1051824685139566,1155730.575434601,3025202.341112453,0.0,0.0,0.9840403434872321,1.0,0.0,4.432561074000001e-06,0.9840403434872321,20014.241416123747,0.0,79744.96973313758,99759.21114926133
2026-08-04 14:00:00+00:00,19997.58392530899,143.9133596116426,0.0331363597202182,17.23642615665335,0,0.0,0.0,1.1051868330653685,351110.01500003337,265762.64942587144,0,4442400.0,0.03354968659088388,0.0,3600.0,1872.22,9799200.0,0.053119774957728794,1.0,1.1051868330653685,1155730.575434601,3025202.341112453,0.0,0.0,0.9840461575320281,1.0,0.0,4.513046803199999e-06,0.9840461575320281,20013.271748484825,0.0,79745.81170592416,99759.08345440899
2026-08-04 15:00:00+00:00,19996.533958110806,143.9133596116426,0.0331363597202182,16.186458958468478,0,0.0,0.0,1.105191197634016,351110.01500003337,265765.99078068946,0,4438800.0,0.03354968659088388,0.0,3600.0,1872.24,9795600.0,0.053119774984323076,1.0,1.105191197634016,1155730.575434601,3025202.341112453,0.0,0.0,0.9840519716111752,1.0,0.0,1.25726238072e-05,0.9840519716111752,20012.209235751343,0.0,79744.51173252269,99756.72096827404
2026-08-04 16:00:00+00:00,20015.14502306395,143.9133596116426,0.0331363597202182,34.79752391161209,0,0.0,0.0,1.1051955622199006,351110.01500003337,265767.2498190281,0,4435200.0,0.03354968659088388,7.309e-05,3600.0,1868.99,9792000.0,0.05311977501093601,1.0,1.1051955622199006,1155730.575434601,3025202.341112453,0.0,0.0,0.9840577857246742,1.0,0.0,4.737383262e-06,0.9840577857246742,20030.780399117342,0.0,79745.2940876619,99776.07448677924
2026-08-04 17:00:00+00:00,20014.09710281502,143.9133596116426,0.0331363597202182,33.74960366268232,0,0.0,0.0,1.1051999377214365,351110.01500003337,265769.0605667373,0,4431600.0,0.03354968659088388,0.0,3600.0,1868.59,9788400.0,0.05302726592020646,1.0,1.1051999377214365,1151847.8934889303,3028659.7729873443,0.0,0.0,0.9840904323043785,1.0,0.0,6.8132606328e-06,0.9840904323043785,20029.716444259742,0.0,79754.94588104234,99784.66232530208
2026-08-04 18:00:00+00:00,20013.045868190722,143.9133596116426,0.0331363597202182,32.698369038383326,0,0.0,0.0,1.1052043023418372,351110.01500003337,265770.84435948846,0,4428000.0,0.03354968659088388,0.0,3600.0,1874.5,9784800.0,0.05302726594681162,1.0,1.1052043023418372,1151847.8934889303,3028659.7729873443,0.0,0.0,0.9840962367764438,1.0,0.0,6.7117924152e-06,0.9840962367764438,20028.70188221871,0.0,79755.20009656512,99783.90197878383
2026-08-04 19:00:00+00:00,20011.994655998744,143.9133596116426,0.0331363597202182,31.64715684640494,0,0.0,0.0,1.1052086669796897,351110.01500003337,265772.5980291493,0,4424400.0,0.03354968659088388,0.0,3600.0,1874.46,9781200.0,0.05302726414442649,1.0,1.1052086669796897,1151847.81730343,3028659.842575563,0.0,0.0,0.9841020418128996,1.0,0.0,6.5984057784e-06,0.9841020418128996,20027.6376077476,0.0,79755.48463334137,99783.12224108897
2026-08-04 20:00:00+00:00,20010.942681107867,143.9133596116426,0.0331363597202182,30.59518195552602,0,0.0,0.0,1.1052130316386173,351110.01500003337,265774.00374355074,0,4420800.0,0.03354968659088388,0.0,3600.0,1875.82,9777600.0,0.05302722976336427,1.0,1.1052130316386173,1151846.3747747054,3028661.1271189754,0.0,0.0,0.9841078563230009,1.0,0.0,5.289148296000001e-06,0.9841078563230009,20026.58424504983,0.0,79756.1204516688,99782.70469671863
2026-08-04 21:00:00+00:00,20009.893213028816,143.9133596116426,0.0331363597202182,29.545713876474583,0,0.0,0.0,1.1052173963107275,351110.01500003337,265775.26619562745,0,4417200.0,0.03354968659088388,0.0,3600.0,1871.35,9774000.0,0.05302722979002805,1.0,1.1052173963107275,1151846.3747747054,3028661.1271189754,0.0,0.0,0.9841136608939725,1.0,0.0,4.7500848863999995e-06,0.9841136608939725,20025.484796705987,0.0,79756.89604259294,99782.38083929893
2026-08-04 22:00:00+00:00,20008.841860634835,143.9133596116426,0.0331363597202182,28.494361482492423,0,0.0,0.0,1.1052217610000752,351110.01500003337,265776.9151136028,0,4413600.0,0.03354968659088388,0.0,3600.0,1874.71,9770400.0,0.053027229816711596,1.0,1.1052217610000752,1151846.3747747054,3028661.1271189754,0.0,0.0,0.9841194654991813,1.0,0.0,6.204162200399999e-06,0.9841194654991813,20024.44870903348,0.0,79757.28517963953,99781.73388867301
2026-08-04 23:00:00+00:00,20007.793766535422,143.9133596116426,0.0331363597202182,27.446267383077974,0,0.0,0.0,1.105226125706659,351110.01500003337,265778.5660364916,0,4410000.0,0.03354968659088388,0.0,3600.0,1868.9,9766800.0,0.0530272298434149,1.0,1.105226125706659,1151846.3747747054,3028661.1271189754,0.0,0.0,0.9841252701386273,1.0,0.0,6.2116672572e-06,0.9841252701386273,20023.3395565914,0.0,79757.6723237937,99781.0118803851
2026-08-05 00:00:00+00:00,20016.04477390255,143.9133596116426,0.0331363597202182,35.69727475020875,0,0.0,0.0,1.1052306486033847,351110.01500003337,265780.2181129741,0,4406400.0,0.03354968659088388,3.467e-05,3600.0,1863.09,9763200.0,0.053027162971498454,1.0,1.1052306486033847,1151846.3747747054,3028661.1271189754,0.0,0.0,0.9841310941683382,1.0,0.0,6.2159690772e-06,0.9841310941683382,20031.529584519452,0.0,79758.06512247038,99789.59470698982
2026-08-05 01:00:00+00:00,20014.99462163772,143.9133596116426,0.0331363597202182,34.647122485378894,0,0.0,0.0,1.1052350133450706,351110.01500003337,265781.896651036,0,4402800.0,0.03354968659088388,0.0,3600.0,1872.57,9759600.0,0.053027162973555475,1.0,1.1052350133450706,1151846.3747747054,3028661.1271189754,0.0,0.0,0.9841368988763763,1.0,0.0,6.3154917e-06,0.9841368988763763,20030.545508580537,0.0,79758.42467553483,99788.97018411537
2026-08-05 02:00:00+00:00,20013.943835659833,143.9133596116426,0.0331363597202182,33.59633650749198,0,0.0,0.0,1.1052393781039933,351110.01500003337,265783.51918585127,0,4399200.0,0.03354968659088388,0.0,3600.0,1873.7,9756000.0,0.05302716297561405,1.0,1.1052393781039933,1151846.3747747054,3028661.1271189754,0.0,0.0,0.9841427036186524,1.0,0.0,6.1047418319999995e-06,0.9841427036186524,20029.491383731296,0.0,79758.84024386719,99788.33162759848
2026-08-05 03:00:00+00:00,20012.89688560877,143.9133596116426,0.0331363597202182,32.54938645642833,0,0.0,0.0,1.1052437428801531,351110.01500003337,265785.1386864081,0,4395600.0,0.03354968659088388,0.0,3600.0,1866.86,9752400.0,0.05302716297767396,1.0,1.1052437428801531,1151846.3747747054,3028661.1271189754,0.0,0.0,0.9841485083951667,1.0,0.0,6.0932883564e-06,0.9841485083951667,20028.375000284886,0.0,79759.25885847933,99787.63385876421
2026-08-05 04:00:00+00:00,20011.850154272834,143.9133596116426,0.0331363597202182,31.502655120490566,0,0.0,0.0,1.1052481076735505,351110.01500003337,265786.75677732733,0,4392000.0,0.03354968659088388,0.0,3600.0,1866.47,9748800.0,0.053027162979735865,1.0,1.1052481076735505,1151846.3747747054,3028661.1271189754,0.0,0.0,0.9841543132059192,1.0,0.0,6.0879475871999994e-06,0.9841543132059192,20027.312361523087,0.0,79759.67889475048,99786.99125627357
2026-08-05 05:00:00+00:00,20010.800035656484,143.9133596116426,0.0331363597202182,30.452536504141616,0,0.0,0.0,1.1052524724841852,351110.01500003337,265788.3746534749,0,4388400.0,0.03354968659088388,0.0,3600.0,1872.51,9745200.0,0.05302716298179866,1.0,1.1052524724841852,1151846.3747747054,3028661.1271189754,0.0,0.0,0.9841601180509104,1.0,0.0,6.087102469200001e-06,0.9841601180509104,20026.299564509394,0.0,79760.09915781487,99786.39872232426
2026-08-05 06:00:00+00:00,20009.751975205552,143.9133596116426,0.0331363597202182,29.40447605320807,0,0.0,0.0,1.1052567881790256,351110.01500003337,265789.98299010197,0,4384800.0,0.03354968659088388,0.0,3600.0,1868.84,9741600.0,0.05347460303361373,1.0,1.1052567881790256,1170703.1930236747,3011873.547204257,0.0,0.0,0.9840367812170214,1.0,0.0,6.0511742208e-06,0.9840367812170214,20025.208435938446,0.0,79715.18602359097,99740.39445952942
2026-08-05 07:00:00+00:00,20008.702226722493,143.9133596116426,0.0331363597202182,28.354727570149088,0,0.0,0.0,1.105261153023941,351110.01500003337,265791.6001379758,0,4381200.0,0.030969103960742202,0.0,3600.0,1871.85,9738000.0,0.05347460303569851,1.0,1.105261153023941,1170703.1930236747,3011873.547204257,0.0,0.0,0.9840426330901293,1.0,0.0,6.0842885652e-06,0.9840426330901293,19927.59327408764,0.0,79715.62352697179,99643.21680105943
2026-08-05 08:00:00+00:00,20009.302881158328,143.9133596116426,0.0331363597202182,28.955382005985342,0,0.0,0.0,1.1052655178860937,351110.01500003337,265793.21195440146,0,4377600.0,0.030969103960742202,6.13e-06,3600.0,1868.98,9734400.0,0.05347460303778373,1.0,1.1052655178860937,1170703.1930236747,3011873.547204257,0.0,0.0,0.9840484849980373,1.0,0.0,6.0641929152e-06,0.9840484849980373,19928.384832665703,0.0,79716.06637401955,99644.45120668525
2026-08-05 09:00:00+00:00,20008.25362057824,143.9133596116426,0.0331363597202182,27.906121425899492,0,0.0,0.0,1.1052699157942236,351110.01500003337,265794.7792841433,0,4374000.0,0.030969103960742202,0.0,3600.0,1870.98,9730800.0,0.05317380265787586,1.0,1.1052699157942236,1158005.569062586,3023180.071592151,0.0,0.0,0.9841410523896637,1.0,0.0,5.896783854e-06,0.9841410523896637,19927.315597144156,0.0,79747.0003825401,99674.31597968427
2026-08-05 10:00:00+00:00,20007.20637890701,143.9133596116426,0.0331363597202182,26.858879754667992,0,0.0,0.0,1.1052742831853175,351110.01500003337,265796.0513906794,0,4370400.0,0.030969103960742202,0.0,3600.0,1867.38,9727200.0,0.05301861303430022,1.0,1.1052742831853175,1151486.5577377721,3028985.2943183496,0.0,0.0,0.9841916076168581,1.0,0.0,4.786036412400001e-06,0.9841916076168581,19926.49057785382,0.0,79763.47872258263,99689.96930043645
2026-08-05 11:00:00+00:00,20006.15882879137,143.9133596116426,0.0331363597202182,25.811329639028187,0,0.0,0.0,1.1052786858131098,351110.01500003337,265797.4745975866,0,4366800.0,0.030969103960742202,0.0,3600.0,1867.93,9723600.0,0.05280773671410044,1.0,1.1052786858131098,1142673.0026191073,3036834.208634763,0.0,0.0,0.9842581904639548,1.0,0.0,5.3544930012e-06,0.9842581904639548,19925.485761551572,0.0,79785.43342011824,99710.9191816698
2026-08-05 12:00:00+00:00,20005.1071903853,143.9133596116426,0.0331363597202182,24.759691232958325,0,0.0,0.0,1.1052830507445028,351110.01500003337,265798.96378524863,0,4363200.0,0.030969103960742202,0.0,3600.0,1875.22,9720000.0,0.052807736716165454,1.0,1.1052830507445028,1142673.0026191073,3036834.208634763,0.0,0.0,0.9842639725062362,1.0,0.0,5.6026999224e-06,0.9842639725062362,19924.186045709102,0.0,79785.97436540842,99710.16041111751
2026-08-05 13:00:00+00:00,20004.054077054152,143.9133596116426,0.0331363597202182,23.70657790180876,0,0.0,0.0,1.1052874156931336,351110.01500003337,265800.4855485292,0,4359600.0,0.030969103960742202,0.0,3600.0,1877.85,9716400.0,0.05280773671823202,1.0,1.1052874156931336,1142673.0026191073,3036834.208634763,0.0,0.0,0.9842697545824843,1.0,0.0,5.7252251952e-06,0.9842697545824843,19923.08630056344,0.0,79786.48274700606,99709.5690475695
2026-08-05 14:00:00+00:00,20003.002528377365,143.9133596116426,0.0331363597202182,22.655029225021316,0,0.0,0.0,1.1052917967392608,351110.01500003337,265801.72319080745,0,4356000.0,0.030969103960742202,0.0,3600.0,1875.06,9712800.0,0.052661374956012086,1.0,1.1052917967392608,1136579.8107095466,3042260.837472771,0.0,0.0,0.9843176842671539,1.0,0.0,4.6562721444e-06,0.9843176842671539,19922.221810010593,0.0,79802.07369703107,99724.29550704166
2026-08-05 15:00:00+00:00,20001.95218543781,143.9133596116426,0.0331363597202182,21.60468628546633,0,0.0,0.0,1.105296161722431,351110.01500003337,265802.9943444335,0,4352400.0,0.030969103960742202,0.0,3600.0,1872.91,9709200.0,0.052661374958075546,1.0,1.105296161722431,1136579.8107095466,3042260.837472771,0.0,0.0,0.9843234510367239,1.0,0.0,4.7823263568e-06,0.9843234510367239,19921.330777038274,0.0,79802.82731395529,99724.15809099356
2026-08-05 16:00:00+00:00,20009.217390079757,143.9133596116426,0.0331363597202182,28.869890927412968,0,0.0,0.0,1.1053005267228388,351110.01500003337,265804.64431355085,0,4348800.0,0.030969103960742202,3.054e-05,3600.0,1894.79,9705600.0,0.052661374960141005,1.0,1.1053005267228388,1136579.8107095466,3042260.837472771,0.0,0.0,0.9843292178400792,1.0,0.0,6.20746956e-06,0.9843292178400792,19927.72159715005,0.0,79803.2021272505,99730.92372440055
2026-08-05 17:00:00+00:00,20008.14292117939,143.9133596116426,0.0331363597202182,27.795422027048517,0,0.0,0.0,1.1053048917404853,351110.01500003337,265806.2579575544,0,4345200.0,0.030969103960742202,0.0,3600.0,1915.93,9702000.0,0.05266137496220824,1.0,1.1053048917404853,1136579.8107095466,3042260.837472771,0.0,0.0,0.98433498467722,1.0,0.0,6.0707709216e-06,0.98433498467722,19925.80610317488,0.0,79803.61327752192,99729.4193806968
2026-08-05 18:00:00+00:00,20007.067723228607,143.9133596116426,0.0331363597202182,26.720224076264437,0,0.0,0.0,1.10530925677537,351110.01500003337,265807.87201815686,0,4341600.0,0.030969103960742202,0.0,3600.0,1917.23,9698400.0,0.052661374964276364,1.0,1.10530925677537,1136579.8107095466,3042260.837472771,0.0,0.0,0.984340751548147,1.0,0.0,6.072301360800001e-06,0.984340751548147,19924.743300283757,0.0,79804.02402305714,99728.7673233409
2026-08-05 19:00:00+00:00,20005.99316459896,143.9133596116426,0.0331363597202182,25.645665446617567,0,0.0,0.0,1.1053136325779582,351110.01500003337,265809.47921676474,0,4338000.0,0.030969103960742202,0.0,3600.0,1916.09,9694800.0,0.05256353800902347,1.0,1.1053136325779582,1132518.6941273215,3045877.8071846548,0.0,0.0,0.9843746452897483,1.0,0.0,6.0464490263999995e-06,0.9843746452897483,19923.78591418646,0.0,79814.31725657132,99738.10317075778
2026-08-05 20:00:00+00:00,20004.918549888513,143.9133596116426,0.0331363597202182,24.57105073616919,0,0.0,0.0,1.105317997647362,351110.01500003337,265810.7230372208,0,4334400.0,0.030969103960742202,0.0,3600.0,1916.19,9691200.0,0.05256353801109115,1.0,1.105317997647362,1132518.6941273215,3045877.8071846548,0.0,0.0,0.9843804019483983,1.0,0.0,4.6793573712e-06,0.9843804019483983,19922.77523445628,0.0,79815.09465662017,99737.86989107645
2026-08-05 21:00:00+00:00,20003.848668397713,143.9133596116426,0.0331363597202182,23.50116924536823,0,0.0,0.0,1.1053223627340036,351110.01500003337,265812.1111682661,0,4330800.0,0.030969103960742202,0.0,3600.0,1907.75,9687600.0,0.05256353801316038,1.0,1.1053223627340036,1132518.6941273215,3045877.8071846548,0.0,0.0,0.9843861586407133,1.0,0.0,5.2222401144000005e-06,0.9843861586407133,19922.135084090398,0.0,79815.72775789996,99737.86284199037
2026-08-05 22:00:00+00:00,20002.77976832094,143.9133596116426,0.0331363597202182,22.43226916859369,0,0.0,0.0,1.1053267211276154,351110.01500003337,265813.39662785287,0,4327200.0,0.030969103960742202,0.0,3600.0,1906.0,9684000.0,0.05262460448590511,1.0,1.1053267211276154,1132518.6941273215,3036827.290034702,0.0,0.0,0.9843743784093775,1.0,0.0,4.835959027199999e-06,0.9843743784093775,19921.209003314063,0.0,79810.30614111217,99731.51514442623
2026-08-05 23:00:00+00:00,20001.709774668536,143.9133596116426,0.0331363597202182,21.36227551618971,0,0.0,0.0,1.1053310862487078,351110.01500003337,265814.6821014503,0,4323600.0,0.030969103960742202,0.0,3600.0,1907.95,9680400.0,0.052624604487979454,1.0,1.1053310862487078,1132518.6941273215,3036827.290034702,0.0,0.0,0.9843801415857611,1.0,0.0,4.8359883492e-06,0.9843801415857611,19920.12348779839,0.0,79811.04417646129,99731.16766425969
2026-08-06 00:00:00+00:00,20001.721633167643,143.9133596116426,0.0331363597202182,21.374134015296956,0,0.0,0.0,1.1053354678829987,351110.01500003337,265815.9675890566,0,4320000.0,0.030969103960742202,3.94e-06,3600.0,1909.39,9676800.0,0.052474491351310215,1.0,1.1053354678829987,1126311.1013462779,3042356.16352737,0.0,0.0,0.984428984846526,1.0,0.0,4.836017664e-06,0.984428984846526,19920.141753360913,0.0,79826.90804687474,99747.04980023566
2026-08-06 01:00:00+00:00,20000.65277234743,143.9133596116426,0.0331363597202182,20.305273195083473,0,0.0,0.0,1.1053398330386335,351110.01500003337,265817.2530906739,0,4316400.0,0.030969103960742202,0.0,3600.0,1905.93,9673200.0,0.05247449135338211,1.0,1.1053398330386335,1126311.1013462779,3042356.16352737,0.0,0.0,0.9844347323153643,1.0,0.0,4.836046986000001e-06,0.9844347323153643,19919.288583241774,0.0,79827.64053912752,99746.9291223693
2026-08-06 02:00:00+00:00,19999.58826339741,143.9133596116426,0.0331363597202182,19.24076424506714,0,0.0,0.0,1.1053441982115069,351110.01500003337,265818.5682192025,0,4312800.0,0.030969103960742202,0.0,3600.0,1898.17,9669600.0,0.052474491355455344,1.0,1.1053441982115069,1126311.1013462779,3042356.16352737,0.0,0.0,0.9844404798177586,1.0,0.0,4.947478992e-06,0.9844404798177586,19918.62293259264,0.0,79828.34341625078,99746.96634884342
2026-08-06 03:00:00+00:00,19998.523883433238,143.9133596116426,0.0331363597202182,18.17638428089428,0,0.0,0.0,1.1053485634016194,351110.01500003337,265819.8833911675,0,4309200.0,0.030969103960742202,0.0,3600.0,1897.94,9666000.0,0.05247449135752991,1.0,1.1053485634016194,1126311.1013462779,3042356.16352737,0.0,0.0,0.984446227353709,1.0,0.0,4.947617919599999e-06,0.984446227353709,19917.63593870341,0.0,79829.04626171954,99746.68220042295
2026-08-06 04:00:00+00:00,19997.45451227773,143.9133596116426,0.0331363597202182,17.107013125387056,0,0.0,0.0,1.105352928693672,351110.01500003337,265821.1585704896,0,4305600.0,0.030969103960742202,0.0,3600.0,1906.84,9662400.0,0.05247372064284783,1.0,1.105352928693672,1126279.3229295707,3042384.5910032843,0.0,0.0,0.9844521958032043,1.0,0.0,4.7971440179999996e-06,0.9844521958032043,19916.25515257788,0.0,79829.86666478921,99746.1218173671
2026-08-06 05:00:00+00:00,19996.381411748924,143.9133596116426,0.0331363597202182,16.03391259657944,0,0.0,0.0,1.1053572939182623,351110.01500003337,265822.4337470464,0,4302000.0,0.030969103960742202,0.0,3600.0,1913.49,9658800.0,0.05247372064492528,1.0,1.1053572939182623,1126279.3229295707,3042384.5910032843,0.0,0.0,0.9844579433252616,1.0,0.0,4.7971106028e-06,0.9844579433252616,19914.967002944453,0.0,79830.60950078821,99745.57650373266
2026-08-06 06:00:00+00:00,19995.308698177647,143.9133596116426,0.0331363597202182,14.96119902530224,0,0.0,0.0,1.1053616591600919,351110.01500003337,265823.7089208369,0,4298400.0,0.030969103960742202,0.0,3600.0,1912.8,9655200.0,0.05247372064700495,1.0,1.1053616591600919,1126279.3229295707,3042384.5910032843,0.0,0.0,0.9844636908808745,1.0,0.0,4.797077184e-06,0.9844636908808745,19913.991751862937,0.0,79831.35235133511,99745.34410319805
2026-08-06 07:00:00+00:00,19994.238384864675,143.9133596116426,0.0331363597202182,13.890885712329656,0,0.0,0.0,1.1053660244191603,351110.01500003337,265824.98409186094,0,4294800.0,0.030969103960742202,0.0,3600.0,1908.52,9651600.0,0.05247372064908529,1.0,1.1053660244191603,1126279.3229295707,3042384.5910032843,0.0,0.0,0.9844694384700434,1.0,0.0,4.797043765200001e-06,0.9844694384700434,19913.17134215076,0.0,79832.09521643043,99745.26655858119
2026-08-06 08:00:00+00:00,19995.884929352862,143.9133596116426,0.0331363597202182,15.53743020051836,0,0.0,0.0,1.105370389695468,351110.01500003337,265826.2592601194,0,4291200.0,0.030969103960742202,9.87e-06,3600.0,1915.44,9648000.0,0.05247372065116784,1.0,1.105370389695468,1126279.3229295707,3042384.5910032843,0.0,0.0,0.9844751860927684,1.0,0.0,4.79701035e-06,0.9844751860927684,19914.592148651263,0.0,79832.83809607313,99747.4302447244
2026-08-06 09:00:00+00:00,19994.815647926636,143.9133596116426,0.0331363597202182,14.468148774293553,0,0.0,0.0,1.10537478113553,351110.01500003337,265827.82897997444,0,4287600.0,0.030969103960742202,0.0,3600.0,1906.68,9644400.0,0.05223584000784931,1.0,1.10537478113553,1116488.7247950567,3051105.357018972,0.0,0.0,0.9845489931089656,1.0,0.0,5.9050419804e-06,0.9845489931089656,19913.96253526203,0.0,79857.18275878223,99771.14529404427
2026-08-06 10:00:00+00:00,19993.749114459686,143.9133596116426,0.0331363597202182,13.40161530734272,0,0.0,0.0,1.1053791493974068,351110.01500003337,265829.18990159815,0,4284000.0,0.030969103960742202,0.0,3600.0,1901.78,9640800.0,0.05220899544942137,1.0,1.1053791493974068,1115387.3964283941,3052086.3730569743,0.0,0.0,0.9845623946506334,1.0,0.0,5.1195472848e-06,0.9845623946506334,19913.171499469023,0.0,79860.52725265455,99773.69875212357
2026-08-06 11:00:00+00:00,19992.679715263777,143.9133596116426,0.0331363597202182,12.332216111434743,0,0.0,0.0,1.105383514725547,351110.01500003337,265830.8969434313,0,4280400.0,0.030969103960742202,0.0,3600.0,1906.89,9637200.0,0.052208995451497486,1.0,1.105383514725547,1115387.3964283941,3052086.3730569743,0.0,0.0,0.984568114542518,1.0,0.0,6.4215534528e-06,0.984568114542518,19911.953485953833,0.0,79860.8285221468,99772.78200810062
2026-08-06 12:00:00+00:00,19991.615195097602,143.9133596116426,0.0331363597202182,11.267695945258108,0,0.0,0.0,1.105387880070927,351110.01500003337,265832.8248706872,0,4276800.0,0.030969103960742202,0.0,3600.0,1898.19,9633600.0,0.05220899545357516,1.0,1.105387880070927,1115387.3964283941,3052086.3730569743,0.0,0.0,0.9845738344676328,1.0,0.0,7.252431102e-06,0.9845738344676328,19911.32485581132,0.0,79860.9089178837,99772.23377369501
2026-08-06 13:00:00+00:00,19990.54603144106,143.9133596116426,0.0331363597202182,10.198532288716471,0,0.0,0.0,1.1053922753503072,351110.01500003337,265834.2184494588,0,4273200.0,0.030969103960742202,0.0,3600.0,1906.47,9630000.0,0.05193689036325222,1.0,1.1053922753503072,1104264.6316864146,3061994.652594699,0.0,0.0,0.9846573184030967,1.0,0.0,5.2422988752e-06,0.9846573184030967,19909.973340934645,0.0,79888.82738494512,99798.80072587976
2026-08-06 14:00:00+00:00,19989.472611251684,143.9133596116426,0.0331363597202182,9.12511209934025,0,0.0,0.0,1.1053965249790598,351110.01500003337,265835.6131487279,0,4269600.0,0.030969103960742202,0.0,3600.0,1914.06,9626400.0,0.05193695678540511,1.0,1.1053965249790598,1104264.6316864146,3061994.652594699,0.0,0.0,0.984662990796306,1.0,0.0,5.2464863952e-06,0.984662990796306,19908.647295878254,0.0,79889.42431974079,99798.07161561905
2026-08-06 15:00:00+00:00,19988.40153523981,143.9133596116426,0.0331363597202182,8.054036087467132,0,0.0,0.0,1.1054009018621043,351110.01500003337,265836.9906282471,0,4266000.0,0.030969103960742202,0.0,3600.0,1909.88,9622800.0,0.05183790634779806,1.0,1.1054009018621043,1100234.1295619654,3065585.2701210137,0.0,0.0,0.9846969751658606,1.0,0.0,5.181683274e-06,0.9846969751658606,19907.820730069197,0.0,79899.97909272573,99807.79982279493
2026-08-06 16:00:00+00:00,19990.04746080387,143.9133596116426,0.0331363597202182,9.69996165152796,0,0.0,0.0,1.1054052672761456,351110.01500003337,265838.33735799877,0,4262400.0,0.030969103960742202,9.87e-06,3600.0,1914.72,9619200.0,0.05183790637469454,1.0,1.1054052672761456,1100234.1295619654,3065585.2701210137,0.0,0.0,0.9847026561815464,1.0,0.0,5.065985502e-06,0.9847026561815464,19909.33062151801,0.0,79900.62702447671,99809.95764599471
2026-08-06 17:00:00+00:00,19988.97457899019,143.9133596116426,0.0331363597202182,8.627079837846232,0,0.0,0.0,1.1054096327074274,351110.01500003337,265839.97457085364,0,4258800.0,0.030969103960742202,0.0,3600.0,1913.1,9615600.0,0.05183790640161123,1.0,1.1054096327074274,1100234.1295619654,3065585.2701210137,0.0,0.0,0.9847083372300077,1.0,0.0,6.1586595432e-06,0.9847083372300077,19908.39414766879,0.0,79900.98448463227,99809.37863230106
2026-08-06 18:00:00+00:00,19987.906121951746,143.9133596116426,0.0331363597202182,7.558622799403617,0,0.0,0.0,1.1054139093802418,351110.01500003337,265841.2562308226,0,4255200.0,0.030969103960742202,0.0,3600.0,1905.21,9612000.0,0.05260368537427906,1.0,1.1054139093802418,1131649.8123435334,3037607.888936492,0.0,0.0,0.9844956117562039,1.0,0.0,4.8211593516e-06,0.9844956117562039,19907.7258545551,0.0,79825.01278036518,99732.73863492029
2026-08-06 19:00:00+00:00,19986.835668436768,143.9133596116426,0.0331363597202182,6.488169284427258,0,0.0,0.0,1.1054182748458667,351110.01500003337,265842.6026601076,0,4251600.0,0.030969103960742202,0.0,3600.0,1908.77,9608400.0,0.05260368355064693,1.0,1.1054182748458667,1131649.7361889349,3037607.9584806086,0.0,0.0,0.9845013739291381,1.0,0.0,5.0647739724e-06,0.9845013739291381,19906.573540524172,0.0,79825.68950770551,99732.26304822968
2026-08-06 20:00:00+00:00,19985.766678630713,143.9133596116426,0.0331363597202182,5.419179478370301,0,0.0,0.0,1.1054226403285168,351110.01500003337,265844.0606132531,0,4248000.0,0.030969103960742202,0.0,3600.0,1906.16,9604800.0,0.0526036835780328,1.0,1.1054226403285168,1131649.7361889349,3037607.9584806086,0.0,0.0,0.9845071356081223,1.0,0.0,5.484256974e-06,0.9845071356081223,19905.682167191182,0.0,79826.25453775463,99731.93670494581
2026-08-06 21:00:00+00:00,19984.69819915995,143.9133596116426,0.0331363597202182,4.350700007607083,0,0.0,0.0,1.1054270058284075,351110.01500003337,265845.482021164,0,4244400.0,0.030969103960742202,0.0,3600.0,1905.25,9601200.0,0.052603683605438656,1.0,1.1054270058284075,1131649.7361889349,3037607.9584806086,0.0,0.0,0.9845128973208261,1.0,0.0,5.346758952e-06,0.9845128973208261,19904.71975586301,0.0,79826.85612487758,99731.5758807406
2026-08-06 22:00:00+00:00,19983.630319753764,143.9133596116426,0.0331363597202182,3.282820601420018,0,0.0,0.0,1.1054313712994055,351110.01500003337,265846.9633190502,0,4240800.0,0.030969103960742202,0.0,3600.0,1904.18,9597600.0,0.05260408171152697,1.0,1.1054313712994055,1131649.7361889349,3037549.0422661654,0.0,0.0,0.9845185457531647,1.0,0.0,5.5720102823999995e-06,0.9845185457531647,19903.764590570278,0.0,79827.35804815445,99731.12263872473
2026-08-06 23:00:00+00:00,19982.563034804072,143.9133596116426,0.0331363597202182,2.2155356517289557,0,0.0,0.0,1.105435736833776,351110.01500003337,265848.44347794715,0,4237200.0,0.030969103960742202,0.0,3600.0,1903.12,9594000.0,0.05260408173897413,1.0,1.105435736833776,1131649.7361889349,3037549.0422661654,0.0,0.0,0.9845243075751487,1.0,0.0,5.5676948796e-06,0.9845243075751487,19902.809524472843,0.0,79827.90092266077,99730.71044713362
2026-08-07 00:00:00+00:00,19979.956683918168,143.9133596116426,0.0331363597202182,-0.390815234176467,0,0.0,0.0,1.1054401023853868,351110.01500003337,265849.9239720082,0,4233600.0,0.030969103960742202,-5.62e-06,3600.0,1903.0,9590400.0,0.0526040817664426,1.0,1.1054401023853868,1131649.7361889349,3037549.0422661654,0.0,0.0,0.9845300694308532,1.0,0.0,5.568924607200001e-06,0.9845300694308532,19900.275958112143,0.0,79828.44347384252,99728.71943195467
2026-08-07 01:00:00+00:00,19978.889774709845,143.9133596116426,0.0331363597202182,-1.4577244424974145,0,0.0,0.0,1.105444467954238,351110.01500003337,265851.4048346223,0,4230000.0,0.030969103960742202,0.0,3600.0,1902.45,9586800.0,0.0526040817939315,1.0,1.105444467954238,1131649.7361889349,3037549.0422661654,0.0,0.0,0.9845358313202786,1.0,0.0,5.5702799064e-06,0.9845358313202786,19899.29981415197,0.0,79828.98566831101,99728.28548246299
2026-08-07 02:00:00+00:00,19977.823258067136,143.9133596116426,0.0331363597202182,-2.524241085207794,0,0.0,0.0,1.1054488335403294,351110.01500003337,265852.7111509104,0,4226400.0,0.030969103960742202,0.0,3600.0,1901.75,9583200.0,0.05260408182144083,1.0,1.1054488335403294,1131649.7361889349,3037549.0422661654,0.0,0.0,0.984541593243425,1.0,0.0,4.9136963544e-06,0.984541593243425,19898.330293577623,0.0,79829.70242094528,99728.03271452291
2026-08-07 03:00:00+00:00,19976.759668842264,143.9133596116426,0.0331363597202182,-3.5878303100793683,0,0.0,0.0,1.1054531988752596,351110.01500003337,265854.2402251019,0,4222800.0,0.030969103960742202,0.0,3600.0,1896.53,9579600.0,0.052606397843447006,1.0,1.1054531988752596,1129752.1631924422,3032113.4553655526,0.0,0.0,0.9845466971649428,1.0,0.0,5.7515674284e-06,0.9845466971649428,19897.552425200454,0.0,79829.96538471448,99727.51780991493
2026-08-07 04:00:00+00:00,19975.696107657794,143.9133596116426,0.0331363597202182,-4.651391494550188,0,0.0,0.0,1.1054575644958309,351110.01500003337,265855.74214713153,0,4219200.0,0.030969103960742202,0.0,3600.0,1896.48,9576000.0,0.05260639787099919,1.0,1.1054575644958309,1129752.1631924422,3032113.4553655526,0.0,0.0,0.9845524593989705,1.0,0.0,5.6494031688e-06,0.9845524593989705,19896.558475807535,0.0,79830.48664076073,99727.04511656828
2026-08-07 05:00:00+00:00,19974.630129390778,143.9133596116426,0.0331363597202182,-5.717369761566074,0,0.0,0.0,1.1054619301336426,351110.01500003337,265857.13294091146,0,4215600.0,0.030969103960742202,0.0,3600.0,1900.79,9572400.0,0.052606397898572466,1.0,1.1054619301336426,1129752.1631924422,3032113.4553655526,0.0,0.0,0.9845582216667226,1.0,0.0,5.2313714604e-06,0.9845582216667226,19895.380323906214,0.0,79831.11903689767,99726.49936080388
2026-08-07 06:00:00+00:00,19973.562457483556,143.9133596116426,0.0331363597202182,-6.785041668787553,0,0.0,0.0,1.1054662607176358,351110.01500003337,265858.638403308,0,4212000.0,0.030969103960742202,0.0,3600.0,1903.81,9568800.0,0.05260639792662536,1.0,1.1054662607176358,1129752.1631924422,3032113.4553655526,0.0,0.0,0.9845639839680692,1.0,0.0,5.6626584264e-06,0.9845639839680692,19894.254523431067,0.0,79831.63677621342,99725.89129964449
2026-08-07 07:00:00+00:00,19972.495991313568,143.9133596116426,0.0331363597202182,-7.851507838776574,0,0.0,0.0,1.1054706263897904,351110.01500003337,265859.9626175399,0,4208400.0,0.03323967593903113,0.0,3600.0,1901.66,9565200.0,0.052606397954239936,1.0,1.1054706263897904,1129752.1631924422,3032113.4553655526,0.0,0.0,0.984569746303271,1.0,0.0,4.980883608e-06,0.984569746303271,19976.26921795075,0.0,79832.3357755806,99808.60499353136
2026-08-07 08:00:00+00:00,19985.44826768968,143.9133596116426,0.0331363597202182,5.100768537336539,0,0.0,0.0,1.105475033497878,351110.01500003337,265861.2869480887,0,4204800.0,0.03323967593903113,5.102e-05,3600.0,1909.9,9561600.0,0.052255125340046726,1.0,1.105475033497878,1115296.0551750096,3044990.221802018,0.0,0.0,0.9846751514360982,1.0,0.0,4.9812963084e-06,0.9846751514360982,19989.234602205866,0.0,79868.02024279989,99857.25484500575
2026-08-07 09:00:00+00:00,19984.37577283353,143.9133596116426,0.0331363597202182,4.028273681185228,0,0.0,0.0,1.1054793798398952,351110.01500003337,265862.5845499119,0,4201200.0,0.03323967593903113,0.0,3600.0,1912.41,9558000.0,0.052419343178824906,1.0,1.1054793798398952,1122039.2382869262,3038984.5484917746,0.0,0.0,0.9846343063956685,1.0,0.0,4.8807356328e-06,0.9846343063956685,19988.163837384167,0.0,79852.3815382187,99840.54537560287
2026-08-07 10:00:00+00:00,19983.30343500362,143.9133596116426,0.0331363597202182,2.9559358512781433,0,0.0,0.0,1.1054837940422488,351110.01500003337,265863.8497888866,0,4197600.0,0.03323967593903113,0.0,3600.0,1912.13,9554400.0,0.05200828516121048,1.0,1.1054837940422488,1105211.7475552429,3053976.631012203,0.0,0.0,0.9847565956481995,1.0,0.0,4.7589846696e-06,0.9847565956481995,19987.087699425905,0.0,79894.05328053451,99881.14097996042
2026-08-07 11:00:00+00:00,19982.22920164262,143.9133596116426,0.0331363597202182,1.8817024902800314,0,0.0,0.0,1.1054881797976042,351110.01500003337,265865.1149570627,0,4194000.0,0.03323967593903113,0.0,3600.0,1915.51,9550800.0,0.0518386303001972,1.0,1.1054881797976042,1098315.2415122697,3060120.5763074607,0.0,0.0,0.9848103965806594,1.0,0.0,4.758695726399999e-06,0.9848103965806594,19986.01690411947,0.0,79911.67815856141,99897.69506268088
2026-08-07 12:00:00+00:00,19981.146135555387,143.9133596116426,0.0331363597202182,0.7986364030441446,0,0.0,0.0,1.1054925455563207,351110.01500003337,265866.3800544448,0,4190400.0,0.03323967593903113,0.0,3600.0,1931.26,9547200.0,0.05183863032750202,1.0,1.1054925455563207,1098315.2415122697,3060120.5763074607,0.0,0.0,0.9848160783280265,1.0,0.0,4.7584068047999995e-06,0.9848160783280265,19984.961703880595,0.0,79912.40797958267,99897.36968346327
2026-08-07 13:00:00+00:00,19980.067982146364,143.9133596116426,0.0331363597202182,-0.279517005979494,0,0.0,0.0,1.105496911332279,351110.01500003337,265867.6450810395,0,4186800.0,0.03323967593903113,0.0,3600.0,1922.5,9543600.0,0.05183863035482705,1.0,1.105496911332279,1098315.2415122697,3060120.5763074607,0.0,0.0,0.984821760108174,1.0,0.0,4.758117912e-06,0.984821760108174,19983.862980328544,0.0,79913.13788290072,99897.00086322926
2026-08-07 14:00:00+00:00,19978.995302223568,143.9133596116426,0.0331363597202182,-1.3521969287757878,0,0.0,0.0,1.1055012771254777,351110.01500003337,265868.91003685247,0,4183200.0,0.03323967593903113,0.0,3600.0,1912.74,9540000.0,0.05183863038217251,1.0,1.1055012771254777,1098315.2415122697,3060120.5763074607,0.0,0.0,0.9848274419211018,1.0,0.0,4.7578290444e-06,0.9848274419211018,19982.76778770596,0.0,79913.86786851007,99896.63565621604
2026-08-07 15:00:00+00:00,19977.920238866707,143.9133596116426,0.0331363597202182,-2.427260285636243,0,0.0,0.0,1.1055056429359185,351110.01500003337,265870.21154437814,0,4179600.0,0.03323967593903113,0.0,3600.0,1916.99,9536400.0,0.051838630409538844,1.0,1.1055056429359185,1098315.2415122697,3060120.5763074607,0.0,0.0,0.9848331237668102,1.0,0.0,4.8952859508e-06,0.9848331237668102,19981.697852839476,0.0,79914.56131391629,99896.25916675577
2026-08-07 16:00:00+00:00,19986.806592080153,143.9133596116426,0.0331363597202182,6.459092927809944,0,0.0,0.0,1.1055100087635998,351110.01500003337,265871.6141864191,0,4176000.0,0.03323967593903113,3.625e-05,3600.0,1908.56,9532800.0,0.0518386304369256,1.0,1.1055100087635998,1098315.2415122697,3060120.5763074607,0.0,0.0,0.9848388056452994,1.0,0.0,5.2756506e-06,0.9848388056452994,19990.56435447326,0.0,79915.15363631689,99905.71799079014
2026-08-07 17:00:00+00:00,19985.734658032015,143.9133596116426,0.0331363597202182,5.387158879673729,0,0.0,0.0,1.105514374608523,351110.01500003337,265873.0193159655,0,4172400.0,0.03323967593903113,0.0,3600.0,1911.41,9529200.0,0.0518386304643339,1.0,1.105514374608523,1098315.2415122697,3060120.5763074607,0.0,0.0,0.9848444875565692,1.0,0.0,5.2849787580000005e-06,0.9848444875565692,19989.494787500327,0.0,79915.74348272168,99905.238270222
2026-08-07 18:00:00+00:00,19984.664114787756,143.9133596116426,0.0331363597202182,4.316615635414954,0,0.0,0.0,1.1055187404706874,351110.01500003337,265874.4403072056,0,4168800.0,0.03323967593903113,0.0,3600.0,1908.93,9525600.0,0.05183863049176218,1.0,1.1055187404706874,1098315.2415122697,3060120.5763074607,0.0,0.0,0.9848501695006203,1.0,0.0,5.344609417200001e-06,0.9848501695006203,19988.416125516895,0.0,79916.31747894263,99904.73360445953
2026-08-07 19:00:00+00:00,19983.588569136,143.9133596116426,0.0331363597202182,3.2410699836615158,0,0.0,0.0,1.1055231063503164,351110.01500003337,265875.9341649426,0,4165200.0,0.03323967593903113,0.0,3600.0,1917.85,9522000.0,0.05183862863110478,1.0,1.1055231063503164,1098315.165384994,3060120.645829507,0.0,0.0,0.9848558520112443,1.0,0.0,5.6186429148e-06,0.9848558520112443,19987.35485694782,0.0,79916.81880759605,99904.17366454387
2026-08-07 20:00:00+00:00,19982.515199419347,143.9133596116426,0.0331363597202182,2.167700267006653,0,0.0,0.0,1.1055274569690887,351110.01500003337,265877.5176995233,0,4161600.0,0.03323967593903113,0.0,3600.0,1913.97,9518400.0,0.05184477245530861,1.0,1.1055274569690887,1098315.165384994,3059214.3987305816,0.0,0.0,0.9848597977453419,1.0,0.0,5.9558977007999995e-06,0.9848597977453419,19986.270619026003,0.0,79916.62065977353,99902.89127879954
2026-08-07 21:00:00+00:00,19981.440887545228,143.9133596116426,0.0331363597202182,1.0933883928864276,0,0.0,0.0,1.1055318374439036,351110.01500003337,265879.10159143794,0,4158000.0,0.03323967593903113,0.0,3600.0,1915.65,9514800.0,0.05184470543072295,1.0,1.1055318374439036,1098315.165384994,3059214.3987305816,0.0,0.0,0.9848654993764165,1.0,0.0,5.9572062e-06,0.9848654993764165,19985.196352012234,0.0,79917.03866763104,99902.23501964328
2026-08-07 22:00:00+00:00,19980.367540260893,143.9133596116426,0.0331363597202182,0.020041108552168785,0,0.0,0.0,1.1055362033750318,351110.01500003337,265880.6707813934,0,4154400.0,0.03323967593903113,0.0,3600.0,1913.93,9511200.0,0.05184470545823738,1.0,1.1055362033750318,1098315.165384994,3059214.3987305816,0.0,0.0,0.9848711820910153,1.0,0.0,5.9018753844e-06,0.9848711820910153,19984.11638425318,0.0,79917.46473568358,99901.58111993676
2026-08-07 23:00:00+00:00,19979.294675271452,143.9133596116426,0.0331363597202182,-1.0528238808891068,0,0.0,0.0,1.1055405693234017,351110.01500003337,265882.24030744075,0,4150800.0,0.03323967593903113,0.0,3600.0,1913.07,9507600.0,0.05184470548577291,1.0,1.1055405693234017,1098315.165384994,3059214.3987305816,0.0,0.0,0.9848768648384036,1.0,0.0,5.9031046152e-06,0.9848768648384036,19983.03858766329,0.0,79917.89047915698,99900.92906682027
2026-08-08 00:00:00+00:00,19978.315243796165,143.9133596116426,0.0331363597202182,-2.032255356174581,0,0.0,0.0,1.1055449352890134,351110.01500003337,265883.7950274117,0,4147200.0,0.03323967593903113,3.4e-07,3600.0,1913.41,9504000.0,0.051844705513329536,1.0,1.1055449352890134,1098315.165384994,3059214.3987305816,0.0,0.0,0.9848825476185815,1.0,0.0,5.847383502000001e-06,0.9848825476185815,19982.056573891743,0.0,79918.33104021952,99900.38761411127
2026-08-08 01:00:00+00:00,19977.241963808792,143.9133596116426,0.0331363597202182,-3.1055353435470283,0,0.0,0.0,1.1055493017753684,351110.01500003337,265885.139701761,0,4143600.0,0.03323967593903113,0.0,3600.0,1913.81,9500400.0,0.051840438012510814,1.0,1.1055493017753684,1098142.0868930644,3059368.596919972,0.0,0.0,0.9848894342144565,1.0,0.0,5.057363307599999e-06,0.9848894342144565,19980.980827671327,0.0,79919.40431865118,99900.38514632251
2026-08-08 02:00:00+00:00,19976.169547465764,143.9133596116426,0.0331363597202182,-4.177951686576226,0,0.0,0.0,1.1055536776938215,351110.01500003337,265886.7508202777,0,4140000.0,0.03323967593903113,0.0,3600.0,1912.27,9496800.0,0.0517563768204099,1.0,1.1055536776938215,1094736.5252106502,3062402.739366377,0.0,0.0,0.9849188210168384,1.0,0.0,6.059434676399999e-06,0.9849188210168384,19979.90215700095,0.0,79928.1112007596,99908.01335776054
2026-08-08 03:00:00+00:00,19975.09436633922,143.9133596116426,0.0331363597202182,-5.253132813119851,0,0.0,0.0,1.1055580689598814,351110.01500003337,265888.3327590981,0,4136400.0,0.03323967593903113,0.0,3600.0,1917.2,9493200.0,0.0515424174013126,1.0,1.1055580689598814,1086100.2867152656,3070097.582252129,0.0,0.0,0.9849848175719766,1.0,0.0,5.9496537888e-06,0.9849848175719766,19978.833344754352,0.0,79949.70131340378,99928.53465815814
2026-08-08 04:00:00+00:00,19974.019790885333,143.9133596116426,0.0331363597202182,-6.327708267007172,0,0.0,0.0,1.1055624387796574,351110.01500003337,265889.6536799375,0,4132800.0,0.03323967593903113,0.0,3600.0,1916.12,9489600.0,0.05151034643410268,1.0,1.1055624387796574,1084809.7086874226,3071247.49246838,0.0,0.0,0.9849995086381834,1.0,0.0,4.967941032e-06,0.9849995086381834,19977.753410771365,0.0,79953.53857304063,99931.291983812
2026-08-08 05:00:00+00:00,19972.944895770877,143.9133596116426,0.0331363597202182,-7.4026033814630985,0,0.0,0.0,1.1055668048316356,351110.01500003337,265890.9774948341,0,4129200.0,0.03323967593903113,0.0,3600.0,1916.69,9486000.0,0.05151034646158181,1.0,1.1055668048316356,1084809.7086874226,3071247.49246838,0.0,0.0,0.9850051563769727,1.0,0.0,4.9788007272e-06,0.9850051563769727,19976.676373070168,0.0,79954.197735795,99930.87410886516
2026-08-08 06:00:00+00:00,19971.870578288675,143.9133596116426,0.0331363597202182,-8.476920863663475,0,0.0,0.0,1.1055712675239786,351110.01500003337,265892.300147936,0,4125600.0,0.03323967593903113,0.0,3600.0,1915.66,9482400.0,0.05069199064646224,1.0,1.1055712675239786,1052226.8684278047,3100283.6939385924,0.0,0.0,0.9852414263876166,1.0,0.0,4.9744065204e-06,0.9852414263876166,19975.596798847564,0.0,80035.83184967434,100011.4286485219
2026-08-08 07:00:00+00:00,19970.797029113455,143.9133596116426,0.0331363597202182,-9.55047003888317,0,0.0,0.0,1.1055756367804226,351110.01500003337,265893.8088983867,0,4122000.0,0.03323967593903113,0.0,3600.0,1914.29,9478800.0,0.050665156440735215,1.0,1.1055756367804226,1051169.841236094,3101225.7421760117,0.0,0.0,0.9852545512733757,1.0,0.0,5.674275522000001e-06,0.9852545512733757,19974.517335659053,0.0,80038.93137805938,100013.44871371843
2026-08-08 08:00:00+00:00,19977.272294905622,143.9133596116426,0.0331363597202182,-3.0752042467177176,0,0.0,0.0,1.1055800028845217,351110.01500003337,265895.3838561949,0,4118400.0,0.03323967593903113,2.738e-05,3600.0,1916.02,9475200.0,0.050665156467813555,1.0,1.1055800028845217,1051169.841236094,3101225.7421760117,0.0,0.0,0.9852601100342859,1.0,0.0,5.923241125199999e-06,0.9852601100342859,19980.992711488925,0.0,80039.30815687776,100020.30086836668
2026-08-08 09:00:00+00:00,19976.196637092267,143.9133596116426,0.0331363597202182,-4.150862060074175,0,0.0,0.0,1.1055843026479362,351110.01500003337,265896.9561864034,0,4114800.0,0.03323967593903113,0.0,3600.0,1918.05,9471600.0,0.05122708973376344,1.0,1.1055843026479362,1073456.5524851698,3081367.8261850676,0.0,0.0,0.9851074567974826,1.0,0.0,5.913324018e-06,0.9851074567974826,19979.91773985394,0.0,79984.13774640544,99964.05548625937
2026-08-08 10:00:00+00:00,19975.119683812394,143.9133596116426,0.0331363597202182,-5.227815339945506,0,0.0,0.0,1.1055886687862584,351110.01500003337,265898.4353718105,0,4111200.0,0.03323967593903113,0.0,3600.0,1920.36,9468000.0,0.05122708976119128,1.0,1.1055886687862584,1073456.5524851698,3081367.8261850676,0.0,0.0,0.9851130748577231,1.0,0.0,5.5629869328e-06,0.9851130748577231,19978.842008598556,0.0,79984.63111821364,99963.4731268122
2026-08-08 11:00:00+00:00,19974.042904383008,143.9133596116426,0.0331363597202182,-6.304594769332158,0,0.0,0.0,1.1055930349418226,351110.01500003337,265899.93403651123,0,4107600.0,0.03323967593903113,0.0,3600.0,1920.05,9464400.0,0.05122708978863977,1.0,1.1055930349418226,1073456.5524851698,3081367.8261850676,0.0,0.0,0.9851186929500034,1.0,0.0,5.636213974799999e-06,0.9851186929500034,19977.761369328855,0.0,79985.10502197774,99962.8663913066
2026-08-08 12:00:00+00:00,19972.967055894926,143.9133596116426,0.0331363597202182,-7.380443257413749,0,0.0,0.0,1.1055974011146303,351110.01500003337,265901.43123751145,0,4104000.0,0.03323967593903113,0.0,3600.0,1918.39,9460800.0,0.05122708981610957,1.0,1.1055974011146303,1073456.5524851698,3081367.8261850676,0.0,0.0,0.9851243110743236,1.0,0.0,5.6306775348e-06,0.9851243110743236,19976.679049866612,0.0,79985.58040069183,99962.25945055844
2026-08-08 13:00:00+00:00,19971.89073072003,143.9133596116426,0.0331363597202182,-8.456768432308172,0,0.0,0.0,1.1056017673046803,351110.01500003337,265902.92148856627,0,4100400.0,0.03323967593903113,0.0,3600.0,1919.24,9457200.0,0.05122708984360025,1.0,1.1056017673046803,1073456.5524851698,3081367.8261850676,0.0,0.0,0.985129929230684,1.0,0.0,5.6045086775999995e-06,0.985129929230684,19975.60111182375,0.0,79986.06274060102,99961.66385242477
2026-08-08 14:00:00+00:00,19970.812296907,143.9133596116426,0.0331363597202182,-9.53520224533936,0,0.0,0.0,1.1056061335119733,351110.01500003337,265904.40553763026,0,4096800.0,0.03323967593903113,0.0,3600.0,1923.0,9453600.0,0.05122708987111202,1.0,1.1056061335119733,1073456.5524851698,3081367.8261850676,0.0,0.0,0.9851355474190846,1.0,0.0,5.5811531303999995e-06,0.9851355474190846,19974.5266830913,0.0,79986.55129375064,99961.07797684195
2026-08-08 15:00:00+00:00,19969.734508023186,143.9133596116426,0.0331363597202182,-10.612991129153185,0,0.0,0.0,1.105610499736509,351110.01500003337,265905.88443748915,0,4093200.0,0.03323967593903113,0.0,3600.0,1921.85,9450000.0,0.051227089898643996,1.0,1.105610499736509,1073456.5524851698,3081367.8261850676,0.0,0.0,0.9851411656395258,1.0,0.0,5.5617572160000005e-06,0.9851411656395258,19973.443410907883,0.0,79987.0450073551,99960.48841826299
2026-08-08 16:00:00+00:00,19988.491369550455,143.9133596116426,0.0331363597202182,8.14387039811607,0,0.0,0.0,1.105614865978288,351110.01500003337,265907.35862839286,0,4089600.0,0.03323967593903113,7.172e-05,3600.0,1921.68,9446400.0,0.05122708992619751,1.0,1.105614865978288,1073456.5524851698,3081367.8261850676,0.0,0.0,0.9851467838920076,1.0,0.0,5.5440172764000005e-06,0.9851467838920076,19992.196682639555,0.0,79987.54344116454,99979.74012380409
2026-08-08 17:00:00+00:00,19987.412907697024,143.9133596116426,0.0331363597202182,7.065408544684128,0,0.0,0.0,1.1056192322373097,351110.01500003337,265908.83634663426,0,4086000.0,0.03323967593903113,0.0,3600.0,1923.05,9442800.0,0.051227089953771676,1.0,1.1056192322373097,1073456.5524851698,3081367.8261850676,0.0,0.0,0.9851524021765303,1.0,0.0,5.5572517548e-06,0.9851524021765303,19991.11759832541,0.0,79988.0383588862,99979.15595721161
2026-08-08 18:00:00+00:00,19986.33588151211,143.9133596116426,0.0331363597202182,5.988382359770833,0,0.0,0.0,1.1056235985135745,351110.01500003337,265910.3232017639,0,4082400.0,0.03323967593903113,0.0,3600.0,1920.49,9439200.0,0.05122708998136738,1.0,1.1056235985135745,1073456.5524851698,3081367.8261850676,0.0,0.0,0.985158020493094,1.0,0.0,5.5915816608e-06,0.985158020493094,19990.032380687837,0.0,79988.52415096952,99978.55653165735
2026-08-08 19:00:00+00:00,19985.25934883825,143.9133596116426,0.0331363597202182,4.911849685910824,0,0.0,0.0,1.1056279648073088,351110.01500003337,265911.81283974636,0,4078800.0,0.03323967593903113,0.0,3600.0,1919.61,9435600.0,0.051227088092287154,1.0,1.1056279648073088,1073456.476381761,3081367.895685065,0.0,0.0,0.9851636393791366,1.0,0.0,5.602015717200001e-06,0.9851636393791366,19988.95089601166,0.0,79989.00736014976,99977.95825616142
2026-08-08 20:00:00+00:00,19984.182928325994,143.9133596116426,0.0331363597202182,3.835429173653835,0,0.0,0.0,1.1056323311180605,351110.01500003337,265913.2983338166,0,4075200.0,0.03323967593903113,0.0,3600.0,1919.41,9432000.0,0.051227088119924824,1.0,1.1056323311180605,1073456.476381761,3081367.895685065,0.0,0.0,0.985169257759581,1.0,0.0,5.586400638e-06,0.985169257759581,19987.870833018776,0.0,79989.49453572166,99977.36536874044
2026-08-08 21:00:00+00:00,19983.10623862589,143.9133596116426,0.0331363597202182,2.758739473549599,0,0.0,0.0,1.1056366974460545,351110.01500003337,265914.769066078,0,4071600.0,0.03323967593903113,0.0,3600.0,1919.89,9428400.0,0.05122708814758359,1.0,1.1056366974460545,1073456.476381761,3081367.895685065,0.0,0.0,0.9851748761720668,1.0,0.0,5.5308561228e-06,0.9851748761720668,19986.791806897196,0.0,79989.99648435239,99976.78829124958
2026-08-08 22:00:00+00:00,19982.031769725523,143.9133596116426,0.0331363597202182,1.6842705731851464,0,0.0,0.0,1.1056410637912928,351110.01500003337,265916.2110743673,0,4068000.0,0.03323967593903113,0.0,3600.0,1915.93,9424800.0,0.05122708817526345,1.0,1.1056410637912928,1073456.476381761,3081367.895685065,0.0,0.0,0.9851804946165945,1.0,0.0,5.422806655200001e-06,0.9851804946165945,19985.706484117105,0.0,79990.52716820553,99976.23365232264
2026-08-08 23:00:00+00:00,19980.95727278476,143.9133596116426,0.0331363597202182,0.609773632419939,0,0.0,0.0,1.105645430153774,351110.01500003337,265917.6087718239,0,4064400.0,0.03323967593903113,0.0,3600.0,1915.98,9421200.0,0.05122708820296418,1.0,1.105645430153774,1073456.476381761,3081367.895685065,0.0,0.0,0.9851861130931642,1.0,0.0,5.2561435716e-06,0.9851861130931642,19984.62883103081,0.0,79991.1021741415,99975.7310051723
2026-08-09 00:00:00+00:00,19988.699995474864,143.9133596116426,0.0331363597202182,8.35249632252463,0,0.0,0.0,1.1056496689580946,351110.01500003337,265919.00903573557,0,4060800.0,0.03323967593903113,3.196e-05,3600.0,1917.15,9417600.0,0.05230820474722675,1.0,1.1056496689580946,1117217.9172637297,3042384.410807748,0.0,0.0,0.9848893603690899,1.0,0.0,5.265767210399999e-06,0.9848893603690899,19992.370541740635,0.0,79885.50905682886,99877.87959856949
2026-08-09 01:00:00+00:00,19987.62587427547,143.9133596116426,0.0331363597202182,7.278375123129537,0,0.0,0.0,1.1056540513887476,351110.01500003337,265920.423039142,0,4057200.0,0.03323967593903113,0.0,3600.0,1915.31,9414000.0,0.05217226517946849,1.0,1.1056540513887476,1111651.8261216697,3047343.0721056424,0.0,0.0,0.9849330764306485,1.0,0.0,5.3174071764e-06,0.9849330764306485,19991.289646797894,0.0,79899.44420045201,99890.73384724991
2026-08-09 02:00:00+00:00,19986.552566247698,143.9133596116426,0.0331363597202182,6.205067095356335,0,0.0,0.0,1.105658417802519,351110.01500003337,265921.82952153956,0,4053600.0,0.03323967593903113,0.0,3600.0,1913.86,9410400.0,0.052172265207758084,1.0,1.105658417802519,1111651.8261216697,3047343.0721056424,0.0,0.0,0.9849387945437731,1.0,0.0,5.2890961212e-06,0.9849387945437731,19990.2103166371,0.0,79900.04540483939,99890.25572147648
2026-08-09 03:00:00+00:00,19985.479701258257,143.9133596116426,0.0331363597202182,5.132202105915059,0,0.0,0.0,1.105662784233534,351110.01500003337,265923.1659149923,0,4050000.0,0.03323967593903113,0.0,3600.0,1913.07,9406800.0,0.05217226523606899,1.0,1.105662784233534,1111651.8261216697,3047343.0721056424,0.0,0.0,0.9849445126900948,1.0,0.0,5.025499776e-06,0.9849445126900948,19989.132694702155,0.0,79900.71670982742,99889.84940452958
2026-08-09 04:00:00+00:00,19984.407195185944,143.9133596116426,0.0331363597202182,4.059696033603446,0,0.0,0.0,1.105667150681793,351110.01500003337,265924.64191307273,0,4046400.0,0.03323967593903113,0.0,3600.0,1912.43,9403200.0,0.05217226526440211,1.0,1.105667150681793,1111651.8261216697,3047343.0721056424,0.0,0.0,0.9849502308696134,1.0,0.0,5.5504528128000006e-06,0.9849502308696134,19988.05572053544,0.0,79901.24842184357,99889.30414237901
2026-08-09 05:00:00+00:00,19983.334016144014,143.9133596116426,0.0331363597202182,2.9865169916737164,0,0.0,0.0,1.1056715171472957,351110.01500003337,265926.11139004625,0,4042800.0,0.03323967593903113,0.0,3600.0,1913.63,9399600.0,0.05217226529275698,1.0,1.1056715171472957,1111651.8261216697,3047343.0721056424,0.0,0.0,0.9849559490823295,1.0,0.0,5.525899754399999e-06,0.9849559490823295,19986.981582792323,0.0,79901.78666662256,99888.76824941489
2026-08-09 06:00:00+00:00,19982.258105967052,143.9133596116426,0.0331363597202182,1.9106068147104651,0,0.0,0.0,1.1056758836300427,351110.01500003337,265927.5811033611,0,4039200.0,0.03323967593903113,0.0,3600.0,1918.5,9396000.0,0.05217226532113317,1.0,1.1056758836300427,1111651.8261216697,3047343.0721056424,0.0,0.0,0.9849616673282433,1.0,0.0,5.526757962e-06,0.9849616673282433,19985.9116989917,0.0,79902.32468671631,99888.236385708
2026-08-09 07:00:00+00:00,19981.182319167852,143.9133596116426,0.0331363597202182,0.8348200155105352,0,0.0,0.0,1.1056802501300331,351110.01500003337,265928.9378920586,0,4035600.0,0.03323967593903113,0.0,3600.0,1918.28,9392400.0,0.052172265349531344,1.0,1.1056802501300331,1111651.8261216697,3047343.0721056424,0.0,0.0,0.9849673856073548,1.0,0.0,5.102085427199999e-06,0.9849673856073548,19984.832237275958,0.0,79902.9756430834,99887.80788035935
2026-08-09 08:00:00+00:00,19991.64138340369,143.9133596116426,0.0331363597202182,11.29388425134678,0,0.0,0.0,1.1056846214470835,351110.01500003337,265930.40515386406,0,4032000.0,0.03323967593903113,4.185e-05,3600.0,1914.89,9388800.0,0.052131576560068726,1.0,1.1056846214470835,1109989.4367125223,3048824.081047022,0.0,0.0,0.9849844442830954,1.0,0.0,5.5174806071999995e-06,0.9849844442830954,19995.281601152445,0.0,79907.49785317312,99902.77945432556
2026-08-09 09:00:00+00:00,19990.564166544053,143.9133596116426,0.0331363597202182,10.216667391708354,0,0.0,0.0,1.1056890700437232,351110.01500003337,265931.98312165804,0,4028400.0,0.03323967593903113,0.0,3600.0,1920.83,9385200.0,0.051436168582494,1.0,1.1056890700437232,1081832.7412920159,3073913.6492972253,0.0,0.0,0.9851839900166928,1.0,0.0,5.9337446256e-06,0.9851839900166928,19994.21241599305,0.0,79975.98239089566,99970.19480688871
2026-08-09 10:00:00+00:00,19989.487807720678,143.9133596116426,0.0331363597202182,9.140308568333026,0,0.0,0.0,1.1056934365957896,351110.01500003337,265933.56142117496,0,4024800.0,0.03323967593903113,0.0,3600.0,1919.3,9381600.0,0.05143616861054667,1.0,1.1056934365957896,1081832.7412920159,3073913.6492972253,0.0,0.0,0.9851896308791848,1.0,0.0,5.9349568068e-06,0.9851896308791848,19993.12989354748,0.0,79976.38465469296,99969.51454824043
2026-08-09 11:00:00+00:00,19988.411981664918,143.9133596116426,0.0331363597202182,8.06448251257204,0,0.0,0.0,1.1056978031651,351110.01500003337,265935.0718156244,0,4021200.0,0.03323967593903113,0.0,3600.0,1918.35,9378000.0,0.051436168638619995,1.0,1.1056978031651,1081832.7412920159,3073913.6492972253,0.0,0.0,0.9851952717739748,1.0,0.0,5.6795770800000005e-06,0.9851952717739748,19992.04900869359,0.0,79976.8548348978,99968.90384359138
2026-08-09 12:00:00+00:00,19987.337120198943,143.9133596116426,0.0331363597202182,6.989621046597019,0,0.0,0.0,1.1057021697516545,351110.01500003337,265936.3721106917,0,4017600.0,0.03323967593903113,0.0,3600.0,1916.63,9374400.0,0.05143616866671574,1.0,1.1057021697516545,1081832.7412920159,3073913.6492972253,0.0,0.0,0.9852009127010626,1.0,0.0,4.8895088544e-06,0.9852009127010626,19990.967633107404,0.0,79977.53512582497,99968.50275893237
2026-08-09 13:00:00+00:00,19986.258888276796,143.9133596116426,0.0331363597202182,5.911389124451267,0,0.0,0.0,1.1057065363554535,351110.01500003337,265937.67241844494,0,4014000.0,0.03323967593903113,0.0,3600.0,1922.64,9370800.0,0.05143616869483281,1.0,1.1057065363554535,1081832.7412920159,3073913.6492972253,0.0,0.0,0.9852065536604487,1.0,0.0,4.8895326503999995e-06,0.9852065536604487,19989.89752208003,0.0,79978.21541540639,99968.11293748642
2026-08-09 14:00:00+00:00,19985.179686156785,143.9133596116426,0.0331363597202182,4.8321870044393975,0,0.0,0.0,1.1057107071809533,351110.01500003337,265938.97273746657,0,4010400.0,0.03323967593903113,0.0,3600.0,1924.37,9367200.0,0.053096099960342036,1.0,1.1057107071809533,1149837.3107020902,3013341.4879348264,0.0,0.0,0.984750669030395,1.0,0.0,4.889551114800001e-06,0.984750669030395,19988.81832773378,0.0,79816.8494370883,99805.66776482208
2026-08-09 15:00:00+00:00,19984.099710121714,143.9133596116426,0.0331363597202182,3.7522109693666943,0,0.0,0.0,1.1057152600291098,351110.01500003337,265940.2731061573,0,4006800.0,0.03354968659088388,0.0,3600.0,1925.75,9363600.0,0.0515173736867347,1.0,1.1057152600291098,1085100.780431131,3071017.6619291906,0.0,0.0,0.9851952441132714,1.0,0.0,4.889713975199999e-06,0.9851952441132714,19998.65382224832,0.0,79971.64383241493,99970.29765466326
2026-08-09 16:00:00+00:00,20005.101951350607,143.9133596116426,0.0331363597202182,24.754452198260857,0,0.0,0.0,1.1057196266846043,351110.01500003337,265941.57350786217,0,4003200.0,0.03354968659088388,7.977e-05,3600.0,1923.43,9360000.0,0.05151737371496257,1.0,1.1057196266846043,1085100.780431131,3071017.6619291906,0.0,0.0,0.985200893725861,1.0,0.0,4.8898142064000005e-06,0.985200893725861,20019.625469050843,0.0,79972.32706627116,99991.952535322
2026-08-09 17:00:00+00:00,20004.023904495105,143.9133596116426,0.0331363597202182,23.676405342760088,0,0.0,0.0,1.105723993357344,351110.01500003337,265942.87392036995,0,3999600.0,0.03354968659088388,0.0,3600.0,1922.31,9356400.0,0.0515173737432113,1.0,1.105723993357344,1085100.780431131,3071017.6619291906,0.0,0.0,0.9852065433708485,1.0,0.0,4.8898309176e-06,0.9852065433708485,20018.525912139135,0.0,79973.01030069968,99991.53621283881
2026-08-09 18:00:00+00:00,20002.94675493243,143.9133596116426,0.0331363597202182,22.59925578008347,0,0.0,0.0,1.105728360047328,351110.01500003337,265944.17434367986,0,3996000.0,0.03354968659088388,0.0,3600.0,1920.71,9352800.0,0.051517373771482244,1.0,1.105728360047328,1085100.780431131,3071017.6619291906,0.0,0.0,0.9852121930482338,1.0,0.0,4.889847625200001e-06,0.9852121930482338,20017.42364984472,0.0,79973.69353570131,99991.11718554603
2026-08-09 19:00:00+00:00,20001.869353006146,143.9133596116426,0.0331363597202182,21.521853853800064,0,0.0,0.0,1.1057327267547816,351110.01500003337,265945.474777815,0,3992400.0,0.03354968659088388,0.0,3600.0,1921.16,9349200.0,0.051517371896670605,1.0,1.1057327267547816,1085100.7043302814,3071017.73140869,0.0,0.0,0.9852178432866406,1.0,0.0,4.8898644192e-06,0.9852178432866406,20016.336594383123,0.0,79974.37695685792,99990.71355124103
2026-08-09 20:00:00+00:00,20000.79260722524,143.9133596116426,0.0331363597202182,20.445108072894318,0,0.0,0.0,1.1057370934792554,351110.01500003337,265946.77522285096,0,3988800.0,0.03354968659088388,0.0,3600.0,1919.99,9345600.0,0.05151737192498573,1.0,1.1057370934792554,1085100.7043302814,3071017.73140869,0.0,0.0,0.9852234930286218,1.0,0.0,4.8898814976000005e-06,0.9852234930286218,20015.23800059147,0.0,79975.06019281369,99990.29819340516
2026-08-09 21:00:00+00:00,19999.713702333476,143.9133596116426,0.0331363597202182,19.366203181130448,0,0.0,0.0,1.1057414602209739,351110.01500003337,265948.0756787918,0,3985200.0,0.03354968659088388,0.0,3600.0,1923.84,9342000.0,0.05151737195332151,1.0,1.1057414602209739,1085100.7043302814,3071017.73140869,0.0,0.0,0.9852291428030017,1.0,0.0,4.889898590400001e-06,0.9852291428030017,20014.17499837234,0.0,79975.74342924013,99989.91842761247
2026-08-09 22:00:00+00:00,19998.63769681915,143.9133596116426,0.0331363597202182,18.29019766680463,0,0.0,0.0,1.105745831448759,351110.01500003337,265949.3521429429,0,3981600.0,0.03354968659088388,0.0,3600.0,1918.67,9338400.0,0.05147951468044254,1.0,1.105745831448759,1083578.7146075584,3072373.942200291,0.0,0.0,0.9852452964700926,1.0,0.0,4.799662808400001e-06,0.9852452964700926,20013.04710213491,0.0,79980.13867938367,99993.18578151858
2026-08-09 23:00:00+00:00,19997.566794657763,143.9133596116426,0.0331363597202182,17.219295505416195,0,0.0,0.0,1.1057501982249849,351110.01500003337,265950.6524305845,0,3978000.0,0.03354968659088388,0.0,3600.0,1909.57,9334800.0,0.05147951470880141,1.0,1.1057501982249849,1083578.7146075584,3072373.942200291,0.0,0.0,0.9852509423201744,1.0,0.0,4.8892183884e-06,0.9852509423201744,20011.894891451793,0.0,79980.82070624898,99992.71559770078
2026-08-10 00:00:00+00:00,20009.77930380753,143.9133596116426,0.0331363597202182,29.431804655181,0,0.0,0.0,1.1057545650184566,351110.01500003337,265951.95272889285,0,3974400.0,0.03354968659088388,4.828e-05,3600.0,1911.99,9331200.0,0.05147951473718204,1.0,1.1057545650184566,1083578.7146075584,3072373.942200291,0.0,0.0,0.9852565882026093,1.0,0.0,4.889234592e-06,0.9852565882026093,20024.112575577154,0.0,79981.50273380702,100005.61530938417
2026-08-10 01:00:00+00:00,20008.69994466127,143.9133596116426,0.0331363597202182,28.352445508924905,0,0.0,0.0,1.1057589460585862,351110.01500003337,265953.2530378777,0,3970800.0,0.03354968659088388,0.0,3600.0,1924.65,9327600.0,0.051358981815230464,1.0,1.1057589460585862,1078742.5315263155,3076683.5289676054,0.0,0.0,0.9852956422630362,1.0,0.0,4.8892508316e-06,0.9852956422630362,20023.11505337582,0.0,79993.91469656449,100017.02974994031
2026-08-10 02:00:00+00:00,20007.621583753284,143.9133596116426,0.0331363597202182,27.27408460093568,0,0.0,0.0,1.105763315892471,351110.01500003337,265954.55336145207,0,3967200.0,0.03354968659088388,0.0,3600.0,1922.87,9324000.0,0.051333521947120264,1.0,1.105763315892471,1077722.8533019156,3077592.1854340113,0.0,0.0,0.9853083301841967,1.0,0.0,4.8892817844e-06,0.9853083301841967,20022.010303833777,0.0,79997.06922917906,100019.07953301285
2026-08-10 03:00:00+00:00,20006.54679519235,143.9133596116426,0.0331363597202182,26.199296040002622,0,0.0,0.0,1.1057677174411469,351110.01500003337,265955.8537057754,0,3963600.0,0.03354968659088388,0.0,3600.0,1916.5,9320400.0,0.05103962759444802,1.0,1.1057677174411469,827850.355954981,2398158.269394129,0.0,0.0,0.9853953809470761,1.0,0.0,4.889335896e-06,0.9853953809470761,20020.874835287155,0.0,80026.33327951608,100047.20811480324
2026-08-10 04:00:00+00:00,20005.473027302003,143.9133596116426,0.0331363597202182,25.12552814965704,0,0.0,0.0,1.1057720843038048,351110.01500003337,265957.15406962624,0,3960000.0,0.03354968659088388,0.0,3600.0,1914.68,9316800.0,0.05103962762266745,1.0,1.1057720843038048,827850.355954981,2398158.269394129,0.0,0.0,0.9854009805876914,1.0,0.0,4.889385414e-06,0.9854009805876914,20019.774459503118,0.0,80026.99900556571,100046.77346506884
2026-08-10 05:00:00+00:00,20004.3948682849,143.9133596116426,0.0331363597202182,24.04736913255325,0,0.0,0.0,1.105776451183708,351110.01500003337,265958.4544519966,0,3956400.0,0.03354968659088388,0.0,3600.0,1922.51,9313200.0,0.05103962765090886,1.0,1.105776451183708,827850.355954981,2398158.269394129,0.0,0.0,0.9854065802601274,1.0,0.0,4.889431141199999e-06,0.9854065802601274,20018.741731096365,0.0,80027.66472426831,100046.40645536467
2026-08-10 06:00:00+00:00,20003.314062253965,143.9133596116426,0.0331363597202182,22.966563101618203,0,0.0,0.0,1.105780818080857,351110.01500003337,265959.75485202984,0,3952800.0,0.03354968659088388,0.0,3600.0,1927.23,9309600.0,0.05103962767917136,1.0,1.105780818080857,827850.355954981,2398158.269394129,0.0,0.0,0.9854121799643843,1.0,0.0,4.889473646399999e-06,0.9854121799643843,20017.683061868756,0.0,80028.3304364807,100046.01349834945
2026-08-10 07:00:00+00:00,20002.234663851148,143.9133596116426,0.0331363597202182,21.887164698801048,0,0.0,0.0,1.1057851849952514,351110.01500003337,265961.0552689716,0,3949200.0,0.03354968659088388,0.0,3600.0,1924.72,9306000.0,0.05103962770745607,1.0,1.1057851849952514,827850.355954981,2398158.269394129,0.0,0.0,0.9854177797004624,1.0,0.0,4.889513314799999e-06,0.9854177797004624,20016.571879985524,0.0,80028.99614295736,100045.56802294288
2026-08-10 08:00:00+00:00,20010.65063610884,143.9133596116426,0.0331363597202182,30.3031369564925,0,0.0,0.0,1.1057895519268917,351110.01500003337,265962.39476014784,0,3945600.0,0.03354968659088388,3.426e-05,3600.0,1926.0,9302400.0,0.051039627735763204,1.0,1.1057895519268917,827850.355954981,2398158.269394129,0.0,0.0,0.9854233794683614,1.0,0.0,5.0364058068000004e-06,0.9854233794683614,20024.98430877933,0.0,80029.62278637214,100054.60709515147
2026-08-10 09:00:00+00:00,20009.576408355922,143.9133596116426,0.0331363597202182,29.228909203574542,0,0.0,0.0,1.1057939188757775,351110.01500003337,265963.6952666515,0,3942000.0,0.035204648332073825,0.0,3600.0,1915.5,9298800.0,0.05103962776409121,1.0,1.1057939188757775,827850.355954981,2398158.269394129,0.0,0.0,0.9854289792680823,1.0,0.0,4.8898015272e-06,0.9854289792680823,20080.846024843733,0.0,80030.2884256324,100111.13445047614
2026-08-10 10:00:00+00:00,20008.501485201064,143.9133596116426,0.0331363597202182,28.15398604871786,0,0.0,0.0,1.1057982470497134,351110.01500003337,265965.03490607603,0,3938400.0,0.035204648332073825,0.0,3600.0,1916.74,9295200.0,0.051368145479909755,1.0,1.1057982470497134,838031.8109175484,2389086.439752971,0.0,0.0,0.9853438113161929,1.0,0.0,5.0369132124e-06,0.9853438113161929,20079.752109573634,0.0,79999.04546534247,100078.7975749161
2026-08-10 11:00:00+00:00,20007.424958135285,143.9133596116426,0.0331363597202182,27.077458982938005,0,0.0,0.0,1.1058026495130644,351110.01500003337,265966.3356007187,0,3934800.0,0.035204648332073825,0.0,3600.0,1919.6,9291600.0,0.05106767376407384,1.0,1.1058026495130644,828716.7829103139,2397388.0024569375,0.0,0.0,0.9854324315336688,1.0,0.0,4.8904603668e-06,0.9854324315336688,20078.716671042286,0.0,80028.86021658714,100107.57688762943
2026-08-10 12:00:00+00:00,20006.356602042284,143.9133596116426,0.0331363597202182,26.009102889938106,0,0.0,0.0,1.1058070165136749,351110.01500003337,265967.63635812385,0,3931200.0,0.035204648332073825,0.0,3600.0,1905.03,9288000.0,0.05106767379248445,1.0,1.1058070165136749,828716.7829103139,2397388.0024569375,0.0,0.0,0.9854380343865462,1.0,0.0,4.8906724284e-06,0.9854380343865462,20077.04247143393,0.0,80029.5266769398,100106.56914837373
2026-08-10 13:00:00+00:00,20005.29296234469,143.9133596116426,0.0331363597202182,24.945463192345173,0,0.0,0.0,1.1058114031169786,351110.01500003337,265969.01557615644,0,3927600.0,0.035204648332073825,0.0,3600.0,1896.62,9284400.0,0.05090184798562403,1.0,1.1058114031169786,823606.0430643926,2401942.923059396,0.0,0.0,0.9854894140141438,1.0,0.0,5.1856476803999996e-06,0.9854894140141438,20075.60233498496,0.0,80046.18736072368,100121.78969570863
2026-08-10 14:00:00+00:00,20004.23157148724,143.9133596116426,0.0331363597202182,23.884072334892778,0,0.0,0.0,1.1058156980548306,351110.01500003337,265970.39488007687,0,3924000.0,0.035204648332073825,0.0,3600.0,1892.61,9280800.0,0.051512407573033325,1.0,1.1058156980548306,842529.8305424951,2385082.13860055,0.0,0.0,0.9853265630737101,1.0,0.0,5.185943712000001e-06,0.9853265630737101,20074.32798126543,0.0,79987.62946066482,100061.95744193025
2026-08-10 15:00:00+00:00,20003.179490042836,143.9133596116426,0.0331363597202182,22.831990890490992,0,0.0,0.0,1.1058200651069718,351110.01500003337,265971.7266851335,0,3920400.0,0.035204648332073825,0.0,3600.0,1876.01,9277200.0,0.05151240760176412,1.0,1.1058200651069718,842529.8305424951,2385082.13860055,0.0,0.0,0.9853322129080538,1.0,0.0,5.007330694800001e-06,0.9853322129080538,20072.597342674766,0.0,79988.28136902937,100060.87871170414
2026-08-10 16:00:00+00:00,20005.992004938475,143.9133596116426,0.0331363597202182,25.644505786129017,0,0.0,0.0,1.105824511257572,351110.01500003337,265973.032833467,0,3916800.0,0.035204648332073825,1.434e-05,3600.0,1871.38,9273600.0,0.050842728850788665,1.0,1.105824511257572,821790.5479187875,2403565.580392436,0.0,0.0,0.9855224739864454,1.0,0.0,4.910842000799999e-06,0.9855224739864454,20075.17494677653,0.0,80053.77779078385,100128.95273756038
2026-08-10 17:00:00+00:00,20004.94177416052,143.9133596116426,0.0331363597202182,24.59427500817705,0,0.0,0.0,1.105828878344518,351110.01500003337,265974.5640354434,0,3913200.0,0.0331363597202182,0.0,3600.0,1872.71,9270000.0,0.05084272887918084,1.0,1.105828878344518,821790.5479187875,2403565.580392436,0.0,0.0,0.9855280532712727,1.0,0.0,5.7569654808e-06,0.9855280532712727,20004.94177416052,0.0,80054.20553158683,100059.14730574735
2026-08-10 18:00:00+00:00,20003.891986420902,143.9133596116426,0.0331363597202182,23.54448726855701,0,0.0,0.0,1.1058332454487105,351110.01500003337,265975.86088910536,0,3909600.0,0.0331363597202182,0.0,3600.0,1871.92,9266400.0,0.050842728907595,1.0,1.1058332454487105,821790.5479187875,2403565.580392436,0.0,0.0,0.9855336325876857,1.0,0.0,4.875844068e-06,0.9855336325876857,20003.891986420902,0.0,80054.8676317943,100058.7596182152
2026-08-10 19:00:00+00:00,20002.838957210955,143.9133596116426,0.0331363597202182,22.49145805860971,0,0.0,0.0,1.1058376125704437,351110.01500003337,265977.24331604806,0,3906000.0,0.0331363597202182,0.0,3600.0,1877.7,9262800.0,0.05084272644461252,1.0,1.1058376125704437,821790.4718439011,2403565.64984897,0.0,0.0,0.9855392126219918,1.0,0.0,5.1975519336e-06,0.9855392126219918,20002.838957210955,0.0,80055.44441078056,100058.28336799152
2026-08-10 20:00:00+00:00,20001.78533354451,143.9133596116426,0.0331363597202182,21.437834392166405,0,0.0,0.0,1.1058419797091292,351110.01500003337,265978.6185945345,0,3902400.0,0.0331363597202182,0.0,3600.0,1878.76,9259200.0,0.050842726473070865,1.0,1.1058419797091292,821790.4718439011,2403565.64984897,0.0,0.0,0.985544792001314,1.0,0.0,5.1706488636e-06,0.985544792001314,20001.78533354451,0.0,80056.02810825157,100057.81344179608
2026-08-10 21:00:00+00:00,20000.73470459287,143.9133596116426,0.0331363597202182,20.38720544052372,0,0.0,0.0,1.1058463468650612,351110.01500003337,265980.44918175647,0,3898800.0,0.0331363597202182,0.0,3600.0,1873.42,9255600.0,0.05084272650155186,1.0,1.1058463468650612,821790.4718439011,2403565.64984897,0.0,0.0,0.9855503714122222,1.0,0.0,6.882436386e-06,0.9855503714122222,20000.73470459287,0.0,80056.15650807734,100056.89121267022
2026-08-10 22:00:00+00:00,19999.682965241358,143.9133596116426,0.0331363597202182,19.335466089011142,0,0.0,0.0,1.1058507140382396,351110.01500003337,265982.12827249727,0,3895200.0,0.0331363597202182,0.0,3600.0,1875.4,9252000.0,0.050842726530054616,1.0,1.1058507140382396,821790.4718439011,2403565.64984897,0.0,0.0,0.9855559508547169,1.0,0.0,6.3128152692e-06,0.9855559508547169,19999.682965241358,0.0,80056.43641547451,100056.11938071587
2026-08-10 23:00:00+00:00,19998.632958786613,143.9133596116426,0.0331363597202182,18.285459634265212,0,0.0,0.0,1.1058550812286652,351110.01500003337,265983.73355438793,0,3891600.0,0.0331363597202182,0.0,3600.0,1872.31,9248400.0,0.050842726558580464,1.0,1.1058550812286652,821790.4718439011,2403565.64984897,0.0,0.0,0.985561530328798,1.0,0.0,6.0352816068e-06,0.985561530328798,19998.632958786613,0.0,80056.79014281218,100055.4231015988
2026-08-11 00:00:00+00:00,20000.559710145524,143.9133596116426,0.0331363597202182,20.212210993177663,0,0.0,0.0,1.1058594523400753,351110.01500003337,265985.2834572877,0,3888000.0,0.0331363597202182,1.104e-05,3600.0,1874.28,9244800.0,0.0508096808835381,1.0,1.1058594523400753,820776.1515179061,2404469.6985403537,0.0,0.0,0.9855761956355819,1.0,0.0,5.82704199e-06,0.9855761956355819,20000.559710145524,0.0,80060.38937599724,100060.94908614276
2026-08-11 01:00:00+00:00,19999.506944515342,143.9133596116426,0.0331363597202182,19.15944536299746,0,0.0,0.0,1.1058638195650097,351110.01500003337,265986.7914318731,0,3884400.0,0.0331363597202182,0.0,3600.0,1877.23,9241200.0,0.05080968091208926,1.0,1.1058638195650097,820776.1515179061,2404469.6985403537,0.0,0.0,0.9855817716861577,1.0,0.0,5.6693749788e-06,0.9855817716861577,19999.506944515342,0.0,80060.83920861321,100060.34615312854
2026-08-11 02:00:00+00:00,19998.453836792272,143.9133596116426,0.0331363597202182,18.106337639928046,0,0.0,0.0,1.1058681981543463,351110.01500003337,265988.2682310572,0,3880800.0,0.0331363597202182,0.0,3600.0,1877.84,9237600.0,0.05071363230696724,1.0,1.1058681981543463,817832.8624520492,2407093.087420953,0.0,0.0,0.9856137378329791,1.0,0.0,5.552136918e-06,0.9856137378329791,19998.453836792272,0.0,80070.58604371903,100069.03988051129
2026-08-11 03:00:00+00:00,19997.399439210767,143.9133596116426,0.0331363597202182,17.05194005842391,0,0.0,0.0,1.1058725654138193,351110.01500003337,265989.81489225355,0,3877200.0,0.0331363597202182,0.0,3600.0,1880.14,9234000.0,0.05071363233550685,1.0,1.1058725654138193,817832.8624520492,2407093.087420953,0.0,0.0,0.9856193038112601,1.0,0.0,5.8147553268e-06,0.9856193038112601,19997.399439210767,0.0,80070.99365324044,100068.39309245121
2026-08-11 04:00:00+00:00,19996.347812020857,143.9133596116426,0.0331363597202182,16.00031286851435,0,0.0,0.0,1.1058769326905395,351110.01500003337,265991.22785159934,0,3873600.0,0.0331363597202182,0.0,3600.0,1875.2,9230400.0,0.050713632364068895,1.0,1.1058769326905395,817832.8624520492,2407093.087420953,0.0,0.0,0.9856248698209732,1.0,0.0,5.3120665295999996e-06,0.9856248698209732,19996.347812020857,0.0,80071.53497564851,100067.88278766937
2026-08-11 05:00:00+00:00,19995.297267190417,143.9133596116426,0.0331363597202182,14.949768038073927,0,0.0,0.0,1.1058812999845065,351110.01500003337,265992.6409279724,0,3870000.0,0.0331363597202182,0.0,3600.0,1873.27,9226800.0,0.05071363239265336,1.0,1.1058812999845065,817832.8624520492,2407093.087420953,0.0,0.0,0.9856304358621187,1.0,0.0,5.312478276e-06,0.9856304358621187,19995.297267190417,0.0,80072.07619206555,100067.37345925596
2026-08-11 06:00:00+00:00,19994.246610198374,143.9133596116426,0.0331363597202182,13.899111046030486,0,0.0,0.0,1.105885668932631,351110.01500003337,265993.9473477208,0,3866400.0,0.0331363597202182,0.0,3600.0,1873.47,9223200.0,0.050699777647911004,1.0,1.105885668932631,817408.9025313646,2407470.971445907,0.0,0.0,0.9856398030438142,1.0,0.0,4.911476256e-06,0.9856398030438142,19994.246610198374,0.0,80074.05868362274,100068.30529382112
2026-08-11 07:00:00+00:00,19993.19406328332,143.9133596116426,0.0331363597202182,12.846564130976168,0,0.0,0.0,1.105890036261099,351110.01500003337,265995.25433891034,0,3862800.0,0.0331363597202182,0.0,3600.0,1876.84,9219600.0,0.05069977767653211,1.0,1.105890036261099,817408.9025313646,2407470.971445907,0.0,0.0,0.9856453676856327,1.0,0.0,4.913600446800001e-06,0.9856453676856327,19993.19406328332,0.0,80074.70549390558,100067.89955718891
2026-08-11 08:00:00+00:00,20009.096896304265,143.9133596116426,0.0331363597202182,28.74939715192189,0,0.0,0.0,1.1058944036068143,351110.01500003337,265996.5613447084,0,3859200.0,0.0331363597202182,6.272e-05,3600.0,1878.56,9216000.0,0.05069977770517564,1.0,1.1058944036068143,817408.9025313646,2407470.971445907,0.0,0.0,0.9856509323588676,1.0,0.0,4.9136312232e-06,0.9856509323588676,20009.096896304265,0.0,80075.35230061051,100084.44919691478
2026-08-11 09:00:00+00:00,20008.03989657357,143.9133596116426,0.0331363597202182,27.692397421227703,0,0.0,0.0,1.1058987709697774,351110.01500003337,265997.8683642034,0,3855600.0,0.0331363597202182,0.0,3600.0,1884.78,9212400.0,0.05069977773384182,1.0,1.1058987709697774,817408.9025313646,2407470.971445907,0.0,0.0,0.9856564970635189,1.0,0.0,4.9136585724e-06,0.9856564970635189,20008.03989657357,0.0,80075.99910464906,100084.03900122263
2026-08-11 10:00:00+00:00,20006.982565966147,143.9133596116426,0.0331363597202182,26.63506681380461,0,0.0,0.0,1.1059031383499873,351110.01500003337,265999.1753968803,0,3852000.0,0.0331363597202182,0.0,3600.0,1885.37,9208800.0,0.05069977776253021,1.0,1.1059031383499873,817408.9025313646,2407470.971445907,0.0,0.0,0.985662061799587,1.0,0.0,4.9136839848e-06,0.985662061799587,20006.982565966147,0.0,80076.64590653649,100083.62847250263
2026-08-11 11:00:00+00:00,20005.92144990462,143.9133596116426,0.0331363597202182,25.57395075227961,0,0.0,0.0,1.1059075057474452,351110.01500003337,266000.4824445549,0,3848400.0,0.03354968659088388,0.0,3600.0,1892.12,9205200.0,0.05069977779124035,1.0,1.1059075057474452,817408.9025313646,2407470.971445907,0.0,0.0,0.9856676265670723,1.0,0.0,4.9137162228000004e-06,0.9856676265670723,20019.65608188833,0.0,80077.29270445713,100096.94878634546
2026-08-11 12:00:00+00:00,20004.863199572053,143.9133596116426,0.0331363597202182,24.51570041971176,0,0.0,0.0,1.1059118731621504,351110.01500003337,266001.7895035224,0,3844800.0,0.03354968659088388,0.0,3600.0,1887.01,9201600.0,0.05069977781997381,1.0,1.1059118731621504,817408.9025313646,2407470.971445907,0.0,0.0,0.9856731913659744,1.0,0.0,4.913734532399999e-06,0.9856731913659744,20018.54792537343,0.0,80077.93950211565,100096.48742748908
2026-08-11 13:00:00+00:00,20003.803687421452,143.9133596116426,0.0331363597202182,23.45618826910994,0,0.0,0.0,1.105916246101097,351110.01500003337,266003.09657407296,0,3841200.0,0.03354968659088388,0.0,3600.0,1889.26,9198000.0,0.050653169396120745,1.0,1.105916246101097,815983.830800047,2408741.195472449,0.0,0.0,0.9856915094406609,1.0,0.0,4.913753932799999e-06,0.9856915094406609,20017.491901685073,0.0,80083.06409104302,100100.5559927281
2026-08-11 14:00:00+00:00,20002.75347907582,143.9133596116426,0.0331363597202182,22.405979923478576,0,0.0,0.0,1.1059206145136378,351110.01500003337,266004.40370603726,0,3837600.0,0.03354968659088388,0.0,3600.0,1872.67,9194400.0,0.05064501662212395,1.0,1.1059206145136378,815734.7303624632,2408963.230070485,0.0,0.0,0.985699299409178,1.0,0.0,4.9139606627999994e-06,0.985699299409178,20016.308778133964,0.0,80084.49209504161,100100.80087317558
2026-08-11 15:00:00+00:00,20001.70925455171,143.9133596116426,0.0331363597202182,21.361755399368295,0,0.0,0.0,1.105924981980112,351110.01500003337,266005.710856622,0,3834000.0,0.03375641203196413,0.0,3600.0,1862.0,9190800.0,0.050645016650892716,1.0,1.105924981980112,815734.7303624632,2408963.230070485,0.0,0.0,0.985704858522163,1.0,0.0,4.914006516e-06,0.985704858522163,20021.909405791273,0.0,80085.13680470042,100107.0462104917
2026-08-11 16:00:00+00:00,20015.2166426973,143.9133596116426,0.0331363597202182,34.8691435449589,0,0.0,0.0,1.1059293494638338,351110.01500003337,266007.0180230771,0,3830400.0,0.03375641203196413,5.425e-05,3600.0,1863.99,9187200.0,0.05064501667968435,1.0,1.1059293494638338,815734.7303624632,2408963.230070485,0.0,0.0,0.9857104176665,1.0,0.0,4.91404203e-06,0.9857104176665,20035.419395163583,0.0,80085.78150949685,100121.20090466044
2026-08-11 17:00:00+00:00,20014.171431151084,143.9133596116426,0.0331363597202182,33.823931998742054,0,0.0,0.0,1.1059337169648034,351110.01500003337,266008.3252044365,0,3826800.0,0.03375641203196413,0.0,3600.0,1863.76,9183600.0,0.050645016708498636,1.0,1.1059337169648034,815734.7303624632,2408963.230070485,0.0,0.0,0.9857159768421893,1.0,0.0,4.9140739116e-06,0.9857159768421893,20034.35270556868,0.0,80086.4262103971,100120.77891596578
2026-08-11 18:00:00+00:00,20013.125344744363,143.9133596116426,0.0331363597202182,32.77784559202165,0,0.0,0.0,1.1059380844830211,351110.01500003337,266009.6324022545,0,3823200.0,0.03375641203196413,0.0,3600.0,1865.32,9180000.0,0.05064501673733557,1.0,1.1059380844830211,815734.7303624632,2408963.230070485,0.0,0.0,0.985721536049231,1.0,0.0,4.9141116359999995e-06,0.985721536049231,20033.304510147314,0.0,80087.0709058469,100120.3754159942
2026-08-11 19:00:00+00:00,20012.070369530604,143.9133596116426,0.0331363597202182,31.722870378261963,0,0.0,0.0,1.1059424520187828,351110.01500003337,266011.18182621687,0,3819600.0,0.03375641203196413,0.0,3600.0,1881.17,9176400.0,0.05064501426254475,1.0,1.1059424520187828,815734.6543017852,2408963.299505175,0.0,0.0,0.9857270959711277,1.0,0.0,5.8246742267999995e-06,0.9857270959711277,20032.401838815626,0.0,80087.4736261451,100119.87546496073
2026-08-11 20:00:00+00:00,20011.01517560172,143.9133596116426,0.0331363597202182,30.667676449376387,0,0.0,0.0,1.105946819571497,351110.01500003337,266012.7729598981,0,3816000.0,0.03375641203196413,0.0,3600.0,1881.56,9172800.0,0.05064501429142676,1.0,1.105946819571497,815734.6543017852,2408963.299505175,0.0,0.0,0.9857326552406106,1.0,0.0,5.9814362376e-06,0.9857326552406106,20031.331693435684,0.0,80087.8344076554,100119.16610109109
2026-08-11 21:00:00+00:00,20009.9587198548,143.9133596116426,0.0331363597202182,29.611220702456844,0,0.0,0.0,1.1059511871414593,351110.01500003337,266014.2971683969,0,3812400.0,0.03375641203196413,0.0,3600.0,1883.81,9169200.0,0.050645014320331416,1.0,1.1059511871414593,815734.6543017852,2408963.299505175,0.0,0.0,0.9857382145414465,1.0,0.0,5.7298155839999995e-06,0.9857382145414465,20030.280343064784,0.0,80088.26212535653,100118.5424684213
2026-08-11 22:00:00+00:00,20008.903486669355,143.9133596116426,0.0331363597202182,28.555987517010212,0,0.0,0.0,1.1059555547286697,351110.01500003337,266015.8216251123,0,3808800.0,0.03375641203196413,0.0,3600.0,1881.63,9165600.0,0.05064501434925894,1.0,1.1059555547286697,815734.6543017852,2408963.299505175,0.0,0.0,0.9857437738736355,1.0,0.0,5.730715843200001e-06,0.9857437738736355,20029.182425863597,0.0,80088.68960584933,100117.87203171293
2026-08-11 23:00:00+00:00,20007.848158146546,143.9133596116426,0.0331363597202182,27.500658994201014,0,0.0,0.0,1.1059599223331287,351110.01500003337,266017.34633010405,0,3805200.0,0.03375641203196413,0.0,3600.0,1881.8,9162000.0,0.05064501437820912,1.0,1.1059599223331287,815734.6543017852,2408963.299505175,0.0,0.0,0.9857493332371778,1.0,0.0,5.7316163112000004e-06,0.9857493332371778,20028.109760515123,0.0,80089.11684907437,100117.2266095895
2026-08-12 00:00:00+00:00,20033.8734774985,143.9133596116426,0.0331363597202182,53.525978346154496,0,0.0,0.0,1.1059642899548356,351110.01500003337,266018.8712834348,0,3801600.0,0.03375641203196413,0.0001,3600.0,1881.73,9158400.0,0.0506450144071815,1.0,1.1059642899548356,815734.6543017852,2408963.299505175,0.0,0.0,0.9857548926320738,1.0,0.0,5.7325169988e-06,0.9857548926320738,20054.115157909375,0.0,80089.54385496891,100143.65901287828
2026-08-12 01:00:00+00:00,20032.816842293014,143.9133596116426,0.0331363597202182,52.46934314067012,0,0.0,0.0,1.1059686575937915,351110.01500003337,266020.3964851642,0,3798000.0,0.03375641203196413,0.0,3600.0,1884.13,9154800.0,0.050645014436177416,1.0,1.1059686575937915,815734.6543017852,2408963.299505175,0.0,0.0,0.9857604520583233,1.0,0.0,5.7334178952e-06,0.9857604520583233,20053.065146684537,0.0,80089.9706234734,100143.03577015793
2026-08-12 02:00:00+00:00,20031.760364113772,143.9133596116426,0.0331363597202182,51.412864961429975,0,0.0,0.0,1.1059730283619278,351110.01500003337,266021.7067629357,0,3794400.0,0.03375641203196413,0.0,3600.0,1883.85,9151200.0,0.05061867908854922,1.0,1.1059730283619278,815593.6761704516,2411641.36314993,0.0,0.0,0.985773181791258,1.0,0.0,4.9254664752e-06,0.985773181791258,20051.98646955743,0.0,80093.1298824235,100145.11635198092
2026-08-12 03:00:00+00:00,20030.70280918314,143.9133596116426,0.0331363597202182,50.355310030800844,0,0.0,0.0,1.1059773960353931,351110.01500003337,266023.01708610984,0,3790800.0,0.03375641203196413,0.0,3600.0,1885.77,9147600.0,0.05061867911757445,1.0,1.1059773960353931,815593.6761704516,2411641.36314993,0.0,0.0,0.98577873849991,1.0,0.0,4.9256128871999995e-06,0.98577873849991,20050.930319448136,0.0,80093.77057530754,100144.70089475568
2026-08-12 04:00:00+00:00,20029.64366155775,143.9133596116426,0.0331363597202182,49.296162405408836,0,0.0,0.0,1.1059817639495177,351110.01500003337,266024.3274226192,0,3787200.0,0.03375641203196413,0.0,3600.0,1888.61,9144000.0,0.05061678852514473,1.0,1.1059817639495177,815535.9146509076,2411692.8503116877,0.0,0.0,0.9857848096049672,1.0,0.0,4.9256387532e-06,0.9857848096049672,20049.88239643793,0.0,80094.59186458582,100144.47426102374
2026-08-12 05:00:00+00:00,20028.58334184361,143.9133596116426,0.0331363597202182,48.235842691265276,0,0.0,0.0,1.1059861335494108,351110.01500003337,266025.6377709057,0,3783600.0,0.03375641203196413,0.0,3600.0,1890.7,9140400.0,0.05060077824831333,1.0,1.1059861335494108,815046.8888425031,2412128.758157341,0.0,0.0,0.9857947203200366,1.0,0.0,4.925658761999999e-06,0.9857947203200366,20048.825213964567,0.0,80096.76126761606,100145.58648158063
2026-08-12 06:00:00+00:00,20027.525192456484,143.9133596116426,0.0331363597202182,47.17769330414014,0,0.0,0.0,1.1059905012746303,351110.01500003337,266026.94813020225,0,3780000.0,0.03375641203196413,0.0,3600.0,1886.83,9136800.0,0.05060077827739695,1.0,1.1059905012746303,815046.8888425031,2412128.758157341,0.0,0.0,0.9858002752326744,1.0,0.0,4.925675887199999e-06,0.9858002752326744,20047.706412070667,0.0,80097.40129377908,100145.10770584975
2026-08-12 07:00:00+00:00,20026.46480544538,143.9133596116426,0.0331363597202182,46.11730629303477,0,0.0,0.0,1.1059948690170986,351110.01500003337,266028.25850008,0,3776400.0,0.03375641203196413,0.0,3600.0,1890.82,9133200.0,0.050600778306504335,1.0,1.1059948690170986,815046.8888425031,2412128.758157341,0.0,0.0,0.9858058301766138,1.0,0.0,4.925691399600001e-06,0.9858058301766138,20046.669440582096,0.0,80098.04132035124,100144.71076093335
2026-08-12 08:00:00+00:00,20045.23439794509,143.9133596116426,0.0331363597202182,64.88689879274357,0,0.0,0.0,1.1059991195367844,351110.01500003337,266029.5688820291,0,3772800.0,0.03375641203196413,7.29e-05,3600.0,1890.1,9129600.0,0.05159336231865663,1.0,1.1059991195367844,845743.671337925,2384776.962203985,0.0,0.0,0.9855419190875272,1.0,0.0,4.925712513599999e-06,0.9855419190875272,20065.4120858969,0.0,80004.06911195425,100069.48119785114
2026-08-12 09:00:00+00:00,20044.16599698745,143.9133596116426,0.0331363597202182,63.81849783510246,0,0.0,0.0,1.1060034780903376,351110.01500003337,266030.8792774174,0,3769200.0,0.03375641203196413,0.0,3600.0,1905.11,9126000.0,0.051671485665282235,1.0,1.1060034780903376,845743.671337925,2375717.6836588765,0.0,0.0,0.9855263921094232,1.0,0.0,4.9257387684000004e-06,0.9855263921094232,20064.484517183322,0.0,79997.30703905097,100061.7915562343
2026-08-12 10:00:00+00:00,20043.09580144416,143.9133596116426,0.0331363597202182,62.74830229181305,0,0.0,0.0,1.1060078458840539,351110.01500003337,266032.1896870648,0,3765600.0,0.03375641203196413,0.0,3600.0,1908.31,9122400.0,0.051671485695090835,1.0,1.1060078458840539,845743.671337925,2375717.6836588765,0.0,0.0,0.9855320601082548,1.0,0.0,4.9257681048e-06,0.9855320601082548,20063.429011501557,0.0,79997.98672055831,100061.41573205988
2026-08-12 11:00:00+00:00,20042.021927000293,143.9133596116426,0.0331363597202182,61.6744278479446,0,0.0,0.0,1.106012234543388,351110.01500003337,266033.5001133456,0,3762000.0,0.03375641203196413,0.0,3600.0,1914.87,9118800.0,0.05149489855995948,1.0,1.106012234543388,840232.3113554715,2380629.240880636,0.0,0.0,0.9855855834769455,1.0,0.0,4.9258063656000005e-06,0.9855855834769455,20062.40552859295,0.0,80015.46888506133,100077.87441365428
2026-08-12 12:00:00+00:00,20040.95045281473,143.9133596116426,0.0331363597202182,60.60295366238076,0,0.0,0.0,1.1060166023716846,351110.01500003337,266034.80796699703,0,3758400.0,0.03375641203196413,0.0,3600.0,1910.59,9115200.0,0.05149489858971035,1.0,1.1060166023716846,840232.3113554715,2380629.240880636,0.0,0.0,0.9855912329229101,1.0,0.0,4.916111828400001e-06,0.9855912329229101,20061.269031990483,0.0,80016.1446084673,100077.41364045777
2026-08-12 13:00:00+00:00,20039.884704479,143.9133596116426,0.0331363597202182,59.53720532665107,0,0.0,0.0,1.1060209702172306,351110.01500003337,266036.6728050359,0,3754800.0,0.03375641203196413,0.0,3600.0,1900.38,9111600.0,0.05149489861948431,1.0,1.1060209702172306,840232.3113554715,2380629.240880636,0.0,0.0,0.9855968824012579,1.0,0.0,7.009727475599999e-06,0.9855968824012579,20060.075344983372,0.0,80016.26335885585,100076.33870383922
2026-08-12 14:00:00+00:00,20038.826594348437,143.9133596116426,0.0331363597202182,58.47909519608699,0,0.0,0.0,1.1060253380800262,351110.01500003337,266038.50170027534,0,3751200.0,0.03375641203196413,0.0,3600.0,1886.76,9108000.0,0.051494898649282694,1.0,1.1060253380800262,840232.3113554715,2380629.240880636,0.0,0.0,0.9856025319119887,1.0,0.0,6.874574598e-06,0.9856025319119887,20058.853309285463,0.0,80016.41806341388,100075.27137269934
2026-08-12 15:00:00+00:00,20037.765747474758,143.9133596116426,0.0331363597202182,57.418248322409234,0,0.0,0.0,1.106029719439524,351110.01500003337,266040.26372926094,0,3747600.0,0.0331363597202182,0.0,3600.0,1891.64,9104400.0,0.05138074434271367,1.0,1.106029719439524,836682.3954157663,2383792.939217732,0.0,0.0,0.985639074779758,1.0,0.0,6.6231885204e-06,0.985639074779758,20037.765747474758,0.0,80027.48660127888,100065.25234875364
2026-08-12 16:00:00+00:00,20052.279096834747,143.9133596116426,0.0331363597202182,71.93159768239866,0,0.0,0.0,1.1060340583114388,351110.01500003337,266041.59643648996,0,3744000.0,0.0331363597202182,5.726e-05,3600.0,1889.84,9100800.0,0.0516265684014614,1.0,1.1060340583114388,844339.6621540525,2376970.0232822374,0.0,0.0,0.9855782168163182,1.0,0.0,5.0094067428e-06,0.9855782168163182,20052.279096834747,0.0,80004.78605359368,100057.06515042842
2026-08-12 17:00:00+00:00,20051.220683867854,143.9133596116426,0.0331363597202182,70.87318471550643,0,0.0,0.0,1.106038435817982,351110.01500003337,266042.90948999266,0,3740400.0,0.0331363597202182,0.0,3600.0,1887.3,9097200.0,0.0515453247066171,1.0,1.106038435817982,841803.925906712,2379229.7878336194,0.0,0.0,0.9856058459861268,1.0,0.0,4.9355073792e-06,0.9856058459861268,20051.220683867854,0.0,80013.17387831688,100064.39456218474
2026-08-12 18:00:00+00:00,20050.16372339372,143.9133596116426,0.0331363597202182,69.81622424137329,0,0.0,0.0,1.106042803749752,351110.01500003337,266044.2225645568,0,3736800.0,0.0331363597202182,0.0,3600.0,1884.71,9093600.0,0.051545324736539166,1.0,1.106042803749752,841803.925906712,2379229.7878336194,0.0,0.0,0.9856115009438121,1.0,0.0,4.9355621856e-06,0.9856115009438121,20050.16372339372,0.0,80013.84631603048,100064.0100394242
2026-08-12 19:00:00+00:00,20049.11018384848,143.9133596116426,0.0331363597202182,68.76268469613225,0,0.0,0.0,1.1060471716990614,351110.01500003337,266045.53565873177,0,3733200.0,0.0331363597202182,0.0,3600.0,1878.61,9090000.0,0.05154532231285147,1.0,1.1060471716990614,841803.8498383259,2379229.857245901,0.0,0.0,0.9856171565968418,1.0,0.0,4.935611538e-06,0.9856171565968418,20049.11018384848,0.0,80014.51897827559,100063.62916212407
2026-08-12 20:00:00+00:00,20048.052544796647,143.9133596116426,0.0331363597202182,67.70504564430085,0,0.0,0.0,1.106051539665331,351110.01500003337,266047.47824420274,0,3729600.0,0.0331363597202182,0.0,3600.0,1885.92,9086400.0,0.051545322342821276,1.0,1.106051539665331,841803.8498383259,2379229.857245901,0.0,0.0,0.9856228116191597,1.0,0.0,7.301676286799999e-06,0.9856228116191597,20048.052544796647,0.0,80014.56192777544,100062.6144725721
2026-08-12 21:00:00+00:00,20046.999801598788,143.9133596116426,0.0331363597202182,66.65230244644125,0,0.0,0.0,1.10605590764885,351110.01500003337,266048.7705567964,0,3726000.0,0.0331363597202182,0.0,3600.0,1877.19,9082800.0,0.05154532237281484,1.0,1.10605590764885,841803.8498383259,2379229.857245901,0.0,0.0,0.9856284666739235,1.0,0.0,4.8574392192e-06,0.9856284666739235,20046.999801598788,0.0,80015.25516154477,100062.25496314355
2026-08-12 22:00:00+00:00,20045.946856510043,143.9133596116426,0.0331363597202182,65.59935735769622,0,0.0,0.0,1.1060602756496198,351110.01500003337,266050.3114979091,0,3722400.0,0.0331363597202182,0.0,3600.0,1877.55,9079200.0,0.05154532240283238,1.0,1.1060602756496198,841803.8498383259,2379229.857245901,0.0,0.0,0.9856341217611334,1.0,0.0,5.7919329864e-06,0.9856341217611334,20045.946856510043,0.0,80015.6997781872,100061.64663469724
2026-08-12 23:00:00+00:00,20044.89321041128,143.9133596116426,0.0331363597202182,64.54571125893231,0,0.0,0.0,1.1060646436676385,351110.01500003337,266051.7741824092,0,3718800.0,0.0331363597202182,0.0,3600.0,1878.8,9075600.0,0.051545322432873686,1.0,1.1060646436676385,841803.8498383259,2379229.857245901,0.0,0.0,0.9856397768807895,1.0,0.0,5.4977589432000005e-06,0.9856397768807895,20044.89321041128,0.0,80016.22266283433,100061.11587324561
2026-08-13 00:00:00+00:00,20057.952948392056,143.9133596116426,0.0331363597202182,77.60544923971054,0,0.0,0.0,1.106069011702908,351110.01500003337,266053.15478158934,0,3715200.0,0.0331363597202182,5.218e-05,3600.0,1879.48,9072000.0,0.051545322462938525,1.0,1.106069011702908,841803.8498383259,2379229.857245901,0.0,0.0,0.9856454320328923,1.0,0.0,5.1891989904e-06,0.9856454320328923,20057.952948392056,0.0,80016.82764419384,100074.78059258588
2026-08-13 01:00:00+00:00,20056.90008181643,143.9133596116426,0.0331363597202182,76.55258266408761,0,0.0,0.0,1.1060734343598762,351110.01500003337,266054.46952909336,0,3711600.0,0.0331363597202182,0.0,3600.0,1877.41,9068400.0,0.0510829628478795,1.0,1.1060734343598762,827470.8882558957,2392004.7151790876,0.0,0.0,0.9857757457902736,1.0,0.0,4.9416600852e-06,0.9857757457902736,20056.90008181643,0.0,80061.26736199867,100118.16744381511
2026-08-13 02:00:00+00:00,20055.84505612995,143.9133596116426,0.0331363597202182,75.49755697760656,0,0.0,0.0,1.1060778460575276,351110.01500003337,266055.784286623,0,3708000.0,0.0331363597202182,0.0,3600.0,1881.26,9064800.0,0.050713696014744514,1.0,1.1060778460575276,816142.7970060774,2402102.568954029,0.0,0.0,0.9858809234431296,1.0,0.0,4.9416733476000005e-06,0.9858809234431296,20055.84505612995,0.0,80096.881531741,100152.72658787096
2026-08-13 03:00:00+00:00,20054.786979647866,143.9133596116426,0.0331363597202182,74.4394804955234,0,0.0,0.0,1.1060822141449351,351110.01500003337,266057.0990625534,0,3704400.0,0.0331363597202182,0.0,3600.0,1886.7,9061200.0,0.050713696044383694,1.0,1.1060822141449351,816142.7970060774,2402102.568954029,0.0,0.0,0.9858864909369407,1.0,0.0,4.9417180884e-06,0.9858864909369407,20054.786979647866,0.0,80097.52155864611,100152.30853829398
2026-08-13 04:00:00+00:00,20053.72614399035,143.9133596116426,0.0331363597202182,73.37864483800595,0,0.0,0.0,1.106086582249593,351110.01500003337,266058.4138488975,0,3700800.0,0.040497545132027905,0.0,3600.0,1891.62,9057600.0,0.050713696074045966,1.0,1.106086582249593,816142.7970060774,2402102.568954029,0.0,0.0,0.9858920584621929,1.0,0.0,4.9417328088e-06,0.9858920584621929,20288.890650554615,0.0,80098.16158617678,100387.0522367314
2026-08-13 05:00:00+00:00,20052.6633679371,143.9133596116426,0.0331363597202182,72.31586878475628,0,0.0,0.0,1.1060909548316633,351110.01500003337,266059.7286460501,0,3697200.0,0.040497545132027905,0.0,3600.0,1895.08,9054000.0,0.05067595281634518,1.0,1.1060909548316633,814990.9095813324,2403129.3579849917,0.0,0.0,0.9859077939143956,1.0,0.0,4.9417490124e-06,0.9859077939143956,20288.02884093105,0.0,80102.37166388315,100390.4005048142
2026-08-13 06:00:00+00:00,20051.59913939109,143.9133596116426,0.0331363597202182,71.2516402387475,0,0.0,0.0,1.1060953271377814,351110.01500003337,266061.04345366545,0,3693600.0,0.040497545132027905,0.0,3600.0,1897.67,9050400.0,0.05064069224693046,1.0,1.1060953271377814,813680.4437023092,2403392.5356288045,0.0,0.0,0.9859228532871072,1.0,0.0,4.9417639164e-06,0.9859228532871072,20287.05679475999,0.0,80106.34435284644,100393.40114760643
2026-08-13 07:00:00+00:00,20050.53662130953,143.9133596116426,0.0331363597202182,70.18912215718476,0,0.0,0.0,1.1060998270809492,351110.01500003337,266062.35827434895,0,3690000.0,0.040497545132027905,0.0,3600.0,1894.62,9046800.0,0.04952612967407144,1.0,1.1060998270809492,780224.4700720479,2433291.455658772,0.0,0.0,0.9862286615239069,1.0,0.0,4.9417886124e-06,0.9862286615239069,20285.38671905091,0.0,80212.4018667728,100497.7885858237
2026-08-13 08:00:00+00:00,20072.64933647938,143.9133596116426,0.0331363597202182,92.30183732703316,0,0.0,0.0,1.1061041961645315,351110.01500003337,266063.74904449825,0,3686400.0,0.040497545132027905,8.523e-05,3600.0,1889.18,9043200.0,0.04951844302994912,1.0,1.1061041961645315,779996.9842129814,2433494.3022899977,0.0,0.0,0.9862361749609179,1.0,0.0,5.2272201275999996e-06,0.9862361749609179,20306.596647741328,0.0,80213.64913960517,100520.2457873465
2026-08-13 09:00:00+00:00,20071.5899589227,143.9133596116426,0.0331363597202182,91.24245977035496,0,0.0,0.0,1.106108565034466,351110.01500003337,266065.42325224704,0,3682800.0,0.03810721047466143,0.0,3600.0,1889.02,9039600.0,0.049512708204305866,1.0,1.106108565034466,779827.2928491943,2433645.61373229,0.0,0.0,0.9862431610717184,1.0,0.0,6.2924862456e-06,0.9862431610717184,20229.40192096917,0.0,80214.42782532435,100443.82974629352
2026-08-13 10:00:00+00:00,20070.534355603966,143.9133596116426,0.0331363597202182,90.18685645161835,0,0.0,0.0,1.106112892903753,351110.01500003337,266066.553427516,0,3679200.0,0.03810721047466143,0.0,3600.0,1882.29,9036000.0,0.04985373773307877,1.0,1.106112892903753,789963.3014084238,2424609.3917474872,0.0,0.0,0.9861567961816415,1.0,0.0,4.247725446e-06,0.9861567961816415,20227.630367641003,0.0,80182.97407220502,100410.60443984602
2026-08-13 11:00:00+00:00,20069.48032815575,143.9133596116426,0.0331363597202182,89.13282900340418,0,0.0,0.0,1.1061172611295667,351110.01500003337,266067.84015550965,0,3675600.0,0.03810721047466143,0.0,3600.0,1879.48,9032400.0,0.049853737762389994,1.0,1.1061172611295667,789963.3014084238,2424609.3917474872,0.0,0.0,0.9861622730580669,1.0,0.0,4.836101590800001e-06,0.9861622730580669,20226.188332637266,0.0,80183.6103303752,100409.79866301247
2026-08-13 12:00:00+00:00,20068.42148336669,143.9133596116426,0.0331363597202182,88.07398421434033,0,0.0,0.0,1.1061216293812473,351110.01500003337,266069.1639629813,0,3672000.0,0.03810721047466143,0.0,3600.0,1888.07,9028800.0,0.049853664937617115,1.0,1.1061216293812473,789961.1264411175,2424611.330963059,0.0,0.0,0.9861677695578439,1.0,0.0,4.9754385108000006e-06,0.9861677695578439,20225.691521851422,0.0,80184.21639902273,100409.90792087415
2026-08-13 13:00:00+00:00,20067.36176371712,143.9133596116426,0.0331363597202182,87.01426456477292,0,0.0,0.0,1.1061260128917403,351110.01500003337,266070.43204417033,0,3668400.0,0.03810721047466143,0.0,3600.0,1889.63,9025200.0,0.04972472851129184,1.0,1.1061260128917403,786118.428970747,2428037.630833281,0.0,0.0,0.9862079109687134,1.0,0.0,4.7659719311999994e-06,0.9862079109687134,20224.607431378125,0.0,80197.0423692062,100421.64980058433
2026-08-13 14:00:00+00:00,20066.300361643505,143.9133596116426,0.0331363597202182,85.95286249116022,0,0.0,0.0,1.1061305273869757,351110.01500003337,266071.7791713285,0,3664800.0,0.03810721047466143,0.0,3600.0,1892.63,9021600.0,0.04848930346059954,1.0,1.1061305273869757,749963.8521852713,2460296.459502218,0.0,0.0,0.9865456646023719,1.0,0.0,5.063034391199999e-06,0.9865456646023719,20223.64111577714,0.0,80314.28392542817,100537.92504120531
2026-08-13 15:00:00+00:00,20065.246496829615,143.9133596116426,0.0331363597202182,84.89899767727043,0,0.0,0.0,1.1061349010791515,351110.01500003337,266073.11691662396,0,3661200.0,0.03810721047466143,0.0,3600.0,1879.19,9018000.0,0.04844373341081454,1.0,1.1061349010791515,748653.0259871702,2461465.6490495196,0.0,0.0,0.9865632588886816,1.0,0.0,5.027748289199999e-06,0.9865632588886816,20221.316477016702,0.0,80319.12371026282,100540.44018727953
2026-08-13 16:00:00+00:00,20080.1694170326,143.9133596116426,0.0331363597202182,99.82191788025692,0,0.0,0.0,1.1061392693918792,351110.01500003337,266074.4234065413,0,3657600.0,0.03810721047466143,5.923e-05,3600.0,1873.99,9014400.0,0.04844373343939101,1.0,1.1061392693918792,748653.0259871702,2461465.6490495196,0.0,0.0,0.9865685866642601,1.0,0.0,4.910254462799999e-06,0.9865685866642601,20235.654491733705,0.0,80319.68785570876,100555.34234744246
2026-08-13 17:00:00+00:00,20079.11731315588,143.9133596116426,0.0331363597202182,98.76981400353452,0,0.0,0.0,1.1061436411521504,351110.01500003337,266075.9450862966,0,3654000.0,0.03810721047466143,0.0,3600.0,1876.05,9010800.0,0.04841476923409194,1.0,1.1061436411521504,747820.725188336,2462208.0280034356,0.0,0.0,0.9865817022006962,1.0,0.0,5.7189841272e-06,0.9865817022006962,20234.620101476172,0.0,80322.77117214829,100557.39127362447
2026-08-13 18:00:00+00:00,20078.060391938307,143.9133596116426,0.0331363597202182,97.71289278596245,0,0.0,0.0,1.1061480094993943,351110.01500003337,266077.3766006065,0,3650400.0,0.03810721047466143,0.0,3600.0,1884.64,9007200.0,0.04841476926269639,1.0,1.1061480094993943,747820.725188336,2462208.0280034356,0.0,0.0,0.9865870269644911,1.0,0.0,5.3800822116e-06,0.9865870269644911,20234.121285433182,0.0,80323.2092357343,100557.33052116749
2026-08-13 19:00:00+00:00,20077.002360320865,143.9133596116426,0.0331363597202182,96.65486116852048,0,0.0,0.0,1.106152377863889,351110.01500003337,266078.774459827,0,3646800.0,0.03810721047466143,0.0,3600.0,1886.62,9003600.0,0.04841476929132371,1.0,1.106152377863889,747820.725188336,2462208.0280034356,0.0,0.0,0.9865923517570248,1.0,0.0,5.25356784e-06,0.9865923517570248,20233.073143259677,0.0,80323.68096450018,100556.75410775986
2026-08-13 20:00:00+00:00,20075.945085794243,143.9133596116426,0.0331363597202182,95.5975866418989,0,0.0,0.0,1.1061567462456354,351110.01500003337,266080.17241117684,0,3643200.0,0.03810721047466143,0.0,3600.0,1885.27,9000000.0,0.04841476931997435,1.0,1.1061567462456354,747820.725188336,2462208.0280034356,0.0,0.0,0.9865976765782972,1.0,0.0,5.253886486800001e-06,0.9865976765782972,20231.75023222584,0.0,80324.15261122718,100555.90284345302
2026-08-13 21:00:00+00:00,20074.88635316678,143.9133596116426,0.0331363597202182,94.53885401443806,0,0.0,0.0,1.1061611146446335,351110.01500003337,266081.54771900375,0,3639600.0,0.03810721047466143,0.0,3600.0,1887.87,8996400.0,0.04841476934864786,1.0,1.1061611146446335,747820.725188336,2462208.0280034356,0.0,0.0,0.9866030014283087,1.0,0.0,5.16875895e-06,0.9866030014283087,20230.75220249153,0.0,80324.64691156766,100555.3991140592
2026-08-13 22:00:00+00:00,20073.82730087875,143.9133596116426,0.0331363597202182,93.47980172640862,0,0.0,0.0,1.106165483060883,351110.01500003337,266082.8486409497,0,3636000.0,0.03810721047466143,0.0,3600.0,1888.44,8992800.0,0.04841476937734468,1.0,1.106165483060883,747820.725188336,2462208.0280034356,0.0,0.0,0.9866083263070594,1.0,0.0,4.889173176000001e-06,0.9866083263070594,20229.585993872788,0.0,80325.21560787974,100554.80160175252
2026-08-13 23:00:00+00:00,20072.769959055167,143.9133596116426,0.0331363597202182,92.42245990282522,0,0.0,0.0,1.106169851494384,351110.01500003337,266084.14946703543,0,3632400.0,0.03810721047466143,0.0,3600.0,1885.39,8989200.0,0.04841476940606393,1.0,1.106169851494384,747820.725188336,2462208.0280034356,0.0,0.0,0.9866136512145495,1.0,0.0,4.8887890092e-06,0.9866136512145495,20228.1231203337,0.0,80325.78441014275,100553.90753047646
2026-08-14 00:00:00+00:00,20079.041553680305,143.9133596116426,0.0331363597202182,98.69405452796147,0,0.0,0.0,1.106174219945137,351110.01500003337,266085.5452336795,0,3628800.0,0.03810721047466143,2.697e-05,3600.0,1888.73,8985600.0,0.04841476943480583,1.0,1.106174219945137,747820.725188336,2462208.0280034356,0.0,0.0,0.9866189761507792,1.0,0.0,5.2455698172e-06,0.9866189761507792,20234.515685478953,0.0,80326.25828193815,100560.7739674171
2026-08-14 01:00:00+00:00,20077.982417271072,143.9133596116426,0.0331363597202182,97.63491811872976,0,0.0,0.0,1.1061785884131414,351110.01500003337,266086.9410897748,0,3625200.0,0.03810721047466143,0.0,3600.0,1888.59,8982000.0,0.048414769463571705,1.0,1.1061785884131414,747820.725188336,2462208.0280034356,0.0,0.0,0.9866243011157484,1.0,0.0,5.2458784740000005e-06,0.9866243011157484,20233.290795946257,0.0,80326.73207437311,100560.02287031937
2026-08-14 02:00:00+00:00,20076.924873556603,143.9133596116426,0.0331363597202182,96.57737440426092,0,0.0,0.0,1.1061829568983974,351110.01500003337,266088.3153529325,0,3621600.0,0.03810721047466143,0.0,3600.0,1885.75,8978400.0,0.048414769492360454,1.0,1.1061829568983974,747820.725188336,2462208.0280034356,0.0,0.0,0.9866296261094574,1.0,0.0,5.1647014440000004e-06,0.9866296261094574,20231.84570770804,0.0,80327.22746983642,100559.07317754446
2026-08-14 03:00:00+00:00,20075.869292670188,143.9133596116426,0.0331363597202182,95.52179351784493,0,0.0,0.0,1.1061873254009058,351110.01500003337,266089.6305413158,0,3618000.0,0.03810721047466143,0.0,3600.0,1882.25,8974800.0,0.04841476952117185,1.0,1.1061873254009058,747820.725188336,2462208.0280034356,0.0,0.0,0.9866349511319065,1.0,0.0,4.9426639848e-06,0.9866349511319065,20230.348878779118,0.0,80327.78195016505,100558.13082894417
2026-08-14 04:00:00+00:00,20074.812780842465,143.9133596116426,0.0331363597202182,94.46528169012387,0,0.0,0.0,1.106191698901755,351110.01500003337,266090.9852357529,0,3614400.0,0.03810721047466143,0.0,3600.0,1883.91,8971200.0,0.04837271415863831,1.0,1.106191698901755,746613.6591839337,2463285.3455232903,0.0,0.0,0.9866515352528283,1.0,0.0,5.0911077816000005e-06,0.9866515352528283,20229.27475949469,0.0,80332.25010667363,100561.52486616831
2026-08-14 05:00:00+00:00,20073.756734485396,143.9133596116426,0.0331363597202182,93.40923533305535,0,0.0,0.0,1.1061960674387872,351110.01500003337,266092.30051518854,0,3610800.0,0.03810721047466143,0.0,3600.0,1883.08,8967600.0,0.04837271418747058,1.0,1.1061960674387872,746613.6591839337,2463285.3455232903,0.0,0.0,0.9866568558753958,1.0,0.0,4.9429565748e-06,0.9866568558753958,20227.99688253888,0.0,80332.80295110744,100560.79983364632
2026-08-14 06:00:00+00:00,20072.707036475058,143.9133596116426,0.0331363597202182,92.35953732271773,0,0.0,0.0,1.1062004359930708,351110.01500003337,266093.61580112553,0,3607200.0,0.03810721047466143,0.0,3600.0,1871.76,8964000.0,0.04837271421632594,1.0,1.1062004359930708,746613.6591839337,2463285.3455232903,0.0,0.0,0.9866621765266552,1.0,0.0,4.9429565748e-06,0.9866621765266552,20225.867126589204,0.0,80333.35579911392,100559.22292570313
2026-08-14 07:00:00+00:00,20071.657013196073,143.9133596116426,0.0331363597202182,91.30951404373134,0,0.0,0.0,1.106204804564607,351110.01500003337,266094.93112530536,0,3603600.0,0.03810721047466143,0.0,3600.0,1872.34,8960400.0,0.048372714245204174,1.0,1.106204804564607,746613.6591839337,2463285.3455232903,0.0,0.0,0.9866674972066068,1.0,0.0,4.9430758608e-06,0.9866674972066068,20224.711661095345,0.0,80333.90861895174,100558.6202800471
2026-08-14 08:00:00+00:00,20068.77986577417,143.9133596116426,0.0331363597202182,88.43236662182872,0,0.0,0.0,1.1062091986328075,351110.01500003337,266096.24449106347,0,3600000.0,0.03810721047466143,-6.75e-06,3600.0,1877.76,8956800.0,0.04815762109308319,1.0,1.1062091986328075,740461.1543628933,2468773.5400489,0.0,0.0,0.9867303205279062,1.0,0.0,4.935691602000001e-06,0.9867303205279062,20222.124227832603,0.0,80354.65315047739,100576.77737830998
2026-08-14 09:00:00+00:00,20067.729864927504,143.9133596116426,0.0331363597202182,87.38236577516294,0,0.0,0.0,1.1062135672389486,351110.01500003337,266097.6193878059,0,3596400.0,0.03655125581522055,0.0,3600.0,1872.3,8953200.0,0.048157621121876604,1.0,1.1062135672389486,740461.1543628933,2468773.5400489,0.0,0.0,0.9867356184625847,1.0,0.0,5.166901897200001e-06,0.9867356184625847,20172.663670892627,0.0,80355.1384116594,100527.80208255202
2026-08-14 10:00:00+00:00,20066.678237737593,143.9133596116426,0.0331363597202182,86.33073858525339,0,0.0,0.0,1.1062179469721392,351110.01500003337,266099.0302789703,0,3592800.0,0.03655125581522055,0.0,3600.0,1875.2,8949600.0,0.048063848557615474,1.0,1.1062179469721392,737790.3108036261,2471156.081711554,0.0,0.0,0.9867659702729744,1.0,0.0,5.302142225999999e-06,0.9867659702729744,20171.669373829038,0.0,80364.38434509619,100536.05371892522
2026-08-14 11:00:00+00:00,20065.62541602661,143.9133596116426,0.0331363597202182,85.27791687427167,0,0.0,0.0,1.1062223164224347,351110.01500003337,266100.539315721,0,3589200.0,0.03655125581522055,0.0,3600.0,1877.33,8946000.0,0.04805701543528551,1.0,1.1062223164224347,737595.9596441494,2471329.4562901794,0.0,0.0,0.9867730833671909,1.0,0.0,5.670943146000001e-06,0.9867730833671909,20170.630488292518,0.0,80365.37278696254,100536.00327525506
2026-08-14 12:00:00+00:00,20064.5752861941,143.9133596116426,0.0331363597202182,84.22778704176241,0,0.0,0.0,1.1062266869882122,351110.01500003337,266101.984846983,0,3585600.0,0.03655125581522055,0.0,3600.0,1872.53,8942400.0,0.04804091342626471,1.0,1.1062266869882122,737244.5911133321,2472094.866189755,0.0,0.0,0.9867826697176099,1.0,0.0,5.4322600751999995e-06,0.9867826697176099,20169.206827357193,0.0,80367.29311933997,100536.49994669716
2026-08-14 13:00:00+00:00,20063.527096757323,143.9133596116426,0.0331363597202182,83.17959760498539,0,0.0,0.0,1.1062310786733909,351110.01500003337,266103.3474287992,0,3582000.0,0.03655125581522055,0.0,3600.0,1869.07,8938800.0,0.04784673027764974,1.0,1.1062310786733909,731738.6396006583,2477006.7530817124,0.0,0.0,0.9868397854200529,1.0,0.0,5.1205117032e-06,0.9868397854200529,20167.860445526516,0.0,80385.98443266528,100553.8448781918
2026-08-14 14:00:00+00:00,20062.48062900115,143.9133596116426,0.0331363597202182,82.13312984881472,0,0.0,0.0,1.1062354473659401,351110.01500003337,266105.20005863963,0,3578400.0,0.03655125581522055,0.0,3600.0,1866.0,8935200.0,0.04784673030636788,1.0,1.1062354473659401,731738.6396006583,2477006.7530817124,0.0,0.0,0.9868450505237225,1.0,0.0,6.9620446692e-06,0.9868450505237225,20166.537921907657,0.0,80385.98043345328,100552.51835536094
2026-08-14 15:00:00+00:00,20061.425906151,143.9133596116426,0.0331363597202182,81.07840699866182,0,0.0,0.0,1.1062397919285831,351110.01500003337,266106.4933433011,0,3574800.0,0.03655125581522055,0.0,3600.0,1880.72,8931600.0,0.04805050964576951,1.0,1.1062397919285831,737517.4752448384,2471851.876304535,0.0,0.0,0.9867959678410917,1.0,0.0,4.8600385056e-06,0.9867959678410917,20166.198547083255,0.0,80367.45372735703,100533.65227444029
2026-08-14 16:00:00+00:00,20062.22963021323,143.9133596116426,0.0331363597202182,81.88213106089414,0,0.0,0.0,1.1062441606555427,351110.01500003337,266107.8513464816,0,3571200.0,0.03655125581522055,6.86e-06,3600.0,1884.74,8928000.0,0.048050509674659736,1.0,1.1062441606555427,737517.4752448384,2471851.876304535,0.0,0.0,0.9868012546160708,1.0,0.0,5.1032190096e-06,0.9868012546160708,20167.120483745326,0.0,80367.9519638188,100535.07244756413
2026-08-14 17:00:00+00:00,20061.17648884168,143.9133596116426,0.0331363597202182,80.82898968934381,0,0.0,0.0,1.1062485293997546,351110.01500003337,266109.18831652286,0,3567600.0,0.03655125581522055,0.0,3600.0,1877.9,8924400.0,0.04805050970357372,1.0,1.1062485293997546,737517.4752448384,2471851.876304535,0.0,0.0,0.9868065414193739,1.0,0.0,5.0241534623999995e-06,0.9868065414193739,20165.581324951578,0.0,80368.47124336456,100534.05256831614
2026-08-14 18:00:00+00:00,20060.124945772972,143.9133596116426,0.0331363597202182,79.77744662063652,0,0.0,0.0,1.1062528981612196,351110.01500003337,266110.62020869437,0,3564000.0,0.03655125581522055,0.0,3600.0,1875.05,8920800.0,0.04805050973251124,1.0,1.1062528981612196,737517.4752448384,2471851.876304535,0.0,0.0,0.986811828251001,1.0,0.0,5.3808300575999995e-06,0.986811828251001,20164.266138477804,0.0,80368.89561072493,100533.16174920273
2026-08-14 19:00:00+00:00,20059.07067717731,143.9133596116426,0.0331363597202182,78.72317802497587,0,0.0,0.0,1.1062572669399378,351110.01500003337,266111.93889579526,0,3560400.0,0.03655125581522055,0.0,3600.0,1879.91,8917200.0,0.04805050976147163,1.0,1.1062572669399378,737517.4752448384,2471851.876304535,0.0,0.0,0.9868171151109525,1.0,0.0,4.9553972424e-06,0.9868171151109525,20163.37633087834,0.0,80369.43319310091,100532.80952397925
2026-08-14 20:00:00+00:00,20058.016644121017,143.9133596116426,0.0331363597202182,77.66914496868154,0,0.0,0.0,1.1062616357359087,351110.01500003337,266113.2512709254,0,3556800.0,0.03655125581522055,0.0,3600.0,1879.49,8913600.0,0.04805050979045533,1.0,1.1062616357359087,737517.4752448384,2471851.876304535,0.0,0.0,0.9868224019992285,1.0,0.0,4.931653572e-06,0.9868224019992285,20162.193552164943,0.0,80369.97709739272,100532.17064955767
2026-08-14 21:00:00+00:00,20056.963149440417,143.9133596116426,0.0331363597202182,76.61565028808171,0,0.0,0.0,1.1062660063269498,351110.01500003337,266114.6092440442,0,3553200.0,0.03655125581522055,0.0,3600.0,1878.53,8910000.0,0.04803550572172277,1.0,1.1062660063269498,737452.0960591871,2473443.925177393,0.0,0.0,0.9868316804888799,1.0,0.0,5.1029764488e-06,0.9868316804888799,20160.981457973226,0.0,80371.8768949146,100532.85835288782
2026-08-14 22:00:00+00:00,20055.909503341652,143.9133596116426,0.0331363597202182,75.5620041893178,0,0.0,0.0,1.106270375157434,351110.01500003337,266115.97247027315,0,3549600.0,0.03655125581522055,0.0,3600.0,1878.8,8906400.0,0.04803550575074467,1.0,1.106270375157434,737452.0960591871,2473443.925177393,0.0,0.0,0.9868369658424236,1.0,0.0,5.1226903368e-06,0.9868369658424236,20159.83735885952,0.0,80372.36940924765,100532.20676810716
2026-08-14 23:00:00+00:00,20054.85440475013,143.9133596116426,0.0331363597202182,74.5069055977948,0,0.0,0.0,1.1062747440051717,351110.01500003337,266117.33574818494,0,3546000.0,0.03655125581522055,0.0,3600.0,1881.39,8902800.0,0.048035505779789434,1.0,1.1062747440051717,737452.0960591871,2473443.925177393,0.0,0.0,0.9868422512242753,1.0,0.0,5.1228583055999996e-06,0.9868422512242753,20158.819980113807,0.0,80372.86188183707,100531.68186195088
2026-08-15 00:00:00+00:00,20067.693971064287,143.9133596116426,0.0331363597202182,87.34647191195191,0,0.0,0.0,1.1062791128701626,351110.01500003337,266118.690156196,0,3542400.0,0.03655125581522055,5.131e-05,3600.0,1881.7,8899200.0,0.04803550580885774,1.0,1.1062791128701626,737452.0960591871,2473443.925177393,0.0,0.0,0.9868475366344347,1.0,0.0,5.0895014436e-06,0.9868475366344347,20171.571110823083,0.0,80373.36323426635,100544.93434508942
2026-08-15 01:00:00+00:00,20066.637773289054,143.9133596116426,0.0331363597202182,86.2902741367193,0,0.0,0.0,1.106283481752407,351110.01500003337,266120.04722518864,0,3538800.0,0.03655125581522055,0.0,3600.0,1883.35,8895600.0,0.04803550583795024,1.0,1.106283481752407,737452.0960591871,2473443.925177393,0.0,0.0,0.9868528220729021,1.0,0.0,5.099474718e-06,0.9868528220729021,20170.50034068234,0.0,80373.86193565332,100544.36227633565
2026-08-15 02:00:00+00:00,20065.58108200277,143.9133596116426,0.0331363597202182,85.23358285043342,0,0.0,0.0,1.1062878507128684,351110.01500003337,266121.40433930524,0,3535200.0,0.03655125581522055,0.0,3600.0,1884.23,8892000.0,0.04803499136906919,1.0,1.1062878507128684,737452.0960591871,2473506.053138643,0.0,0.0,0.9868582441411529,1.0,0.0,5.0996182752e-06,0.9868582441411529,20169.38647130481,0.0,80374.40856400155,100543.79503530636
2026-08-15 03:00:00+00:00,20064.525669358758,143.9133596116426,0.0331363597202182,84.17817020642195,0,0.0,0.0,1.1062922196296197,351110.01500003337,266122.7552982591,0,3531600.0,0.03655125581522055,0.0,3600.0,1881.95,8888400.0,0.04803499139820855,1.0,1.1062922196296197,737452.0960591871,2473506.053138643,0.0,0.0,0.9868635295816638,1.0,0.0,5.0764632336e-06,0.9868635295816638,20168.099869414436,0.0,80374.91337614477,100543.01324555921
2026-08-15 04:00:00+00:00,20063.46932016536,143.9133596116426,0.0331363597202182,83.12182101302528,0,0.0,0.0,1.1062965748435734,351110.01500003337,266124.1212119063,0,3528000.0,0.03655125581522055,0.0,3600.0,1883.62,8884800.0,0.0480278763400146,1.0,1.1062965748435734,737247.8870334002,2473688.227477937,0.0,0.0,0.9868707026367884,1.0,0.0,5.1326318952000005e-06,0.9868707026367884,20167.02975571718,0.0,80376.06599398993,100543.0957497071
2026-08-15 05:00:00+00:00,20062.41509082626,143.9133596116426,0.0331363597202182,82.06759167392568,0,0.0,0.0,1.1063009583875099,351110.01500003337,266125.4871794811,0,3524400.0,0.03655125581522055,0.0,3600.0,1879.84,8881200.0,0.04802762713900388,1.0,1.1063009583875099,737242.6895027383,2473692.864184622,0.0,0.0,0.9868760534722039,1.0,0.0,5.1328081908e-06,0.9868760534722039,20165.66224211875,0.0,80376.57875831815,100542.2410004369
2026-08-15 06:00:00+00:00,20061.359997842817,143.9133596116426,0.0331363597202182,81.01249869048281,0,0.0,0.0,1.1063053273601935,351110.01500003337,266126.85320098506,0,3520800.0,0.03655125581522055,0.0,3600.0,1881.38,8877600.0,0.04802759199465467,1.0,1.1063053273601935,737241.6894448596,2473693.7563359747,0.0,0.0,0.986881347540372,1.0,0.0,5.13298449e-06,0.986881347540372,20164.58618288146,0.0,80377.07153716811,100541.65772004958
2026-08-15 07:00:00+00:00,20060.30590309764,143.9133596116426,0.0331363597202182,79.95840394530683,0,0.0,0.0,1.1063096963459633,351110.01500003337,266128.23492267844,0,3517200.0,0.03655125581522055,0.0,3600.0,1879.6,8874000.0,0.04802759202388396,1.0,1.1063096963459633,737241.6894448596,2473693.7563359747,0.0,0.0,0.9868866323092125,1.0,0.0,5.1919529724e-06,0.9868866323092125,20163.328976009325,0.0,80377.54535074154,100540.87432675087
2026-08-15 08:00:00+00:00,20071.047533601464,143.9133596116426,0.0331363597202182,90.70003444913179,0,0.0,0.0,1.1063140653489867,351110.01500003337,266129.61671446,0,3513600.0,0.03655125581522055,4.368e-05,3600.0,1876.16,8870400.0,0.04802759205313656,1.0,1.1063140653489867,737241.6894448596,2473693.7563359747,0.0,0.0,0.9868919171063532,1.0,0.0,5.1921893772e-06,0.9868919171063532,20173.7768006958,0.0,80378.01910416334,100551.79590485914
2026-08-15 09:00:00+00:00,20069.99346689669,143.9133596116426,0.0331363597202182,89.64596774435657,0,0.0,0.0,1.106318435151536,351110.01500003337,266130.95535722934,0,3510000.0,0.03655125581522055,0.0,3600.0,1879.55,8866800.0,0.048020990438269795,1.0,1.106318435151536,737054.0108549274,2473861.185243719,0.0,0.0,0.9868989498188625,1.0,0.0,5.0300279207999995e-06,0.9868989498188625,20172.802908088514,0.0,80379.14971718867,100551.95262527719
2026-08-15 10:00:00+00:00,20068.939013234383,143.9133596116426,0.0331363597202182,88.59151408205092,0,0.0,0.0,1.1063228041932778,351110.01500003337,266132.29402583325,0,3506400.0,0.03655125581522055,0.0,3600.0,1880.24,8863200.0,0.048020954961245144,1.0,1.1063228041932778,737053.0015458396,2473862.0856550443,0.0,0.0,0.9869042433694198,1.0,0.0,5.030099694e-06,0.9869042433694198,20171.68071242187,0.0,80379.6696672003,100551.35037962216
2026-08-15 11:00:00+00:00,20067.885501729543,143.9133596116426,0.0331363597202182,87.53800257721063,0,0.0,0.0,1.1063271732480664,351110.01500003337,266133.6767439499,0,3502800.0,0.03655125581522055,0.0,3600.0,1878.56,8859600.0,0.048020954990565023,1.0,1.1063271732480664,737053.0015458396,2473862.0856550443,0.0,0.0,0.9869095275473863,1.0,0.0,5.195590898400001e-06,0.9869095275473863,20170.43001086477,0.0,80380.14227688877,100550.57228775354
2026-08-15 12:00:00+00:00,20066.829500237116,143.9133596116426,0.0331363597202182,86.48200108478332,0,0.0,0.0,1.1063315424114126,351110.01500003337,266135.05953282345,0,3499200.0,0.03655125581522055,0.0,3600.0,1883.0,8856000.0,0.048020184516486264,1.0,1.1063315424114126,737031.0995656882,2473881.6246141307,0.0,0.0,0.9869150155120252,1.0,0.0,5.195829772800001e-06,0.9869150155120252,20169.510735468302,0.0,80380.68636736186,100550.19710283016
2026-08-15 13:00:00+00:00,20065.773616514372,143.9133596116426,0.0331363597202182,85.42611736203918,0,0.0,0.0,1.10633591150071,351110.01500003337,266136.44239245873,0,3495600.0,0.03655125581522055,0.0,3600.0,1882.79,8852400.0,0.048020184545854105,1.0,1.10633591150071,737031.0995656882,2473881.6246141307,0.0,0.0,0.9869202996648397,1.0,0.0,5.1960686616e-06,0.9869202996648397,20168.337772957104,0.0,80381.15882670059,100549.4965996577
2026-08-15 14:00:00+00:00,20064.71779448051,143.9133596116426,0.0331363597202182,84.3702953281767,0,0.0,0.0,1.106340280607261,351110.01500003337,266137.7696804589,0,3492000.0,0.03655125581522055,0.0,3600.0,1882.68,8848800.0,0.04802018457524482,1.0,1.106340280607261,737031.0995656882,2473881.6246141307,0.0,0.0,0.9869255838459469,1.0,0.0,4.9872339108e-06,0.9869255838459469,20167.17033754325,0.0,80381.68686760822,100548.85720515148
2026-08-15 15:00:00+00:00,20063.661181707346,143.9133596116426,0.0331363597202182,83.31368255501293,0,0.0,0.0,1.1063446498480523,351110.01500003337,266139.09699387744,0,3488400.0,0.03655125581522055,0.0,3600.0,1884.09,8845200.0,0.048019197388076584,1.0,1.1063446498480523,737003.0384530554,2473906.658280711,0.0,0.0,0.9869311288092628,1.0,0.0,4.9873045464e-06,0.9869311288092628,20166.084754514744,0.0,80382.30644634267,100548.39120085741
2026-08-15 16:00:00+00:00,20078.723862296236,143.9133596116426,0.0331363597202182,98.3763631439017,0,0.0,0.0,1.106349018989113,351110.01500003337,266140.42432149145,0,3484800.0,0.03655125581522055,5.945e-05,3600.0,1884.05,8841600.0,0.04801919741751459,1.0,1.106349018989113,737003.0384530554,2473906.658280711,0.0,0.0,0.9869364129422242,1.0,0.0,4.987333011599999e-06,0.9869364129422242,20181.03956257189,0.0,80382.83443073201,100563.87399330389
2026-08-15 17:00:00+00:00,20077.66751310284,143.9133596116426,0.0331363597202182,97.32001395050503,0,0.0,0.0,1.1063533881474283,351110.01500003337,266141.75167489325,0,3481200.0,0.03655125581522055,0.0,3600.0,1883.62,8838000.0,0.048019197446977246,1.0,1.1063533881474283,737003.0384530554,2473906.658280711,0.0,0.0,0.9869416971034772,1.0,0.0,4.9874050332e-06,0.9869416971034772,20179.85418777489,0.0,80383.36239926703,100563.21658704193
2026-08-15 18:00:00+00:00,20076.612089242666,143.9133596116426,0.0331363597202182,96.26459009033326,0,0.0,0.0,1.1063577573229983,351110.01500003337,266143.0790424919,0,3477600.0,0.03655125581522055,0.0,3600.0,1881.97,8834400.0,0.04801919747646366,1.0,1.1063577573229983,737003.0384530554,2473906.658280711,0.0,0.0,0.9869469812930223,1.0,0.0,4.987433502e-06,0.9869469812930223,20178.603669814624,0.0,80383.89036353881,100562.49403335343
2026-08-15 19:00:00+00:00,20075.555712008867,143.9133596116426,0.0331363597202182,95.20821285653582,0,0.0,0.0,1.1063621265161405,351110.01500003337,266144.4064242866,0,3474000.0,0.03655125581522055,0.0,3600.0,1883.67,8830800.0,0.048019194821109945,1.0,1.1063621265161405,737002.9624838557,2473906.727517839,0.0,0.0,0.9869522662188747,1.0,0.0,4.9874619672000005e-06,0.9869522662188747,20177.5337457508,0.0,80384.4185721394,100561.9523178902
2026-08-15 20:00:00+00:00,20074.50002456893,143.9133596116426,0.0331363597202182,94.15252541659696,0,0.0,0.0,1.10636649572622,351110.01500003337,266145.73382027843,0,3470400.0,0.03655125581522055,0.0,3600.0,1882.44,8827200.0,0.048019194850644764,1.0,1.10636649572622,737002.9624838557,2473906.727517839,0.0,0.0,0.9869575504647192,1.0,0.0,4.987490436e-06,0.9869575504647192,20176.305860917353,0.0,80384.94652778533,100561.25238870268
2026-08-15 21:00:00+00:00,20073.443383755366,143.9133596116426,0.0331363597202182,93.09588460303243,0,0.0,0.0,1.1063708649535535,351110.01500003337,266147.0612304665,0,3466800.0,0.03655125581522055,0.0,3600.0,1884.14,8823600.0,0.04801919488020312,1.0,1.1063708649535535,737002.9624838557,2473906.727517839,0.0,0.0,0.9869628347388562,1.0,0.0,4.9875189012e-06,0.9869628347388562,20175.235456160943,0.0,80385.47447916871,100560.70993532965
2026-08-15 22:00:00+00:00,20072.386984089248,143.9133596116426,0.0331363597202182,92.03948493691439,0,0.0,0.0,1.1063752341981423,351110.01500003337,266148.3807779629,0,3463200.0,0.03655125581522055,0.0,3600.0,1883.71,8820000.0,0.04801919490978612,1.0,1.1063752341981423,737002.9624838557,2473906.727517839,0.0,0.0,0.9869681190412857,1.0,0.0,4.9579515144e-06,0.9869681190412857,20174.050146460322,0.0,80386.01030317764,100560.06044963797
2026-08-15 23:00:00+00:00,20071.331694823,143.9133596116426,0.0331363597202182,90.98419567066625,0,0.0,0.0,1.106379603459986,351110.01500003337,266149.7003343577,0,3459600.0,0.03655125581522055,0.0,3600.0,1881.73,8816400.0,0.048019194939393106,1.0,1.106379603459986,737002.9624838557,2473906.727517839,0.0,0.0,0.9869734033720079,1.0,0.0,4.957960366799999e-06,0.9869734033720079,20172.782429412473,0.0,80386.54612822202,100559.3285576345
2026-08-16 00:00:00+00:00,20069.13111802889,143.9133596116426,0.0331363597202182,88.78361887655817,0,0.0,0.0,1.106383972739084,351110.01500003337,266151.01989999,0,3456000.0,0.03655125581522055,-4.23e-06,3600.0,1881.54,8812800.0,0.048019194969024515,1.0,1.106383972739084,737471.387986064,2475479.097047194,0.0,0.0,0.9869786877310228,1.0,0.0,4.9579704936e-06,0.9869786877310228,20170.46605182216,0.0,80387.08195396268,100557.54800578485
2026-08-16 01:00:00+00:00,20068.076967202913,143.9133596116426,0.0331363597202182,87.72946805058066,0,0.0,0.0,1.1063883572680606,351110.01500003337,266152.3394721647,0,3452400.0,0.03655125581522055,0.0,3600.0,1879.7,8809200.0,0.04789066247082574,1.0,1.1063883572680606,733822.3730502678,2478734.5857379436,0.0,0.0,0.9870177877767472,1.0,0.0,4.9579704936e-06,0.9870177877767472,20169.20734930465,0.0,80399.49079942878,100568.69814873343
2026-08-16 02:00:00+00:00,20067.02109469633,143.9133596116426,0.0331363597202182,86.67359554399683,0,0.0,0.0,1.1063927265817295,351110.01500003337,266153.6590538368,0,3448800.0,0.03655125581522055,0.0,3600.0,1882.77,8805600.0,0.047890662500424286,1.0,1.1063927265817295,733822.3730502678,2478734.5857379436,0.0,0.0,0.9870230585538797,1.0,0.0,4.9579815959999995e-06,0.9870230585538797,20168.21102068971,0.0,80400.02184039477,100568.23286108447
2026-08-16 03:00:00+00:00,20065.965569890715,143.9133596116426,0.0331363597202182,85.61807073838234,0,0.0,0.0,1.106397095912653,351110.01500003337,266154.9786450187,0,3445200.0,0.03655125581522055,0.0,3600.0,1882.15,8802000.0,0.047890662530047035,1.0,1.106397095912653,733822.3730502678,2478734.5857379436,0.0,0.0,0.9870283293591587,1.0,0.0,4.9579927452e-06,0.9870283293591587,20167.01658239052,0.0,80400.5528817334,100567.56946412392
2026-08-16 04:00:00+00:00,20064.910824608243,143.9133596116426,0.0331363597202182,84.56332545590885,0,0.0,0.0,1.1064014652608323,351110.01500003337,266156.29824519606,0,3441600.0,0.03655125581522055,0.0,3600.0,1880.76,8798400.0,0.047890662559693986,1.0,1.1064014652608323,733822.3730502678,2478734.5857379436,0.0,0.0,0.9870336001925843,1.0,0.0,4.9580019612e-06,0.9870336001925843,20165.781695741654,0.0,80401.08392395917,100566.86561970082
2026-08-16 05:00:00+00:00,20063.857060739796,143.9133596116426,0.0331363597202182,83.50956158746177,0,0.0,0.0,1.1064058346262666,351110.01500003337,266157.61785466986,0,3438000.0,0.03655125581522055,0.0,3600.0,1879.01,8794800.0,0.047890662589364474,1.0,1.1064058346262666,733822.3730502678,2478734.5857379436,0.0,0.0,0.987038871054157,1.0,0.0,4.9580123076000005e-06,0.987038871054157,20164.528658772128,0.0,80401.61496677122,100566.14362554334
2026-08-16 06:00:00+00:00,20062.802853833018,143.9133596116426,0.0331363597202182,82.45535468068277,0,0.0,0.0,1.1064102040089563,351110.01500003337,266158.93747263326,0,3434400.0,0.03655125581522055,0.0,3600.0,1879.8,8791200.0,0.0478906626190605,1.0,1.1064102040089563,733822.3730502678,2478734.5857379436,0.0,0.0,0.9870441419438762,1.0,0.0,4.9580196228e-06,0.9870441419438762,20163.4113180385,0.0,80402.14601097617,100565.55732901467
2026-08-16 07:00:00+00:00,20061.748125374786,143.9133596116426,0.0331363597202182,81.40062622244973,0,0.0,0.0,1.1064146503565402,351110.01500003337,266160.25709973514,0,3430800.0,0.03655125581522055,0.0,3600.0,1880.73,8787600.0,0.04789066264729347,1.0,1.1064146503565402,733822.3730502678,2478734.5857379436,0.0,0.0,0.987049412862133,1.0,0.0,4.958029375200001e-06,0.987049412862133,20162.30085217563,0.0,80402.6770560625,100564.97790823813
2026-08-16 08:00:00+00:00,20065.966695211002,143.9133596116426,0.0331363597202182,85.61919605866618,0,0.0,0.0,1.1064190197740449,351110.01500003337,266161.57673636643,0,3427200.0,0.03655125581522055,1.949e-05,3600.0,1879.88,8784000.0,0.04789066267703679,1.0,1.1064190197740449,733822.3730502678,2478734.5857379436,0.0,0.0,0.9870546838081468,1.0,0.0,4.9580405964e-06,0.9870546838081468,20166.368512894813,0.0,80403.20810136519,100569.57661426
2026-08-16 09:00:00+00:00,20064.91275749207,143.9133596116426,0.0331363597202182,84.56525833973441,0,0.0,0.0,1.106423363748437,351110.01500003337,266162.89637954056,0,3423600.0,0.03655125581522055,0.0,3600.0,1879.32,8780400.0,0.04811700907677641,1.0,1.106423363748437,740256.9343186707,2472994.8571950397,0.0,0.0,0.9870006009408214,1.0,0.0,4.9580405964e-06,0.9870006009408214,20165.17923366503,0.0,80382.89942183322,100548.07865549825
2026-08-16 10:00:00+00:00,20063.85847207217,143.9133596116426,0.0331363597202182,83.51097291983329,0,0.0,0.0,1.1064277332003527,351110.01500003337,266164.21603215416,0,3420000.0,0.03769206100455104,0.0,3600.0,1879.94,8776800.0,0.04811700910671246,1.0,1.1064277332003527,740256.9343186707,2472994.8571950397,0.0,0.0,0.9870058959608555,1.0,0.0,4.9580514792e-06,0.9870058959608555,20197.5241296531,0.0,80383.43890378322,100580.96303343632
2026-08-16 11:00:00+00:00,20062.804074490665,143.9133596116426,0.0331363597202182,82.45657533832916,0,0.0,0.0,1.1064321666006525,351110.01500003337,266165.5356792776,0,3416400.0,0.03769206100455104,0.0,3600.0,1880.14,8773200.0,0.047548749341074004,1.0,1.1064321666006525,724191.8748735999,2487381.3448382886,0.0,0.0,0.9871601138052216,1.0,0.0,4.958006270399999e-06,0.9871601138052216,20196.34323661541,0.0,80436.26668630837,100632.60992292379
2026-08-16 12:00:00+00:00,20061.7503442707,143.9133596116426,0.0331363597202182,81.40284511836299,0,0.0,0.0,1.1064365360873312,351110.01500003337,266166.85533611075,0,3412800.0,0.03769206100455104,0.0,3600.0,1878.95,8769600.0,0.04754874937069742,1.0,1.1064365360873312,724191.8748735999,2487381.3448382886,0.0,0.0,0.9871653485670914,1.0,0.0,4.9580181684e-06,0.9871653485670914,20195.064358643765,0.0,80436.78500679386,100631.84936543762
2026-08-16 13:00:00+00:00,20060.695498042784,143.9133596116426,0.0331363597202182,80.34799889044677,0,0.0,0.0,1.106440920884725,351110.01500003337,266168.17500098445,0,3409200.0,0.03769206100455104,0.0,3600.0,1880.94,8766000.0,0.047412858342951836,1.0,1.106440920884725,720384.8723685562,2490778.2680466487,0.0,0.0,0.9872061825126754,1.0,0.0,4.9580237951999995e-06,0.9872061825126754,20194.009930040807,0.0,80449.80254916672,100643.81247920753
2026-08-16 14:00:00+00:00,20059.639771346283,143.9133596116426,0.0331363597202182,79.29227219394686,0,0.0,0.0,1.1064452904059765,351110.01500003337,266169.49467486946,0,3405600.0,0.03769206100455104,0.0,3600.0,1882.51,8762400.0,0.04741285837253639,1.0,1.1064452904059765,720384.8723685562,2490778.2680466487,0.0,0.0,0.987211402898745,1.0,0.0,4.9580330688e-06,0.987211402898745,20192.924586400193,0.0,80450.31580511288,100643.24039151307
2026-08-16 15:00:00+00:00,20058.58364647609,143.9133596116426,0.0331363597202182,78.23614732375623,0,0.0,0.0,1.106449659944484,351110.01500003337,266170.8143575253,0,3402000.0,0.03769206100455104,0.0,3600.0,1883.22,8758800.0,0.04741285840214515,1.0,1.106449659944484,720384.8723685562,2490778.2680466487,0.0,0.0,0.9872166233124202,1.0,0.0,4.9580414388e-06,0.9872166233124202,20191.777784524016,0.0,80450.82906198082,100642.60684650484
2026-08-16 16:00:00+00:00,20068.31475686599,143.9133596116426,0.0331363597202182,87.96725771365753,0,0.0,0.0,1.1064540295002472,351110.01500003337,266172.13404895016,0,3398400.0,0.03769206100455104,3.97e-05,3600.0,1888.6,8755200.0,0.047412858431779004,1.0,1.1064540295002472,720384.8723685562,2490778.2680466487,0.0,0.0,0.987221843753701,1.0,0.0,4.9580498015999995e-06,0.987221843753701,20201.748056303055,0.0,80451.3423197724,100653.09037607546
2026-08-16 17:00:00+00:00,20067.258082403947,143.9133596116426,0.0331363597202182,86.9105832516121,0,0.0,0.0,1.106458399073267,351110.01500003337,266173.45375005534,0,3394800.0,0.03769206100455104,0.0,3600.0,1884.2,8751600.0,0.047412858461436835,1.0,1.106458399073267,720384.8723685562,2490778.2680466487,0.0,0.0,0.9872270642225879,1.0,0.0,4.958061588e-06,0.9872270642225879,20200.239493674737,0.0,80451.85557757638,100652.09507125113
2026-08-16 18:00:00+00:00,20066.201217267175,143.9133596116426,0.0331363597202182,85.85371811484153,0,0.0,0.0,1.1064627686635427,351110.01500003337,266174.77346201864,0,3391200.0,0.03769206100455104,0.0,3600.0,1884.54,8748000.0,0.04741285849111909,1.0,1.1064627686635427,720384.8723685562,2490778.2680466487,0.0,0.0,0.9872322847190808,1.0,0.0,4.9580777988e-06,0.9872322847190808,20199.065579788254,0.0,80452.36883421504,100651.43441400329
2026-08-16 19:00:00+00:00,20065.14416145568,143.9133596116426,0.0331363597202182,84.79666230334583,0,0.0,0.0,1.1064671382713818,351110.01500003337,266176.0931805252,0,3387600.0,0.03769206100455104,0.0,3600.0,1884.88,8744400.0,0.04741285579272159,1.0,1.1064671382713818,720384.796421304,2490778.3372628978,0.0,0.0,0.9872375059561774,1.0,0.0,4.9580777988e-06,0.9872375059561774,20197.891424333684,0.0,80452.88234434382,100650.77376867749
2026-08-16 20:00:00+00:00,20064.08923671464,143.9133596116426,0.0331363597202182,83.74173756230749,0,0.0,0.0,1.10647150789617,351110.01500003337,266177.41290783836,0,3384000.0,0.03769206100455104,0.0,3600.0,1881.08,8740800.0,0.04741285582245314,1.0,1.10647150789617,720384.796421304,2490778.3372628978,0.0,0.0,0.9872427265075929,1.0,0.0,4.958086302e-06,0.9872427265075929,20196.42808932785,0.0,80453.39560491644,100649.82369424429
2026-08-16 21:00:00+00:00,20063.03795161762,143.9133596116426,0.0331363597202182,82.69045246528714,0,0.0,0.0,1.1064758775382146,351110.01500003337,266178.7326434753,0,3380400.0,0.03769206100455104,0.0,3600.0,1874.59,8737200.0,0.04741285585220867,1.0,1.1064758775382146,720384.796421304,2490778.3372628978,0.0,0.0,0.9872479470866151,1.0,0.0,4.9580929908e-06,0.9872479470866151,20194.77991563154,0.0,80453.90886685828,100648.68878248983
2026-08-16 22:00:00+00:00,20061.98625713075,143.9133596116426,0.0331363597202182,81.63875797841577,0,0.0,0.0,1.1064802471975157,351110.01500003337,266180.0523878548,0,3376800.0,0.03769206100455104,0.0,3600.0,1875.32,8733600.0,0.04741285588198929,1.0,1.1064802471975157,720384.796421304,2490778.3372628978,0.0,0.0,0.9872531676932437,1.0,0.0,4.9581012528e-06,0.9872531676932437,20193.639168984173,0.0,80454.42212975048,100648.06129873465
2026-08-16 23:00:00+00:00,20060.93461872468,143.9133596116426,0.0331363597202182,80.58711957234591,0,0.0,0.0,1.1064846168740734,351110.01500003337,266181.3721412519,0,3373200.0,0.03769206100455104,0.0,3600.0,1875.22,8730000.0,0.047412855911793894,1.0,1.1064846168740734,720384.796421304,2490778.3372628978,0.0,0.0,0.9872583883274793,1.0,0.0,4.958110548e-06,0.9872583883274793,20192.44016285523,0.0,80454.93539331807,100647.3755561733
2026-08-17 00:00:00+00:00,20067.24125697568,143.9133596116426,0.0331363597202182,86.89375782334474,0,0.0,0.0,1.1064889865678877,351110.01500003337,266182.69190369744,0,3369600.0,0.03769206100455104,2.723e-05,3600.0,1878.12,8726400.0,0.047412855941623366,1.0,1.1064889865678877,720384.796421304,2490778.3372628978,0.0,0.0,0.9872636089893216,1.0,0.0,4.958119958399999e-06,0.9872636089893216,20198.809608007978,0.0,80455.44865753036,100654.25826553834
2026-08-17 01:00:00+00:00,20066.180931653456,143.9133596116426,0.0331363597202182,85.83343250112104,0,0.0,0.0,1.1064933562789585,351110.01500003337,266184.011675226,0,3366000.0,0.03769206100455104,0.0,3600.0,1890.71,8722800.0,0.04741285597147815,1.0,1.1064933562789585,720384.796421304,2490778.3372628978,0.0,0.0,0.9872688296787709,1.0,0.0,4.9581294984e-06,0.9872688296787709,20198.489745955438,0.0,80455.96192235267,100654.4516683081
2026-08-17 02:00:00+00:00,20065.114409402664,143.9133596116426,0.0331363597202182,84.76691025033051,0,0.0,0.0,1.1064976772567223,351110.01500003337,266185.33145823027,0,3362400.0,0.03769206100455104,0.0,3600.0,1901.76,8719200.0,0.04784607166856958,1.0,1.1064976772567223,732571.6282168983,2479906.452452869,0.0,0.0,0.9871611801724082,1.0,0.0,4.958148027600001e-06,0.9871611801724082,20198.05415098326,0.0,80416.84531955462,100614.89947053787
2026-08-17 03:00:00+00:00,20064.048767620458,143.9133596116426,0.0331363597202182,83.70126846812369,0,0.0,0.0,1.1065020470021143,351110.01500003337,266186.65125355474,0,3358800.0,0.03987344945463622,0.0,3600.0,1900.19,8715600.0,0.04784607169875299,1.0,1.1065020470021143,732571.6282168983,2479906.452452869,0.0,0.0,0.9871664469197979,1.0,0.0,4.9581697284e-06,0.9871664469197979,20260.270908396546,0.0,80417.37473198515,100677.6456403817
2026-08-17 04:00:00+00:00,20062.981774290933,143.9133596116426,0.0331363597202182,82.63427513860047,0,0.0,0.0,1.106506416764763,351110.01500003337,266187.97106017696,0,3355200.0,0.04174686039280747,0.0,3600.0,1902.6,8712000.0,0.04784607172896038,1.0,1.106506416764763,732571.6282168983,2479906.452452869,0.0,0.0,0.9871717136952872,1.0,0.0,4.958187588e-06,0.9871717136952872,20313.817167125566,0.0,80417.90414298396,100731.72131010953
2026-08-17 05:00:00+00:00,20061.916883991467,143.9133596116426,0.0331363597202182,81.56938483913387,0,0.0,0.0,1.10651077477542,351110.01500003337,266189.29087808274,0,3351600.0,0.04174686039280747,0.0,3600.0,1898.85,8708400.0,0.04795068329686436,1.0,1.10651077477542,732571.6282168983,2467275.7955348594,0.0,0.0,0.9871497671985865,1.0,0.0,4.9582053936e-06,0.9871497671985865,20311.989277287386,0.0,80408.87869029242,100720.8679675798
2026-08-17 06:00:00+00:00,20060.84787736117,143.9133596116426,0.0331363597202182,80.50037820883647,0,0.0,0.0,1.1065151445725359,351110.01500003337,266190.61070719553,0,3348000.0,0.04174686039280747,0.0,3600.0,1906.19,8704800.0,0.047950683327189436,1.0,1.1065151445725359,732571.6282168983,2467275.7955348594,0.0,0.0,0.9871550451347877,1.0,0.0,4.9582229112e-06,0.9871550451347877,20311.61728035834,0.0,80409.41199743841,100721.02927779674
2026-08-17 07:00:00+00:00,20059.782291659765,143.9133596116426,0.0331363597202182,79.43479250743114,0,0.0,0.0,1.1065195143869089,351110.01500003337,266191.93054726144,0,3344400.0,0.04174686039280747,0.0,3600.0,1900.09,8701200.0,0.04795068335754027,1.0,1.1065195143869089,732571.6282168983,2467275.7955348594,0.0,0.0,0.987160323099208,1.0,0.0,4.9582394748e-06,0.987160323099208,20309.480425678998,0.0,80409.94530353928,100719.42572921827
2026-08-17 08:00:00+00:00,20077.06063913698,143.9133596116426,0.0331363597202182,96.71313998464632,0,0.0,0.0,1.1065238842185396,351110.01500003337,266193.2503971526,0,3340800.0,0.04174686039280747,6.731e-05,3600.0,1893.31,8697600.0,0.047950683387916415,1.0,1.1065238842185396,732571.6282168983,2467275.7955348594,0.0,0.0,0.9871656010918477,1.0,0.0,4.9582518012e-06,0.9871656010918477,20325.599964733432,0.0,80410.47860972298,100736.07857445642
2026-08-17 09:00:00+00:00,20075.99901834824,143.9133596116426,0.0331363597202182,95.65151919590774,0,0.0,0.0,1.1065282540674268,351110.01500003337,266194.5702562338,0,3337200.0,0.04174686039280747,0.0,3600.0,1893.02,8694000.0,0.047950683418316986,1.0,1.1065282540674268,732571.6282168983,2467275.7955348594,0.0,0.0,0.9871708791127071,1.0,0.0,4.9582617408e-06,0.9871708791127071,20324.23249342556,0.0,80411.0119166249,100735.24441005047
2026-08-17 10:00:00+00:00,20074.929966853302,143.9133596116426,0.0331363597202182,94.58246770096912,0,0.0,0.0,1.1065326239335718,351110.01500003337,266195.890124576,0,3333600.0,0.04174686039280747,0.0,3600.0,1906.27,8690400.0,0.047950683448743314,1.0,1.1065326239335718,732571.6282168983,2467275.7955348594,0.0,0.0,0.987176157161786,1.0,0.0,4.9582719468e-06,0.987176157161786,20324.631270930964,0.0,80411.54522417398,100736.17649510494
2026-08-17 11:00:00+00:00,20073.86232859456,143.9133596116426,0.0331363597202182,93.51482944222855,0,0.0,0.0,1.106536993816974,351110.01500003337,266197.2100021745,0,3330000.0,0.04174686039280747,0.0,3600.0,1903.75,8686800.0,0.04795068347919429,1.0,1.106536993816974,732571.6282168983,2467275.7955348594,0.0,0.0,0.9871814352390849,1.0,0.0,4.958282134799999e-06,0.9871814352390849,20322.96423983493,0.0,80412.07853237505,100735.04277220997
2026-08-17 12:00:00+00:00,20072.797858901107,143.9133596116426,0.0331363597202182,92.45035974877327,0,0.0,0.0,1.1065413637176333,351110.01500003337,266198.5298863173,0,3326400.0,0.04174686039280747,0.0,3600.0,1898.1,8683200.0,0.04795068350967169,1.0,1.1065413637176333,732571.6282168983,2467275.7955348594,0.0,0.0,0.9871867133446034,1.0,0.0,4.958282134799999e-06,0.9871867133446034,20320.89197871909,0.0,80412.61184393999,100733.50382265908
2026-08-17 13:00:00+00:00,20071.730069224202,143.9133596116426,0.0331363597202182,91.38257007186861,0,0.0,0.0,1.1065457336355502,351110.01500003337,266199.84977700457,0,3322800.0,0.04174686039280747,0.0,3600.0,1904.02,8679600.0,0.04795068354017329,1.0,1.1065457336355502,732571.6282168983,2467275.7955348594,0.0,0.0,0.9871919914783425,1.0,0.0,4.958282134799999e-06,0.9871919914783425,20320.328634315047,0.0,80413.1451588691,100733.47379318415
2026-08-17 14:00:00+00:00,20070.659615709224,143.9133596116426,0.0331363597202182,90.31211655689225,0,0.0,0.0,1.1065501035707248,351110.01500003337,266201.15270018845,0,3319200.0,0.04174686039280747,0.0,3600.0,1908.77,8676000.0,0.047950683570700425,1.0,1.1065501035707248,732571.6282168983,2467275.7955348594,0.0,0.0,0.9871972696403016,1.0,0.0,4.8945181464e-06,0.9871972696403016,20319.6083555543,0.0,80413.69545120985,100733.30380676415
2026-08-17 15:00:00+00:00,20069.587098420754,143.9133596116426,0.0331363597202182,89.23959926842033,0,0.0,0.0,1.1065544735231572,351110.01500003337,266202.45556623535,0,3315600.0,0.04174686039280747,0.0,3600.0,1912.45,8672400.0,0.04795068360125332,1.0,1.1065544735231572,732571.6282168983,2467275.7955348594,0.0,0.0,0.9872025478304812,1.0,0.0,4.8942795528e-06,0.9872025478304812,20318.745267235314,0.0,80414.24581059604,100732.99107783135
2026-08-17 16:00:00+00:00,20086.269915679226,143.9133596116426,0.0331363597202182,105.92241652689238,0,0.0,0.0,1.1065588434928468,351110.01500003337,266203.75837514916,0,3312000.0,0.04133025539024373,6.471e-05,3600.0,1906.21,8668800.0,0.047950683631831525,1.0,1.1065588434928468,732571.6282168983,2467275.7955348594,0.0,0.0,0.9872078260488815,1.0,0.0,4.8940409772000005e-06,0.9872078260488815,20322.342745736594,0.0,80414.79623702395,100737.13898276055
2026-08-17 17:00:00+00:00,20085.19991641874,143.9133596116426,0.0331363597202182,104.85241726640825,0,0.0,0.0,1.1065632134797945,351110.01500003337,266205.0624445606,0,3308400.0,0.04133025539024373,0.0,3600.0,1907.96,8665200.0,0.04795068366243482,1.0,1.1065632134797945,732571.6282168983,2467275.7955348594,0.0,0.0,0.9872131042955025,1.0,0.0,4.8987520884e-06,0.9872131042955025,20321.23263714669,0.0,80415.34541286278,100736.57805000947
2026-08-17 18:00:00+00:00,20084.12926662096,143.9133596116426,0.0331363597202182,103.78176746862661,0,0.0,0.0,1.106567606584622,351110.01500003337,266206.4156719802,0,3304800.0,0.04133025539024373,0.0,3600.0,1909.12,8661600.0,0.047745373099681965,1.0,1.106567606584622,726784.8255957464,2472438.895631476,0.0,0.0,0.9872715113077702,1.0,0.0,5.0833893527999996e-06,0.9872715113077702,20320.048497707863,0.0,80434.49947239662,100754.54797010448
2026-08-17 19:00:00+00:00,20083.060209517942,143.9133596116426,0.0331363597202182,102.71271036560785,0,0.0,0.0,1.1065719766064819,351110.01500003337,266207.73373795534,0,3301200.0,0.04133025539024373,0.0,3600.0,1906.28,8658000.0,0.04774537041621718,1.0,1.1065719766064819,726784.7496514558,2472438.9648264223,0.0,0.0,0.9872767685145494,1.0,0.0,4.95128079e-06,0.9872767685145494,20318.371877685677,0.0,80435.02726437256,100753.39914205825
2026-08-17 20:00:00+00:00,20081.99144403509,143.9133596116426,0.0331363597202182,101.64394488275693,0,0.0,0.0,1.1065763468559242,351110.01500003337,266209.0531638335,0,3297600.0,0.04133025539024373,0.0,3600.0,1905.76,8654400.0,0.04774349863798655,1.0,1.1065763468559242,726784.7496514558,2472664.8765945346,0.0,0.0,0.9872825090830869,1.0,0.0,4.956364677599999e-06,0.9872825090830869,20316.982382949664,0.0,80435.72340959974,100752.7057925494
2026-08-17 21:00:00+00:00,20080.922779497683,143.9133596116426,0.0331363597202182,100.57528034534873,0,0.0,0.0,1.1065806965462908,351110.01500003337,266210.3725987085,0,3294000.0,0.04133025539024373,0.0,3600.0,1905.58,8650800.0,0.047924497661567145,1.0,1.1065806965462908,731884.7496514558,2468115.133084651,0.0,0.0,0.987240984735119,1.0,0.0,4.956373908e-06,0.987240984735119,20315.635007302753,0.0,80419.82436028688,100735.45936758963
2026-08-17 22:00:00+00:00,20079.855230968224,143.9133596116426,0.0331363597202182,99.50773181589057,0,0.0,0.0,1.1065850666195398,351110.01500003337,266211.6920426886,0,3290400.0,0.04133025539024373,0.0,3600.0,1903.59,8647200.0,0.04792449769228102,1.0,1.1065850666195398,731884.7496514558,2468115.133084651,0.0,0.0,0.9872462603428727,1.0,0.0,4.9563835452e-06,0.9872462603428727,20314.066100232354,0.0,80420.35723502428,100734.42333525664
2026-08-17 23:00:00+00:00,20078.782573477747,143.9133596116426,0.0331363597202182,98.43507432541487,0,0.0,0.0,1.1065894367100468,351110.01500003337,266213.011495706,0,3286800.0,0.04133025539024373,0.0,3600.0,1912.7,8643600.0,0.04792449772302043,1.0,1.1065894367100468,731884.7496514558,2468115.133084651,0.0,0.0,0.9872515359788181,1.0,0.0,4.9563929268e-06,0.9872515359788181,20313.856829845503,0.0,80420.8901106228,100734.7469404683
2026-08-18 00:00:00+00:00,20090.442702516193,143.9133596116426,0.0331363597202182,110.09520336386066,0,0.0,0.0,1.1065938068178125,351110.01500003337,266214.3309613564,0,3283200.0,0.04133025539024373,4.633e-05,3600.0,1909.4,8640000.0,0.047924497753784934,1.0,1.1065938068178125,731884.7496514558,2468115.133084651,0.0,0.0,0.9872568116429556,1.0,0.0,4.956415815599999e-06,0.9872568116429556,20324.854352654267,0.0,80421.42298348685,100746.27733614111
2026-08-18 01:00:00+00:00,20089.376909315823,143.9133596116426,0.0331363597202182,109.02941016348976,0,0.0,0.0,1.1065981769428357,351110.01500003337,266215.65043354663,0,3279600.0,0.04133025539024373,0.0,3600.0,1900.46,8636400.0,0.0479244977845763,1.0,1.1065981769428357,731884.7496514558,2468115.133084651,0.0,0.0,0.9872620873352849,1.0,0.0,4.956415815599999e-06,0.9872620873352849,20322.435194003687,0.0,80421.95585970947,100744.39105371316
2026-08-18 02:00:00+00:00,20088.315787646217,143.9133596116426,0.0331363597202182,107.96828849388461,0,0.0,0.0,1.1066025470851175,351110.01500003337,266216.9699157269,0,3276000.0,0.04133025539024373,0.0,3600.0,1892.13,8632800.0,0.04792449781539232,1.0,1.1066025470851175,731884.7496514558,2468115.133084651,0.0,0.0,0.9872673630558064,1.0,0.0,4.9564287756e-06,0.9872673630558064,20320.09783751741,0.0,80422.48873584066,100742.58657335807
2026-08-18 03:00:00+00:00,20087.253796724188,143.9133596116426,0.0331363597202182,106.90629757185607,0,0.0,0.0,1.1066069172446582,351110.01500003337,266218.2894075322,0,3272400.0,0.04133025539024373,0.0,3600.0,1893.68,8629200.0,0.047924497846234315,1.0,1.1066069172446582,731884.7496514558,2468115.133084651,0.0,0.0,0.9872726388045204,1.0,0.0,4.956440364e-06,0.9872726388045204,20318.970804221277,0.0,80423.02161224547,100741.99241646675
2026-08-18 04:00:00+00:00,20086.190633713406,143.9133596116426,0.0331363597202182,105.84313456107597,0,0.0,0.0,1.106611287421457,351110.01500003337,266219.60890846705,0,3268800.0,0.04133025539024373,0.0,3600.0,1895.77,8625600.0,0.04792449787710251,1.0,1.106611287421457,731884.7496514558,2468115.133084651,0.0,0.0,0.9872779145814267,1.0,0.0,4.9564500912e-06,0.9872779145814267,20317.908185047556,0.0,80423.55448941933,100741.4626744669
2026-08-18 05:00:00+00:00,20085.128143672246,143.9133596116426,0.0331363597202182,104.78064451991399,0,0.0,0.0,1.1066156576155144,351110.01500003337,266220.92841594195,0,3265200.0,0.04133025539024373,0.0,3600.0,1894.57,8622000.0,0.04792449790799558,1.0,1.1066156576155144,731884.7496514558,2468115.133084651,0.0,0.0,0.9872831903865259,1.0,0.0,4.9564500912e-06,0.9872831903865259,20316.44398653019,0.0,80424.08736995194,100740.53135648213
2026-08-18 06:00:00+00:00,20084.061475611372,143.9133596116426,0.0331363597202182,103.71397645903954,0,0.0,0.0,1.1066200278268303,351110.01500003337,266222.24792995694,0,3261600.0,0.04133025539024373,0.0,3600.0,1902.02,8618400.0,0.04792449793891507,1.0,1.1066200278268303,731884.7496514558,2468115.133084651,0.0,0.0,0.9872884662198177,1.0,0.0,4.9564500912e-06,0.9872884662198177,20316.030882734784,0.0,80424.6202538432,100740.65113657797
2026-08-18 07:00:00+00:00,20082.9972358492,143.9133596116426,0.0331363597202182,102.64973669687046,0,0.0,0.0,1.1066243983149704,351110.01500003337,266223.5674505121,0,3258000.0,0.04133025539024373,0.0,3600.0,1897.69,8614800.0,0.047922190993319624,1.0,1.1066243983149704,731819.5899550985,2468173.2694901167,0.0,0.0,0.9872943358246686,1.0,0.0,4.9564500912e-06,0.9872943358246686,20314.183104341704,0.0,80425.3616103353,100739.544714677
2026-08-18 08:00:00+00:00,20087.962012266034,143.9133596116426,0.0331363597202182,107.61451311370222,0,0.0,0.0,1.1066287482969388,351110.01500003337,266224.8869776074,0,3254400.0,0.04133025539024373,2.206e-05,3600.0,1899.36,8611200.0,0.04810230774915025,1.0,1.1066287482969388,736919.5899550985,2463623.6685959054,0.0,0.0,0.9872532792047506,1.0,0.0,4.9564500912e-06,0.9872532792047506,20319.0956495164,0.0,80409.62669280474,100728.72234232114
2026-08-18 09:00:00+00:00,20086.89881560677,143.9133596116426,0.0331363597202182,106.5513164544412,0,0.0,0.0,1.1066331185599523,351110.01500003337,266226.20651124284,0,3250800.0,0.04133025539024373,0.0,3600.0,1895.83,8607600.0,0.04810230778026514,1.0,1.1066331185599523,736919.5899550985,2463623.6685959054,0.0,0.0,0.9872585739993917,1.0,0.0,4.9564500912e-06,0.9872585739993917,20317.34768257494,0.0,80410.16621459514,100727.51389717008
2026-08-18 10:00:00+00:00,20085.83491232941,143.9133596116426,0.0331363597202182,105.48741317708118,0,0.0,0.0,1.1066376312397963,351110.01500003337,266227.5260514185,0,3247200.0,0.04133025539024373,0.0,3600.0,1897.09,8604000.0,0.04683724510030385,1.0,1.1066376312397963,701646.4568381117,2495133.628918373,0.0,0.0,0.9875892325974255,1.0,0.0,4.9564500912e-06,0.9875892325974255,20316.18156619877,0.0,80524.94421973499,100841.12578593375
2026-08-18 11:00:00+00:00,20084.76808163421,143.9133596116426,0.0331363597202182,104.42058248188235,0,0.0,0.0,1.1066419806263523,351110.01500003337,266228.84559813445,0,3243600.0,0.04133025539024373,0.0,3600.0,1902.31,8600400.0,0.0470229245751399,1.0,1.1066419806263523,706746.4568381117,2490582.7307950994,0.0,0.0,0.9875466262180829,1.0,0.0,4.9564500912e-06,0.9875466262180829,20315.492477457392,0.0,80508.66514652898,100824.15762398636
2026-08-18 12:00:00+00:00,20083.70340444179,143.9133596116426,0.0331363597202182,103.35590528946149,0,0.0,0.0,1.1066463509416224,351110.01500003337,266230.16515139065,0,3240000.0,0.04133025539024373,0.0,3600.0,1898.47,8596800.0,0.047022924605616856,1.0,1.1066463509416224,706746.4568381117,2490582.7307950994,0.0,0.0,0.9875518064275215,1.0,0.0,4.9564500912e-06,0.9875518064275215,20313.706501362718,0.0,80509.16441668646,100822.87091804917
2026-08-18 13:00:00+00:00,20082.63952359675,143.9133596116426,0.0331363597202182,102.29202444442207,0,0.0,0.0,1.1066505845188301,351110.01500003337,266231.4847111872,0,3236400.0,0.04133025539024373,0.0,3600.0,1897.05,8593200.0,0.04823801644325876,1.0,1.1066505845188301,740787.9582748514,2460213.59580959,0.0,0.0,0.9872449232382465,1.0,0.0,4.9564500912e-06,0.9872449232382465,20312.215217086447,0.0,80400.09509570035,100712.3103127868
2026-08-18 14:00:00+00:00,20081.56827934247,143.9133596116426,0.0331363597202182,101.22078019014442,0,0.0,0.0,1.1066549548680784,351110.01500003337,266232.80427752406,0,3232800.0,0.04133025539024373,0.0,3600.0,1910.18,8589600.0,0.04823801647459436,1.0,1.1066549548680784,740787.9582748514,2460213.59580959,0.0,0.0,0.9872502325795033,1.0,0.0,4.9564500912e-06,0.9872502325795033,20312.475793450278,0.0,80400.63969225175,100713.11548570203
2026-08-18 15:00:00+00:00,20080.493277674494,143.9133596116426,0.0331363597202182,100.14577852216563,0,0.0,0.0,1.1066593252345858,351110.01500003337,266234.15548938746,0,3229200.0,0.04133025539024373,0.0,3600.0,1916.88,8586000.0,0.04823801650595616,1.0,1.1066593252345858,740787.9582748514,2460213.59580959,0.0,0.0,0.9872555419493134,1.0,0.0,5.0752890432e-06,0.9872555419493134,20311.952667940182,0.0,80401.15265330207,100713.10532124224
2026-08-18 16:00:00+00:00,20091.679433608195,143.9133596116426,0.0331363597202182,111.33193445586842,0,0.0,0.0,1.1066636956183529,351110.01500003337,266235.4751386008,0,3225600.0,0.04133025539024373,4.443e-05,3600.0,1917.65,8582400.0,0.048238016537344386,1.0,1.1066636956183529,740787.9582748514,2460213.59580959,0.0,0.0,0.9872608513476769,1.0,0.0,4.95671166e-06,0.9872608513476769,20322.973658942945,0.0,80401.69718702778,100724.67084597072
2026-08-18 17:00:00+00:00,20090.608082800394,143.9133596116426,0.0331363597202182,110.26058364806791,0,0.0,0.0,1.1066680660193786,351110.01500003337,266236.7947966306,0,3222000.0,0.04133025539024373,0.0,3600.0,1910.37,8578800.0,0.04823801656875837,1.0,1.1066680660193786,740787.9582748514,2460213.59580959,0.0,0.0,0.9872661607745942,1.0,0.0,4.9567202064000004e-06,0.9872661607745942,20320.76708192251,0.0,80402.24172196246,100723.00880388496
2026-08-18 18:00:00+00:00,20089.533770926275,143.9133596116426,0.0331363597202182,109.18627177394768,0,0.0,0.0,1.1066724364376643,351110.01500003337,266238.1144635729,0,3218400.0,0.04133025539024373,0.0,3600.0,1915.65,8575200.0,0.04823801660019922,1.0,1.1066724364376643,740787.9582748514,2460213.59580959,0.0,0.0,0.9872714702300651,1.0,0.0,4.956729112800001e-06,0.9872714702300651,20320.07102622438,0.0,80402.78625801025,100722.85728423463
2026-08-18 19:00:00+00:00,20088.461186340843,143.9133596116426,0.0331363597202182,108.11368718851395,0,0.0,0.0,1.1066768193840417,351110.01500003337,266239.4341395053,0,3214800.0,0.03976946990822173,0.0,3600.0,1912.57,8571600.0,0.048126800039041795,1.0,1.1066768193840417,737624.2974599212,2463036.1558562946,0.0,0.0,0.9873052527118201,1.0,0.0,4.9567383107999995e-06,0.9873052527118201,20274.576888685973,0.0,80413.32794975356,100687.90483843953
2026-08-18 20:00:00+00:00,20087.3889438483,143.9133596116426,0.0331363597202182,107.04144469596943,0,0.0,0.0,1.1066811898368958,351110.01500003337,266240.75382612436,0,3211200.0,0.03976946990822173,0.0,3600.0,1911.96,8568000.0,0.04812680007046066,1.0,1.1066811898368958,737624.2974599212,2463036.1558562946,0.0,0.0,0.9873105504188867,1.0,0.0,4.9567538808e-06,0.9873105504188867,20273.236936204925,0.0,80413.86834114214,100687.10527734706
2026-08-18 21:00:00+00:00,20086.317121961765,143.9133596116426,0.0331363597202182,105.96962280943623,0,0.0,0.0,1.1066855603070094,351110.01500003337,266242.0735246407,0,3207600.0,0.03976946990822173,0.0,3600.0,1911.21,8564400.0,0.04812680010190662,1.0,1.1066855603070094,737624.2974599212,2463036.1558562946,0.0,0.0,0.9873158481543798,1.0,0.0,4.9567739976e-06,0.9873158481543798,20271.883944130277,0.0,80414.40873061423,100686.2926747445
2026-08-18 22:00:00+00:00,20085.244615889453,143.9133596116426,0.0331363597202182,104.89711673712462,0,0.0,0.0,1.1066899307943827,351110.01500003337,266243.3932322979,0,3204000.0,0.03976946990822173,0.0,3600.0,1912.43,8560800.0,0.048126800133378556,1.0,1.1066899307943827,737624.2974599212,2463036.1558562946,0.0,0.0,0.9873211459182997,1.0,0.0,4.9567837608e-06,0.9873211459182997,20270.72149162532,0.0,80414.94912092644,100685.67061255177
2026-08-18 23:00:00+00:00,20084.16949084371,143.9133596116426,0.0331363597202182,103.82199169138251,0,0.0,0.0,1.106694301299016,351110.01500003337,266244.71296342247,0,3200400.0,0.03976946990822173,0.0,3600.0,1917.1,8557200.0,0.04812680016487825,1.0,1.106694301299016,737624.2974599212,2463036.1558562946,0.0,0.0,0.987326443710646,1.0,0.0,4.9568473332e-06,0.987326443710646,20269.89037628624,0.0,80415.48949775205,100685.37987403828
2026-08-19 00:00:00+00:00,20092.99221828313,143.9133596116426,0.0331363597202182,112.64471913080276,0,0.0,0.0,1.1066986718209093,351110.01500003337,266246.03271002375,0,3196800.0,0.03976946990822173,3.595e-05,3600.0,1912.63,8553600.0,0.048126800196403474,1.0,1.1066986718209093,737624.2974599212,2463036.1558562946,0.0,0.0,0.9873317415314198,1.0,0.0,4.9568808924e-06,0.9873317415314198,20278.071645446864,0.0,80416.0298690821,100694.10151452896
2026-08-19 01:00:00+00:00,20091.91949349569,143.9133596116426,0.0331363597202182,111.57199434336525,0,0.0,0.0,1.106703042360062,351110.01500003337,266247.3524797325,0,3193200.0,0.03976946990822173,0.0,3600.0,1912.82,8550000.0,0.0481268002279549,1.0,1.106703042360062,737624.2974599212,2463036.1558562946,0.0,0.0,0.9873370393806207,1.0,0.0,4.9569431112e-06,0.9873370393806207,20276.80886290246,0.0,80416.57022728579,100693.37909018825
2026-08-19 02:00:00+00:00,20090.850127948263,143.9133596116426,0.0331363597202182,110.50262879593818,0,0.0,0.0,1.1067074129175778,351110.01500003337,266248.9768489481,0,3189600.0,0.04070566024903774,0.0,3600.0,1906.83,8546400.0,0.04812679045866597,1.0,1.1067074129175778,737624.01910115,2463036.404205078,0.0,0.0,0.9873423397602935,1.0,0.0,6.100959297600001e-06,0.9873423397602935,20300.936776120605,0.0,80416.80687445658,100717.74365057719
2026-08-19 03:00:00+00:00,20089.77830606173,143.9133596116426,0.0331363597202182,109.43080690940498,0,0.0,0.0,1.1067117834912508,351110.01500003337,266250.536066169,0,3186000.0,0.04070566024903774,0.0,3600.0,1911.21,8542800.0,0.04812679049027113,1.0,1.1067117834912508,737624.01910115,2463036.404205078,0.0,0.0,0.9873476376653086,1.0,0.0,5.8562202708e-06,0.9873476376653086,20300.10986175605,0.0,80417.10780474503,100717.21766650108
2026-08-19 04:00:00+00:00,20088.70728613066,143.9133596116426,0.0331363597202182,108.35978697833337,0,0.0,0.0,1.1067161540821842,351110.01500003337,266252.0468245381,0,3182400.0,0.04070566024903774,0.0,3600.0,1909.78,8539200.0,0.048126790521902496,1.0,1.1067161540821842,737624.01910115,2463036.404205078,0.0,0.0,0.9873529355987516,1.0,0.0,5.6741823144e-06,0.9873529355987516,20298.6439832073,0.0,80417.45720386656,100716.10118707386
2026-08-19 05:00:00+00:00,20087.636597076315,143.9133596116426,0.0331363597202182,107.28909792399068,0,0.0,0.0,1.1067205246903773,351110.01500003337,266253.36808312964,0,3178800.0,0.037484548532057654,0.0,3600.0,1909.19,8535600.0,0.04812679055356117,1.0,1.1067205246903773,737624.01910115,2463036.404205078,0.0,0.0,0.987358233560622,1.0,0.0,4.962423121199999e-06,0.987358233560622,20208.061208698626,0.0,80417.99611274683,100626.05732144545
2026-08-19 06:00:00+00:00,20086.561601016416,143.9133596116426,0.0331363597202182,106.21410186409204,0,0.0,0.0,1.1067248462719357,351110.01500003337,266254.68942017906,0,3175200.0,0.037484548532057654,0.0,3600.0,1916.87,8532000.0,0.04856282097430897,1.0,1.1067248462719357,750082.4290511941,2451923.484842291,0.0,0.0,0.9872524327160204,1.0,0.0,4.9626931680000006e-06,0.9872524327160204,20207.33370867648,0.0,80379.5270395623,100586.86074823877
2026-08-19 07:00:00+00:00,20085.487575154384,143.9133596116426,0.0331363597202182,105.14007600205952,0,0.0,0.0,1.106729216914456,351110.01500003337,266256.1230152224,0,3171600.0,0.037484548532057654,0.0,3600.0,1915.14,8528400.0,0.04856282100631493,1.0,1.106729216914456,750082.4290511941,2451923.484842291,0.0,0.0,0.9872577770132993,1.0,0.0,5.3842852008e-06,0.9872577770132993,20206.013878176855,0.0,80379.96988081676,100585.98375899362
2026-08-19 08:00:00+00:00,20091.707933015903,143.9133596116426,0.0331363597202182,111.36043386357754,0,0.0,0.0,1.106733587574237,351110.01500003337,266257.4445460691,0,3168000.0,0.03852252603362323,2.64e-05,3600.0,1920.75,8524800.0,0.04856282103834797,1.0,1.106733587574237,750082.4290511941,2451923.484842291,0.0,0.0,0.9872631213395087,1.0,0.0,4.9633696764e-06,0.9872631213395087,20241.27303759821,0.0,80380.5247964256,100621.7978340238
2026-08-19 09:00:00+00:00,20090.632135000542,143.9133596116426,0.0331363597202182,110.2846358482173,0,0.0,0.0,1.1067379582512777,351110.01500003337,266258.76610240224,0,3164400.0,0.03893800774788362,0.0,3600.0,1918.3,8521200.0,0.0485628210704081,1.0,1.1067379582512777,750082.4290511941,2451923.484842291,0.0,0.0,0.9872684656946484,1.0,0.0,4.963440762e-06,0.9872684656946484,20251.346162665886,0.0,80381.07969670568,100632.42585937156
2026-08-19 10:00:00+00:00,20089.555793001407,143.9133596116426,0.0331363597202182,109.20829384908242,0,0.0,0.0,1.1067423289455796,351110.01500003337,266260.0876863731,0,3160800.0,0.03893800774788362,0.0,3600.0,1919.27,8517600.0,0.0485628211024951,1.0,1.1067423289455796,750082.4290511941,2451923.484842291,0.0,0.0,0.9872738100787188,1.0,0.0,4.963519926e-06,0.9872738100787188,20250.16815688769,0.0,80381.63457950595,100631.80273639364
2026-08-19 11:00:00+00:00,20088.477729321665,143.9133596116426,0.0331363597202182,108.1302301693412,0,0.0,0.0,1.1067466456428503,351110.01500003337,266261.40929293627,0,3157200.0,0.03893800774788362,0.0,3600.0,1922.34,8514000.0,0.048562821135680556,1.0,1.1067466456428503,750082.4290511941,2451923.484842291,0.0,0.0,0.9872791544914477,1.0,0.0,4.9635801396e-06,0.9872791544914477,20249.163780957206,0.0,80382.1894497762,100631.3532307334
2026-08-19 12:00:00+00:00,20087.39181993779,143.9133596116426,0.0331363597202182,107.04432078546877,0,0.0,0.0,1.106751031883093,351110.01500003337,266262.7309245449,0,3153600.0,0.03893800774788362,0.0,3600.0,1936.33,8510400.0,0.04842965256751719,1.0,1.106751031883093,746261.9751147209,2455331.838646799,0.0,0.0,0.9873183387566818,1.0,0.0,4.9636495655999995e-06,0.9873183387566818,20249.062722753402,0.0,80394.62580612168,100643.68852887508
2026-08-19 13:00:00+00:00,20086.30847344655,143.9133596116426,0.0331363597202182,105.96097429422534,0,0.0,0.0,1.1067554026290247,351110.01500003337,266264.0525837673,0,3150000.0,0.03893800774788362,0.0,3600.0,1931.76,8506800.0,0.04842965259959664,1.0,1.1067554026290247,746261.9751147209,2455331.838646799,0.0,0.0,0.9873236690957833,1.0,0.0,4.963728636e-06,0.9873236690957833,20247.41369087453,0.0,80395.17568234116,100642.58937321568
2026-08-19 14:00:00+00:00,20094.31662956235,135.16763588969155,0.0331363597202182,104.85624419336627,0,0.0,0.0,1.106759773392217,351110.01500003337,266265.3742627445,0,3146400.0,0.03893800774788362,0.0,3600.0,1969.89,8503200.0,0.048429652631702735,1.0,1.106759773392217,746261.9751147209,2455331.838646799,0.0,0.0,0.9873289994636623,1.0,0.0,4.96377819e-06,0.9873289994636623,20248.441738867743,0.0,80395.72554890986,100644.1672877776
2026-08-19 15:00:00+00:00,20104.840620758936,127.69605016893678,0.0331363597202182,103.75793352190533,0,0.0,0.0,1.1067641295952153,351110.01500003337,266266.6959702602,0,3142800.0,0.04112201536981897,0.0,3600.0,2085.16,8499600.0,0.04842972269647472,1.0,1.1067641295952153,746261.9751147209,2455331.838646799,0.0,0.0,0.9873343120850043,1.0,0.0,4.9638607308e-06,0.9873343120850043,20316.743845480803,0.0,80396.26915595331,100713.01300143411
2026-08-19 16:00:00+00:00,20130.473746844564,127.69605016893678,0.0331363597202182,129.39105960753287,0,0.0,0.0,1.1067685003928684,351110.01500003337,266268.0338305513,0,3139200.0,0.04112201536981897,0.0001,3600.0,2088.75,8496000.0,0.0484297227583228,1.0,1.1067685003928684,746261.9751147209,2455331.838646799,0.0,0.0,0.9873396425103395,1.0,0.0,5.0244996852e-06,0.9873396425103395,20342.49865548778,0.0,80396.80286138155,100739.30151686934
2026-08-19 17:00:00+00:00,20129.433693651506,127.69605016893678,0.0331363597202182,128.35100641447457,0,0.0,0.0,1.1067729023978068,351110.01500003337,266269.3558710083,0,3135600.0,0.041538537061796284,0.0,3600.0,2090.09,8492400.0,0.048287055127040235,1.0,1.1067729023978068,742186.515908413,2458967.849952331,0.0,0.0,0.9873811569646322,1.0,0.0,4.965061543200001e-06,0.9873811569646322,20352.40467439019,0.0,80410.05696159403,100762.46163598422
2026-08-19 18:00:00+00:00,20128.39328217804,127.69605016893678,0.0331363597202182,127.31059494100778,0,0.0,0.0,1.1067772586524938,351110.01500003337,266270.677930254,0,3132000.0,0.041538537061796284,0.0,3600.0,2090.81,8488800.0,0.048287125069747416,1.0,1.1067772586524938,742186.515908413,2458967.849952331,0.0,0.0,0.9873864545862329,1.0,0.0,4.965107454e-06,0.9873864545862329,20351.18499015561,0.0,80410.59495034796,100761.77994050358
2026-08-19 19:00:00+00:00,20127.34781496992,127.69605016893678,0.0331363597202182,126.2651277328877,0,0.0,0.0,1.1067816440799831,351110.01500003337,266272.5068416864,0,3128400.0,0.041538537061796284,0.0,3600.0,2100.97,8485200.0,0.04828705251746235,1.0,1.1067816440799831,742186.43997303,2458967.9191057906,0.0,0.0,0.9873917883643626,1.0,0.0,6.8685938892e-06,0.9873917883643626,20350.96482140353,0.0,80410.63878183474,100761.60360323827
2026-08-19 20:00:00+00:00,20139.526204743062,120.04833340972235,0.0331363597202182,125.16139517333531,0,0.0,0.0,1.1067860149468072,351110.01500003337,266274.40640276874,0,3124800.0,0.041538537061796284,0.0,3600.0,2218.06,8481600.0,0.04828705254963506,1.0,1.1067860149468072,742186.43997303,2458967.9191057906,0.0,0.0,0.9873971037680439,1.0,0.0,7.133873223599999e-06,0.9873971037680439,20361.21150070376,0.0,80410.60551221867,100771.81701292243
2026-08-19 21:00:00+00:00,20138.4567356001,120.04833340972235,0.0331363597202182,124.09192603037093,0,0.0,0.0,1.1067903858308925,351110.01500003337,266276.21214089415,0,3121200.0,0.044981205446800156,0.0,3600.0,2286.12,8478000.0,0.04828705258183574,1.0,1.1067903858308925,742186.43997303,2458967.9191057906,0.0,0.0,0.9874024192003393,1.0,0.0,6.781470390000001e-06,0.9874024192003393,20460.192661625533,0.0,80410.66607560625,100870.85873723179
2026-08-19 22:00:00+00:00,20137.404346189785,120.04833340972235,0.0331363597202182,123.03953662005821,0,0.0,0.0,1.1067947567322396,351110.01500003337,266277.53721464693,0,3117600.0,0.044145575669489796,0.0,3600.0,2249.61,8474400.0,0.0482870526140633,1.0,1.1067947567322396,742186.43997303,2458967.9191057906,0.0,0.0,0.9874077346612494,1.0,0.0,4.9763005308e-06,0.9874077346612494,20431.327328530562,0.0,80411.20731341332,100842.53464194389
2026-08-19 23:00:00+00:00,20136.350763864702,120.04833340972235,0.0331363597202182,121.98595429497526,0,0.0,0.0,1.106799127650848,351110.01500003337,266278.8623118757,0,3114000.0,0.044145575669489796,0.0,3600.0,2252.16,8470800.0,0.048287052646318385,1.0,1.106799127650848,742186.43997303,2458967.9191057906,0.0,0.0,0.987413050150774,1.0,0.0,4.9763639304e-06,0.987413050150774,20430.26712896303,0.0,80411.74853779125,100842.01566675428
2026-08-20 00:00:00+00:00,20162.444050202226,120.04833340972235,0.0331363597202182,148.07924063249934,0,0.0,0.0,1.106803498586718,351110.01500003337,266280.195412396,0,3110400.0,0.044145575669489796,0.0001,3600.0,2261.7,8467200.0,0.048287052678600784,1.0,1.106803498586718,742186.43997303,2458967.9191057906,0.0,0.0,0.9874183656689134,1.0,0.0,5.0063950691999996e-06,0.9874183656689134,20457.26419845536,0.0,80412.28176892461,100869.54596737998
2026-08-20 01:00:00+00:00,20161.38414776791,120.04833340972235,0.0331363597202182,147.01933819818262,0,0.0,0.0,1.106807869539849,351110.01500003337,266281.52059253835,0,3106800.0,0.044981205446800156,0.0,3600.0,2265.67,8463600.0,0.04828705271091116,1.0,1.106807869539849,742186.43997303,2458967.9191057906,0.0,0.0,0.9874236812156675,1.0,0.0,4.976625628800001e-06,0.9874236812156675,20478.770967458375,0.0,80412.8229304828,100891.59389794117
2026-08-20 02:00:00+00:00,20160.330972437278,120.04833340972235,0.0331363597202182,145.96616286755068,0,0.0,0.0,1.106812240510242,351110.01500003337,266282.9125079773,0,3103200.0,0.04268483114161321,0.0,3600.0,2251.29,8460000.0,0.048287052743248626,1.0,1.106812240510242,742186.43997303,2458967.9191057906,0.0,0.0,0.9874289967910368,1.0,0.0,5.2272189144e-06,0.9874289967910368,20414.267156902184,0.0,80413.29736679152,100827.5645236937
2026-08-20 03:00:00+00:00,20159.27799826482,120.04833340972235,0.0331363597202182,144.9131886950957,0,0.0,0.0,1.1068166114978963,351110.01500003337,266284.38121737505,0,3099600.0,0.04310197806930728,0.0,3600.0,2250.86,8456400.0,0.048287052775613404,1.0,1.1068166114978963,742186.43997303,2458967.9191057906,0.0,0.0,0.9874343123950214,1.0,0.0,5.5155824063999995e-06,0.9874343123950214,20423.949947006284,0.0,80413.69501918857,100837.64496619486
2026-08-20 04:00:00+00:00,20158.225519970663,120.04833340972235,0.0331363597202182,143.86071040093736,0,0.0,0.0,1.1068209825028128,351110.01500003337,266285.8240077377,0,3096000.0,0.048330417455919705,0.0,3600.0,2249.8,8452800.0,0.04828705280800638,1.0,1.1068209825028128,742186.43997303,2458967.9191057906,0.0,0.0,0.9874396280276212,1.0,0.0,5.4182165976e-06,0.9874396280276212,20561.098522374814,0.0,80414.11860066775,100975.21712304256
2026-08-20 05:00:00+00:00,20157.173939871154,120.04833340972235,0.0331363597202182,142.80913030142958,0,0.0,0.0,1.1068253535249912,351110.01500003337,266287.266927206,0,3092400.0,0.048330417455919705,0.0,3600.0,2247.88,8449200.0,0.04828705284042645,1.0,1.1068253535249912,742186.43997303,2458967.9191057906,0.0,0.0,0.9874449436888367,1.0,0.0,5.4186720768e-06,0.9874449436888367,20559.235069557828,0.0,80414.54206308856,100973.77713264638
2026-08-20 06:00:00+00:00,20156.115707517514,120.04833340972235,0.0331363597202182,141.7508979477912,0,0.0,0.0,1.106829777474975,351110.01500003337,266288.5930279339,0,3088800.0,0.04916939636240473,0.0,3600.0,2262.1,8445600.0,0.04828705287179247,1.0,1.106829777474975,742186.43997303,2458967.9191057906,0.0,0.0,0.9874502593789407,1.0,0.0,4.9799505672e-06,0.9874502593789407,20582.56451256538,0.0,80415.0823543928,100997.64686695818
2026-08-20 07:00:00+00:00,20155.06243862494,120.04833340972235,0.0331363597202182,140.6976290552165,0,0.0,0.0,1.106834148531886,351110.01500003337,266289.9271218062,0,3085200.0,0.05021906426376882,0.0,3600.0,2251.49,8442000.0,0.0482870529042676,1.0,1.106834148531886,742186.43997303,2458967.9191057906,0.0,0.0,0.9874555750973876,1.0,0.0,5.009942466000001e-06,0.9874555750973876,20606.77222835381,0.0,80415.61466250411,101022.38689085792
2026-08-20 08:00:00+00:00,20181.389003580207,120.04833340972235,0.0331363597202182,167.02419401048155,0,0.0,0.0,1.1068385196060595,351110.01500003337,266291.44664152316,0,3081600.0,0.05200591039112321,0.0001,3600.0,2281.92,8438400.0,0.048287052936769825,1.0,1.1068385196060595,742186.43997303,2458967.9191057906,0.0,0.0,0.9874608908444507,1.0,0.0,5.706244310400001e-06,0.9874608908444507,20686.501097825392,0.0,80415.9615548182,101102.46265264359
2026-08-20 09:00:00+00:00,20180.323192709206,120.04833340972235,0.0331363597202182,165.95838313947925,0,0.0,0.0,1.1068428906974945,351110.01500003337,266292.77310554695,0,3078000.0,0.049904053673639856,0.0,3600.0,2278.3,8434800.0,0.04828705296930025,1.0,1.1068428906974945,742186.43997303,2458967.9191057906,0.0,0.0,0.9874662066201297,1.0,0.0,4.9812366744e-06,0.9874662066201297,20627.935884874878,0.0,80416.50151287287,101044.43739774775
2026-08-20 10:00:00+00:00,20179.253620648105,120.04833340972235,0.0331363597202182,164.88881107837784,0,0.0,0.0,1.1068472618061922,351110.01500003337,266294.09958342183,0,3074400.0,0.049904053673639856,0.0,3600.0,2286.34,8431200.0,0.048287053001858204,1.0,1.1068472618061922,742186.43997303,2458967.9191057906,0.0,0.0,0.9874715224244252,1.0,0.0,4.981263876e-06,0.9874715224244252,20627.920543187087,0.0,80417.04146712384,101044.96201031093
2026-08-20 11:00:00+00:00,20178.179716669056,120.04833340972235,0.0331363597202182,163.81490709932643,0,0.0,0.0,1.1068516329321518,351110.01500003337,266295.42607681215,0,3070800.0,0.05284783079486161,0.0,3600.0,2295.6,8427600.0,0.048287053034443694,1.0,1.1068516329321518,742186.43997303,2458967.9191057906,0.0,0.0,0.9874768382573371,1.0,0.0,4.981297327200001e-06,0.9874768382573371,20707.131777365197,0.0,80417.58141590701,101124.71319327221
2026-08-20 12:00:00+00:00,20177.10863358258,120.04833340972235,0.0331363597202182,162.74382401284936,0,0.0,0.0,1.106856004075374,351110.01500003337,266296.76059772057,0,3067200.0,0.05284783079486161,0.0,3600.0,2289.57,8424000.0,0.048287053067057606,1.0,1.106856004075374,742186.43997303,2458967.9191057906,0.0,0.0,0.9874821541188655,1.0,0.0,5.0114175228e-06,0.9874821541188655,20704.052782870094,0.0,80418.1133472196,101122.1661300897
2026-08-20 13:00:00+00:00,20176.04388463963,120.04833340972235,0.0331363597202182,161.67907506989744,0,0.0,0.0,1.1068603758097924,351110.01500003337,266298.08717865095,0,3063600.0,0.05284783079486161,0.0,3600.0,2276.03,8420400.0,0.048281951393588374,1.0,1.1068603758097924,742186.439861465,2459579.900864026,0.0,0.0,0.9874887532087516,1.0,0.0,4.9815762804e-06,0.9874887532087516,20699.2569837081,0.0,80419.10377283808,101118.36075654617
2026-08-20 14:00:00+00:00,20174.977222354948,120.04833340972235,0.0331363597202182,160.61241278521598,0,0.0,0.0,1.1068647469875412,351110.01500003337,266299.4137714664,0,3060000.0,0.05284783079486161,0.0,3600.0,2280.12,8416800.0,0.048281951426254466,1.0,1.1068647469875412,742186.439861465,2459579.900864026,0.0,0.0,0.9874940685858087,1.0,0.0,4.9815960948e-06,0.9874940685858087,20698.514603076,0.0,80419.64346214087,101118.15806521688
2026-08-20 15:00:00+00:00,20173.889508633143,120.04833340972235,0.0331363597202182,159.52469906341253,0,0.0,0.0,1.1068691181825527,351110.01500003337,266301.92754782503,0,3056400.0,0.05284783079486161,0.0,3600.0,2325.12,8413200.0,0.048281951458948535,1.0,1.1068691181825527,742186.439861465,2459579.900864026,0.0,0.0,0.9874993839914769,1.0,0.0,9.439617078e-06,0.9874993839914769,20707.13123803033,0.0,80418.99597794609,101126.12721597642
2026-08-20 16:00:00+00:00,20228.981746451514,113.61351525424571,0.0331363597202182,186.56679022403338,0,0.0,0.0,1.1068734893948273,351110.01500003337,266303.2629450367,0,3052800.0,0.05284783079486161,0.0001,3600.0,2343.94,8409600.0,0.04828195149167036,1.0,1.1068734893948273,742186.439861465,2459579.900864026,0.0,0.0,0.9875046994257566,1.0,0.0,5.014585796399999e-06,0.9875046994257566,20737.12629517313,0.0,80419.52688294416,101156.6531781173
2026-08-20 17:00:00+00:00,20227.94437588496,113.61351525424571,0.0331363597202182,185.52941965747792,0,0.0,0.0,1.106877860624364,351110.01500003337,266305.23386915604,0,3049200.0,0.05284783079486161,0.0,3600.0,2343.1,8406000.0,0.048281951524420386,1.0,1.106877860624364,742186.439861465,2459579.900864026,0.0,0.0,0.9875100148886476,1.0,0.0,7.401023946e-06,0.9875100148886476,20735.3078080463,0.0,80419.4222710802,101154.7300791265
2026-08-20 18:00:00+00:00,20226.919353175985,113.61351525424571,0.0331363597202182,184.5043969485048,0,0.0,0.0,1.1068822318711637,351110.01500003337,266307.2057147377,0,3045600.0,0.05284783079486161,0.0,3600.0,2315.21,8402400.0,0.04828195155719861,1.0,1.1068822318711637,742186.439861465,2459579.900864026,0.0,0.0,0.9875153303801504,1.0,0.0,7.4044293192000005e-06,0.9875153303801504,20727.651738677556,0.0,80419.3167477998,101146.96848647736
2026-08-20 19:00:00+00:00,20225.89100553297,113.61351525424571,0.0331363597202182,183.47604930548925,0,0.0,0.0,1.106886603135527,351110.01500003337,266308.53743289283,0,3042000.0,0.05284783079486161,0.0,3600.0,2322.72,8398800.0,0.048281948914613126,1.0,1.106886603135527,742186.3638844606,2459579.9700434334,0.0,0.0,0.9875206465714869,1.0,0.0,5.0006713932e-06,0.9875206465714869,20727.653847653983,0.0,80419.85159766459,101147.50544531857
2026-08-20 20:00:00+00:00,20224.864946825906,113.61351525424571,0.0331363597202182,182.4499905984257,0,0.0,0.0,1.1068909744168522,351110.01500003337,266310.34665095573,0,3038400.0,0.05284783079486161,0.0,3600.0,2317.55,8395200.0,0.04828194894744753,1.0,1.1068909744168522,742186.3638844606,2459579.9700434334,0.0,0.0,0.9875259621199293,1.0,0.0,6.7936684824e-06,0.9875259621199293,20724.918465336636,0.0,80419.90872189502,101144.82718723165
2026-08-20 21:00:00+00:00,20223.838857127448,113.61351525424571,0.0331363597202182,181.42390089996627,0,0.0,0.0,1.1068953457154407,351110.01500003337,266312.63628979184,0,3034800.0,0.05284783079486161,0.0,3600.0,2317.62,8391600.0,0.048281948980309464,1.0,1.1068953457154407,742186.3638844606,2459579.9700434334,0.0,0.0,0.987531277696984,1.0,0.0,8.5975968348e-06,0.987531277696984,20723.314981042327,0.0,80419.48543539835,101142.80041644067
2026-08-20 22:00:00+00:00,20222.814666758823,113.61351525424571,0.0331363597202182,180.39971053133934,0,0.0,0.0,1.1068997170312918,351110.01500003337,266314.0411623074,0,3031200.0,0.05284783079486161,0.0,3600.0,2313.33,8388000.0,0.04828194901320049,1.0,1.1068997170312918,742186.3638844606,2459579.9700434334,0.0,0.0,0.9875365933026508,1.0,0.0,5.275261548e-06,0.9875365933026508,20720.774840336548,0.0,80419.94692526816,101140.72176560471
2026-08-20 23:00:00+00:00,20221.784787255383,113.61351525424571,0.0331363597202182,179.36983102789944,0,0.0,0.0,1.1069039365299944,351110.01500003337,266316.182987062,0,3027600.0,0.05284783079486161,0.0,3600.0,2326.18,8384400.0,0.049632420102405206,1.0,1.1069039365299944,781417.3349665436,2424588.8090171088,0.0,0.0,0.9872039420345231,1.0,0.0,8.0424454248e-06,0.9872039420345231,20721.916324877024,0.0,80301.00790877145,101022.92423364847
2026-08-21 00:00:00+00:00,20244.75771983632,113.61351525424571,0.0331363597202182,202.34276360883948,0,0.0,0.0,1.1069083078797717,351110.01500003337,266317.5880277084,0,3024000.0,0.05284783079486161,9.031e-05,3600.0,2339.95,8380800.0,0.049632420136294986,1.0,1.1069083078797717,781417.3349665436,2424588.8090171088,0.0,0.0,0.9872094009664188,1.0,0.0,5.2758226116e-06,0.9872094009664188,20747.251617234768,0.0,80301.51955378486,101048.77117101963
2026-08-21 01:00:00+00:00,20243.713438188486,113.61351525424571,0.0331363597202182,201.2984819610054,0,0.0,0.0,1.1069126703198344,351110.01500003337,266319.70211275696,0,3020400.0,0.05284783079486161,0.0,3600.0,2358.71,8377200.0,0.04971187350193418,1.0,1.1069126703198344,781417.3349665436,2415220.179319775,0.0,0.0,0.987195010041677,1.0,0.0,7.9381788984e-06,0.987195010041677,20749.632959482045,0.0,80294.35267093434,101043.98563041638
2026-08-21 02:00:00+00:00,20242.67534596514,113.61351525424571,0.0331363597202182,200.2603897376604,0,0.0,0.0,1.1069170417041034,351110.01500003337,266321.06392430083,0,3016800.0,0.05284783079486161,0.0,3600.0,2344.73,8373600.0,0.04971187353593809,1.0,1.1069170417041034,781417.3349665436,2415220.179319775,0.0,0.0,0.9872004774543777,1.0,0.0,5.1134334083999995e-06,0.9872004774543777,20744.996869139446,0.0,80294.9105227458,101039.90739188525
2026-08-21 03:00:00+00:00,20241.63939214811,113.61351525424571,0.0331363597202182,199.22443592063033,0,0.0,0.0,1.1069214131056355,351110.01500003337,266322.9618202975,0,3013200.0,0.05284783079486161,0.0,3600.0,2339.9,8370000.0,0.0497118735699722,1.0,1.1069214131056355,781417.3349665436,2415220.179319775,0.0,0.0,0.9872059448973584,1.0,0.0,7.126320412800001e-06,0.9872059448973584,20742.327969553324,0.0,80294.93230073608,101037.26027028941
2026-08-21 04:00:00+00:00,20240.597585384603,113.61351525424571,0.0331363597202182,198.18262915712342,0,0.0,0.0,1.1069257845244311,351110.01500003337,266325.13371472113,0,3009600.0,0.05284783079486161,0.0,3600.0,2353.12,8366400.0,0.049711873604035395,1.0,1.1069257845244311,781417.3349665436,2415220.179319775,0.0,0.0,0.9872114123706197,1.0,0.0,8.155081908e-06,0.9872114123706197,20743.51338624698,0.0,80294.6800909313,101038.19347717828
2026-08-21 05:00:00+00:00,20239.549474085707,113.61351525424571,0.0331363597202182,197.13451785822846,0,0.0,0.0,1.10693015596049,351110.01500003337,266326.41021360364,0,3006000.0,0.05284783079486161,0.0,3600.0,2367.36,8362800.0,0.04971187363812746,1.0,1.10693015596049,781417.3349665436,2415220.179319775,0.0,0.0,0.9872168798741618,1.0,0.0,4.7929979628e-06,0.9872168798741618,20744.90347570216,0.0,80295.32328729948,101040.22676300164
2026-08-21 06:00:00+00:00,20238.499525439773,113.61351525424571,0.0331363597202182,196.08456921229273,0,0.0,0.0,1.1069345274138123,351110.01500003337,266327.81026516086,0,3002400.0,0.05284783079486161,0.0,3600.0,2371.51,8359200.0,0.049711873672249274,1.0,1.1069345274138123,781417.3349665436,2415220.179319775,0.0,0.0,0.9872223474079846,1.0,0.0,5.2568871264e-06,0.9872223474079846,20744.133141127822,0.0,80295.84294162475,101039.97608275258
2026-08-21 07:00:00+00:00,20237.44957679384,113.61351525424571,0.0331363597202182,195.034620566357,0,0.0,0.0,1.1069388988843987,351110.01500003337,266329.15133362066,0,2998800.0,0.05284783079486161,0.0,3600.0,2371.51,8355600.0,0.049711873706399734,1.0,1.1069388988843987,781417.3349665436,2415220.179319775,0.0,0.0,0.9872278149720888,1.0,0.0,5.035392593999999e-06,0.9872278149720888,20742.47691716332,0.0,80296.42158967961,101038.89850684293
2026-08-21 08:00:00+00:00,20264.144395041345,113.61351525424571,0.0331363597202182,221.72943881386212,0,0.0,0.0,1.1069432703722484,351110.01500003337,266330.4924321635,0,2995200.0,0.05284783079486161,0.0001,3600.0,2444.89,8352000.0,0.049711873740580614,1.0,1.1069432703722484,781417.3349665436,2415220.179319775,0.0,0.0,0.9872332825664737,1.0,0.0,5.0354801928e-06,0.9872332825664737,20784.173413570603,0.0,80297.00021828327,101081.17363185388
2026-08-21 09:00:00+00:00,20263.080163789255,113.61351525424571,0.0331363597202182,220.6652075617734,0,0.0,0.0,1.1069476418773618,351110.01500003337,266331.83355934586,0,2991600.0,0.05442824804757055,0.0,3600.0,2403.77,8348400.0,0.04971187377479058,1.0,1.1069476418773618,781417.3349665436,2415220.179319775,0.0,0.0,0.9872387501911402,1.0,0.0,5.03556237e-06,0.9872387501911402,20814.692544713424,0.0,80297.57882887957,101112.271373593
2026-08-21 10:00:00+00:00,20262.019934854576,113.61351525424571,0.0331363597202182,219.60497862709397,0,0.0,0.0,1.1069519837203923,351110.01500003337,266333.17471459566,0,2988000.0,0.05442824804757055,0.0,3600.0,2394.73,8344800.0,0.04971502649926873,1.0,1.1069519837203923,781510.4928632439,2415137.100105154,0.0,0.0,0.9872434332533361,1.0,0.0,5.035642398e-06,0.9872434332533361,20810.896537363522,0.0,80297.8819436676,101108.77848103113
2026-08-21 11:00:00+00:00,20260.970468788946,113.61351525424571,0.0331363597202182,218.55551256146535,0,0.0,0.0,1.1069563552599162,351110.01500003337,266334.51592543,0,2984400.0,0.05442824804757055,0.0,3600.0,2370.42,8341200.0,0.04971502653354043,1.0,1.1069563552599162,781510.4928632439,2415137.100105154,0.0,0.0,0.9872489012726998,1.0,0.0,5.0358257424e-06,0.9872489012726998,20803.6205897714,0.0,80298.46060919412,101102.08119896552
2026-08-21 12:00:00+00:00,20259.91333013917,113.61351525424571,0.0331363597202182,217.4983739116882,0,0.0,0.0,1.1069607268167037,351110.01500003337,266335.87338052754,0,2980800.0,0.05442824804757055,0.0,3600.0,2387.75,8337600.0,0.04971502656784166,1.0,1.1069607268167037,781510.4928632439,2415137.100105154,0.0,0.0,0.9872543693223491,1.0,0.0,5.0967920304e-06,0.9872543693223491,20805.87136435805,0.0,80299.02304109093,101104.89440544898
2026-08-21 13:00:00+00:00,20258.856532394748,113.61351525424571,0.0331363597202182,216.4415761672656,0,0.0,0.0,1.1069650983907555,351110.01500003337,266338.0107139308,0,2977200.0,0.05442824804757055,0.0,3600.0,2386.98,8334000.0,0.04971502660217264,1.0,1.1069650983907555,781510.4928632439,2415137.100105154,0.0,0.0,0.9872598374022842,1.0,0.0,8.024922817200002e-06,0.9872598374022842,20803.97934946368,0.0,80298.80560531566,101102.78495477934
2026-08-21 14:00:00+00:00,20257.797007407487,113.61351525424571,0.0331363597202182,215.38205118000658,0,0.0,0.0,1.1069694699820716,351110.01500003337,266340.23947224085,0,2973600.0,0.05442824804757055,0.0,3600.0,2393.14,8330400.0,0.0497150266365336,1.0,1.1069694699820716,781510.4928632439,2415137.100105154,0.0,0.0,0.987265305512505,1.0,0.0,8.368122067199998e-06,0.987265305512505,20803.665746785628,0.0,80298.49675526732,101102.16250205295
2026-08-21 15:00:00+00:00,20256.737531120994,113.61351525424571,0.0331363597202182,214.32257489351252,0,0.0,0.0,1.1069738415906518,351110.01500003337,266341.50811843853,0,2970000.0,0.05442824804757055,0.0,3600.0,2393.03,8326800.0,0.04971502667092409,1.0,1.1069738415906518,781510.4928632439,2415137.100105154,0.0,0.0,0.987270773653012,1.0,0.0,4.763242605599999e-06,0.987270773653012,20801.92035213582,0.0,80299.14802796504,101101.06838010086
2026-08-21 16:00:00+00:00,20282.9982251447,113.61351525424571,0.0331363597202182,240.58326891721993,0,0.0,0.0,1.106978213216496,351110.01500003337,266342.807494893,0,2966400.0,0.05442824804757055,0.0001,3600.0,2405.13,8323200.0,0.04971502670534411,1.0,1.106978213216496,781510.4928632439,2415137.100105154,0.0,0.0,0.9872762418238054,1.0,0.0,4.8785985108e-06,0.9872762418238054,20830.27351290669,0.0,80299.76858103991,101130.0420939466
2026-08-21 17:00:00+00:00,20281.925488968118,113.61351525424571,0.0331363597202182,239.5105327406365,0,0.0,0.0,1.1069825848596049,351110.01500003337,266344.0954343074,0,2962800.0,0.05442824804757055,0.0,3600.0,2422.98,8319600.0,0.04971502673979433,1.0,1.1069825848596049,781510.4928632439,2415137.100105154,0.0,0.0,0.987281710024885,1.0,0.0,4.8356338679999995e-06,0.987281710024885,20832.593356586305,0.0,80300.40058178856,101132.99393837487
2026-08-21 18:00:00+00:00,20280.854160686376,113.61351525424571,0.0331363597202182,238.43920445889398,0,0.0,0.0,1.1069871142352192,351110.01500003337,266345.3990802934,0,2959200.0,0.05442824804757055,0.0,3600.0,2419.8,8316000.0,0.04833687261454411,1.0,1.1069871142352192,741527.8020620004,2450806.0632257946,0.0,0.0,0.9876292665643771,1.0,0.0,4.8945811752e-06,0.9876292665643771,20830.131093262793,0.0,80421.127517597,101251.25861085979
2026-08-21 19:00:00+00:00,20279.78610421057,113.61351525424571,0.0331363597202182,237.37114798308667,0,0.0,0.0,1.1069914859134795,351110.01500003337,266346.7025852307,0,2955600.0,0.05442824804757055,0.0,3600.0,2412.41,8312400.0,0.04833687264807596,1.0,1.1069914859134795,741527.8020620004,2450806.0632257946,0.0,0.0,0.9876345886043382,1.0,0.0,4.89402765e-06,0.9876345886043382,20826.719381355284,0.0,80421.69263419026,101248.41201554555
2026-08-21 20:00:00+00:00,20278.70580170605,113.61351525424571,0.0331363597202182,236.29084547856914,0,0.0,0.0,1.1069958576090042,351110.01500003337,266348.005949141,0,2952000.0,0.05442824804757055,0.0,3600.0,2440.07,8308800.0,0.04833687268163578,1.0,1.1069958576090042,741527.8020620004,2450806.0632257946,0.0,0.0,0.9876399106729783,1.0,0.0,4.8934742148e-06,0.9876399106729783,20831.236241069353,0.0,80422.25790188002,101253.49414294938
2026-08-21 21:00:00+00:00,20314.955755834053,105.96665673208848,0.0331363597202182,235.1780241451013,0,0.0,0.0,1.1070002443891716,351110.01500003337,266349.31102923903,0,2948400.0,0.05442824804757055,0.0,3600.0,2513.52,8305200.0,0.04820530659165079,1.0,1.1070002443891716,737788.2140804969,2454142.7332891407,0.0,0.0,0.9876778781788862,1.0,0.0,4.8998936412e-06,0.9876778781788862,20845.162872859735,0.0,80434.28359335085,101279.44646621059
2026-08-21 22:00:00+00:00,20313.91433223457,105.96665673208848,0.0331363597202182,234.136600545619,0,0.0,0.0,1.1070046026876557,351110.01500003337,266350.6156747895,0,2944800.0,0.05569428976755918,0.0,3600.0,2522.0,8301600.0,0.04832258837199932,1.0,1.1070046026876557,741121.2140804969,2451169.2315487303,0.0,0.0,0.9876540975009125,1.0,0.0,4.8982381451999995e-06,0.9876540975009125,20876.855173485357,0.0,80424.62931360031,101301.48448708566
2026-08-21 23:00:00+00:00,20312.875398636796,105.96665673208848,0.0331363597202182,233.09766694784363,0,0.0,0.0,1.1070089425460659,351110.01500003337,266351.92018733895,0,2941200.0,0.05569428976755918,0.0,3600.0,2515.97,8298000.0,0.04860108618157111,1.0,1.1070089425460659,749024.3613222744,2443893.092650147,0.0,0.0,0.9875903897137156,1.0,0.0,4.8977148096e-06,0.9875903897137156,20873.783724804925,0.0,80400.95635893254,101274.74008373747
2026-08-22 00:00:00+00:00,20338.555608908824,105.96665673208848,0.0331363597202182,258.77787721987335,0,0.0,0.0,1.1070133143105299,351110.01500003337,266353.22456690844,0,2937600.0,0.05569428976755918,0.0001,3600.0,2521.69,8294400.0,0.04860108621543624,1.0,1.1070133143105299,749024.3613222744,2443893.092650147,0.0,0.0,0.9875957399543404,1.0,0.0,4.8971915604e-06,0.9875957399543404,20900.051040125625,0.0,80401.53050242906,101301.58154255469
2026-08-22 01:00:00+00:00,20337.520676657074,105.96665673208848,0.0331363597202182,257.74294496812456,0,0.0,0.0,1.1070176860922585,351110.01500003337,266354.528813519,0,2934000.0,0.05569428976755918,0.0,3600.0,2506.28,8290800.0,0.04860108624933113,1.0,1.1070176860922585,749024.3613222744,2443893.092650147,0.0,0.0,0.9876010902239498,1.0,0.0,4.8966683976e-06,0.9876010902239498,20894.900917754083,0.0,80402.10478906136,101297.00570681544
2026-08-22 02:00:00+00:00,20336.482007338087,105.96665673208848,0.0331363597202182,256.70427564913734,0,0.0,0.0,1.1070220578912524,351110.01500003337,266355.83292718965,0,2930400.0,0.05569428976755918,0.0,3600.0,2515.33,8287200.0,0.048601086283255324,1.0,1.1070220578912524,749024.3613222744,2443893.092650147,0.0,0.0,0.9876064405225442,1.0,0.0,4.896145314e-06,0.9876064405225442,20895.188537445658,0.0,80402.6792188104,101297.86775625606
2026-08-22 03:00:00+00:00,20335.443742695996,105.96665673208848,0.0331363597202182,255.66601100704443,0,0.0,0.0,1.107026352843615,351110.01500003337,266357.1265334006,0,2926800.0,0.05569428976755918,0.0,3600.0,2514.35,8283600.0,0.04927266091046101,1.0,1.107026352843615,768460.115418921,2426557.6850541136,0.0,0.0,0.9874457147336206,1.0,0.0,4.8566725775999996e-06,0.9874457147336206,20893.2464904055,0.0,80344.95317843958,101238.19966884507
2026-08-22 04:00:00+00:00,20334.40567213364,105.96665673208848,0.0331363597202182,254.62794044468657,0,0.0,0.0,1.1070307246768354,351110.01500003337,266358.4199722181,0,2923200.0,0.06587750158287582,0.0,3600.0,2513.88,8280000.0,0.04927266094492522,1.0,1.1070307246768354,768460.115418921,2426557.6850541136,0.0,0.0,0.9874511363603109,1.0,0.0,4.856020538400001e-06,0.9874511363603109,21142.867501374552,0.0,80345.56332705065,101488.4308284252
2026-08-22 05:00:00+00:00,20333.398340497824,105.96665673208848,0.0331363597202182,253.6206088088733,0,0.0,0.0,1.1070350965273201,351110.01500003337,266359.71324367507,0,2919600.0,0.06587750158287582,0.0,3600.0,2439.44,8276400.0,0.04927266097941896,1.0,1.1070350965273201,768460.115418921,2426557.6850541136,0.0,0.0,0.9874565580167689,1.0,0.0,4.8553686324e-06,0.9874565580167689,21116.954164254337,0.0,80346.17365347396,101463.1278177283
2026-08-22 06:00:00+00:00,20332.392041201027,105.96665673208848,0.0331363597202182,252.61430951207618,0,0.0,0.0,1.1070394683950708,351110.01500003337,266361.0063478045,0,2916000.0,0.06566435272683233,0.0,3600.0,2436.94,8272800.0,0.04927266101394201,1.0,1.1070394683950708,768460.115418921,2426557.6850541136,0.0,0.0,0.9874619797029951,1.0,0.0,4.854716859600001e-06,0.9874619797029951,21109.090153513414,0.0,80346.78415767674,101455.87431119016
2026-08-22 07:00:00+00:00,20331.387558820898,105.96665673208848,0.0331363597202182,251.60982713194744,0,0.0,0.0,1.1070438402800862,351110.01500003337,266362.29928463843,0,2912400.0,0.06566435272683233,0.0,3600.0,2432.54,8269200.0,0.04927266104849637,1.0,1.1070438402800862,768460.115418921,2426557.6850541136,0.0,0.0,0.987467401418989,1.0,0.0,4.8540652164e-06,0.987467401418989,21105.726154032753,0.0,80347.3948396268,101453.12099365954
2026-08-22 08:00:00+00:00,20356.086566700997,105.96665673208848,0.0331363597202182,276.30883501204556,0,0.0,0.0,1.1070481570393154,351110.01500003337,266363.5920542098,0,2908800.0,0.06566435272683233,0.0001,3600.0,2425.34,8265600.0,0.049754711954486996,1.0,1.1070481570393154,782626.6166244498,2413923.388015801,0.0,0.0,0.9873539533565621,1.0,0.0,4.8534137064e-06,0.9873539533565621,21127.178898832513,0.0,80306.26931915496,101433.44821798748
2026-08-22 09:00:00+00:00,20355.08664725932,105.96665673208848,0.0331363597202182,275.3089155703682,0,0.0,0.0,1.1070526907280673,351110.01500003337,266364.88465655065,0,2905200.0,0.06566435272683233,0.0,3600.0,2421.49,8262000.0,0.048341185498184336,1.0,1.1070526907280673,741599.6449512459,2450523.90596961,0.0,0.0,0.9877080357320954,1.0,0.0,4.852762326e-06,0.9877080357320954,21124.002135267372,0.0,80429.29858499888,101553.30072026624
2026-08-22 10:00:00+00:00,20354.09058876556,105.96665673208848,0.0331363597202182,274.3128570766112,0,0.0,0.0,1.1070570665444477,351110.01500003337,266366.1982233377,0,2901600.0,0.06566435272683233,0.0,3600.0,2412.14,8258400.0,0.048307313409978736,1.0,1.1070570665444477,740635.6074748561,2451384.0664184624,0.0,0.0,0.9877217160152809,1.0,0.0,4.9314441348e-06,0.9877217160152809,21119.087966682615,0.0,80432.78830264625,101551.87626932887
2026-08-22 11:00:00+00:00,20353.08987648752,105.96665673208848,0.0331363597202182,273.3121447985694,0,0.0,0.0,1.1070614384989614,351110.01500003337,266367.5117035477,0,2898000.0,0.06566435272683233,0.0,3600.0,2423.41,8254800.0,0.048307313443958,1.0,1.1070614384989614,740635.6074748561,2451384.0664184624,0.0,0.0,0.9877270353740765,1.0,0.0,4.9310947872e-06,0.9877270353740765,21120.707912215268,0.0,80433.34250258282,101554.05041479808
2026-08-22 12:00:00+00:00,20352.08755376061,105.96665673208848,0.0331363597202182,272.30982207166244,0,0.0,0.0,1.1070658104707407,351110.01500003337,266368.83258068905,0,2894400.0,0.06566435272683233,0.0,3600.0,2427.31,8251200.0,0.04830731347796746,1.0,1.1070658104707407,740635.6074748561,2451384.0664184624,0.0,0.0,0.9877323547615193,1.0,0.0,4.95883998e-06,0.9877323547615193,21119.985821836315,0.0,80433.88931564626,101553.87513748257
2026-08-22 13:00:00+00:00,20351.084388645068,105.96665673208848,0.0331363597202182,271.30665695611833,0,0.0,0.0,1.107070182459786,351110.01500003337,266370.1533996938,0,2890800.0,0.06566435272683233,0.0,3600.0,2429.35,8247600.0,0.0483073135120069,1.0,1.107070182459786,740635.6074748561,2451384.0664184624,0.0,0.0,0.9877376741776095,1.0,0.0,4.9585971348e-06,0.9877376741776095,21118.672126431546,0.0,80434.43619690475,101553.10832333629
2026-08-22 14:00:00+00:00,20350.087966767976,105.96665673208848,0.0331363597202182,270.3102350790276,0,0.0,0.0,1.1070745398844655,351110.01500003337,266371.4887384835,0,2887200.0,0.06566435272683233,0.0,3600.0,2413.02,8244000.0,0.04830738556385272,1.0,1.1070745398844655,740635.6074748561,2451384.0664184624,0.0,0.0,0.9877429758834586,1.0,0.0,5.01308208e-06,0.9877429758834586,21111.566533916382,0.0,80434.96234013524,101546.52887405163
2026-08-22 15:00:00+00:00,20349.09263917024,105.96665673208848,0.0331363597202182,269.31490748129403,0,0.0,0.0,1.107078926489673,351110.01500003337,266372.7234730238,0,2883600.0,0.06566435272683233,0.0,3600.0,2410.37,8240400.0,0.04830731358017393,1.0,1.107078926489673,740635.6074748561,2451384.0664184624,0.0,0.0,0.9877483130957332,1.0,0.0,4.6353747708e-06,0.9877483130957332,21108.786511990354,0.0,80435.60155427671,101544.38806626707
2026-08-22 16:00:00+00:00,20373.756513181608,105.96665673208848,0.0331363597202182,293.9787814926618,0,0.0,0.0,1.107083298530515,351110.01500003337,266374.0452477707,0,2880000.0,0.06566435272683233,0.0001,3600.0,2421.89,8236800.0,0.04830731361430263,1.0,1.107083298530515,740635.6074748561,2451384.0664184624,0.0,0.0,0.9877536325977667,1.0,0.0,4.9621126751999995e-06,0.9877536325977667,21136.128263638642,0.0,80436.14750996866,101572.27577360731
2026-08-22 17:00:00+00:00,20372.754772693905,105.96665673208848,0.0331363597202182,292.97704100496,0,0.0,0.0,1.1070876705886237,351110.01500003337,266375.3669697557,0,2876400.0,0.06310988872427084,0.0,3600.0,2425.9,8233200.0,0.04830731364846064,1.0,1.1070876705886237,740635.6074748561,2451384.0664184624,0.0,0.0,0.9877589521284486,1.0,0.0,4.9618899792e-06,0.9877589521284486,21075.54008867945,0.0,80436.69352848112,101512.23361716057
2026-08-22 18:00:00+00:00,20371.752767927414,105.96665673208848,0.0331363597202182,291.97503623846995,0,0.0,0.0,1.1070920426639974,351110.01500003337,266376.68852061394,0,2872800.0,0.06310988872427084,0.0,3600.0,2426.54,8229600.0,0.04830731368264907,1.0,1.1070920426639974,740635.6074748561,2451384.0664184624,0.0,0.0,0.9877642716877784,1.0,0.0,4.9612229352000005e-06,0.9877642716877784,21073.843679291145,0.0,80437.23972817895,101511.08340747008
2026-08-22 19:00:00+00:00,20370.745956590465,105.96665673208848,0.0331363597202182,290.96822490152084,0,0.0,0.0,1.107096414756638,351110.01500003337,266378.02210164675,0,2869200.0,0.06310988872427084,0.0,3600.0,2438.18,8226000.0,0.04830731371686703,1.0,1.107096414756638,740635.6074748561,2451384.0664184624,0.0,0.0,0.9877695912757568,1.0,0.0,5.006360361600001e-06,0.9877695912757568,21075.320731944998,0.0,80437.77390776103,101513.09463970603
2026-08-22 20:00:00+00:00,20369.742101872456,105.96665673208848,0.0331363597202182,289.96437018351395,0,0.0,0.0,1.1071007868665443,351110.01500003337,266379.3680925436,0,2865600.0,0.06310988872427084,0.0,3600.0,2431.02,8222400.0,0.04830731375111519,1.0,1.1071007868665443,740635.6074748561,2451384.0664184624,0.0,0.0,0.9877749108923837,1.0,0.0,5.0529224807999995e-06,0.9877749108923837,21071.366373678407,0.0,80438.29568753781,101509.66206121622
2026-08-22 21:00:00+00:00,20368.748417758437,105.96665673208848,0.0331363597202182,288.97068606949404,0,0.0,0.0,1.1071051589937166,351110.01500003337,266380.7140986691,0,2862000.0,0.06310988872427084,0.0,3600.0,2406.39,8218800.0,0.04830731378539266,1.0,1.1071051589937166,740635.6074748561,2451384.0664184624,0.0,0.0,0.9877802305376594,1.0,0.0,5.0529541176e-06,0.9877802305376594,21062.39164117066,0.0,80438.81746214489,101501.20910331554
2026-08-22 22:00:00+00:00,20367.751933941006,105.96665673208848,0.0331363597202182,287.97420225206236,0,0.0,0.0,1.1071095311381556,351110.01500003337,266382.05535602727,0,2858400.0,0.06310988872427084,0.0,3600.0,2413.17,8215200.0,0.048307313819701436,1.0,1.1071095311381556,740635.6074748561,2451384.0664184624,0.0,0.0,0.9877855502115837,1.0,0.0,5.0351016816e-06,0.9877855502115837,21062.474530545725,0.0,80439.34399557806,101501.8185261238
2026-08-22 23:00:00+00:00,20366.752051663534,105.96665673208848,0.0331363597202182,286.97431997458955,0,0.0,0.0,1.107113903299861,351110.01500003337,266383.3966239824,0,2854800.0,0.06459924764280925,0.0,3600.0,2421.4,8211600.0,0.048307313854039746,1.0,1.107113903299861,740635.6074748561,2451384.0664184624,0.0,0.0,0.9877908699141571,1.0,0.0,5.035116110400001e-06,0.9877908699141571,21097.560290789588,0.0,80439.87052847329,101537.43081926287
2026-08-23 00:00:00+00:00,20391.49800653924,105.96665673208848,0.0331363597202182,311.72027485029537,0,0.0,0.0,1.1071182754788325,351110.01500003337,266384.7379025356,0,2851200.0,0.06459924764280925,0.0001,3600.0,2429.95,8208000.0,0.048307313888407366,1.0,1.1071182754788325,740635.6074748561,2451384.0664184624,0.0,0.0,0.98779618964538,1.0,0.0,5.035130542799999e-06,0.98779618964538,21123.96191243996,0.0,80440.39706082956,101564.35897326953
2026-08-23 01:00:00+00:00,20390.497740231654,105.96665673208848,0.0331363597202182,310.72000854270857,0,0.0,0.0,1.1071226476750706,351110.01500003337,266386.07919168595,0,2847600.0,0.06459924764280925,0.0,3600.0,2422.33,8204400.0,0.04830731392280585,1.0,1.1071226476750706,740635.6074748561,2451384.0664184624,0.0,0.0,0.9878015094052519,1.0,0.0,5.035144971600001e-06,0.9878015094052519,21119.742808720286,0.0,80440.92359264765,101560.66640136794
2026-08-23 02:00:00+00:00,20389.500096065167,105.96665673208848,0.0331363597202182,309.72236437622274,0,0.0,0.0,1.107127019888575,351110.01500003337,266387.34992021776,0,2844000.0,0.06459924764280925,0.0,3600.0,2415.98,8200800.0,0.0483073139572352,1.0,1.107127019888575,740635.6074748561,2451384.0664184624,0.0,0.0,0.9878068291937732,1.0,0.0,4.770239889600001e-06,0.9878068291937732,21115.913978936263,0.0,80441.52069514332,101557.43467407959
2026-08-23 03:00:00+00:00,20388.503603989022,105.96665673208848,0.0331363597202182,308.72587230007895,0,0.0,0.0,1.1071313921193462,351110.01500003337,266388.6204146376,0,2840400.0,0.06459924764280925,0.0,3600.0,2413.19,8197200.0,0.04830731399169386,1.0,1.1071313921193462,740635.6074748561,2451384.0664184624,0.0,0.0,0.9878121490109444,1.0,0.0,4.7693382984e-06,0.9878121490109444,21113.1601668192,0.0,80442.11804181029,101555.27820862949
2026-08-23 04:00:00+00:00,20386.87496352219,112.01135742187972,0.034834256654117525,307.7438123233808,0,0.0,0.0,1.1071357643673843,351110.01500003337,266389.8906750112,0,2836800.0,0.06459924764280925,0.0,3600.0,2378.24,8193600.0,0.048307314026182935,1.0,1.1071357643673843,740635.6074748561,2451384.0664184624,0.0,0.0,0.9878174688567652,1.0,0.0,4.768436966400001e-06,0.9878174688567652,21100.131247082827,0.0,80442.7156325826,101542.84687966543
2026-08-23 05:00:00+00:00,20385.787835025174,112.01135742187972,0.034834256654117525,306.6566838263633,0,0.0,0.0,1.1071401366326887,351110.01500003337,266391.160112833,0,2833200.0,0.06459924764280925,0.0,3600.0,2372.6,8190000.0,0.04830731406070288,1.0,1.1071401366326887,740635.6074748561,2451384.0664184624,0.0,0.0,0.987822788731236,1.0,0.0,4.7653264692e-06,0.987822788731236,21096.449629148643,0.0,80443.31405596604,101539.76368511468
2026-08-23 06:00:00+00:00,20384.693031655726,112.01135742187972,0.034834256654117525,305.5618804569168,0,0.0,0.0,1.10714450891526,351110.01500003337,266392.47560875624,0,2829600.0,0.06459924764280925,0.0,3600.0,2389.35,8186400.0,0.048307314095252574,1.0,1.10714450891526,740635.6074748561,2451384.0664184624,0.0,0.0,0.9878281086343569,1.0,0.0,4.9381994304000006e-06,0.9878281086343569,21099.462555523187,0.0,80443.8664313074,101543.32898683059
2026-08-23 07:00:00+00:00,20383.5987139797,112.01135742187972,0.034834256654117525,304.4675627808897,0,0.0,0.0,1.1071488757617944,351110.01500003337,266393.79092614853,0,2826000.0,0.06459924764280925,0.0,3600.0,2388.29,8182800.0,0.048354927910013945,1.0,1.1071488757617944,741990.872431569,2450174.9315992887,0.0,0.0,0.9878217870197321,1.0,0.0,4.937504868e-06,0.9878217870197321,21097.142168302944,0.0,80440.33153170935,101537.4737000123
2026-08-23 08:00:00+00:00,20409.51335749368,112.01135742187972,0.034834256654117525,330.382206294872,0,0.0,0.0,1.1071532479900736,351110.01500003337,266395.1061753322,0,2822400.0,0.06459924764280925,0.0001,3600.0,2412.25,8179200.0,0.04835570332947303,1.0,1.1071532479900736,741990.872431569,2450082.3029013607,0.0,0.0,0.9878269225457912,1.0,0.0,4.937224446e-06,0.9878269225457912,21129.297189712383,0.0,80440.81941715733,101570.1166068697
2026-08-23 09:00:00+00:00,20408.408675303366,112.01135742187972,0.034834256654117525,329.2775241045557,0,0.0,0.0,1.1071575194830223,351110.01500003337,266396.4213563119,0,2818800.0,0.06459924764280925,0.0,3600.0,2410.91,8175600.0,0.049236551396616646,1.0,1.1071575194830223,767381.6285102147,2427434.177524404,0.0,0.0,0.9876171880496033,1.0,0.0,4.9369440456e-06,0.9876171880496033,21126.875087433218,0.0,80365.8643540751,101492.73944150833
2026-08-23 10:00:00+00:00,20407.30221070984,112.01135742187972,0.034834256654117525,328.17105951103053,0,0.0,0.0,1.1071618918342416,351110.01500003337,266397.73646909324,0,2815200.0,0.06459924764280925,0.0,3600.0,2414.8,8172000.0,0.04923655143197059,1.0,1.1071618918342416,767381.6285102147,2427434.177524404,0.0,0.0,0.9876226067377074,1.0,0.0,4.9366636704000005e-06,0.9876226067377074,21126.008805275324,0.0,80366.45179695525,101492.46060223058
2026-08-23 11:00:00+00:00,20406.187273973555,112.01135742187972,0.034834256654117525,327.0561227747464,0,0.0,0.0,1.1071662642027278,351110.01500003337,266399.05151368096,0,2811600.0,0.06459924764280925,0.0,3600.0,2433.29,8168400.0,0.04923655146735584,1.0,1.1071662642027278,767381.6285102147,2427434.177524404,0.0,0.0,0.9876280254555418,1.0,0.0,4.9363833168e-06,0.9876280254555418,21129.470868793927,0.0,80367.03931846766,101496.51018726159
2026-08-23 12:00:00+00:00,20405.075398022214,112.01135742187972,0.034834256654117525,325.9442468234071,0,0.0,0.0,1.107170636588481,351110.01500003337,266400.36649008165,0,2808000.0,0.06459924764280925,0.0,3600.0,2426.61,8164800.0,0.049236551502773285,1.0,1.107170636588481,767381.6285102147,2427434.177524404,0.0,0.0,0.9876334442031066,1.0,0.0,4.936102992e-06,0.9876334442031066,21125.449838420063,0.0,80367.6269186057,101493.07675702576
2026-08-23 13:00:00+00:00,20403.948845881987,112.01135742187972,0.034834256654117525,324.8176946831782,0,0.0,0.0,1.107175008991502,351110.01500003337,266401.647917848,0,2804400.0,0.06459924764280925,0.0,3600.0,2458.64,8161200.0,0.04923655153822071,1.0,1.107175008991502,767381.6285102147,2427434.177524404,0.0,0.0,0.9876388629804023,1.0,0.0,4.810146102e-06,0.9876388629804023,21132.896109768262,0.0,80368.24807781691,101501.14418758517
2026-08-23 14:00:00+00:00,20402.831778509477,112.01135742187972,0.034834256654117525,323.7006273106675,0,0.0,0.0,1.1071793814117898,351110.01500003337,266402.92915845,0,2800800.0,0.06459924764280925,0.0,3600.0,2437.94,8157600.0,0.04923655157370077,1.0,1.1071793814117898,767381.6285102147,2427434.177524404,0.0,0.0,0.9876442817874284,1.0,0.0,4.8094204032e-06,0.9876442817874284,21124.71395580245,0.0,80368.86943463114,101493.58339043359
2026-08-23 15:00:00+00:00,20401.7148256873,112.01135742187972,0.034834256654117525,322.5836744884916,0,0.0,0.0,1.1071837538493454,351110.01500003337,266404.23298147693,0,2797200.0,0.06459924764280925,0.0,3600.0,2437.69,8154000.0,0.049236551609211476,1.0,1.1071837538493454,767381.6285102147,2427434.177524404,0.0,0.0,0.9876497006241857,1.0,0.0,4.894164792e-06,0.9876497006241857,21122.59520317162,0.0,80369.46821945935,101492.06342263096
2026-08-23 16:00:00+00:00,20428.03179209468,112.01135742187972,0.034834256654117525,348.9006408958717,0,0.0,0.0,1.1071881263041685,351110.01500003337,266405.5561980473,0,2793600.0,0.06459924764280925,0.0001,3600.0,2449.7,8150400.0,0.04923655164475327,1.0,1.1071881263041685,767381.6285102147,2427434.177524404,0.0,0.0,0.9876551194906742,1.0,0.0,4.9669379099999995e-06,0.9876551194906742,21151.531454816446,0.0,80370.04762118304,101521.57907599949
2026-08-23 17:00:00+00:00,20426.914129060428,112.01135742187972,0.034834256654117525,347.7829778616202,0,0.0,0.0,1.1071924785876317,351110.01500003337,266406.8793824601,0,2790000.0,0.06459924764280925,0.0,3600.0,2439.24,8146800.0,0.04941298235285818,1.0,1.1071924785876317,772539.4911813716,2422833.58814572,0.0,0.0,0.9876176398100216,1.0,0.0,4.9667925312e-06,0.9876176398100216,21146.3961490056,0.0,80355.56494553416,101501.96109453976
2026-08-23 18:00:00+00:00,20425.792640044994,112.01135742187972,0.034834256654117525,346.66148884618775,0,0.0,0.0,1.10719685107691,351110.01500003337,266408.2025347147,0,2786400.0,0.06459924764280925,0.0,3600.0,2447.59,8143200.0,0.04941298238859315,1.0,1.10719685107691,772539.4911813716,2422833.58814572,0.0,0.0,0.9876230774567744,1.0,0.0,4.966647152399999e-06,0.9876230774567744,21146.806047092956,0.0,80356.15100551245,101502.9570526054
2026-08-23 19:00:00+00:00,20424.672988416933,112.01135742187972,0.034834256654117525,345.54183721812484,0,0.0,0.0,1.107201223583456,351110.01500003337,266409.49324510765,0,2782800.0,0.06459924764280925,0.0,3600.0,2443.58,8139600.0,0.04941298242436054,1.0,1.107201223583456,772539.4911813716,2422833.58814572,0.0,0.0,0.9876285151334655,1.0,0.0,4.844848071599999e-06,0.9876285151334655,21143.575110141817,0.0,80356.7695178641,101500.34462800591
2026-08-23 20:00:00+00:00,20423.550752533316,112.01135742187972,0.034834256654117525,344.41960133450976,0,0.0,0.0,1.10720559610727,351110.01500003337,266410.78380534356,0,2779200.0,0.06459924764280925,0.0,3600.0,2449.22,8136000.0,0.04941298246015968,1.0,1.10720559610727,772539.4911813716,2422833.58814572,0.0,0.0,0.9876339528400956,1.0,0.0,4.8442609692e-06,0.9876339528400956,21143.18000206221,0.0,80357.38819088467,101500.56819294687
2026-08-23 21:00:00+00:00,20422.419389279028,112.01135742187972,0.034834256654117525,343.2882380802209,0,0.0,0.0,1.1072099686483516,351110.01500003337,266412.07421544887,0,2775600.0,0.06459924764280925,0.0,3600.0,2469.14,8132400.0,0.049412982495990354,1.0,1.1072099686483516,772539.4911813716,2422833.58814572,0.0,0.0,0.9876393905766647,1.0,0.0,4.8436739747999995e-06,0.9876393905766647,21146.961784861174,0.0,80358.00702454767,101504.96880940883
2026-08-23 22:00:00+00:00,20421.29490362684,112.01135742187972,0.034834256654117525,342.16375242803105,0,0.0,0.0,1.1072143412067013,351110.01500003337,266413.36447544815,0,2772000.0,0.06459924764280925,0.0,3600.0,2454.13,8128800.0,0.04941298253185189,1.0,1.1072143412067013,772539.4911813716,2422833.58814572,0.0,0.0,0.9876448283431734,1.0,0.0,4.8430870812e-06,0.9876448283431734,21140.498746282323,0.0,80358.62601882883,101499.12476511115
2026-08-23 23:00:00+00:00,20420.166546173336,112.01135742187972,0.034834256654117525,341.0353949745263,0,0.0,0.0,1.107218713782319,351110.01500003337,266414.654585369,0,2768400.0,0.06459924764280925,0.0,3600.0,2462.58,8125200.0,0.04941298256774651,1.0,1.107218713782319,772539.4911813716,2422833.58814572,0.0,0.0,0.9876502661396209,1.0,0.0,4.8425002992e-06,0.9876502661396209,21140.90948679751,0.0,80359.24517370027,101500.15466049778
2026-08-24 00:00:00+00:00,20446.64358230332,112.01135742187972,0.034834256654117525,367.51243110451315,0,0.0,0.0,1.1072230863752046,351110.01500003337,266415.94454523793,0,2764800.0,0.06459924764280925,0.0001,3600.0,2464.6,8121600.0,0.049412982603671995,1.0,1.1072230863752046,772539.4911813716,2422833.58814572,0.0,0.0,0.9876557039660084,1.0,0.0,4.8419136252000005e-06,0.9876557039660084,21167.03971664769,0.0,80359.8644891358,101526.90420578349
2026-08-24 01:00:00+00:00,20445.53094573776,112.01135742187972,0.034834256654117525,366.399794538951,0,0.0,0.0,1.1072274589853583,351110.01500003337,266417.2628131627,0,2761200.0,0.06459924764280925,0.0,3600.0,2428.27,8118000.0,0.0494129826396299,1.0,1.1072274589853583,772539.4911813716,2422833.58814572,0.0,0.0,0.9876611418223353,1.0,0.0,4.948144772400001e-06,0.9876611418223353,21154.3837273323,0.0,80360.45550702757,101514.83923435987
2026-08-24 02:00:00+00:00,20444.41177063909,112.01135742187972,0.034834256654117525,365.28061944028076,0,0.0,0.0,1.10723183161278,351110.01500003337,266418.59238554654,0,2757600.0,0.06459924764280925,0.0,3600.0,2442.54,8114400.0,0.04941298267561933,1.0,1.10723183161278,772539.4911813716,2422833.58814572,0.0,0.0,0.9876665797086023,1.0,0.0,4.9905514836000004e-06,0.9876665797086023,21156.500584952806,0.0,80361.03523097245,101517.53581592526
2026-08-24 03:00:00+00:00,20443.298442189505,112.01135742187972,0.034834256654117525,364.1672909906967,0,0.0,0.0,1.1072362042574702,351110.01500003337,266419.9219582173,0,2754000.0,0.0680113363641374,0.0,3600.0,2429.78,8110800.0,0.04941298271164074,1.0,1.1072362042574702,772539.4911813716,2422833.58814572,0.0,0.0,0.9876720176248093,1.0,0.0,4.9905276552e-06,0.9876720176248093,21231.839840157787,0.0,80361.61496514274,101593.45480530053
2026-08-24 04:00:00+00:00,20442.181933822627,112.01135742187972,0.034834256654117525,363.05078262381966,0,0.0,0.0,1.107240576919429,351110.01500003337,266421.2515311769,0,2750400.0,0.0680113363641374,0.0,3600.0,2436.72,8107200.0,0.049412982747694345,1.0,1.107240576919429,772539.4911813716,2422833.58814572,0.0,0.0,0.9876774555709563,1.0,0.0,4.990503834e-06,0.9876774555709563,21231.941866781162,0.0,80362.19470953633,101594.13657631748
2026-08-24 05:00:00+00:00,20441.06022487055,112.01135742187972,0.034834256654117525,361.92907367174445,0,0.0,0.0,1.1072449495986556,351110.01500003337,266422.5811044234,0,2746800.0,0.0680113363641374,0.0,3600.0,2448.07,8103600.0,0.04941298278378059,1.0,1.1072449495986556,772539.4911813716,2422833.58814572,0.0,0.0,0.9876828935470436,1.0,0.0,4.9904800056e-06,0.9876828935470436,21233.460249098665,0.0,80362.77446415549,101596.23471325415
2026-08-24 06:00:00+00:00,20439.93507482642,112.01135742187972,0.034834256654117525,360.803923627613,0,0.0,0.0,1.1072493222951507,351110.01500003337,266423.9106779576,0,2743200.0,0.0680113363641374,0.0,3600.0,2455.58,8100000.0,0.049412982819898366,1.0,1.1072493222951507,772539.4911813716,2422833.58814572,0.0,0.0,0.9876883315530717,1.0,0.0,4.9904561808e-06,0.9876883315530717,21233.724244554898,0.0,80363.35422899935,101597.07847355425
2026-08-24 07:00:00+00:00,20438.810662486445,112.01135742187972,0.034834256654117525,359.67951128763747,0,0.0,0.0,1.1072536950089145,351110.01500003337,266425.24025177944,0,2739600.0,0.0680113363641374,0.0,3600.0,2453.97,8096400.0,0.04941298285604767,1.0,1.1072536950089145,772539.4911813716,2422833.58814572,0.0,0.0,0.9876937695890404,1.0,0.0,4.990432355999999e-06,0.9876937695890404,21231.038349609287,0.0,80363.93400406803,101594.97235367731
2026-08-24 08:00:00+00:00,20465.169741196685,112.01135742187972,0.034834256654117525,386.0385899978778,0,0.0,0.0,1.1072580677399468,351110.01500003337,266426.96846652305,0,2736000.0,0.0680113363641374,0.0001,3600.0,2453.62,8092800.0,0.049412982892230284,1.0,1.1072580677399468,772539.4911813716,2422833.58814572,0.0,0.0,0.9876992076549499,1.0,0.0,6.486656958e-06,0.9876992076549499,21256.24354943949,0.0,80364.11514872749,101620.35869816698
2026-08-24 09:00:00+00:00,20464.041557859688,112.01135742187972,0.034834256654117525,384.9104066608819,0,0.0,0.0,1.1072624404882476,351110.01500003337,266428.29992631206,0,2732400.0,0.0680113363641374,0.0,3600.0,2462.2,8089200.0,0.04941298292844465,1.0,1.1072624404882476,772539.4911813716,2422833.58814572,0.0,0.0,0.9877046457508004,1.0,0.0,4.9974537852e-06,0.9877046457508004,21256.83712510076,0.0,80364.69305885414,101621.5301839549
2026-08-24 10:00:00+00:00,20462.91243979196,112.01135742187972,0.034834256654117525,383.78128859315433,0,0.0,0.0,1.1072668132538175,351110.01500003337,266429.6313981185,0,2728800.0,0.0680113363641374,0.0,3600.0,2464.24,8085600.0,0.04941298296469099,1.0,1.1072668132538175,772539.4911813716,2422833.58814572,0.0,0.0,0.9877100838765922,1.0,0.0,4.9974739164e-06,0.9877100838765922,21255.319467972437,0.0,80365.27096747601,101620.59043544845
2026-08-24 11:00:00+00:00,20461.769905589023,112.01135742187972,0.034834256654117525,382.63875439021956,0,0.0,0.0,1.1072711580122763,351110.01500003337,266430.9628789107,0,2725200.0,0.06940061920782507,0.0,3600.0,2493.52,8082000.0,0.049657922954555955,1.0,1.1072711580122763,779739.4911813716,2416411.702569379,0.0,0.0,0.9876564484034696,1.0,0.0,4.997482668e-06,0.9876564484034696,21296.066307087745,0.0,80345.10753491119,101641.17384199894
2026-08-24 12:00:00+00:00,20504.539515494485,106.06423368180486,0.034834256654117525,381.48775720855264,0,0.0,0.0,1.1072755308122726,351110.01500003337,266432.294366357,0,2721600.0,0.06940061920782507,0.0,3600.0,2511.99,8078400.0,0.049657922991050985,1.0,1.1072755308122726,779739.4911813716,2416411.702569379,0.0,0.0,0.9876619125766317,1.0,0.0,4.997482668e-06,0.9876619125766317,21299.34020430855,0.0,80345.69457338582,101645.03477769437
2026-08-24 13:00:00+00:00,20503.457972672313,106.06423368180486,0.034834256654117525,380.4062143863807,0,0.0,0.0,1.1072799036295384,351110.01500003337,266433.62586489157,0,2718000.0,0.06940061920782507,0.0,3600.0,2492.76,8074800.0,0.049657923027578876,1.0,1.1072799036295384,779739.4911813716,2416411.702569379,0.0,0.0,0.9876673767800241,1.0,0.0,4.997499310799999e-06,0.9876673767800241,21291.13096001515,0.0,80346.28161138634,101637.41257140148
2026-08-24 14:00:00+00:00,20502.36678050068,106.06423368180486,0.034834256654117525,379.3150222147467,0,0.0,0.0,1.107284276464073,351110.01500003337,266434.95737526746,0,2714400.0,0.06940061920782507,0.0,3600.0,2515.0,8071200.0,0.04965792306413985,1.0,1.107284276464073,779739.4911813716,2416411.702569379,0.0,0.0,0.987672841013647,1.0,0.0,4.9975187796e-06,0.987672841013647,21296.01467493706,0.0,80346.86864815973,101642.88332309679
2026-08-24 15:00:00+00:00,20501.287892985107,106.06423368180486,0.034834256654117525,378.2361346991714,0,0.0,0.0,1.1072886493158762,351110.01500003337,266436.28891386645,0,2710800.0,0.06940061920782507,0.0,3600.0,2486.64,8067600.0,0.049657923100732804,1.0,1.1072886493158762,779739.4911813716,2416411.702569379,0.0,0.0,0.9876783052775007,1.0,0.0,4.9975997328e-06,0.9876783052775007,21284.945628253405,0.0,80347.45566732436,101632.40129557777
2026-08-24 16:00:00+00:00,20526.48560387077,106.06423368180486,0.034834256654117525,403.43384558483456,0,0.0,0.0,1.107293022184949,351110.01500003337,266437.62046540447,0,2707200.0,0.06940061920782507,0.0001,3600.0,2477.03,8064000.0,0.04965792313735928,1.0,1.107293022184949,779739.4911813716,2416411.702569379,0.0,0.0,0.987683769571585,1.0,0.0,4.99762332e-06,0.987683769571585,21306.0780820282,0.0,80348.04268416425,101654.12076619244
2026-08-24 17:00:00+00:00,20525.41483846949,106.06423368180486,0.034834256654117525,402.36308018355464,0,0.0,0.0,1.1072973950712912,351110.01500003337,266438.95203043224,0,2703600.0,0.06940061920782507,0.0,3600.0,2467.92,8060400.0,0.04965792317401729,1.0,1.1072973950712912,779739.4911813716,2416411.702569379,0.0,0.0,0.9876892338959007,1.0,0.0,4.9976489736e-06,0.9876892338959007,21301.107258611613,0.0,80348.6296981289,101649.73695674053
2026-08-24 18:00:00+00:00,20524.34177787672,106.06423368180486,0.034834256654117525,401.29001959078846,0,0.0,0.0,1.107301767974902,351110.01500003337,266440.2836121392,0,2700000.0,0.06940061920782507,0.0,3600.0,2473.21,8056800.0,0.0496579232107095,1.0,1.107301767974902,779739.4911813716,2416411.702569379,0.0,0.0,0.9876946982504471,1.0,0.0,4.9976865972e-06,0.9876946982504471,21300.66180558804,0.0,80349.21670602873,101649.87851161677
2026-08-24 19:00:00+00:00,20523.26987572654,106.06423368180486,0.034834256654117525,400.2181174406061,0,0.0,0.0,1.1073061408957825,351110.01500003337,266441.615204449,0,2696400.0,0.07100588365271424,0.0,3600.0,2470.54,8053200.0,0.04965792324743301,1.0,1.1073061408957825,779739.4911813716,2416411.702569379,0.0,0.0,0.9877001626352252,1.0,0.0,4.9977014148000005e-06,0.9877001626352252,21333.683257594494,0.0,80349.80371394032,101683.48697153482
2026-08-24 20:00:00+00:00,20522.196281469212,106.06423368180486,0.034834256654117525,399.1445231832788,0,0.0,0.0,1.1073105138339328,351110.01500003337,266442.94680632005,0,2692800.0,0.07100588365271424,0.0,3600.0,2474.44,8049600.0,0.04965792328419005,1.0,1.1073105138339328,779739.4911813716,2416411.702569379,0.0,0.0,0.9877056270502347,1.0,0.0,4.9977123228e-06,0.9877056270502347,21332.805281852154,0.0,80350.39072290523,101683.19600475738
2026-08-24 21:00:00+00:00,20521.119068705837,106.06423368180486,0.034834256654117525,398.06731041990327,0,0.0,0.0,1.107314886789352,351110.01500003337,266444.2784173103,0,2689200.0,0.07100588365271424,0.0,3600.0,2482.78,8046000.0,0.04965792332097996,1.0,1.107314886789352,779739.4911813716,2416411.702569379,0.0,0.0,0.9877110914954759,1.0,0.0,4.9977215712e-06,0.9877110914954759,21333.3728395132,0.0,80350.97773336555,101684.35057287876
2026-08-24 22:00:00+00:00,20520.045934354555,106.06423368180486,0.034834256654117525,396.9941760686205,0,0.0,0.0,1.107319259762041,351110.01500003337,266445.61003495567,0,2685600.0,0.07100588365271424,0.0,3600.0,2473.38,8042400.0,0.04965792335780339,1.0,1.107319259762041,779739.4911813716,2416411.702569379,0.0,0.0,0.9877165559709488,1.0,0.0,4.9977215712e-06,0.9877165559709488,21328.14121098037,0.0,80351.56474778545,101679.70595876582
2026-08-24 23:00:00+00:00,20518.969480870026,106.06423368180486,0.034834256654117525,395.917722584092,0,0.0,0.0,1.1073236327519993,351110.01500003337,266446.94166142,0,2682000.0,0.07100588365271424,0.0,3600.0,2481.03,8038800.0,0.04965792339465924,1.0,1.1073236327519993,779739.4911813716,2416411.702569379,0.0,0.0,0.9877220204766537,1.0,0.0,4.9977296928e-06,0.9877220204766537,21328.47755447551,0.0,80352.15176400117,101680.62931847668
2026-08-25 00:00:00+00:00,20542.476463018655,106.06423368180486,0.034834256654117525,419.42470473272164,0,0.0,0.0,1.1073280057592276,351110.01500003337,266448.2732945394,0,2678400.0,0.07100588365271424,9.302e-05,3600.0,2492.2,8035200.0,0.04965792343154818,1.0,1.1073280057592276,779739.4911813716,2416411.702569379,0.0,0.0,0.9877274850125909,1.0,0.0,4.9977296928e-06,0.9877274850125909,21354.537593428395,0.0,80352.73878417659,101707.27637760498
2026-08-25 01:00:00+00:00,20541.39400472313,106.06423368180486,0.034834256654117525,418.342246437197,0,0.0,0.0,1.1073323787837253,351110.01500003337,266449.60493983724,0,2674800.0,0.07100588365271424,0.0,3600.0,2494.87,8031600.0,0.0496579234684702,1.0,1.1073323787837253,779739.4911813716,2416411.702569379,0.0,0.0,0.9877329495787605,1.0,0.0,4.9977504216e-06,0.9877329495787605,21353.232481443632,0.0,80353.32580278855,101706.55828423217
2026-08-25 02:00:00+00:00,20540.30630957293,106.06423368180486,0.034834256654117525,417.25455128699576,0,0.0,0.0,1.1073367606380868,351110.01500003337,266450.9365917903,0,2671200.0,0.07100588365271424,0.0,3600.0,2506.94,8028000.0,0.049580897674619484,1.0,1.1073367606380868,779739.4903489028,2425493.4895186755,0.0,0.0,0.9877568665086832,1.0,0.0,4.9977504216e-06,0.9877568665086832,21354.974466404983,0.0,80360.39162445941,101715.3660908644
2026-08-25 03:00:00+00:00,20539.2225106079,106.06423368180486,0.034834256654117525,416.170752321964,0,0.0,0.0,1.107341133697159,351110.01500003337,266452.2682532715,0,2667600.0,0.07100588365271424,0.0,3600.0,2497.96,8024400.0,0.04958089771154883,1.0,1.107341133697159,779739.4903489028,2425493.4895186755,0.0,0.0,0.9877623229627062,1.0,0.0,4.9977612036e-06,0.9877623229627062,21349.878477653507,0.0,80360.97577863204,101710.85425628554
2026-08-25 04:00:00+00:00,20538.140551267046,106.06423368180486,0.034834256654117525,415.08879298111026,0,0.0,0.0,1.1073455067735016,351110.01500003337,266453.59992437303,0,2664000.0,0.07100588365271424,0.0,3600.0,2493.72,8020800.0,0.049580897748512376,1.0,1.1073455067735016,779739.4903489028,2425493.4895186755,0.0,0.0,0.9877677794468708,1.0,0.0,4.997772331200001e-06,0.9877677794468708,21346.32837726954,0.0,80361.55993376742,101707.88831103696
2026-08-25 05:00:00+00:00,20537.052565421516,106.06423368180486,0.034834256654117525,414.000807135579,0,0.0,0.0,1.107349879867114,351110.01500003337,266454.9637309746,0,2660400.0,0.06673052342201614,0.0,3600.0,2507.61,8017200.0,0.049580897785507894,1.0,1.107349879867114,779739.4903489028,2425493.4895186755,0.0,0.0,0.9877732359611778,1.0,0.0,5.1183512316e-06,0.9877732359611778,21252.716511506726,0.0,80362.11196398607,101614.8284754928
2026-08-25 06:00:00+00:00,20535.96792474165,106.06423368180486,0.034834256654117525,412.9161664557111,0,0.0,0.0,1.1073542529779965,351110.01500003337,266456.2956276419,0,2656800.0,0.06673052342201614,0.0,3600.0,2499.9,8013600.0,0.049580897822537384,1.0,1.1073542529779965,779739.4903489028,2425493.4895186755,0.0,0.0,0.987778692505627,1.0,0.0,4.9985683128e-06,0.987778692505627,21248.4660166948,0.0,80362.69591472216,101611.16193141697
2026-08-25 07:00:00+00:00,20534.892933411244,106.06423368180486,0.034834256654117525,411.84117512530526,0,0.0,0.0,1.1073585932273047,351110.01500003337,266457.5992870261,0,2653200.0,0.06502516187126636,0.0,3600.0,2477.66,8010000.0,0.04986829611631727,1.0,1.1073585932273047,788253.4150610267,2417899.6091540144,0.0,0.0,0.9877154609617532,1.0,0.0,4.8925704384e-06,0.9877154609617532,21202.39126488994,0.0,80339.19102701993,101541.58229190987
2026-08-25 08:00:00+00:00,20551.562096485566,106.06423368180486,0.034834256654117525,428.51033819962794,0,0.0,0.0,1.1073629663725972,351110.01500003337,266458.9310138057,0,2649600.0,0.06502516187126636,6.736e-05,3600.0,2484.0,8006400.0,0.04986829615363386,1.0,1.1073629663725972,788253.4150610267,2417899.6091540144,0.0,0.0,0.9877209480571602,1.0,0.0,4.997881296e-06,0.9877209480571602,21219.8604526967,0.0,80339.78587439103,101559.64632708773
2026-08-25 09:00:00+00:00,20550.488858004614,106.06423368180486,0.034834256654117525,427.43709971867474,0,0.0,0.0,1.1073673395351609,351110.01500003337,266460.2627529563,0,2646000.0,0.06502516187126636,0.0,3600.0,2473.62,8002800.0,0.04986829619098354,1.0,1.1073673395351609,788253.4150610267,2417899.6091540144,0.0,0.0,0.9877264351830499,1.0,0.0,4.9979027448000004e-06,0.9877264351830499,21215.090346782723,0.0,80340.38072009385,101555.47106687658
2026-08-25 10:00:00+00:00,20549.41244356871,106.06423368180486,0.034834256654117525,426.3606852827727,0,0.0,0.0,1.1073718190185873,351110.01500003337,266461.59450338746,0,2642400.0,0.06502516187126636,0.0,3600.0,2480.94,7999200.0,0.048939377714941834,1.0,1.1073718190185873,761930.2812771404,2445329.996043091,0.0,0.0,0.9879537229791492,1.0,0.0,4.9979201004e-06,0.9879537229791492,21215.073742683096,0.0,80418.85199116042,101633.92573384353
2026-08-25 11:00:00+00:00,20548.337695207538,106.06423368180486,0.034834256654117525,425.2859369215979,0,0.0,0.0,1.1073762264184825,351110.01500003337,266462.92626460997,0,2638800.0,0.06502516187126636,0.0,3600.0,2477.1,7995600.0,0.04864068129293697,1.0,1.1073762264184825,753288.5015290371,2453040.8504778277,0.0,0.0,0.9880304528024042,1.0,0.0,4.997935619999999e-06,0.9880304528024042,21212.063191666966,0.0,80444.4608393319,101656.52403099887
2026-08-25 12:00:00+00:00,20547.264860229057,106.06423368180486,0.034834256654117525,424.2131019431177,0,0.0,0.0,1.107380585184556,351110.01500003337,266464.2580324886,0,2635200.0,0.06502516187126636,0.0,3600.0,2472.69,7992000.0,0.048639558786068626,1.0,1.107380585184556,753254.002770991,2453071.6409729114,0.0,0.0,0.9880360777247518,1.0,0.0,4.997935619999999e-06,0.9880360777247518,21208.904841375363,0.0,80445.10403802316,101654.00887939852
2026-08-25 13:00:00+00:00,20546.197535445637,106.06423368180486,0.034834256654117525,423.14577715969904,0,0.0,0.0,1.107384973002736,351110.01500003337,266465.5898070233,0,2631600.0,0.06502516187126636,0.0,3600.0,2459.99,7988400.0,0.04863948401044538,1.0,1.107384973002736,753254.002770991,2453071.6409729114,0.0,0.0,0.9880414523732773,1.0,0.0,4.997935619999999e-06,0.9880414523732773,21203.54002563242,0.0,80445.65935641289,101649.1993820453
2026-08-25 14:00:00+00:00,20545.1232817004,106.06423368180486,0.034834256654117525,422.0715234144589,0,0.0,0.0,1.1073893462522073,351110.01500003337,266466.9215922355,0,2628000.0,0.06502516187126636,0.0,3600.0,2475.96,7984800.0,0.04863948404701768,1.0,1.1073893462522073,753254.002770991,2453071.6409729114,0.0,0.0,0.9880468091872999,1.0,0.0,4.9979507112000004e-06,0.9880468091872999,21205.828096084464,0.0,80446.20840225247,101652.03649833694
2026-08-25 15:00:00+00:00,20544.04659826285,106.06423368180486,0.034834256654117525,420.99483997690817,0,0.0,0.0,1.1073936959515827,351110.01500003337,266468.2533867516,0,2624400.0,0.06502516187126636,0.0,3600.0,2481.56,7981200.0,0.048845290222740534,1.0,1.1073936959515827,759200.7190426249,2447766.3169172574,0.0,0.0,0.9880030955643446,1.0,0.0,4.9979606472e-06,0.9880030955643446,21205.338638944868,0.0,80429.52831692487,101634.86695586974
2026-08-25 16:00:00+00:00,20562.353072232705,106.06423368180486,0.034834256654117525,439.3013139467646,0,0.0,0.0,1.107398069235502,351110.01500003337,266469.5851879239,0,2620800.0,0.06502516187126636,7.398e-05,3600.0,2469.59,7977600.0,0.048845290259537766,1.0,1.107398069235502,759200.7190426249,2447766.3169172574,0.0,0.0,0.9880084743036684,1.0,0.0,4.9979606472e-06,0.9880084743036684,21219.552572136025,0.0,80430.08504499716,101649.63761713318
2026-08-25 17:00:00+00:00,20561.281434745437,106.06423368180486,0.034834256654117525,438.2296764594946,0,0.0,0.0,1.1074024425366928,351110.01500003337,266470.9169986074,0,2617200.0,0.06502516187126636,0.0,3600.0,2469.93,7974000.0,0.04884529029636808,1.0,1.1074024425366928,759200.7190426249,2447766.3169172574,0.0,0.0,0.9880138530722745,1.0,0.0,4.9979713608e-06,0.9880138530722745,21217.668543525007,0.0,80430.64177383966,101648.31031736467
2026-08-25 18:00:00+00:00,20560.211485026575,106.06423368180486,0.034834256654117525,437.15972674063323,0,0.0,0.0,1.1074068158551538,351110.01500003337,266472.24881594727,0,2613600.0,0.06481218346185882,0.0,3600.0,2466.04,7970400.0,0.048845290333231706,1.0,1.1074068158551538,759200.7190426249,2447766.3169172574,0.0,0.0,0.9880192318701628,1.0,0.0,4.9979713608e-06,0.9880192318701628,21210.04661374485,0.0,80431.19850630703,101641.24512005188
2026-08-25 19:00:00+00:00,20559.14327514096,106.06423368180486,0.034834256654117525,436.0915168550157,0,0.0,0.0,1.107411189190886,351110.01500003337,266473.58063994354,0,2610000.0,0.06481218346185882,0.0,3600.0,2462.03,7966800.0,0.04884529037012819,1.0,1.107411189190886,759200.7190426249,2447766.3169172574,0.0,0.0,0.9880246106973336,1.0,0.0,4.9979713608e-06,0.9880246106973336,21207.02808002736,0.0,80431.7552423994,101638.78332242677
2026-08-25 20:00:00+00:00,20558.08668439107,106.06423368180486,0.034834256654117525,435.0349261051264,0,0.0,0.0,1.1074155625457376,351110.01500003337,266474.91247059626,0,2606400.0,0.06481218346185882,0.0,3600.0,2435.25,7963200.0,0.04884527426637231,1.0,1.1074155625457376,759200.2514023639,2447766.7342125177,0.0,0.0,0.9880299933931724,1.0,0.0,4.9979713608e-06,0.9880299933931724,21198.040400788046,0.0,80432.31333016336,101630.3537309514
2026-08-25 21:00:00+00:00,20557.02768564255,106.06423368180486,0.034834256654117525,433.97592735660777,0,0.0,0.0,1.1074199359160117,351110.01500003337,266476.24430790544,0,2602800.0,0.06481218346185882,0.0,3600.0,2440.8,7959600.0,0.04884527430333607,1.0,1.1074199359160117,759200.2514023639,2447766.7342125177,0.0,0.0,0.9880353722771937,1.0,0.0,4.9979713608e-06,0.9880353722771937,21197.55394526954,0.0,80432.87007290364,101630.42401817317
2026-08-25 22:00:00+00:00,20555.963523797873,106.06423368180486,0.034834256654117525,432.91176551192916,0,0.0,0.0,1.1074243093035572,351110.01500003337,266477.5761544804,0,2599200.0,0.061728778312670915,0.0,3600.0,2452.7,7956000.0,0.04884527434033337,1.0,1.1074243093035572,759200.2514023639,2447766.7342125177,0.0,0.0,0.9880407511904978,1.0,0.0,4.997981152799999e-06,0.9880407511904978,21132.610880224183,0.0,80433.42681665951,101566.0376968837
2026-08-25 23:00:00+00:00,20554.904125885616,106.06423368180486,0.034834256654117525,431.8523675996738,0,0.0,0.0,1.1074286827083744,351110.01500003337,266478.9499587668,0,2595600.0,0.061728778312670915,0.0,3600.0,2441.72,7952400.0,0.04884527437736397,1.0,1.1074286827083744,759200.2514023639,2447766.7342125177,0.0,0.0,0.9880461301330852,1.0,0.0,5.15540844e-06,0.9880461301330852,21128.174900486254,0.0,80433.94161298563,101562.11651347188
2026-08-26 00:00:00+00:00,20561.996750417384,106.06423368180486,0.034834256654117525,438.94499213144115,0,0.0,0.0,1.1074330561304624,351110.01500003337,266480.3238113006,0,2592000.0,0.061728778312670915,3.144e-05,3600.0,2445.07,7948800.0,0.0488452744144281,1.0,1.1074330561304624,759200.2514023639,2447766.7342125177,0.0,0.0,0.9880515091049558,1.0,0.0,5.155562916000001e-06,0.9880515091049558,21135.257847199322,0.0,80434.45637134602,101569.71421854534
2026-08-26 01:00:00+00:00,20560.9315950021,106.06423368180486,0.034834256654117525,437.87983671615694,0,0.0,0.0,1.1074374149830075,351110.01500003337,266481.69771208626,0,2588400.0,0.061728778312670915,0.0,3600.0,2454.99,7945200.0,0.048845350030294554,1.0,1.1074374149830075,759200.2514023639,2447766.7342125177,0.0,0.0,0.9880568701683358,1.0,0.0,5.155717406400001e-06,0.9880568701683358,21135.719068100956,0.0,80434.96479360416,101570.68386170511
2026-08-26 02:00:00+00:00,20559.862452288187,106.06423368180486,0.034834256654117525,436.81069400224163,0,0.0,0.0,1.1074418030264526,351110.01500003337,266483.0716611245,0,2584800.0,0.061728778312670915,0.0,3600.0,2464.18,7941600.0,0.04884527448865761,1.0,1.1074418030264526,759200.2514023639,2447766.7342125177,0.0,0.0,0.988062267136547,1.0,0.0,5.1558718967999995e-06,0.988062267136547,21135.99916375595,0.0,80435.48577415553,101571.48493791147
2026-08-26 03:00:00+00:00,20558.793136024822,106.06423368180486,0.034834256654117525,435.74137773887554,0,0.0,0.0,1.107446166284001,351110.01500003337,266484.4038086525,0,2581200.0,0.061728778312670915,0.0,3600.0,2464.58,7938000.0,0.04893449893900459,1.0,1.107446166284001,759200.2514023639,2437149.134846769,0.0,0.0,0.9880464898669102,1.0,0.0,4.998982449600001e-06,0.9880464898669102,21134.220820276078,0.0,80428.61406924867,101562.83488952475
2026-08-26 04:00:00+00:00,20557.72764218811,106.06423368180486,0.034834256654117525,434.67588390216235,0,0.0,0.0,1.1074505397751346,351110.01500003337,266485.735965599,0,2577600.0,0.06162261339727465,0.0,3600.0,2455.77,7934400.0,0.048934498976273444,1.0,1.1074505397751346,759200.2514023639,2437149.134846769,0.0,0.0,0.9880518784353801,1.0,0.0,4.9989928032e-06,0.9880518784353801,21128.038497669335,0.0,80429.17389265844,101557.21239032777
2026-08-26 05:00:00+00:00,20556.658642652492,106.06423368180486,0.034834256654117525,433.6068843665439,0,0.0,0.0,1.1074548673866926,351110.01500003337,266487.0681333734,0,2574000.0,0.06162261339727465,0.0,3600.0,2463.85,7930800.0,0.049335429116091456,1.0,1.1074548673866926,770867.2258626851,2426741.5324896546,0.0,0.0,0.9879623139768959,1.0,0.0,4.9990084452e-06,0.9879623139768959,21128.04679657183,0.0,80396.39474652219,101524.44154309401
2026-08-26 06:00:00+00:00,20555.591734387755,106.06423368180486,0.034834256654117525,432.53997610180704,0,0.0,0.0,1.1074592409121884,351110.01500003337,266488.4003078073,0,2570400.0,0.06162261339727465,0.0,3600.0,2459.03,7927200.0,0.04933542915374134,1.0,1.1074592409121884,770867.2258626851,2426741.5324896546,0.0,0.0,0.9879677451860899,1.0,0.0,4.9990084452e-06,0.9879677451860899,21125.064507647094,0.0,80396.96952402982,101522.03403167691
2026-08-26 07:00:00+00:00,20554.524183990052,106.06423368180486,0.034834256654117525,431.4724257041024,0,0.0,0.0,1.107463614454956,351110.01500003337,266489.73248890083,0,2566800.0,0.06162261339727465,0.0,3600.0,2460.51,7923600.0,0.049335429191424085,1.0,1.107463614454956,770867.2258626851,2426741.5324896546,0.0,0.0,0.9879731764251416,1.0,0.0,4.9990084452e-06,0.9879731764251416,21123.54164108303,0.0,80397.54430536123,101521.08594644425
2026-08-26 08:00:00+00:00,20579.500947095334,106.06423368180486,0.034834256654117525,456.44918880938485,0,0.0,0.0,1.1074679880149951,351110.01500003337,266491.06467665394,0,2563200.0,0.06310988872427084,0.0001,3600.0,2455.31,7920000.0,0.04933542922914236,1.0,1.1074679880149951,770867.2258626851,2426741.5324896546,0.0,0.0,0.9879786076940505,1.0,0.0,4.9990084452e-06,0.9879786076940505,21178.0000454658,0.0,80398.11909051624,101576.11913598204
2026-08-26 09:00:00+00:00,20578.439345105053,106.06423368180486,0.034834256654117525,455.3875868191049,0,0.0,0.0,1.1074723615923066,351110.01500003337,266492.39687106665,0,2559600.0,0.06310988872427084,0.0,3600.0,2446.8,7916400.0,0.049335429266894826,1.0,1.1074723615923066,770867.2258626851,2426741.5324896546,0.0,0.0,0.9879840389928174,1.0,0.0,4.9990084452e-06,0.9879840389928174,21174.026395886518,0.0,80398.69387949503,101572.72027538155
2026-08-26 10:00:00+00:00,20577.36868817218,106.06423368180486,0.034834256654117525,454.3169298862317,0,0.0,0.0,1.107476756348272,351110.01500003337,266493.729072139,0,2556000.0,0.06310988872427084,0.0,3600.0,2467.67,7912800.0,0.049150559493702284,1.0,1.107476756348272,765472.4218078464,2431554.7299077916,0.0,0.0,0.9880331495961208,1.0,0.0,4.9990084452e-06,0.9880331495961208,21177.19098329156,0.0,80414.60490308516,101591.79588637671
2026-08-26 11:00:00+00:00,20576.300478286565,106.06423368180486,0.034834256654117525,453.2487200006142,0,0.0,0.0,1.1074811763820518,351110.01500003337,266495.0662191507,0,2552400.0,0.06310988872427084,0.0,3600.0,2462.03,7909200.0,0.048745125309964665,1.0,1.1074811763820518,753734.2514258695,2442028.4434961127,0.0,0.0,0.9881343440957906,1.0,0.0,5.0175426708e-06,0.9881343440957906,21173.90895621851,0.0,80448.79815837042,101622.70711458893
2026-08-26 12:00:00+00:00,20575.23575240617,106.06423368180486,0.034834256654117525,452.18399412022063,0,0.0,0.0,1.107485550011446,351110.01500003337,266496.3984455548,0,2548800.0,0.06566435272683233,0.0,3600.0,2454.0,7905600.0,0.048745125347356755,1.0,1.107485550011446,753734.2514258695,2442028.4434961127,0.0,0.0,0.9881397127765136,1.0,0.0,4.9990534272000004e-06,0.9881397127765136,21223.791849504574,0.0,80449.35092953558,101673.14277904015
2026-08-26 13:00:00+00:00,20574.170089358744,106.06423368180486,0.034834256654117525,451.11833107279296,0,0.0,0.0,1.1074899592350445,351110.01500003337,266497.7386822579,0,2545200.0,0.06566435272683233,0.0,3600.0,2456.16,7902000.0,0.048434515813003065,1.0,1.1074899592350445,744828.0081066302,2449975.721527799,0.0,0.0,0.9882184274890514,1.0,0.0,5.0290860996e-06,0.9882184274890514,21222.380196700266,0.0,80475.64821673237,101698.02841343264
2026-08-26 14:00:00+00:00,20573.11226206902,106.06423368180486,0.034834256654117525,450.06050378306696,0,0.0,0.0,1.1074943328991242,351110.01500003337,266499.0789333514,0,2541600.0,0.06566435272683233,0.0,3600.0,2438.1,7898400.0,0.04843451585021885,1.0,1.1074943328991242,744828.0081066302,2449975.721527799,0.0,0.0,0.9882237632102107,1.0,0.0,5.0291148059999996e-06,0.9882237632102107,21215.64601415655,0.0,80476.18139077508,101691.82740493162
2026-08-26 15:00:00+00:00,20572.04971857297,106.06423368180486,0.034834256654117525,448.99796028701667,0,0.0,0.0,1.1074987065804756,351110.01500003337,266500.41125649255,0,2538000.0,0.06566435272683233,0.0,3600.0,2448.97,7894800.0,0.04843451588746883,1.0,1.1074987065804756,744828.0081066302,2449975.721527799,0.0,0.0,0.9882290989601791,1.0,0.0,4.9993411464e-06,0.9882290989601791,21216.53397447669,0.0,80476.72250288539,101693.25647736207
2026-08-26 16:00:00+00:00,20590.301347728408,106.06423368180486,0.034834256654117525,467.24958944245446,0,0.0,0.0,1.1075030802631658,351110.01500003337,266501.7435908545,0,2534400.0,0.06566435272683233,7.451e-05,3600.0,2443.66,7891200.0,0.048434655016942774,1.0,1.1075030802631658,744831.9795643016,2449972.177934174,0.0,0.0,0.9882344019326138,1.0,0.0,4.9993582572e-06,0.9882344019326138,21232.47601524563,0.0,80477.25209525455,101709.72811050017
2026-08-26 17:00:00+00:00,20589.23404463867,106.06423368180486,0.034834256654117525,466.18228635271714,0,0.0,0.0,1.1075074539790621,351110.01500003337,266503.0759390345,0,2530800.0,0.06566435272683233,0.0,3600.0,2459.94,7887600.0,0.04843465505426159,1.0,1.1075074539790621,744831.9795643016,2449972.177934174,0.0,0.0,0.9882397377549906,1.0,0.0,4.999385113200001e-06,0.9882397377549906,21234.76871137893,0.0,80477.79320774926,101712.56191912819
2026-08-26 18:00:00+00:00,20588.161630517607,106.06423368180486,0.034834256654117525,465.10987223165506,0,0.0,0.0,1.1075118277122313,351110.01500003337,266504.4082994813,0,2527200.0,0.06619730480642179,0.0,3600.0,2471.72,7884000.0,0.048434655091613044,1.0,1.1075118277122313,744831.9795643016,2449972.177934174,0.0,0.0,0.9882450736061777,1.0,0.0,4.999406148e-06,0.9882450736061777,21247.061620602388,0.0,80478.33431809285,101725.39593869523
2026-08-26 19:00:00+00:00,20587.09017525726,106.06423368180486,0.034834256654117525,464.0384169713084,0,0.0,0.0,1.1075162014626727,351110.01500003337,266505.74066991167,0,2523600.0,0.06619730480642179,0.0,3600.0,2469.51,7880400.0,0.048434655128999804,1.0,1.1075162014626727,744831.9795643016,2449972.177934174,0.0,0.0,0.9882504094861747,1.0,0.0,4.9994186148000005e-06,0.9882504094861747,21244.46326873599,0.0,80478.87542856822,101723.33869730422
2026-08-26 20:00:00+00:00,20586.017952040595,106.06423368180486,0.034834256654117525,462.9661937546421,0,0.0,0.0,1.1075205752303872,351110.01500003337,266507.07304958586,0,2520000.0,0.06619730480642179,0.0,3600.0,2471.28,7876800.0,0.04843465516642009,1.0,1.1075205752303872,744831.9795643016,2449972.177934174,0.0,0.0,0.9882557453949821,1.0,0.0,4.999428305999999e-06,0.9882557453949821,21242.923775125983,0.0,80479.41653991543,101722.34031504141
2026-08-26 21:00:00+00:00,20584.93505119397,106.06423368180486,0.034834256654117525,461.883292908018,0,0.0,0.0,1.1075249490153745,351110.01500003337,266508.40543809236,0,2516400.0,0.06619730480642179,0.0,3600.0,2495.89,7873200.0,0.048434655203875465,1.0,1.1075249490153745,744831.9795643016,2449972.177934174,0.0,0.0,0.9882610813325997,1.0,0.0,4.9994364528e-06,0.9882610813325997,21247.43482440093,0.0,80479.95765254594,101727.39247694687
2026-08-26 22:00:00+00:00,20583.85357345284,106.06423368180486,0.034834256654117525,460.8018151668901,0,0.0,0.0,1.1075293228176342,351110.01500003337,266509.73783557233,0,2512800.0,0.06651720398292824,0.0,3600.0,2492.61,7869600.0,0.04843465524136459,1.0,1.1075293228176342,744831.9795643016,2449972.177934174,0.0,0.0,0.9882664172990281,1.0,0.0,4.999445128799999e-06,0.9882664172990281,21251.27505906745,0.0,80480.49876631866,101731.77382538612
2026-08-26 23:00:00+00:00,20582.766433660883,106.06423368180486,0.034834256654117525,459.7146753749313,0,0.0,0.0,1.107533696637167,351110.01500003337,266511.0702373773,0,2509200.0,0.06651720398292824,0.0,3600.0,2505.66,7866000.0,0.04843465527888746,1.0,1.107533696637167,744831.9795643016,2449972.177934174,0.0,0.0,0.9882717532942673,1.0,0.0,4.9994363628e-06,0.9882717532942673,21252.720991133712,0.0,80481.03988588217,101733.76087701588
2026-08-27 00:00:00+00:00,20608.10330502701,106.06423368180486,0.034834256654117525,485.0515467410553,0,0.0,0.0,1.107538095434984,351110.01500003337,266512.4026570096,0,2505600.0,0.06651720398292824,0.0001,3600.0,2490.71,7862400.0,0.04821679393361933,1.0,1.107538095434984,738630.3469968991,2455506.506912677,0.0,0.0,0.9883282955150878,1.0,0.0,4.9994782596e-06,0.9883282955150878,21273.105121704197,0.0,80499.56000625028,101772.66512795447
2026-08-27 01:00:00+00:00,20607.02000501665,106.06423368180486,0.034834256654117525,483.96824673069443,0,0.0,0.0,1.1075424692891616,351110.01500003337,266513.73508772353,0,2502000.0,0.06651720398292824,0.0,3600.0,2496.81,7858800.0,0.04821679397103873,1.0,1.1075424692891616,738630.3469968991,2455506.506912677,0.0,0.0,0.9883336083976733,1.0,0.0,4.9994948448e-06,0.9883336083976733,21272.69267581014,0.0,80500.09298182064,101772.78565763077
2026-08-27 02:00:00+00:00,20605.937997949695,106.06423368180486,0.034834256654117525,482.8862396637417,0,0.0,0.0,1.1075468431606117,351110.01500003337,266515.06752997485,0,2498400.0,0.06651720398292824,0.0,3600.0,2493.83,7855200.0,0.04821679400849277,1.0,1.1075468431606117,738630.3469968991,2455506.506912677,0.0,0.0,0.9883389213088186,1.0,0.0,4.99951314e-06,0.9883389213088186,21269.859513898333,0.0,80500.62595588126,101770.4854697796
2026-08-27 03:00:00+00:00,20604.85680656516,106.06423368180486,0.034834256654117525,481.8050482792076,0,0.0,0.0,1.1075512170493353,351110.01500003337,266516.39997888776,0,2494800.0,0.06651720398292824,0.0,3600.0,2491.95,7851600.0,0.04821679404598078,1.0,1.1075512170493353,738630.3469968991,2455506.506912677,0.0,0.0,0.9883442342485244,1.0,0.0,4.99951314e-06,0.9883442342485244,21267.32188023214,0.0,80501.15893330815,101768.48081354029
2026-08-27 04:00:00+00:00,20603.778001485574,106.06423368180486,0.034834256654117525,480.72624319962136,0,0.0,0.0,1.1075555963679409,351110.01500003337,266517.7324367238,0,2491200.0,0.06651720398292824,0.0,3600.0,2486.45,7848000.0,0.04816955919034083,1.0,1.1075555963679409,737290.6576191058,2456702.071510649,0.0,0.0,0.9883606309738845,1.0,0.0,4.9995216252e-06,0.9883606309738845,21263.82711572817,0.0,80505.58352995926,101769.41064568743
2026-08-27 05:00:00+00:00,20602.695261172194,106.06423368180486,0.034834256654117525,479.6435028862392,0,0.0,0.0,1.1075599702912322,351110.01500003337,266519.0729085246,0,2487600.0,0.06651720398292824,0.0,3600.0,2495.52,7844400.0,0.04816955922786015,1.0,1.1075599702912322,737290.6576191058,2456702.071510649,0.0,0.0,0.9883659389459535,1.0,0.0,5.029565641200001e-06,0.9883659389459535,21264.194775831882,0.0,80506.1067403112,101770.30151614308
2026-08-27 06:00:00+00:00,20601.61402206156,106.06423368180486,0.034834256654117525,478.56226377560614,0,0.0,0.0,1.107564344231797,351110.01500003337,266520.41339471826,0,2484000.0,0.06417350374171761,0.0,3600.0,2492.06,7840800.0,0.048169559265413,1.0,1.107564344231797,737290.6576191058,2456702.071510649,0.0,0.0,0.9883712469465291,1.0,0.0,5.0295943476e-06,0.9883712469465291,21212.445489736427,0.0,80506.62994627928,101719.0754360157
2026-08-27 07:00:00+00:00,20600.53099105285,106.06423368180486,0.034834256654117525,477.479232766894,0,0.0,0.0,1.1075687245108037,351110.01500003337,266521.7538953049,0,2480400.0,0.06417350374171761,0.0,3600.0,2496.19,7837200.0,0.048114398917648016,1.0,1.1075687245108037,735729.5480508985,2458099.854991274,0.0,0.0,0.9883894816489531,1.0,0.0,5.029623054e-06,0.9883894816489531,21211.48803729402,0.0,80511.69183233421,101723.17986962823
2026-08-27 08:00:00+00:00,20616.139678556498,106.06423368180486,0.034834256654117525,493.08792027054415,0,0.0,0.0,1.1075730980652845,351110.01500003337,266523.0944102857,0,2476800.0,0.06417350374171761,6.226e-05,3600.0,2529.9,7833600.0,0.04811806961802678,1.0,1.1075730980652845,735833.435957163,2458007.150287232,0.0,0.0,0.9883939239932371,1.0,0.0,5.029651764e-06,0.9883939239932371,21234.448738675557,0.0,80511.91106892162,101746.35980759718
2026-08-27 09:00:00+00:00,20615.04042935161,106.06423368180486,0.034834256654117525,491.98867106565876,0,0.0,0.0,1.107577468868861,351110.01500003337,266524.4349396598,0,2473200.0,0.06417350374171761,0.0,3600.0,2533.57,7830000.0,0.04814589585984841,1.0,1.107577468868861,736621.3204115524,2457304.081788422,0.0,0.0,0.9883927114558866,1.0,0.0,5.0296804704e-06,0.9883927114558866,21233.346430910922,0.0,80510.14480554021,101743.49123645114
2026-08-27 10:00:00+00:00,20613.954552131905,106.06423368180486,0.034834256654117525,490.9027938459542,0,0.0,0.0,1.1075818428785307,351110.01500003337,266525.76752906333,0,2469600.0,0.06417350374171761,0.0,3600.0,2502.75,7826400.0,0.04814589589752161,1.0,1.1075818428785307,736621.3204115524,2457304.081788422,0.0,0.0,0.9883980170529455,1.0,0.0,4.9998645432000006e-06,0.9883980170529455,21223.850015268432,0.0,80510.6750643996,101734.52507966803
2026-08-27 11:00:00+00:00,20612.86969017649,106.06423368180486,0.034834256654117525,489.81793189053656,0,0.0,0.0,1.107586216905474,351110.01500003337,266527.10012776445,0,2466000.0,0.06534470936093398,0.0,3600.0,2500.41,7822800.0,0.048145895935229,1.0,1.107586216905474,736621.3204115524,2457304.081788422,0.0,0.0,0.9884033226784844,1.0,0.0,4.9998744288e-06,0.9884033226784844,21245.595139095993,0.0,80511.20532396104,101756.80046305704
2026-08-27 12:00:00+00:00,20611.78764406091,106.06423368180486,0.034834256654117525,488.73588577495747,0,0.0,0.0,1.1075905909496913,351110.01500003337,266528.43275637616,0,2462400.0,0.06502516187126636,0.0,3600.0,2493.92,7819200.0,0.048145895972971475,1.0,1.1075905909496913,736621.3204115524,2457304.081788422,0.0,0.0,0.9884086283325034,1.0,0.0,4.9999616532e-06,0.9884086283325034,21235.34959455554,0.0,80511.7355636115,101747.08515816703
2026-08-27 13:00:00+00:00,20610.705025232142,106.06423368180486,0.034834256654117525,487.65326694619085,0,0.0,0.0,1.107594965011182,351110.01500003337,266529.76539165096,0,2458800.0,0.06502516187126636,0.0,3600.0,2495.24,7815600.0,0.048145896010749034,1.0,1.107594965011182,736621.3204115524,2457304.081788422,0.0,0.0,0.9884139340150025,1.0,0.0,4.9999616532e-06,0.9884139340150025,21233.684896304065,0.0,80512.26580659859,101745.95070290266
2026-08-27 14:00:00+00:00,20609.613299395947,106.06423368180486,0.034834256654117525,486.5615411099958,0,0.0,0.0,1.1075993390899466,351110.01500003337,266531.0980335889,0,2455200.0,0.06502516187126636,0.0,3600.0,2516.23,7812000.0,0.04814589604856101,1.0,1.1075993390899466,736621.3204115524,2457304.081788422,0.0,0.0,0.9884192397259821,1.0,0.0,4.9999616532e-06,0.9884192397259821,21236.913891819582,0.0,80512.79605292226,101749.70994474184
2026-08-27 15:00:00+00:00,20608.519686209474,106.06423368180486,0.034834256654117525,485.46792792352375,0,0.0,0.0,1.1076037131859853,351110.01500003337,266532.43068219,0,2451600.0,0.06502516187126636,0.0,3600.0,2520.58,7808400.0,0.04814589608640829,1.0,1.1076037131859853,736621.3204115524,2457304.081788422,0.0,0.0,0.9884245454654421,1.0,0.0,4.9999616532e-06,0.9884245454654421,21235.983355620763,0.0,80513.32630258257,101749.30965820333
2026-08-27 16:00:00+00:00,20610.31916384321,106.06423368180486,0.034834256654117525,487.2674055572609,0,0.0,0.0,1.1076080872992984,351110.01500003337,266533.7544509906,0,2448000.0,0.06502516187126636,1.082e-05,3600.0,2521.19,7804800.0,0.048145896124289767,1.0,1.1076080872992984,736621.3204115524,2457304.081788422,0.0,0.0,0.9884298512333831,1.0,0.0,4.9666207968e-06,0.9884298512333831,21237.01307565776,0.0,80513.86544204329,101750.87851770104
2026-08-27 17:00:00+00:00,20609.227090908113,106.06423368180486,0.034834256654117525,486.17533262216426,0,0.0,0.0,1.1076124614298852,351110.01500003337,266535.0870318715,0,2444400.0,0.06502516187126636,0.0,3600.0,2517.03,7801200.0,0.04814589616220699,1.0,1.1076124614298852,736621.3204115524,2457304.081788422,0.0,0.0,0.9884351570298047,1.0,0.0,4.9996577447999995e-06,0.9884351570298047,21233.96686066918,0.0,80514.39577942359,101748.36264009278
2026-08-27 18:00:00+00:00,20608.139959793625,106.06423368180486,0.034834256654117525,485.088201507678,0,0.0,0.0,1.1076168355777463,351110.01500003337,266536.41959895287,0,2440800.0,0.06502516187126636,0.0,3600.0,2505.64,7797600.0,0.048145896200158855,1.0,1.1076168355777463,736621.3204115524,2457304.081788422,0.0,0.0,0.9884404628547073,1.0,0.0,4.9995809748e-06,0.9884404628547073,21229.136748605146,0.0,80514.92614060332,101744.06288920846
2026-08-27 19:00:00+00:00,20607.056668460737,106.06423368180486,0.034834256654117525,484.0049101747897,0,0.0,0.0,1.1076212097469833,351110.01500003337,266537.7521789498,0,2437200.0,0.06502516187126636,0.0,3600.0,2496.79,7794000.0,0.0481458604479883,1.0,1.1076212097469833,736620.3067272025,2457304.9864475974,0.0,0.0,0.9884457770496751,1.0,0.0,4.999604436e-06,0.9884457770496751,21224.94738751298,0.0,80515.45942768123,101740.4068151942
2026-08-27 20:00:00+00:00,20605.968964633063,106.06423368180486,0.034834256654117525,482.9172063471159,0,0.0,0.0,1.1076255839293925,351110.01500003337,266539.0847687603,0,2433600.0,0.060985846797351126,0.0,3600.0,2506.96,7790400.0,0.04814586048601055,1.0,1.1076255839293925,736620.3067272025,2457304.9864475974,0.0,0.0,0.988451082927732,1.0,0.0,4.9996162584e-06,0.988451082927732,21142.576854726165,0.0,80515.98978479492,101658.56663952109
2026-08-27 21:00:00+00:00,20604.882935557587,106.06423368180486,0.034834256654117525,481.83117727164193,0,0.0,0.0,1.1076297765688898,351110.01500003337,266540.41744336614,0,2430000.0,0.060985846797351126,0.0,3600.0,2503.1,7786800.0,0.04973132474368169,1.0,1.1076297765688898,782503.9357780968,2416370.2316049337,0.0,0.0,0.988087551096366,1.0,0.0,4.9999093956e-06,0.988087551096366,21139.87202683996,0.0,80387.0174434252,101526.88947026516
2026-08-27 22:00:00+00:00,20603.792264034306,106.06423368180486,0.034834256654117525,480.7405057483602,0,0.0,0.0,1.1076341507851313,351110.01500003337,266541.7501246353,0,2426400.0,0.060985846797351126,0.0,3600.0,2513.8,7783200.0,0.04973132478305797,1.0,1.1076341507851313,782503.9357780968,2416370.2316049337,0.0,0.0,0.9880930255417051,1.0,0.0,4.9999093956e-06,0.9880930255417051,21140.272308392123,0.0,80387.60689474113,101527.87920313326
2026-08-27 23:00:00+00:00,20602.70335403795,106.06423368180486,0.034834256654117525,479.65159575200363,0,0.0,0.0,1.1076385250186471,351110.01500003337,266543.08281990833,0,2422800.0,0.060985846797351126,0.0,3600.0,2509.74,7779600.0,0.04973132482247067,1.0,1.1076385250186471,782503.9357780968,2416370.2316049337,0.0,0.0,0.9880985000173751,1.0,0.0,4.9999369356e-06,0.9880985000173751,21137.52225875949,0.0,80388.19634270272,101525.71860146221
2026-08-28 00:00:00+00:00,20607.135757942557,106.06423368180486,0.034834256654117525,484.0839996566116,0,0.0,0.0,1.1076428992694376,351110.01500003337,266544.41552746587,0,2419200.0,0.060985846797351126,2.071e-05,3600.0,2514.53,7776000.0,0.04973132486192022,1.0,1.1076428992694376,782503.9357780968,2416370.2316049337,0.0,0.0,0.988103974523376,1.0,0.0,4.9999580244e-06,0.988103974523376,21142.179203293977,0.0,80388.78578902927,101530.96499232325
2026-08-28 01:00:00+00:00,20606.046296926696,106.06423368180486,0.034834256654117525,482.9945386407489,0,0.0,0.0,1.1076472735375023,351110.01500003337,266545.7482464895,0,2415600.0,0.060985846797351126,0.0,3600.0,2511.01,7772400.0,0.04973132490140553,1.0,1.1076472735375023,782503.9357780968,2416370.2316049337,0.0,0.0,0.9881094490597082,1.0,0.0,4.9999760424e-06,0.9881094490597082,21139.545673187975,0.0,80389.37523453933,101528.9209077273
2026-08-28 02:00:00+00:00,20604.96561751304,106.06423368180486,0.034834256654117525,481.91385922709446,0,0.0,0.0,1.1076515323042533,351110.01500003337,266547.0809764209,0,2412000.0,0.060985846797351126,0.0,3600.0,2490.77,7768800.0,0.05074131290719097,1.0,1.1076515323042533,812747.4563396745,2389395.7718522544,0.0,0.0,0.9878808607433047,1.0,0.0,4.9999919652000005e-06,0.9878808607433047,21133.37604893871,0.0,80307.78285740671,101441.15890634542
2026-08-28 03:00:00+00:00,20603.88587526642,106.06423368180486,0.034834256654117525,480.83411698047416,0,0.0,0.0,1.1076560232115942,351110.01500003337,266548.4044249214,0,2408400.0,0.060985846797351126,0.0,3600.0,2488.61,7765200.0,0.04972183344337888,1.0,1.1076560232115942,782225.2950363343,2416625.403549944,0.0,0.0,0.9881225981932898,1.0,0.0,4.9651461576e-06,0.9881225981932898,21131.0500799153,0.0,80391.33584859659,101522.38592851188
2026-08-28 04:00:00+00:00,20602.807812110736,106.06423368180486,0.034834256654117525,479.75605382478994,0,0.0,0.0,1.1076603975314878,351110.01500003337,266549.73712203075,0,2404800.0,0.060985846797351126,0.0,3600.0,2484.74,7761600.0,0.04972183348296744,1.0,1.1076603975314878,782225.2950363343,2416625.403549944,0.0,0.0,0.9881280718128791,1.0,0.0,4.9998190032e-06,0.9881280718128791,21128.365468670847,0.0,80391.92499414325,101520.2904628141
2026-08-28 05:00:00+00:00,20601.726581677576,106.06423368180486,0.034834256654117525,478.6748233916294,0,0.0,0.0,1.107664771868656,351110.01500003337,266551.0698833506,0,2401200.0,0.06077367614998559,0.0,3600.0,2492.04,7758000.0,0.04972183352259241,1.0,1.107664771868656,782225.2950363343,2416625.403549944,0.0,0.0,0.988133545462789,1.0,0.0,5.0000348988e-06,0.988133545462789,21123.769186387508,0.0,80392.51408612542,101516.28327251293
2026-08-28 06:00:00+00:00,20600.64116002518,106.06423368180486,0.034834256654117525,477.58940173923304,0,0.0,0.0,1.107669158150132,351110.01500003337,266552.4106578839,0,2397600.0,0.045817503978679806,0.0,3600.0,2501.7,7754400.0,0.049617612500039376,1.0,1.107669158150132,779150.2463693384,2419368.8164802766,0.0,0.0,0.9881631441678044,1.0,0.0,5.0300723304e-06,0.9881631441678044,20822.208157962352,0.0,80401.56571335404,101223.77387131639
2026-08-28 07:00:00+00:00,20599.558497809052,106.06423368180486,0.034834256654117525,476.50673952310376,0,0.0,0.0,1.1076735325218976,351110.01500003337,266553.74346079124,0,2394000.0,0.045817503978679806,0.0,3600.0,2495.34,7750800.0,0.04961761253965302,1.0,1.1076735325218976,779150.2463693384,2419368.8164802766,0.0,0.0,0.9881686068117104,1.0,0.0,5.0001407676e-06,0.9881686068117104,20820.23037492699,0.0,80402.15089943045,101222.38127435744
2026-08-28 08:00:00+00:00,20598.128515134158,106.06423368180486,0.034834256654117525,475.07675684821015,0,0.0,0.0,1.1076780078193627,351110.01500003337,266555.07627036277,0,2390400.0,0.05907783769628644,-1.33e-06,3600.0,2487.19,7747200.0,0.04873627330430286,1.0,1.1076780078193627,753483.8214258025,2442271.98196581,0.0,0.0,0.9883780134411965,1.0,0.0,5.0001407676e-06,0.9883780134411965,21082.901784834874,0.0,80474.34285467892,101557.2446395138
2026-08-28 09:00:00+00:00,20597.0487685488,106.06423368180486,0.034834256654117525,473.99701026285356,0,0.0,0.0,1.1076824313865195,351110.01500003337,266556.40908659855,0,2386800.0,0.05907783769628644,0.0,3600.0,2488.62,7743600.0,0.04830717340874613,1.0,1.1076824313865195,741205.8795143889,2453229.1843722663,0.0,0.0,0.9884827088674095,1.0,0.0,5.0001407676e-06,0.9884827088674095,21081.370256731017,0.0,80509.76965111122,101591.13990784224
2026-08-28 10:00:00+00:00,20595.96168949915,106.06423368180486,0.034834256654117525,472.9099312132025,0,0.0,0.0,1.1076868058107034,351110.01500003337,266557.7362479399,0,2383200.0,0.05907783769628644,0.0,3600.0,2505.52,7740000.0,0.048307173447396545,1.0,1.1076868058107034,741205.8795143889,2453229.1843722663,0.0,0.0,0.9884880323088915,1.0,0.0,4.9789012464e-06,0.9884880323088915,21082.836701656473,0.0,80510.31160338846,101593.14830504493
2026-08-28 11:00:00+00:00,20594.87522221131,106.06423368180486,0.034834256654117525,471.8234639253654,0,0.0,0.0,1.1076911834119392,351110.01500003337,266559.06899231515,0,2379600.0,0.054006571631079595,0.0,3600.0,2504.11,7736400.0,0.04827959940765658,1.0,1.1076911834119392,740421.7947759706,2453928.931248372,0.0,0.0,0.9884997343828194,1.0,0.0,4.9998212856e-06,0.9884997343828194,20979.107875395006,0.0,80513.08757436555,101492.19544976056
2026-08-28 12:00:00+00:00,20593.79141023007,106.06423368180486,0.034834256654117525,470.73965194412483,0,0.0,0.0,1.1076955578706866,351110.01500003337,266560.40854481544,0,2376000.0,0.06247223004910215,0.0,3600.0,2497.99,7732800.0,0.04827959944635718,1.0,1.1076955578706866,740421.7947759706,2453928.931248372,0.0,0.0,0.988505054947798,1.0,0.0,5.025336933599999e-06,0.988505054947798,21145.494832310276,0.0,80513.61612551473,101659.110957825
2026-08-28 13:00:00+00:00,20592.703033898277,106.06423368180486,0.034834256654117525,469.65127561232936,0,0.0,0.0,1.1076999323467092,351110.01500003337,266561.73206022545,0,2372400.0,0.06247223004910215,0.0,3600.0,2508.51,7729200.0,0.04827959948509375,1.0,1.1076999323467092,740421.7947759706,2453928.931248372,0.0,0.0,0.9885103755414143,1.0,0.0,4.9651489188e-06,0.9885103755414143,21145.890457387653,0.0,80514.16072380915,101660.0511811968
2026-08-28 14:00:00+00:00,20591.61312599258,106.06423368180486,0.034834256654117525,468.56136770663096,0,0.0,0.0,1.1077043068400079,351110.01500003337,266563.05701984814,0,2368800.0,0.06247223004910215,0.0,3600.0,2512.04,7725600.0,0.048279599523865624,1.0,1.1077043068400079,740421.7947759706,2453928.931248372,0.0,0.0,0.9885156961636687,1.0,0.0,4.9705421688e-06,0.9885156961636687,21144.738384383203,0.0,80514.70388794603,101659.44227232924
2026-08-28 15:00:00+00:00,20590.541306278385,106.06423368180486,0.034834256654117525,467.4895479924377,0,0.0,0.0,1.1077086813505819,351110.01500003337,266564.3847078583,0,2365200.0,0.06247223004910215,0.0,3600.0,2470.35,7722000.0,0.048279599562675024,1.0,1.1077086813505819,740421.7947759706,2453928.931248372,0.0,0.0,0.988521016814561,1.0,0.0,4.9807528416e-06,0.988521016814561,21133.660192359424,0.0,80515.2443337504,101648.90452610982
2026-08-28 16:00:00+00:00,20604.03679591749,106.06423368180486,0.034834256654117525,480.9850376315431,0,0.0,0.0,1.1077130558784314,351110.01500003337,266565.7173019366,0,2361600.0,0.06247223004910215,5.622e-05,3600.0,2440.83,7718400.0,0.048279599601520395,1.0,1.1077130558784314,740421.7947759706,2453928.931248372,0.0,0.0,0.9885263374940915,1.0,0.0,4.9991327568e-06,0.9885263374940915,21139.84877480774,0.0,80515.77988354192,101655.62865834965
2026-08-28 17:00:00+00:00,20602.977081277488,106.06423368180486,0.034834256654117525,479.9253229915401,0,0.0,0.0,1.1077174304235566,351110.01500003337,266567.04990530905,0,2358000.0,0.06247223004910215,0.0,3600.0,2442.45,7714800.0,0.048279599640401516,1.0,1.1077174304235566,740421.7947759706,2453928.931248372,0.0,0.0,0.9885316582022604,1.0,0.0,4.9991426315999995e-06,0.9885316582022604,21138.32735455488,0.0,80516.31543409446,101654.64278864933
2026-08-28 18:00:00+00:00,20601.923866064415,106.06423368180486,0.034834256654117525,478.872107778468,0,0.0,0.0,1.1077218032638438,351110.01500003337,266568.4256081356,0,2354400.0,0.06247223004910215,0.0,3600.0,2427.47,7711200.0,0.04829462735900991,1.0,1.1077218032638438,740849.034440142,2453547.6801523566,0.0,0.0,0.9885335138117075,1.0,0.0,5.1608001708e-06,0.9885335138117075,21133.178420739743,0.0,80515.59125432873,101648.76967506847
2026-08-28 19:00:00+00:00,20600.867635429637,106.06423368180486,0.034834256654117525,477.81587714368897,0,0.0,0.0,1.107726177843514,351110.01500003337,266569.7449213425,0,2350800.0,0.05907783769628644,0.0,3600.0,2434.42,7707600.0,0.04829462739797652,1.0,1.107726177843514,740849.034440142,2453547.6801523566,0.0,0.0,0.9885388361762123,1.0,0.0,4.9492356012e-06,0.9885388361762123,21067.49511555697,0.0,80516.1406766029,101583.63579215987
2026-08-28 20:00:00+00:00,20599.814784670412,106.06423368180486,0.034834256654117525,476.76302638446344,0,0.0,0.0,1.1077305524404601,351110.01500003337,266571.0641905877,0,2347200.0,0.05907783769628644,0.0,3600.0,2426.63,7704000.0,0.04829462743697932,1.0,1.1077305524404601,740849.034440142,2453547.6801523566,0.0,0.0,0.9885441585693734,1.0,0.0,4.949046190799999e-06,0.9885441585693734,21064.236780788102,0.0,80516.69015290035,101580.92693368846
2026-08-28 21:00:00+00:00,20598.76307933756,106.06423368180486,0.034834256654117525,475.7113210516129,0,0.0,0.0,1.1077349270546824,351110.01500003337,266572.439304429,0,2343600.0,0.046026683167261016,0.0,3600.0,2423.99,7700400.0,0.048294627476018315,1.0,1.1077349270546824,740849.034440142,2453547.6801523566,0.0,0.0,0.9885494809911907,1.0,0.0,5.1585129792e-06,0.9885494809911907,20812.608973562015,0.0,80517.18379466317,101329.79276822519
2026-08-28 22:00:00+00:00,20597.70402418547,106.06423368180486,0.034834256654117525,474.65226589952283,0,0.0,0.0,1.1077393189322218,351110.01500003337,266573.77194501413,0,2340000.0,0.05981943317107658,0.0,3600.0,2440.93,7696800.0,0.04814414552079538,1.0,1.1077393189322218,740849.0319590962,2471604.3751658937,0.0,0.0,0.9885894407635157,1.0,0.0,4.9991561676e-06,0.9885894407635157,21077.676083087703,0.0,80529.88143033849,101607.55751342619
2026-08-28 23:00:00+00:00,20596.644548175962,106.06423368180486,0.034834256654117525,473.59278989001467,0,0.0,0.0,1.1077436935810643,351110.01500003337,266575.1045940434,0,2336400.0,0.05981943317107658,0.0,3600.0,2441.9,7693200.0,0.04814414555978308,1.0,1.1077436935810643,740849.0319590962,2471604.3751658937,0.0,0.0,0.988594747227988,1.0,0.0,4.9991628528000004e-06,0.988594747227988,21076.068630952137,0.0,80530.41193412966,101606.4805650818
2026-08-29 00:00:00+00:00,20599.705132627398,106.06423368180486,0.034834256654117525,476.65337434144874,0,0.0,0.0,1.107748068247183,351110.01500003337,266576.4372546388,0,2332800.0,0.05981943317107658,1.591e-05,3600.0,2441.42,7689600.0,0.04814414559880742,1.0,1.107748068247183,740849.0319590962,2471604.3751658937,0.0,0.0,0.988600053720944,1.0,0.0,4.999181248799999e-06,0.988600053720944,21078.296409067883,0.0,80530.94243635563,101609.23884542352
2026-08-29 01:00:00+00:00,20598.64542232613,106.06423368180486,0.034834256654117525,475.59366404018203,0,0.0,0.0,1.107752442930578,351110.01500003337,266577.7507978706,0,2329200.0,0.05981943317107658,0.0,3600.0,2442.44,7686000.0,0.048144145637868174,1.0,1.107752442930578,740849.0319590962,2471604.3751658937,0.0,0.0,0.9886053602423835,1.0,0.0,4.9274422344e-06,0.9886053602423835,21076.697773896878,0.0,80531.49206594605,101608.18983984293
2026-08-29 02:00:00+00:00,20597.587816311956,106.06423368180486,0.034834256654117525,474.5360580260058,0,0.0,0.0,1.1077568176312496,351110.01500003337,266579.0833641382,0,2325600.0,0.05981943317107658,0.0,3600.0,2437.59,7682400.0,0.04814414567696601,1.0,1.1077568176312496,740849.0319590962,2471604.3751658937,0.0,0.0,0.988610666792307,1.0,0.0,4.9987777788000006e-06,0.988610666792307,21073.95348199892,0.0,80532.0226825017,101605.97616450062
2026-08-29 03:00:00+00:00,20596.531746210418,106.06423368180486,0.034834256654117525,473.4799879244687,0,0.0,0.0,1.1077611923491972,351110.01500003337,266580.4067723473,0,2322000.0,0.05981943317107658,0.0,3600.0,2434.05,7678800.0,0.048144145716099596,1.0,1.1077611923491972,740849.0319590962,2471604.3751658937,0.0,0.0,0.9886159733707147,1.0,0.0,4.9643989596e-06,0.9886159733707147,21071.469270673057,0.0,80532.56246711692,101604.03173778998
2026-08-29 04:00:00+00:00,20595.473467692118,106.06423368180486,0.034834256654117525,472.4217094061707,0,0.0,0.0,1.1077655670844218,351110.01500003337,266581.7447462793,0,2318400.0,0.05981943317107658,0.0,3600.0,2439.14,7675200.0,0.04814414575527093,1.0,1.1077655670844218,740849.0319590962,2471604.3751658937,0.0,0.0,0.9886212799776063,1.0,0.0,5.0190131772e-06,0.9886212799776063,21070.666287800414,0.0,80533.08769601019,101603.7539838106
2026-08-29 05:00:00+00:00,20594.41577056448,106.06423368180486,0.034834256654117525,471.36401227853275,0,0.0,0.0,1.1077699418369225,351110.01500003337,266583.0796065812,0,2314800.0,0.05981943317107658,0.0,3600.0,2437.8,7671600.0,0.04814414579447868,1.0,1.1077699418369225,740849.0319590962,2471604.3751658937,0.0,0.0,0.9886265866129823,1.0,0.0,5.007308212800001e-06,0.9886265866129823,21068.610060432162,0.0,80533.61604853481,101602.22610896698
2026-08-29 06:00:00+00:00,20593.359752527776,106.06423368180486,0.034834256654117525,470.3079942418309,0,0.0,0.0,1.1077743166067,351110.01500003337,266584.5123205591,0,2311200.0,0.05981943317107658,0.0,3600.0,2433.93,7668000.0,0.04814414583372262,1.0,1.1077743166067,740849.0319590962,2471604.3751658937,0.0,0.0,0.9886318932768431,1.0,0.0,5.3743475772e-06,0.9886318932768431,21066.064959473773,0.0,80534.04655738466,101600.11151685844
2026-08-29 07:00:00+00:00,20592.30318347157,106.06423368180486,0.034834256654117525,469.2514251856229,0,0.0,0.0,1.1077786913937542,351110.01500003337,266585.8860916558,0,2307600.0,0.05981943317107658,0.0,3600.0,2435.2,7664400.0,0.04814414587300453,1.0,1.1077786913937542,740849.0319590962,2471604.3751658937,0.0,0.0,0.9886371999691881,1.0,0.0,5.1532159356e-06,0.9886371999691881,21064.518358062727,0.0,80534.53601911681,101599.05437717953
2026-08-29 08:00:00+00:00,20598.49368224692,106.06423368180486,0.034834256654117525,475.44192396097606,0,0.0,0.0,1.1077830661980852,351110.01500003337,266587.2199042058,0,2304000.0,0.05981943317107658,2.808e-05,3600.0,2432.98,7660800.0,0.04814414591232308,1.0,1.1077830661980852,740849.0319590962,2471604.3751658937,0.0,0.0,0.9886425066900181,1.0,0.0,5.0033001852e-06,0.9886425066900181,21069.54235802938,0.0,80535.06544939702,101604.6078074264
2026-08-29 09:00:00+00:00,20597.4375427256,106.06423368180486,0.034834256654117525,474.38578443965866,0,0.0,0.0,1.107787441019693,351110.01500003337,266588.56975918874,0,2300400.0,0.05981943317107658,0.0,3600.0,2434.21,7657200.0,0.04814414595167804,1.0,1.107787441019693,740849.0319590962,2471604.3751658937,0.0,0.0,0.9886478134393331,1.0,0.0,5.0634519011999995e-06,0.9886478134393331,21067.987972864154,0.0,80535.57884724566,101603.56682010982
2026-08-29 10:00:00+00:00,20596.381676544668,106.06423368180486,0.034834256654117525,473.32991825872625,0,0.0,0.0,1.1077918158585776,351110.01500003337,266589.90364099114,0,2296800.0,0.05981943317107658,0.0,3600.0,2433.58,7653600.0,0.048144145991070086,1.0,1.1077918158585776,740849.0319590962,2471604.3751658937,0.0,0.0,0.9886531202171333,1.0,0.0,5.00350959e-06,0.9886531202171333,21066.074128053475,0.0,80536.10822827631,101602.18235632978
2026-08-29 11:00:00+00:00,20595.325250666756,106.06423368180486,0.034834256654117525,472.2734923808151,0,0.0,0.0,1.1077961907147393,351110.01500003337,266591.23753655335,0,2293200.0,0.05981943317107658,0.0,3600.0,2434.87,7650000.0,0.0481441460305001,1.0,1.1077961907147393,740849.0319590962,2471604.3751658937,0.0,0.0,0.9886584270234184,1.0,0.0,5.003536168800001e-06,0.9886584270234184,21064.530092967885,0.0,80536.63760554849,101601.16769851636
2026-08-29 12:00:00+00:00,20594.26941051824,106.06423368180486,0.034834256654117525,471.2176522323003,0,0.0,0.0,1.1078005655881782,351110.01500003337,266592.56819800765,0,2289600.0,0.05981943317107658,0.0,3600.0,2433.52,7646400.0,0.048144146069965865,1.0,1.1078005655881782,740849.0319590962,2471604.3751658937,0.0,0.0,0.9886637338581893,1.0,0.0,4.991379858000001e-06,0.9886637338581893,21062.47792791494,0.0,80537.17022693017,101599.64815484511
2026-08-29 13:00:00+00:00,20593.213106124946,106.06423368180486,0.034834256654117525,470.1613478390047,0,0.0,0.0,1.1078049404788939,351110.01500003337,266593.9454759353,0,2286000.0,0.060031412955532215,0.0,3600.0,2434.59,7642800.0,0.04814414610947004,1.0,1.1078049404788939,740849.0319590962,2471604.3751658937,0.0,0.0,0.9886690407214455,1.0,0.0,5.1662144196000005e-06,0.9886690407214455,21064.858873594578,0.0,80537.65624184004,101602.51511543462
2026-08-29 14:00:00+00:00,20592.151269842907,106.06423368180486,0.034834256654117525,469.0995115569662,0,0.0,0.0,1.1078092891955524,351110.01500003337,266595.2794544594,0,2282400.0,0.060031412955532215,0.0,3600.0,2447.34,7639200.0,0.04814414614967011,1.0,1.1078092891955524,740849.0319590962,2471604.3751658937,0.0,0.0,0.988674347613037,1.0,0.0,5.0037715008e-06,0.988674347613037,21065.520417269716,0.0,80538.18556610221,101603.70598337192
2026-08-29 15:00:00+00:00,20591.09109529686,106.06423368180486,0.034834256654117525,468.03933701091876,0,0.0,0.0,1.107813664120719,351110.01500003337,266596.61344164796,0,2278800.0,0.060031412955532215,0.0,3600.0,2443.51,7635600.0,0.04814414618924978,1.0,1.107813664120719,740849.0319590962,2471604.3751658937,0.0,0.0,0.9886796545332646,1.0,0.0,5.0037789636e-06,0.9886796545332646,21062.973966284713,0.0,80538.71489175438,101601.6888580391
2026-08-29 16:00:00+00:00,20605.802244410886,106.06423368180486,0.034834256654117525,482.7504861249476,0,0.0,0.0,1.1078180390631631,351110.01500003337,266597.9474380933,0,2275200.0,0.060031412955532215,6.071e-05,3600.0,2449.7,7632000.0,0.0481441462288652,1.0,1.1078180390631631,740849.0319590962,2471604.3751658937,0.0,0.0,0.9886849614819786,1.0,0.0,5.0037886476e-06,0.9886849614819786,21078.133149462607,0.0,80539.24421815161,101617.37736761422
2026-08-29 17:00:00+00:00,20604.739540381594,106.06423368180486,0.034834256654117525,481.68778209565534,0,0.0,0.0,1.1078224140228847,351110.01500003337,266599.2814436611,0,2271600.0,0.060031412955532215,0.0,3600.0,2449.34,7628400.0,0.04814414626851904,1.0,1.1078224140228847,740849.0319590962,2471604.3751658937,0.0,0.0,0.9886902684591785,1.0,0.0,5.0037978276e-06,0.9886902684591785,21076.253784011522,0.0,80539.77354542812,101616.02732943965
2026-08-29 18:00:00+00:00,20603.676064057247,106.06423368180486,0.034834256654117525,480.6243057713072,0,0.0,0.0,1.1078267889998834,351110.01500003337,266600.6154586268,0,2268000.0,0.060031412955532215,0.0,3600.0,2451.12,7624800.0,0.04814414630821018,1.0,1.1078267889998834,740849.0319590962,2471604.3751658937,0.0,0.0,0.9886955754648649,1.0,0.0,5.0038080407999995e-06,0.9886955754648649,21074.785177284968,0.0,80540.30287330848,101615.08805059345
2026-08-29 19:00:00+00:00,20602.612136504325,106.06423368180486,0.034834256654117525,479.5603782183871,0,0.0,0.0,1.1078311639941598,351110.01500003337,266601.94948363747,0,2264400.0,0.060031412955532215,0.0,3600.0,2452.16,7621200.0,0.04814414634793929,1.0,1.1078311639941598,740849.0319590962,2471604.3751658937,0.0,0.0,0.9887008824990375,1.0,0.0,5.0038206804e-06,0.9887008824990375,21073.173029836908,0.0,80540.83220114582,101614.00523098273
2026-08-29 20:00:00+00:00,20601.548477953052,106.06423368180486,0.034834256654117525,478.49671966711566,0,0.0,0.0,1.1078355390057137,351110.01500003337,266603.2835189973,0,2260800.0,0.060031412955532215,0.0,3600.0,2451.54,7617600.0,0.048144146387705256,1.0,1.1078355390057137,740849.0319590962,2471604.3751658937,0.0,0.0,0.9887061895616971,1.0,0.0,5.0038344612e-06,0.9887061895616971,21071.242475085142,0.0,80541.36152863601,101612.60400372115
2026-08-29 21:00:00+00:00,20600.485340050134,106.06423368180486,0.034834256654117525,477.4335817641965,0,0.0,0.0,1.1078399140345456,351110.01500003337,266604.61756425066,0,2257200.0,0.060031412955532215,0.0,3600.0,2450.34,7614000.0,0.04814414642750875,1.0,1.1078399140345456,740849.0319590962,2471604.3751658937,0.0,0.0,0.9887114966528434,1.0,0.0,5.003846532e-06,0.9887114966528434,21069.20187321484,0.0,80541.89085623465,101611.09272944949
2026-08-29 22:00:00+00:00,20599.42170753128,106.06423368180486,0.034834256654117525,476.3699492453427,0,0.0,0.0,1.1078442890806548,351110.01500003337,266605.95162095525,0,2253600.0,0.060031412955532215,0.0,3600.0,2451.48,7610400.0,0.048144146467350435,1.0,1.1078442890806548,740849.0319590962,2471604.3751658937,0.0,0.0,0.9887168037724765,1.0,0.0,5.0038644456e-06,0.9887168037724765,21067.608405033596,0.0,80542.42018238403,101610.02858741762
2026-08-29 23:00:00+00:00,20598.35589696682,106.06423368180486,0.034834256654117525,475.30413868088186,0,0.0,0.0,1.1078486644682466,351110.01500003337,266607.285689355,0,2250000.0,0.060031412955532215,0.0,3600.0,2456.5,7606800.0,0.04814136687732318,1.0,1.1078486644682466,740769.8772315289,2471675.0216669,0.0,0.0,0.9887227433853308,1.0,0.0,5.0038832735999994e-06,0.9887227433853308,21066.7518867252,0.0,80543.17157154268,101609.92345826788
2026-08-30 00:00:00+00:00,20605.542828372218,106.06423368180486,0.034834256654117525,482.49107008628204,0,0.0,0.0,1.1078530395489128,351110.01500003337,266608.61976799683,0,2246400.0,0.060031412955532215,3.166e-05,3600.0,2457.81,7603200.0,0.04814136691723725,1.0,1.1078530395489128,740769.8772315289,2471675.0216669,0.0,0.0,0.9887280502660114,1.0,0.0,5.0038966512e-06,0.9887280502660114,21073.438770660803,0.0,80543.70079185616,101617.13956251697
2026-08-30 01:00:00+00:00,20604.4774777138,106.06423368180486,0.034834256654117525,481.4257194278657,0,0.0,0.0,1.1078574146468576,351110.01500003337,266609.95385903947,0,2242800.0,0.060031412955532215,0.0,3600.0,2455.44,7599600.0,0.048141366957189735,1.0,1.1078574146468576,740769.8772315289,2471675.0216669,0.0,0.0,0.9887333571751761,1.0,0.0,5.0039181252e-06,0.9887333571751761,21071.17313034772,0.0,80544.23000976996,101615.40314011768
2026-08-30 02:00:00+00:00,20603.41288633423,106.06423368180486,0.034834256654117525,480.36112804829645,0,0.0,0.0,1.1078617897620795,351110.01500003337,266611.2879609118,0,2239200.0,0.060031412955532215,0.0,3600.0,2453.69,7596000.0,0.048141366997180635,1.0,1.1078617897620795,740769.8772315289,2471675.0216669,0.0,0.0,0.988738664112825,1.0,0.0,5.003933706e-06,0.988738664112825,21069.02734716912,0.0,80544.75922685512,101613.78657402424
2026-08-30 03:00:00+00:00,20602.34729270658,106.06423368180486,0.034834256654117525,479.29553442064906,0,0.0,0.0,1.1078661648945793,351110.01500003337,266612.622073446,0,2235600.0,0.060031412955532215,0.0,3600.0,2456.0,7592400.0,0.048141367037208393,1.0,1.1078661648945793,740769.8772315289,2471675.0216669,0.0,0.0,0.9887439710789586,1.0,0.0,5.0039486568000006e-06,0.9887439710789586,21067.650820213672,0.0,80545.28844327974,101612.93926349342
2026-08-30 04:00:00+00:00,20601.282219727287,106.06423368180486,0.034834256654117525,478.23046144135395,0,0.0,0.0,1.107870540044358,351110.01500003337,266613.9561968427,0,2232000.0,0.060031412955532215,0.0,3600.0,2454.8,7588800.0,0.04814136707727479,1.0,1.107870540044358,740769.8772315289,2471675.0216669,0.0,0.0,0.9887492780735768,1.0,0.0,5.00396436e-06,0.9887492780735768,21065.60948528951,0.0,80545.817658843,101611.42714413253
2026-08-30 05:00:00+00:00,20600.217064312004,106.06423368180486,0.034834256654117525,477.16530602606974,0,0.0,0.0,1.1078749152114145,351110.01500003337,266615.2903308525,0,2228400.0,0.060031412955532215,0.0,3600.0,2454.99,7585200.0,0.04814136711737982,1.0,1.1078749152114145,740769.8772315289,2471675.0216669,0.0,0.0,0.9887545850966797,1.0,0.0,5.003979127200001e-06,0.9887545850966797,21063.831295607066,0.0,80546.34687379445,101610.17816940151
2026-08-30 06:00:00+00:00,20599.149691802486,106.06423368180486,0.034834256654117525,476.09793351655213,0,0.0,0.0,1.1078792903957495,351110.01500003337,266616.6244776639,0,2224800.0,0.060031412955532215,0.0,3600.0,2460.1,7581600.0,0.04814136715752193,1.0,1.1078792903957495,740769.8772315289,2471675.0216669,0.0,0.0,0.9887598921482678,1.0,0.0,5.0040021024e-06,0.9887598921482678,21062.97839259274,0.0,80546.87608594575,101609.8544785385
2026-08-30 07:00:00+00:00,20598.084883486103,106.06423368180486,0.034834256654117525,475.0331252001694,0,0.0,0.0,1.1078836655973627,351110.01500003337,266617.9586349964,0,2221200.0,0.060031412955532215,0.0,3600.0,2454.19,7578000.0,0.04814136719770201,1.0,1.1078836655973627,740769.8772315289,2471675.0216669,0.0,0.0,0.9887651992283409,1.0,0.0,5.004016524e-06,0.9887651992283409,21060.05058055615,0.0,80547.40529757738,101607.45587813354
2026-08-30 08:00:00+00:00,20604.357041465315,106.06423368180486,0.034834256654117525,481.30528317938223,0,0.0,0.0,1.1078880408162541,351110.01500003337,266619.2928034433,0,2217600.0,0.05770196541454864,2.817e-05,3600.0,2455.86,7574400.0,0.04814136723792095,1.0,1.1078880408162541,740769.8772315289,2471675.0216669,0.0,0.0,0.9887705063368992,1.0,0.0,5.004033170400001e-06,0.9887705063368992,21023.219871354257,0.0,80547.93450809596,101571.15437945022
2026-08-30 09:00:00+00:00,20603.292918669264,106.06423368180486,0.034834256654117525,480.24116038333005,0,0.0,0.0,1.1078924160524242,351110.01500003337,266620.6269824039,0,2214000.0,0.05801931567064106,0.0,3600.0,2452.61,7570800.0,0.048141367278178526,1.0,1.1078924160524242,740769.8772315289,2471675.0216669,0.0,0.0,0.9887758134739429,1.0,0.0,5.0040475632e-06,0.9887758134739429,21026.718086665456,0.0,80548.46371810237,101575.18180476782
2026-08-30 10:00:00+00:00,20602.226175276504,106.06423368180486,0.034834256654117525,479.17441699057144,0,0.0,0.0,1.1078967913058728,351110.01500003337,266621.96117194643,0,2210400.0,0.05801931567064106,0.0,3600.0,2458.65,7567200.0,0.04814136731847407,1.0,1.1078967913058728,740769.8772315289,2471675.0216669,0.0,0.0,0.9887811206394722,1.0,0.0,5.0040622115999995e-06,0.9887811206394722,21026.003913315464,0.0,80548.99292752845,101574.99684084392
2026-08-30 11:00:00+00:00,20601.159232301878,106.06423368180486,0.034834256654117525,478.10747401594443,0,0.0,0.0,1.1079011665766,351110.01500003337,266623.29537367576,0,2206800.0,0.05801931567064106,0.0,3600.0,2459.11,7563600.0,0.04814136735880781,1.0,1.1079011665766,740769.8772315289,2471675.0216669,0.0,0.0,0.9887864278334874,1.0,0.0,5.0040828792e-06,0.9887864278334874,21024.325935956513,0.0,80549.52213476942,101573.84807072593
2026-08-30 12:00:00+00:00,20600.088436529444,106.06423368180486,0.034834256654117525,477.0366782435106,0,0.0,0.0,1.1079055418646058,351110.01500003337,266624.6295885922,0,2203200.0,0.05992541776394227,0.0,3600.0,2467.99,7560000.0,0.0481413673991804,1.0,1.1079055418646058,740769.8772315289,2471675.0216669,0.0,0.0,0.9887917350559883,1.0,0.0,5.004107298e-06,0.9887917350559883,21058.948677854594,0.0,80550.05133882485,101609.00001667945
2026-08-30 13:00:00+00:00,20599.014963756734,106.06423368180486,0.034834256654117525,475.96320547079887,0,0.0,0.0,1.1079099171698905,351110.01500003337,266625.97183305054,0,2199600.0,0.05992541776394227,0.0,3600.0,2474.16,7556400.0,0.04814136743959052,1.0,1.1079099171698905,740769.8772315289,2471675.0216669,0.0,0.0,0.9887970423069754,1.0,0.0,5.0341976352e-06,0.9887970423069754,21058.270714260474,0.0,80550.57252334023,101608.84323760071
2026-08-30 14:00:00+00:00,20597.94079678622,106.06423368180486,0.034834256654117525,474.88903850028413,0,0.0,0.0,1.1079142958579429,351110.01500003337,266627.3060980154,0,2196000.0,0.05992541776394227,0.0,3600.0,2475.76,7552800.0,0.048112514993749134,1.0,1.1079142958579429,739948.683690123,2472407.967187656,0.0,0.0,0.9888088685966113,1.0,0.0,5.0042447748e-06,0.9888088685966113,21056.741408543687,0.0,80553.39058710681,101610.1319956505
2026-08-30 15:00:00+00:00,20596.864829240156,106.06423368180486,0.034834256654117525,473.8130709542178,0,0.0,0.0,1.1079186711977984,351110.01500003337,266628.6403733988,0,2192400.0,0.05992541776394227,0.0,3600.0,2479.91,7549200.0,0.048112515034211434,1.0,1.1079186711977984,739948.683690123,2472407.967187656,0.0,0.0,0.9888141728322898,1.0,0.0,5.0042588076e-06,0.9888141728322898,21055.68111396174,0.0,80553.91868199204,101609.59979595378
2026-08-30 16:00:00+00:00,20606.80538346703,106.06423368180486,0.034834256654117525,483.7536251810926,0,0.0,0.0,1.1079230465549328,351110.01500003337,266629.97466066846,0,2188800.0,0.05992541776394227,4.116e-05,3600.0,2528.29,7545600.0,0.048112515074713036,1.0,1.1079230465549328,739948.683690123,2472407.967187656,0.0,0.0,0.9888194770964215,1.0,0.0,5.0042783448000005e-06,0.9888194770964215,21073.804520019487,0.0,80554.44677498122,101628.25129500071
2026-08-30 17:00:00+00:00,20605.718694903644,106.06423368180486,0.034834256654117525,482.66693661770574,0,0.0,0.0,1.1079274219293465,351110.01500003337,266631.308963401,0,2185200.0,0.05992541776394227,0.0,3600.0,2504.62,7542000.0,0.048112515115253496,1.0,1.1079274219293465,739948.683690123,2472407.967187656,0.0,0.0,0.9888247813890066,1.0,0.0,5.0043112956000005e-06,0.9888247813890066,21067.584858239436,0.0,80554.97486249782,101622.55972073726
2026-08-30 18:00:00+00:00,20604.62973284245,106.06423368180486,0.034834256654117525,481.577974556514,0,0.0,0.0,1.107931796999052,351110.01500003337,266632.6432780585,0,2181600.0,0.05992541776394227,0.0,3600.0,2509.86,7538400.0,0.04811527548687633,1.0,1.107931796999052,740027.2194730456,2472337.8772822865,0.0,0.0,0.9888294631993793,1.0,0.0,5.004330976800001e-06,0.9888294631993793,21066.699690281526,0.0,80555.28437835048,101621.98406863201
2026-08-30 19:00:00+00:00,20603.543851284012,106.06423368180486,0.034834256654117525,480.49209299807313,0,0.0,0.0,1.1079361724080228,351110.01500003337,266633.97760394035,0,2178000.0,0.05992541776394227,0.0,3600.0,2502.76,7534800.0,0.048115275527496504,1.0,1.1079361724080228,740027.2194730456,2472337.8772822865,0.0,0.0,0.9888347678428167,1.0,0.0,5.00434803e-06,0.9888347678428167,21063.546350628927,0.0,80555.81256590551,101619.35891653443
2026-08-30 20:00:00+00:00,20602.463683841237,106.06423368180486,0.034834256654117525,479.41192555529847,0,0.0,0.0,1.1079405478342723,351110.01500003337,266635.31194053503,0,2174400.0,0.05992541776394227,0.0,3600.0,2489.59,7531200.0,0.0481152755681562,1.0,1.1079405478342723,740027.2194730456,2472337.8772822865,0.0,0.0,0.988840072514711,1.0,0.0,5.0043631644e-06,0.988840072514711,21059.289228701422,0.0,80556.34075273923,101615.62998144065
2026-08-30 21:00:00+00:00,20601.387399567422,106.06423368180486,0.034834256654117525,478.33564128148447,0,0.0,0.0,1.1079449232778016,351110.01500003337,266636.64628791076,0,2170800.0,0.05992541776394227,0.0,3600.0,2480.64,7527600.0,0.04811527560885409,1.0,1.1079449232778016,740027.2194730456,2472337.8772822865,0.0,0.0,0.9888453772150627,1.0,0.0,5.0043785544e-06,0.9888453772150627,21055.81705586152,0.0,80556.86893878359,101612.68599464511
2026-08-30 22:00:00+00:00,20600.315944307076,106.06423368180486,0.034834256654117525,477.2641860211378,0,0.0,0.0,1.10794929873861,351110.01500003337,266637.9806474547,0,2167200.0,0.05992541776394227,0.0,3600.0,2469.51,7524000.0,0.04811527564959106,1.0,1.10794929873861,740027.2194730456,2472337.8772822865,0.0,0.0,0.9888506819438718,1.0,0.0,5.0043991464e-06,0.9888506819438718,21051.956457041295,0.0,80557.3971226514,101609.35357969269
2026-08-30 23:00:00+00:00,20599.267900867635,106.06423368180486,0.034834256654117525,476.2161425816982,0,0.0,0.0,1.1079536742166975,351110.01500003337,266639.31501864566,0,2163600.0,0.05992541776394227,0.0,3600.0,2415.55,7520400.0,0.04811527569036689,1.0,1.1079536742166975,740027.2194730456,2472337.8772822865,0.0,0.0,0.9888559867011385,1.0,0.0,5.0044177836e-06,0.9888559867011385,21040.3060073025,0.0,80557.9253048639,101598.23131216639
2026-08-31 00:00:00+00:00,20604.300538904292,106.06423368180486,0.034834256654117525,481.248780618356,0,0.0,0.0,1.107958049712065,351110.01500003337,266640.6574132539,0,2160000.0,0.054111974923259136,2.364e-05,3600.0,2427.14,7516800.0,0.04811527573118224,1.0,1.107958049712065,740027.2194730456,2472337.8772822865,0.0,0.0,0.988861291486863,1.0,0.0,5.0344834896e-06,0.988861291486863,20944.212587859987,0.0,80558.44547365094,101502.65806151093
2026-08-31 01:00:00+00:00,20603.25396195771,106.06423368180486,0.034834256654117525,480.20220367177535,0,0.0,0.0,1.107962424877945,351110.01500003337,266641.9998400072,0,2156400.0,0.054111974923259136,0.0,3600.0,2412.17,7513200.0,0.04811824846274848,1.0,1.107962424877945,740027.2194730456,2471979.8577991803,0.0,0.0,0.9888659281172136,1.0,0.0,5.0345786988e-06,0.9888659281172136,20940.506491430362,0.0,80558.73101424956,101499.23750567992
2026-08-31 02:00:00+00:00,20602.20963247652,106.06423368180486,0.034834256654117525,479.157874190582,0,0.0,0.0,1.10796680040787,351110.01500003337,266643.33428312733,0,2152800.0,0.054111974923259136,0.0,3600.0,2406.99,7509600.0,0.048118248503644656,1.0,1.10796680040787,740027.2194730456,2471979.8577991803,0.0,0.0,0.9888712332764352,1.0,0.0,5.004612108000001e-06,0.9888712332764352,20938.17611416834,0.0,80559.25926566334,101497.43537983167
2026-08-31 03:00:00+00:00,20601.15967999312,106.06423368180486,0.034834256654117525,478.1079217071841,0,0.0,0.0,1.107971175955075,351110.01500003337,266644.6687377072,0,2149200.0,0.054111974923259136,0.0,3600.0,2419.95,7506000.0,0.04811824854457991,1.0,1.107971175955075,740027.2194730456,2471979.8577991803,0.0,0.0,0.9888765384641185,1.0,0.0,5.004630039599999e-06,0.9888765384641185,20938.3702702582,0.0,80559.78751561051,101498.15778586871
2026-08-31 04:00:00+00:00,20600.111285116043,106.06423368180486,0.034834256654117525,477.0595268301068,0,0.0,0.0,1.1079755515195595,351110.01500003337,266646.10727120336,0,2145600.0,0.054111974923259136,0.0,3600.0,2416.36,7502400.0,0.04811824858555469,1.0,1.1079755515195595,740027.2194730456,2471979.8577991803,0.0,0.0,0.9888818436802634,1.0,0.0,5.3949310992e-06,0.9888818436802634,20936.257618972828,0.0,80560.2116966346,101496.46931560742
2026-08-31 05:00:00+00:00,20599.054841883186,106.06423368180486,0.034834256654117525,476.00308359725057,0,0.0,0.0,1.1079799265083907,351110.01500003337,266647.43625812605,0,2142000.0,0.05886604860304566,0.0,3600.0,2434.91,7498800.0,0.04812333153697956,1.0,1.1079799265083907,740027.2194730456,2471367.826354178,0.0,0.0,0.9888860085890517,1.0,0.0,4.9840728012e-06,0.9888860085890517,21020.606582515902,0.0,80560.34505089902,101580.95163341492
2026-08-31 06:00:00+00:00,20597.997253223955,106.06423368180486,0.034834256654117525,474.94549493801935,0,0.0,0.0,1.107984302107433,351110.01500003337,266648.77061951987,0,2138400.0,0.054533693508445925,0.0,3600.0,2437.55,7495200.0,0.04812333157803783,1.0,1.107984302107433,740027.2194730456,2471367.826354178,0.0,0.0,0.9888913144034532,1.0,0.0,5.004203579999999e-06,0.9888913144034532,20943.3466020221,0.0,80560.87361407932,101504.22021610141
2026-08-31 07:00:00+00:00,20596.93902677049,106.06423368180486,0.034834256654117525,473.8872684845566,0,0.0,0.0,1.1079886777237549,351110.01500003337,266650.1051698272,0,2134800.0,0.0595015429742276,0.0,3600.0,2439.02,7491600.0,0.048123331619134735,1.0,1.1079886777237549,740027.2194730456,2471367.826354178,0.0,0.0,0.988896620246323,1.0,0.0,5.0048870076e-06,0.988896620246323,21028.9117080075,0.0,80561.40199834161,101590.31370634912
2026-08-31 08:00:00+00:00,20605.011704501358,106.06423368180486,0.034834256654117525,481.959946215423,0,0.0,0.0,1.1079930533573568,351110.01500003337,266651.4397307409,0,2131200.0,0.0595015429742276,3.522e-05,3600.0,2445.0,7488000.0,0.048123331660271385,1.0,1.1079930533573568,740027.2194730456,2471367.826354178,0.0,0.0,0.9889019261176609,1.0,0.0,5.0049017352e-06,0.9889019261176609,21037.31325915204,0.0,80561.93038199289,101599.24364114493
2026-08-31 09:00:00+00:00,20603.950679563,106.06423368180486,0.034834256654117525,480.8989212770668,0,0.0,0.0,1.107997414413489,351110.01500003337,266652.774301522,0,2127600.0,0.0595015429742276,0.0,3600.0,2445.47,7484400.0,0.048123410723336146,1.0,1.107997414413489,740027.2194730456,2471367.826354178,0.0,0.0,0.9889072143228598,1.0,0.0,5.004913690799999e-06,0.9889072143228598,21035.604955640283,0.0,80562.45255301852,101598.0575086588
2026-08-31 10:00:00+00:00,20602.885793149366,106.06423368180486,0.034834256654117525,479.83403486343127,0,0.0,0.0,1.1080018046764013,351110.01500003337,266654.10888238554,0,2124000.0,0.0595015429742276,0.0,3600.0,2454.37,7480800.0,0.048123331742664144,1.0,1.1080018046764013,740027.2194730456,2471367.826354178,0.0,0.0,0.988912537945742,1.0,0.0,5.0049264528e-06,0.988912537945742,21035.377986501713,0.0,80562.98714946501,101598.36513596673
2026-08-31 11:00:00+00:00,20601.824928744252,106.06423368180486,0.034834256654117525,478.77317045831705,0,0.0,0.0,1.1080061803618437,351110.01500003337,266655.4434699286,0,2120400.0,0.0595015429742276,0.0,3600.0,2445.1,7477200.0,0.04812333178391981,1.0,1.1080061803618437,740027.2194730456,2471367.826354178,0.0,0.0,0.9889178439024854,1.0,0.0,5.0049264528e-06,0.9889178439024854,21031.95335750247,0.0,80563.51553647371,101595.46889397618
2026-08-31 12:00:00+00:00,20600.761673695455,106.06423368180486,0.034834256654117525,477.70991540951866,0,0.0,0.0,1.1080105355440102,351110.01500003337,266656.77806814364,0,2116800.0,0.0595015429742276,0.0,3600.0,2450.61,7473600.0,0.04829925434620508,1.0,1.1080105355440102,745043.8420510293,2466890.7690666337,0.0,0.0,0.9888838175502627,1.0,0.0,5.0049414252000005e-06,0.9888838175502627,21031.12747645854,0.0,80550.23394521937,101581.36142167791
2026-08-31 13:00:00+00:00,20599.70322596644,106.06423368180486,0.034834256654117525,476.6514676805062,0,0.0,0.0,1.108014911263932,351110.01500003337,266658.11267564463,0,2113200.0,0.0595015429742276,0.0,3600.0,2439.53,7470000.0,0.048299254387695,1.0,1.108014911263932,745043.8420510293,2466890.7690666337,0.0,0.0,0.9888891422988131,1.0,0.0,5.0049511992e-06,0.9888891422988131,21027.39460040626,0.0,80550.76891026174,101578.163510668
2026-08-31 14:00:00+00:00,20598.632955181096,106.06423368180486,0.034834256654117525,475.58119689516093,0,0.0,0.0,1.1080192624251481,351110.01500003337,266659.44732524065,0,2109600.0,0.0595015429742276,0.0,3600.0,2466.78,7466400.0,0.04850998130624595,1.0,1.1080192624251481,751084.7293535586,2461499.794133649,0.0,0.0,0.9888474088808684,1.0,0.0,5.0050840104e-06,0.9888474088808684,21030.364977083897,0.0,80534.78123966517,101565.14621674907
2026-08-31 15:00:00+00:00,20597.562849267728,106.06423368180486,0.034834256654117525,474.51109098179387,0,0.0,0.0,1.1080236381795345,351110.01500003337,266660.7819815215,0,2106000.0,0.0595015429742276,0.0,3600.0,2466.4,7462800.0,0.04850998134800144,1.0,1.1080236381795345,751084.7293535586,2461499.794133649,0.0,0.0,0.9888527561224986,1.0,0.0,5.005084028399999e-06,0.9888527561224986,21028.491733586532,0.0,80535.3240534733,101563.81578705984
2026-08-31 16:00:00+00:00,20616.65330719909,106.06423368180486,0.034834256654117525,493.6015489131538,0,0.0,0.0,1.1080280139512009,351110.01500003337,266662.1055161433,0,2102400.0,0.0595015429742276,7.702e-05,3600.0,2468.0,7459200.0,0.04850998138979756,1.0,1.1080280139512009,751084.7293535586,2461499.794133649,0.0,0.0,0.9888581033930441,1.0,0.0,4.9633520436000004e-06,0.9888581033930441,21047.1246347406,0.0,80535.87799909298,101583.00263383357
2026-08-31 17:00:00+00:00,20615.57983008764,106.06423368180486,0.034834256654117525,492.52807180170583,0,0.0,0.0,1.1080323897401483,351110.01500003337,266663.44017810444,0,2098800.0,0.0595015429742276,0.0,3600.0,2474.17,7455600.0,0.04850998143163343,1.0,1.1080323897401483,751084.7293535586,2461499.794133649,0.0,0.0,0.9888634506925055,1.0,0.0,5.0050554372e-06,0.9888634506925055,21046.388384739344,0.0,80536.4208275259,101582.80921226525
2026-08-31 18:00:00+00:00,20614.505311679488,106.06423368180486,0.034834256654117525,491.4535533935533,0,0.0,0.0,1.108036765546376,351110.01500003337,266664.7748494077,0,2095200.0,0.0595015429742276,0.0,3600.0,2476.57,7452000.0,0.04850998147351038,1.0,1.108036765546376,751084.7293535586,2461499.794133649,0.0,0.0,0.9888687980208825,1.0,0.0,5.00506542e-06,0.9888687980208825,21044.992092215554,0.0,80536.96365676931,101581.95574898487
2026-08-31 19:00:00+00:00,20613.428971002104,106.06423368180486,0.034834256654117525,490.37721271616783,0,0.0,0.0,1.108041141369885,351110.01500003337,266666.10953327396,0,2091600.0,0.0595015429742276,0.0,3600.0,2480.77,7448400.0,0.048509981515427514,1.0,1.108041141369885,751084.7293535586,2461499.794133649,0.0,0.0,0.9888741453781754,1.0,0.0,5.0050874808e-06,0.9888741453781754,21043.904889044705,0.0,80537.5064836024,101581.4113726471
2026-08-31 20:00:00+00:00,20612.35652217115,106.06423368180486,0.034834256654117525,489.30476388521555,0,0.0,0.0,1.1080455172106747,351110.01500003337,266667.44424134627,0,2088000.0,0.0595015429742276,0.0,3600.0,2471.8,7444800.0,0.048509981557385284,1.0,1.1080455172106747,751084.7293535586,2461499.794133649,0.0,0.0,0.9888794927643845,1.0,0.0,5.0051532024e-06,0.9888794927643845,21040.53767649577,0.0,80538.04929638217,101578.58697287794
2026-08-31 21:00:00+00:00,20611.28166534157,106.06423368180486,0.034834256654117525,488.22990705563404,0,0.0,0.0,1.1080498930687455,351110.01500003337,266668.7789704166,0,2084400.0,0.0595015429742276,0.0,3600.0,2477.35,7441200.0,0.04850998159938391,1.0,1.1080498930687455,751084.7293535586,2461499.794133649,0.0,0.0,0.9888848401795097,1.0,0.0,5.0052068928e-06,0.9888848401795097,21039.68432553034,0.0,80538.5920983167,101578.27642384704
2026-08-31 22:00:00+00:00,20610.210765439464,106.06423368180486,0.034834256654117525,487.1590071535298,0,0.0,0.0,1.1080542919722713,351110.01500003337,266670.1137239066,0,2080800.0,0.0595015429742276,0.0,3600.0,2468.23,7437600.0,0.0483125314718682,1.0,1.1080542919722713,745423.8279263261,2466552.351632812,0.0,0.0,0.9889341124203216,1.0,0.0,5.0052734136e-06,0.9889341124203216,21036.299147053967,0.0,80554.55732203723,101590.8564690912
2026-08-31 23:00:00+00:00,20609.140603122527,106.06423368180486,0.034834256654117525,486.08884483659125,0,0.0,0.0,1.108058667864995,351110.01500003337,266671.44849600946,0,2077200.0,0.0595015429742276,0.0,3600.0,2466.53,7434000.0,0.04831253151377268,1.0,1.108058667864995,745423.8279263261,2466552.351632812,0.0,0.0,0.9889394388694634,1.0,0.0,5.005318158e-06,0.9889394388694634,21034.198845828894,0.0,80555.09271957242,101589.29156540132
2026-09-01 00:00:00+00:00,20623.047856877794,106.06423368180486,0.034834256654117525,499.9960985918575,0,0.0,0.0,1.1080630437749996,351110.01500003337,266672.7832864739,0,2073600.0,0.0595015429742276,5.716e-05,3600.0,2470.75,7430400.0,0.0483125315557178,1.0,1.1080630437749996,745423.8279263261,2466552.351632812,0.0,0.0,0.9889447653472938,1.0,0.0,5.0053619592e-06,0.9889447653472938,21048.095404343825,0.0,80555.6281088189,101603.72351316272
2026-09-01 01:00:00+00:00,20621.97975979932,106.06423368180486,0.034834256654117525,498.928001513383,0,0.0,0.0,1.108067419702286,351110.01500003337,266674.1180968141,0,2070000.0,0.0595015429742276,0.0,3600.0,2461.77,7426800.0,0.04831253159770399,1.0,1.108067419702286,745423.8279263261,2466552.351632812,0.0,0.0,0.9889500918538129,1.0,0.0,5.0054114376e-06,0.9889500918538129,21044.747214036208,0.0,80556.16348826251,101600.91070229872
2026-09-01 02:00:00+00:00,20620.910768941176,106.06423368180486,0.034834256654117525,497.85901065523706,0,0.0,0.0,1.1080717967282265,351110.01500003337,266675.4529261355,0,2066400.0,0.0595015429742276,0.0,3600.0,2463.83,7423200.0,0.04807979567293619,1.0,1.1080717967282265,738790.5723821224,2472473.116465478,0.0,0.0,0.9890071068448488,1.0,0.0,5.0054575608e-06,0.9890071068448488,21043.29613041573,0.0,80574.84719329898,101618.1433237147
2026-09-01 03:00:00+00:00,20619.83849799841,106.06423368180486,0.034834256654117525,496.78673971247184,0,0.0,0.0,1.1080761726900794,351110.01500003337,266676.7882946111,0,2062800.0,0.0595015429742276,0.0,3600.0,2471.39,7419600.0,0.04807979571479715,1.0,1.1080761726900794,738790.5723821224,2472473.116465478,0.0,0.0,0.9890124086192499,1.0,0.0,5.0074542576e-06,0.9890124086192499,21042.781783061622,0.0,80575.37333091284,101618.15511397447
2026-09-01 04:00:00+00:00,20618.76729004603,106.06423368180486,0.034834256654117525,495.7155317600925,0,0.0,0.0,1.1080805486692136,351110.01500003337,266678.1231531311,0,2059200.0,0.0595015429742276,0.0,3600.0,2468.94,7416000.0,0.04807979575669874,1.0,1.1080805486692136,738790.5723821224,2472473.116465478,0.0,0.0,0.9890177104220723,1.0,0.0,5.005516932e-06,0.9890177104220723,21040.55390323487,0.0,80575.89998846134,101616.45389169622
2026-09-01 05:00:00+00:00,20617.68976055491,106.06423368180486,0.034834256654117525,494.63800226896933,0,0.0,0.0,1.108084904032195,351110.01500003337,266679.4580492674,0,2055600.0,0.0595015429742276,0.0,3600.0,2483.51,7412400.0,0.048253668815128714,1.0,1.108084904032195,743742.2364804047,2468053.8800952854,0.0,0.0,0.988984450924717,1.0,0.0,5.0056329312e-06,0.988984450924717,21041.223729913632,0.0,80562.88734970975,101604.11107962338
2026-09-01 06:00:00+00:00,20616.617793323683,106.06423368180486,0.034834256654117525,493.56603503774295,0,0.0,0.0,1.1080892800458109,351110.01500003337,266680.7929576108,0,2052000.0,0.0595015429742276,0.0,3600.0,2470.69,7408800.0,0.048253668857266785,1.0,1.1080892800458109,743742.2364804047,2468053.8800952854,0.0,0.0,0.988989771305552,1.0,0.0,5.005653649200001e-06,0.988989771305552,21037.227547782688,0.0,80563.42048036115,101600.64802814384
2026-09-01 07:00:00+00:00,20615.545500687236,106.06423368180486,0.034834256654117525,492.49374240129634,0,0.0,0.0,1.108093656076708,351110.01500003337,266682.1278809254,0,2048400.0,0.0595015429742276,0.0,3600.0,2471.44,7405200.0,0.048253668899445934,1.0,1.108093656076708,743742.2364804047,2468053.8800952854,0.0,0.0,0.9889950917150087,1.0,0.0,5.005684731599999e-06,0.9889950917150087,21035.544799141426,0.0,80563.95360609062,101599.49840523205
2026-09-01 08:00:00+00:00,20636.724503170302,106.06423368180486,0.034834256654117525,513.6727448843635,0,0.0,0.0,1.108098032124887,351110.01500003337,266683.4628181294,0,2044800.0,0.0595015429742276,8.569e-05,3600.0,2447.09,7401600.0,0.04825366894166638,1.0,1.108098032124887,743742.2364804047,2468053.8800952854,0.0,0.0,0.9890004121530872,1.0,0.0,5.005711756800001e-06,0.9890004121530872,21051.8548718614,0.0,80564.48672798026,101616.34159984166
2026-09-01 09:00:00+00:00,20635.661035523426,106.06423368180486,0.034834256654117525,512.609277237488,0,0.0,0.0,1.1081024081903477,351110.01500003337,266684.7977681976,0,2041200.0,0.0595015429742276,0.0,3600.0,2451.1,7398000.0,0.04825366898392747,1.0,1.1081024081903477,743742.2364804047,2468053.8800952854,0.0,0.0,0.989005732619788,1.0,0.0,5.005734937200001e-06,0.989005732619788,21050.739609504133,0.0,80565.01984705514,101615.75945655927
2026-09-01 10:00:00+00:00,20634.595537347977,106.06423368180486,0.034834256654117525,511.54377906203854,0,0.0,0.0,1.1081067842730903,351110.01500003337,266686.8312425173,0,2037600.0,0.0595015429742276,0.0,3600.0,2455.78,7394400.0,0.04825366902623052,1.0,1.1081067842730903,743742.2364804047,2468053.8800952854,0.0,0.0,0.9890110531151106,1.0,0.0,7.6249811916e-06,0.9890110531151106,21049.733181550233,0.0,80564.854451928,101614.58763347822
2026-09-01 11:00:00+00:00,20633.529132376647,106.06423368180486,0.034834256654117525,510.4773740907089,0,0.0,0.0,1.1081111603731149,351110.01500003337,266688.92763910984,0,2034000.0,0.0595015429742276,0.0,3600.0,2457.87,7390800.0,0.04825366906857442,1.0,1.1081111603731149,743742.2364804047,2468053.8800952854,0.0,0.0,0.9890163736390558,1.0,0.0,7.8608619072e-06,0.9890163736390558,21048.285997948307,0.0,80564.62614457763,101612.91214252594
2026-09-01 12:00:00+00:00,20632.468215906698,106.06423368180486,0.034834256654117525,509.41645762075945,0,0.0,0.0,1.1081155364904207,351110.01500003337,266690.71352488874,0,2030400.0,0.0595015429742276,0.0,3600.0,2445.22,7387200.0,0.04825366911095896,1.0,1.1081155364904207,743742.2364804047,2468053.8800952854,0.0,0.0,0.9890216941916236,1.0,0.0,6.6964902336e-06,0.9890216941916236,21044.36013391995,0.0,80564.7083580906,101609.06849201056
2026-09-01 13:00:00+00:00,20631.408266974937,106.06423368180486,0.034834256654117525,508.35650868899796,0,0.0,0.0,1.108119902934672,351110.01500003337,266692.4988786804,0,2026800.0,0.0595015429742276,0.0,3600.0,2442.99,7383600.0,0.048335334683935915,1.0,1.108119902934672,746075.9910422139,2465971.0736814467,0.0,0.0,0.9890089754085657,1.0,0.0,6.6944506320000005e-06,0.9890089754085657,21042.194907611363,0.0,80558.45731218875,101600.65221980012
2026-09-01 14:00:00+00:00,20630.346040206634,106.06423368180486,0.034834256654117525,507.2942819206953,0,0.0,0.0,1.1081242790865042,351110.01500003337,266694.0592647284,0,2023200.0,0.054006571631079595,0.0,3600.0,2448.24,7380000.0,0.04833533472647766,1.0,1.1081242790865042,746075.9910422139,2465971.0736814467,0.0,0.0,0.9890143047166845,1.0,0.0,5.850863783999999e-06,0.9890143047166845,20949.7422164129,0.0,80558.76809959428,101508.51031600717
2026-09-01 15:00:00+00:00,20629.283960955363,106.06423368180486,0.034834256654117525,506.23220266942576,0,0.0,0.0,1.1081286552556184,351110.01500003337,266695.414638541,0,2019600.0,0.054006571631079595,0.0,3600.0,2447.9,7376400.0,0.048335334769060045,1.0,1.1081286552556184,746075.9910422139,2465971.0736814467,0.0,0.0,0.9890196340535207,1.0,0.0,5.0821168356e-06,0.9890196340535207,20948.067539257696,0.0,80559.28390931815,101507.35144857585
2026-09-01 16:00:00+00:00,20631.065976167676,106.06423368180486,0.034834256654117525,508.0142178817375,0,0.0,0.0,1.108133031442015,351110.01500003337,266696.77141786716,0,2016000.0,0.06130418234101215,1.1e-05,3600.0,2431.68,7372800.0,0.04833533481168484,1.0,1.108133031442015,746075.9910422139,2465971.0736814467,0.0,0.0,0.989024963419074,1.0,0.0,5.0873610888e-06,0.989024963419074,21067.49339160675,0.0,80559.79832361138,101627.29171521813
2026-09-01 17:00:00+00:00,20630.01717344939,106.06423368180486,0.034834256654117525,506.96541516345087,0,0.0,0.0,1.108137407645694,351110.01500003337,266698.1774153738,0,2012400.0,0.06130418234101215,0.0,3600.0,2417.3,7369200.0,0.04833533485435093,1.0,1.108137407645694,746075.9910422139,2465971.0736814467,0.0,0.0,0.9890302928133449,1.0,0.0,5.2718815944000005e-06,0.9890302928133449,21063.08900265473,0.0,80560.2635298071,101623.35253246182
2026-09-01 18:00:00+00:00,20628.97075703605,106.06423368180486,0.034834256654117525,505.91899875011217,0,0.0,0.0,1.1081417838666552,351110.01500003337,266699.6123148349,0,2008800.0,0.06130418234101215,0.0,3600.0,2411.8,7365600.0,0.04833533489705877,1.0,1.1081417838666552,746075.9910422139,2465971.0736814467,0.0,0.0,0.9890356222363333,1.0,0.0,5.380222748399999e-06,0.9890356222363333,21060.28426943887,0.0,80560.69984413142,101620.98411357029
2026-09-01 19:00:00+00:00,20627.921654944963,106.06423368180486,0.034834256654117525,504.86989665902297,0,0.0,0.0,1.1081461601048987,351110.01500003337,266701.0473179459,0,2005200.0,0.06130418234101215,0.0,3600.0,2417.99,7362000.0,0.04833533493980924,1.0,1.1081461601048987,746075.9910422139,2465971.0736814467,0.0,0.0,0.9890409516880394,1.0,0.0,5.3805824388e-06,0.9890409516880394,21059.56720696591,0.0,80561.13606488885,101620.70327185476
2026-09-01 20:00:00+00:00,20626.87158097695,106.06423368180486,0.034834256654117525,503.81982269100956,0,0.0,0.0,1.1081505363604252,351110.01500003337,266702.47995925293,0,2001600.0,0.06130418234101215,0.0,3600.0,2420.23,7358400.0,0.04833533498260012,1.0,1.1081505363604252,746075.9910422139,2465971.0736814467,0.0,0.0,0.9890462811684637,1.0,0.0,5.371697912399999e-06,0.9890462811684637,21058.141339773534,0.0,80561.57465753361,101619.71599730714
2026-09-01 21:00:00+00:00,20625.824092895753,106.06423368180486,0.034834256654117525,502.7723346098124,0,0.0,0.0,1.1081549107711182,351110.01500003337,266703.9177912621,0,1998000.0,0.06130418234101215,0.0,3600.0,2414.27,7354800.0,0.04835102827787252,1.0,1.1081549107711182,746525.0326036504,2465570.313948816,0.0,0.0,0.9890481577144624,1.0,0.0,5.391131471999999e-06,0.9890481577144624,21055.25806229067,0.0,80560.79569961817,101616.05376190884
2026-09-01 22:00:00+00:00,20624.777654788733,106.06423368180486,0.034834256654117525,501.7258965027923,0,0.0,0.0,1.1081592870612023,351110.01500003337,266705.35555022804,0,1994400.0,0.06130418234101215,0.0,3600.0,2411.85,7351200.0,0.04835102832076177,1.0,1.1081592870612023,746525.0326036504,2465570.313948816,0.0,0.0,0.9890534889238631,1.0,0.0,5.390828535600001e-06,0.9890534889238631,21053.00819169224,0.0,80561.22978166491,101614.23797335714
2026-09-01 23:00:00+00:00,20623.728782650665,106.06423368180486,0.034834256654117525,500.67702436472536,0,0.0,0.0,1.1081636633685688,351110.01500003337,266706.7906452381,0,1990800.0,0.06130418234101215,0.0,3600.0,2417.46,7347600.0,0.04835102836369343,1.0,1.1081636633685688,746525.0326036504,2465570.313948816,0.0,0.0,0.9890588201620004,1.0,0.0,5.3808111432e-06,0.9890588201620004,21052.180613064516,0.0,80561.66653775715,101613.84715082166
2026-09-02 00:00:00+00:00,20622.919093032087,106.06423368180486,0.034834256654117525,499.86733474614834,0,0.0,0.0,1.108168039693218,351110.01500003337,266708.2258430932,0,1987200.0,0.06130418234101215,9.2e-07,3600.0,2407.68,7344000.0,0.048351028406667496,1.0,1.108168039693218,746525.0326036504,2465570.313948816,0.0,0.0,0.9890641514288743,1.0,0.0,5.3811677988e-06,0.9890641514288743,21048.86594936598,0.0,80562.10320109414,101610.96915046012
2026-09-02 01:00:00+00:00,20621.878659736063,106.06423368180486,0.034834256654117525,498.82690145012447,0,0.0,0.0,1.1081724585065424,351110.01500003337,266709.66114380443,0,1983600.0,0.05696185161150097,0.0,3600.0,2398.01,7340400.0,0.047993158621633114,1.0,1.1081724585065424,736333.4099534292,2474667.7040434615,0.0,0.0,0.9891480876344493,1.0,0.0,5.3815244904e-06,0.9891480876344493,20975.877349147206,0.0,80590.13874278136,101566.01609192857
2026-09-02 02:00:00+00:00,20620.833475523825,106.06423368180486,0.034834256654117525,497.78171723788614,0,0.0,0.0,1.1081768348659256,351110.01500003337,266711.096547382,0,1980000.0,0.05696185161150097,0.0,3600.0,2408.96,7336800.0,0.0479931586643656,1.0,1.1081768348659256,736333.4099534292,2474667.7040434615,0.0,0.0,0.9891533808301098,1.0,0.0,5.3818812144e-06,0.9891533808301098,20975.8032247256,0.0,80590.56183321157,101566.36505793718
2026-09-02 03:00:00+00:00,20619.7863909451,106.06423368180486,0.034834256654117525,496.734632659162,0,0.0,0.0,1.1081812112425913,351110.01500003337,266712.5320538381,0,1976400.0,0.05696185161150097,0.0,3600.0,2413.34,7333200.0,0.04799315870714005,1.0,1.1081812112425913,736333.4099534292,2474667.7040434615,0.0,0.0,0.9891586740540957,1.0,0.0,5.382237978e-06,0.9891586740540957,20974.754977390327,0.0,80590.98483070859,101565.73980809892
2026-09-02 04:00:00+00:00,20618.73895492874,106.06423368180486,0.034834256654117525,495.6871966428001,0,0.0,0.0,1.1081855876365403,351110.01500003337,266713.9250256909,0,1972800.0,0.05696185161150097,0.0,3600.0,2414.15,7329600.0,0.04799315874995602,1.0,1.1081855876365403,736333.4099534292,2474667.7040434615,0.0,0.0,0.9891639673064072,1.0,0.0,5.2227325223999995e-06,0.9891639673064072,20973.179891024465,0.0,80591.45037275425,101564.63026377872
2026-09-02 05:00:00+00:00,20617.68841237721,106.06423368180486,0.034834256654117525,494.63665409126963,0,0.0,0.0,1.1081899640477724,351110.01500003337,266715.25913864863,0,1969200.0,0.05579986183577166,0.0,3600.0,2421.31,7326000.0,0.04799315879281418,1.0,1.1081899640477724,736333.4099534292,2474667.7040434615,0.0,0.0,0.9891692605870442,1.0,0.0,5.002024626e-06,0.9891692605870442,20953.8979097377,0.0,80591.97478364041,101545.87269337811
2026-09-02 06:00:00+00:00,20616.638633443265,106.06423368180486,0.034834256654117525,493.5868751573225,0,0.0,0.0,1.1081943404762877,351110.01500003337,266716.66631954,0,1965600.0,0.05579986183577166,0.0,3600.0,2419.55,7322400.0,0.047993158835715644,1.0,1.1081943404762877,736333.4099534292,2474667.7040434615,0.0,0.0,0.9891745538960067,1.0,0.0,5.2759530288e-06,0.9891745538960067,20951.989551275823,0.0,80592.42613653821,101544.41568781403
2026-09-02 07:00:00+00:00,20615.590112742837,106.06423368180486,0.034834256654117525,492.53835445689333,0,0.0,0.0,1.1081987169220862,351110.01500003337,266718.09782192507,0,1962000.0,0.05579986183577166,0.0,3600.0,2416.65,7318800.0,0.04799315887865774,1.0,1.1081987169220862,736333.4099534292,2474667.7040434615,0.0,0.0,0.9891798472332956,1.0,0.0,5.3671132116000004e-06,0.9891798472332956,20949.925629368307,0.0,80592.85317788803,101542.77880725634
2026-09-02 08:00:00+00:00,20627.481673624312,106.06423368180486,0.034834256654117525,504.4299153383685,0,0.0,0.0,1.108203093385168,351110.01500003337,266719.47299292224,0,1958400.0,0.05579986183577166,5.096e-05,3600.0,2392.11,7315200.0,0.04799315892164269,1.0,1.108203093385168,736333.4099534292,2474667.7040434615,0.0,0.0,0.9891851405989103,1.0,0.0,5.155883546400001e-06,0.9891851405989103,20957.814932341633,0.0,80593.33656057128,101551.1514929129
2026-09-02 09:00:00+00:00,20625.9931861232,112.28317229895607,0.03599546192670267,503.39927890883985,0,0.0,0.0,1.1082074698655333,351110.01500003337,266720.8159741092,0,1954800.0,0.05579986183577166,0.0,3600.0,2375.43,7311600.0,0.047993158964670934,1.0,1.1082074698655333,736333.4099534292,2474667.7040434615,0.0,0.0,0.989190433992851,1.0,0.0,5.0351696892e-06,0.989190433992851,20953.42006021773,0.0,80593.85214301018,101547.27220322791
2026-09-02 10:00:00+00:00,20624.86862736762,112.28317229895607,0.03599546192670267,502.27472015326066,0,0.0,0.0,1.1082118463631818,351110.01500003337,266722.1589665339,0,1951200.0,0.05579986183577166,0.0,3600.0,2371.5,7308000.0,0.04799315900774048,1.0,1.1082118463631818,736333.4099534292,2474667.7040434615,0.0,0.0,0.9891957274151183,1.0,0.0,5.0351864688e-06,0.9891957274151183,20951.15179576234,0.0,80594.36772415723,101545.51951991957
2026-09-02 11:00:00+00:00,20623.7397629011,112.28317229895607,0.03599546192670267,501.14585568673874,0,0.0,0.0,1.1082162273172214,351110.01500003337,266723.50197087514,0,1947600.0,0.05579986183577166,0.0,3600.0,2380.58,7304400.0,0.047955763048228794,1.0,1.1082162273172214,736333.4097752139,2479179.2659205114,0.0,0.0,0.9892091968260132,1.0,0.0,5.0352057936e-06,0.9892091968260132,20950.66790100343,0.0,80597.75396487728,101548.42186588071
2026-09-02 12:00:00+00:00,20622.612809449456,112.28317229895607,0.03599546192670267,500.0189022350956,0,0.0,0.0,1.1082206038494549,351110.01500003337,266724.84498694877,0,1944000.0,0.05579986183577166,0.0,3600.0,2376.55,7300800.0,0.04795576309134897,1.0,1.1082206038494549,736333.4097752139,2479179.2659205114,0.0,0.0,0.9892144863191027,1.0,0.0,5.0352244272e-06,0.9892144863191027,20948.384222032746,0.0,80598.26814280171,101546.65236483446
2026-09-02 13:00:00+00:00,20621.47364541887,112.28317229895607,0.03599546192670267,498.8797382045125,0,0.0,0.0,1.1082249803989717,351110.01500003337,266726.1880133856,0,1940400.0,0.05579986183577166,0.0,3600.0,2402.3,7297200.0,0.047955763134512,1.0,1.1082249803989717,736333.4097752139,2479179.2659205114,0.0,0.0,0.9892197758404762,1.0,0.0,5.0352379272e-06,0.9892197758404762,20950.16498536927,0.0,80598.78232029366,101548.94730566292
2026-09-02 14:00:00+00:00,20620.3387064857,112.28317229895607,0.03599546192670267,497.7447992713412,0,0.0,0.0,1.1082293886348127,351110.01500003337,266727.5310494444,0,1936800.0,0.05579986183577166,0.0,3600.0,2393.39,7293600.0,0.04768901819133786,1.0,1.1082293886348127,728799.4393156505,2485904.823080786,0.0,0.0,0.9892833094748879,1.0,0.0,5.035248648e-06,0.9892833094748879,20947.20339295975,0.0,80619.7465795661,101566.94997252585
2026-09-02 15:00:00+00:00,20619.20530395159,112.28317229895607,0.03599546192670267,496.61139673722874,0,0.0,0.0,1.1082337652190224,351110.01500003337,266728.8740961979,0,1933200.0,0.05579986183577166,0.0,3600.0,2390.15,7290000.0,0.04768901823434035,1.0,1.1082337652190224,728799.4393156505,2485904.823080786,0.0,0.0,0.9892885706150094,1.0,0.0,5.0352633899999994e-06,0.9892885706150094,20945.02077170406,0.0,80620.25077179965,101565.27154350371
2026-09-02 16:00:00+00:00,20631.95829887508,112.28317229895607,0.03599546192670267,509.3643916607227,0,0.0,0.0,1.1082381418205158,351110.01500003337,266730.2171530565,0,1929600.0,0.05696185161150097,5.184e-05,3600.0,2385.27,7286400.0,0.047689018277385475,1.0,1.1082381418205158,728799.4393156505,2485904.823080786,0.0,0.0,0.9892938317831104,1.0,0.0,5.0352759216e-06,0.9892938317831104,20975.545167228127,0.0,80620.75496375182,101596.30013097994
2026-09-02 17:00:00+00:00,20630.823744041674,112.28317229895607,0.03599546192670267,508.2298368273161,0,0.0,0.0,1.1082425184392932,351110.01500003337,266731.5602205198,0,1926000.0,0.05696185161150097,0.0,3600.0,2392.58,7282800.0,0.04768901832047279,1.0,1.1082425184392932,728799.4393156505,2485904.823080786,0.0,0.0,0.9892990929791909,1.0,0.0,5.035290325200001e-06,0.9892990929791909,20974.820598565617,0.0,80621.25915492338,101596.079753489
2026-09-02 18:00:00+00:00,20629.688492138324,112.28317229895607,0.03599546192670267,507.0945849239661,0,0.0,0.0,1.1082468950753543,351110.01500003337,266732.90329873847,0,1922400.0,0.05696185161150097,0.0,3600.0,2394.05,7279200.0,0.04768901836360295,1.0,1.1082468950753543,728799.4393156505,2485904.823080786,0.0,0.0,0.9893043542032512,1.0,0.0,5.035305294000001e-06,0.9893043542032512,20973.253318339706,0.0,80621.76334516337,101595.01666350308
2026-09-02 19:00:00+00:00,20628.55414120973,112.28317229895607,0.03599546192670267,505.9602339953729,0,0.0,0.0,1.1082512717286999,351110.01500003337,266734.2463877002,0,1918800.0,0.05696185161150097,0.0,3600.0,2392.15,7275600.0,0.047689018406775086,1.0,1.1082512717286999,728799.4393156505,2485904.823080786,0.0,0.0,0.9893096154552916,1.0,0.0,5.0353202159999995e-06,0.9893096154552916,20971.203433392777,0.0,80622.2675344845,101593.47096787728
2026-09-02 20:00:00+00:00,20627.419553182517,112.28317229895607,0.03599546192670267,504.8256459681595,0,0.0,0.0,1.1082556483993293,351110.01500003337,266735.5894895099,0,1915200.0,0.060561547931445796,0.0,3600.0,2392.65,7272000.0,0.04768901844999074,1.0,1.1082556483993293,728799.4393156505,2485904.823080786,0.0,0.0,0.9893148767353118,1.0,0.0,5.035343029200001e-06,0.9893148767353118,21028.2284400515,0.0,80622.77172078163,101651.00016083312
2026-09-02 21:00:00+00:00,20626.28661061973,112.28317229895607,0.03599546192670267,503.69270340537025,0,0.0,0.0,1.1082600250872434,351110.01500003337,266736.932605731,0,1911600.0,0.060561547931445796,0.0,3600.0,2389.18,7268400.0,0.04768901849324947,1.0,1.1082600250872434,728799.4393156505,2485904.823080786,0.0,0.0,0.9893201380433121,1.0,0.0,5.0353717032e-06,0.9893201380433121,21025.761906934487,0.0,80623.27590249135,101649.03780942585
2026-09-02 22:00:00+00:00,20625.158594966266,112.28317229895607,0.03599546192670267,502.5646877519086,0,0.0,0.0,1.1082644017924412,351110.01500003337,266738.27573769266,0,1908000.0,0.060561547931445796,0.0,3600.0,2378.79,7264800.0,0.0476890185365515,1.0,1.1082644017924412,728799.4393156505,2485904.823080786,0.0,0.0,0.9893253993792928,1.0,0.0,5.035405359600001e-06,0.9893253993792928,21022.147628233233,0.0,80623.78007828485,101645.92770651808
2026-09-02 23:00:00+00:00,20624.02483204225,112.28317229895607,0.03599546192670267,501.4309248278935,0,0.0,0.0,1.1082687785149237,351110.01500003337,266739.61888575513,0,1904400.0,0.060561547931445796,0.0,3600.0,2390.91,7261200.0,0.04768901857989505,1.0,1.1082687785149237,728799.4393156505,2485904.823080786,0.0,0.0,0.9893306607432542,1.0,0.0,5.035440366000001e-06,0.9893306607432542,21022.283683002774,0.0,80624.28424780176,101646.56793080454
2026-09-03 00:00:00+00:00,20646.859608812912,112.28317229895607,0.03599546192670267,524.2657015985565,0,0.0,0.0,1.1082731581174101,351110.01500003337,266741.47766499716,0,1900800.0,0.060561547931445796,8.972e-05,3600.0,2378.66,7257600.0,0.047664910535970995,1.0,1.1082731581174101,728121.3078790951,2486510.2084411783,0.0,0.0,0.9893411613561024,1.0,0.0,6.968491495200001e-06,0.9893411613561024,21042.328956820413,0.0,80626.1123388944,101668.44129571482
2026-09-03 01:00:00+00:00,20645.728306972575,112.28317229895607,0.03599546192670267,523.1343997582189,0,0.0,0.0,1.108277534874473,351110.01500003337,266742.8208874839,0,1897200.0,0.060561547931445796,0.0,3600.0,2385.72,7254000.0,0.047664910579378494,1.0,1.108277534874473,728121.3078790951,2486510.2084411783,0.0,0.0,0.989346420205052,1.0,0.0,5.035658932799999e-06,0.989346420205052,21041.620212764592,0.0,80626.61555094126,101668.23576370586
2026-09-03 02:00:00+00:00,20644.58786260944,112.28317229895607,0.03599546192670267,521.9939553950867,0,0.0,0.0,1.1082818669376788,351110.01500003337,266744.1641420371,0,1893600.0,0.060561547931445796,0.0,3600.0,2405.0,7250400.0,0.048041501071673265,1.0,1.1082818669376788,738766.4482514862,2477008.622431734,0.0,0.0,0.9892699348773385,1.0,0.0,5.0357537892e-06,0.9892699348773385,21042.9218473392,0.0,80598.41753182723,101641.33937916643
2026-09-03 03:00:00+00:00,20643.448655901106,112.28317229895607,0.03599546192670267,520.8547486867519,0,0.0,0.0,1.108286243729134,351110.01500003337,266745.5074873343,0,1890000.0,0.060561547931445796,0.0,3600.0,2402.39,7246800.0,0.04804150111551864,1.0,1.108286243729134,738766.4482514862,2477008.622431734,0.0,0.0,0.9892752339341366,1.0,0.0,5.03606862e-06,0.9892752339341366,21040.593885916864,0.0,80598.9347384419,101639.52862435876
2026-09-03 04:00:00+00:00,20642.307002335012,112.28317229895607,0.03599546192670267,519.7130951206567,0,0.0,0.0,1.1082906205378737,351110.01500003337,266746.8508571342,0,1886400.0,0.060561547931445796,0.0,3600.0,2407.55,7243200.0,0.04804150115940797,1.0,1.1082906205378737,738766.4482514862,2477008.622431734,0.0,0.0,0.9892805330193193,1.0,0.0,5.0361351156e-06,0.9892805330193193,21039.547153245687,0.0,80599.45193052001,101638.9990837657
2026-09-03 05:00:00+00:00,20641.16709381476,112.28317229895607,0.03599546192670267,518.5731866004062,0,0.0,0.0,1.1082949973638982,351110.01500003337,266748.19425168005,0,1882800.0,0.060561547931445796,0.0,3600.0,2403.87,7239600.0,0.04804150120334083,1.0,1.1082949973638982,738766.4482514862,2477008.622431734,0.0,0.0,0.9892858321328867,1.0,0.0,5.036202522e-06,0.9892858321328867,21037.043120155027,0.0,80599.96910781827,101637.01222797329
2026-09-03 06:00:00+00:00,20640.025544572058,112.28317229895607,0.03599546192670267,517.431637357704,0,0.0,0.0,1.1082993742072076,351110.01500003337,266749.53767238284,0,1879200.0,0.057913521673689884,0.0,3600.0,2407.33,7236000.0,0.0480415012473181,1.0,1.1082993742072076,738766.4482514862,2477008.622431734,0.0,0.0,0.9892911312748388,1.0,0.0,5.0362752168e-06,0.9892911312748388,20993.06139145079,0.0,80600.48626892577,101593.54766037656
2026-09-03 07:00:00+00:00,20638.88873730176,112.28317229895607,0.03599546192670267,516.2948300874056,0,0.0,0.0,1.1083037352508398,351110.01500003337,266750.88111958466,0,1875600.0,0.057913521673689884,0.0,3600.0,2397.33,7232400.0,0.0480518410558568,1.0,1.1083037352508398,739057.957544786,2476748.427145751,0.0,0.0,0.9892941920755368,1.0,0.0,5.0363491932e-06,0.9892941920755368,20989.784575943275,0.0,80600.21749950293,101590.00207544622
2026-09-03 08:00:00+00:00,20660.40259575685,112.28317229895607,0.03599546192670267,537.8086885424939,0,0.0,0.0,1.1083081267279709,351110.01500003337,266752.2246029438,0,1872000.0,0.057913521673689884,8.397e-05,3600.0,2402.65,7228800.0,0.04805175944705775,1.0,1.1083081267279709,739057.957544786,2476748.427145751,0.0,0.0,0.9892995100439844,1.0,0.0,5.0364593748e-06,0.9892995100439844,21011.402120708408,0.0,80600.7412081252,101612.1433288336
2026-09-03 09:00:00+00:00,20659.268007729635,112.28317229895607,0.03599546192670267,536.6741005152804,0,0.0,0.0,1.1083125036231303,351110.01500003337,266753.5681096809,0,1868400.0,0.057913521673689884,0.0,3600.0,2392.65,7225200.0,0.04805175949117513,1.0,1.1083125036231303,739057.957544786,2476748.427145751,0.0,0.0,0.9893048103645841,1.0,0.0,5.0365216476e-06,0.9893048103645841,21008.13445802875,0.0,80601.2586970334,101609.39315506215
2026-09-03 10:00:00+00:00,20658.13195443295,112.28317229895607,0.03599546192670267,535.5380472185942,0,0.0,0.0,1.1083168809576982,351110.01500003337,266754.91164654907,0,1864800.0,0.057913521673689884,0.0,3600.0,2395.74,7221600.0,0.04804820354384942,1.0,1.1083168809576982,738956.8998493578,2476838.6376881124,0.0,0.0,0.9893108793804397,1.0,0.0,5.0366092356e-06,0.9893108793804397,21006.775892286874,0.0,80602.0460524133,101608.82194470018
2026-09-03 11:00:00+00:00,20656.990978968908,112.28317229895607,0.03599546192670267,534.3970717545528,0,0.0,0.0,1.1083212578874295,351110.01500003337,266756.67565180914,0,1861200.0,0.057913521673689884,0.0,3600.0,2406.12,7218000.0,0.04804820358805184,1.0,1.1083212578874295,738956.8998493578,2476838.6376881124,0.0,0.0,0.9893161793787668,1.0,0.0,6.6128095512e-06,0.9893161793787668,21006.46950916299,0.0,80602.14292964537,101608.61243880837
2026-09-03 12:00:00+00:00,20655.842307283656,112.28317229895607,0.03599546192670267,533.2484000692999,0,0.0,0.0,1.1083256348344461,351110.01500003337,266758.03063528205,0,1857600.0,0.06204733676364832,0.0,3600.0,2422.35,7214400.0,0.04804820363229867,1.0,1.1083256348344461,738956.8998493578,2476838.6376881124,0.0,0.0,0.9893214794054874,1.0,0.0,5.0794606296e-06,0.9893214794054874,21073.226643033715,0.0,80602.64883863385,101675.87548166756
2026-09-03 13:00:00+00:00,20654.690600736063,112.28317229895607,0.03599546192670267,532.0966935217085,0,0.0,0.0,1.1083300117987478,351110.01500003337,266759.77850659256,0,1854000.0,0.06204733676364832,0.0,3600.0,2428.75,7210800.0,0.04804820367659013,1.0,1.1083300117987478,738956.8998493578,2476838.6376881124,0.0,0.0,0.9893267794606014,1.0,0.0,6.552251042400001e-06,0.9893267794606014,21072.366670476364,0.0,80602.76186975394,101675.1285402303
2026-09-03 14:00:00+00:00,20653.510646258863,112.28317229895607,0.03599546192670267,530.9167390445073,0,0.0,0.0,1.108334329662493,351110.01500003337,266761.1241307572,0,1850400.0,0.06225976216224213,0.0,3600.0,2488.32,7207200.0,0.048546325538827206,1.0,1.108334329662493,753209.3253779847,2464117.830862787,0.0,0.0,0.9892246485492511,1.0,0.0,5.044316569199999e-06,0.9892246485492511,21084.08261369234,0.0,80565.55705977313,101649.63967346547
2026-09-03 15:00:00+00:00,20676.066785807976,106.02699944747117,0.03599546192670267,529.7236635296645,0,0.0,0.0,1.1083387503177324,351110.01500003337,266762.870339843,0,1846800.0,0.06225976216224213,0.0,3600.0,2515.99,7203600.0,0.04854632558367711,1.0,1.1083387503177324,753209.3253779847,2464117.830862787,0.0,0.0,0.989230001744731,1.0,0.0,6.5459439648e-06,0.989230001744731,21086.369580407045,0.0,80565.69041123253,101652.05999163957
2026-09-03 16:00:00+00:00,20698.18460425699,106.02699944747117,0.03599546192670267,551.8414819786783,0,0.0,0.0,1.1083432250728795,351110.01500003337,266764.3165813429,0,1843200.0,0.06225976216224213,8.789e-05,3600.0,2493.29,7200000.0,0.048546325628572085,1.0,1.1083432250728795,753209.3253779847,2464117.830862787,0.0,0.0,0.9892353549691797,1.0,0.0,5.421435066e-06,0.9892353549691797,21103.992932265053,0.0,80566.12374044914,101670.1166727142
2026-09-03 17:00:00+00:00,20697.06545081615,106.02699944747117,0.03599546192670267,550.7223285378395,0,0.0,0.0,1.1083477523203022,351110.01500003337,266766.07697993045,0,1839600.0,0.06225976216224213,0.0,3600.0,2499.36,7196400.0,0.04810417604976913,1.0,1.1083477523203022,740549.3326274959,2475418.9189325417,0.0,0.0,0.9893359230943617,1.0,0.0,6.5990564316e-06,0.9893359230943617,21103.067209125067,0.0,80599.67381780274,101702.7410269278
2026-09-03 18:00:00+00:00,20695.94067330866,106.02699944747117,0.03599546192670267,549.5975510303529,0,0.0,0.0,1.1083522271117934,351110.01500003337,266767.8379042929,0,1836000.0,0.06225976216224213,0.0,3600.0,2511.92,7192800.0,0.04810417609433548,1.0,1.1083522271117934,740549.3326274959,2475418.9189325417,0.0,0.0,0.98934122925829,1.0,0.0,6.6009837924e-06,0.98934122925829,21103.184190062246,0.0,80599.77594073676,101702.96013079901
2026-09-03 19:00:00+00:00,20694.81360766578,106.02699944747117,0.03599546192670267,548.4704853874705,0,0.0,0.0,1.1083567019213507,351110.01500003337,266769.1290391575,0,1832400.0,0.06225976216224213,0.0,3600.0,2517.03,7189200.0,0.048104176138945354,1.0,1.1083567019213507,740549.3326274959,2475418.9189325417,0.0,0.0,0.9893465354506776,1.0,0.0,4.8399078024000005e-06,0.9893465354506776,21102.085438968563,0.0,80600.347863161,101702.43330212956
2026-09-03 20:00:00+00:00,20693.69245714395,106.02699944747117,0.03599546192670267,547.3493348656405,0,0.0,0.0,1.1083611767489747,351110.01500003337,266770.8604222611,0,1828800.0,0.06225976216224213,0.0,3600.0,2503.82,7185600.0,0.04810417618360141,1.0,1.1083611767489747,740549.3326274959,2475418.9189325417,0.0,0.0,0.9893518416715239,1.0,0.0,6.4901718252000005e-06,0.9893518416715239,21098.030882711955,0.0,80600.47954733827,101698.51043005023
2026-09-03 21:00:00+00:00,20692.568481155515,106.02699944747117,0.03599546192670267,546.2253588772063,0,0.0,0.0,1.108365651594665,351110.01500003337,266772.57878004876,0,1825200.0,0.06225976216224213,0.0,3600.0,2510.13,7182000.0,0.048104176228301654,1.0,1.108365651594665,740549.3326274959,2475418.9189325417,0.0,0.0,0.9893571479208294,1.0,0.0,6.4413041616e-06,0.9893571479208294,21097.12795221343,0.0,80600.62426682387,101697.7522190373
2026-09-03 22:00:00+00:00,20691.45104717454,106.02699944747117,0.03599546192670267,545.1079248962343,0,0.0,0.0,1.1083701115324023,351110.01500003337,266774.2975966443,0,1821600.0,0.06300358570819106,0.0,3600.0,2495.52,7178400.0,0.048104258632244656,1.0,1.1083701115324023,740549.3326274959,2475418.9189325417,0.0,0.0,0.9893624365022275,1.0,0.0,6.4429825068e-06,0.9893624365022275,21104.23076701629,0.0,80600.76232412236,101704.99309113866
2026-09-03 23:00:00+00:00,20690.328732435093,106.02699944747117,0.03599546192670267,543.9856101567862,0,0.0,0.0,1.1083746013402451,351110.01500003337,266776.01687223214,0,1818000.0,0.06300358570819106,0.0,3600.0,2506.42,7174800.0,0.048104176317836256,1.0,1.1083746013402451,740549.3326274959,2475418.9189325417,0.0,0.0,0.9893677605048188,1.0,0.0,6.4446615108e-06,0.9893677605048188,21104.092069402057,0.0,80600.91235916421,101705.00442856627
2026-09-04 00:00:00+00:00,20714.482910352075,106.02699944747117,0.03599546192670267,568.139788073768,0,0.0,0.0,1.1083790762401349,351110.01500003337,266777.79946537333,0,1814400.0,0.06300358570819106,9.533e-05,3600.0,2500.49,7171200.0,0.04810417636267106,1.0,1.1083790762401349,740549.3326274959,2475418.9189325417,0.0,0.0,0.9893730668395028,1.0,0.0,6.6819619188000005e-06,0.9893730668395028,21126.449919723156,0.0,80600.9928732735,101727.44279299665
2026-09-04 01:00:00+00:00,20713.36083741167,106.02699944747117,0.03599546192670267,567.0177151333636,0,0.0,0.0,1.108383551158092,351110.01500003337,266779.58261211234,0,1810800.0,0.06300358570819106,0.0,3600.0,2505.88,7167600.0,0.04810417640755116,1.0,1.108383551158092,740549.3326274959,2475418.9189325417,0.0,0.0,0.9893783732026464,1.0,0.0,6.683992383599999e-06,0.9893783732026464,21125.396716783864,0.0,80601.07284377748,101726.46956056135
2026-09-04 02:00:00+00:00,20712.238267439898,106.02699944747117,0.03599546192670267,565.8951451615915,0,0.0,0.0,1.1083880260941157,351110.01500003337,266781.36631270696,0,1807200.0,0.06300358570819106,0.0,3600.0,2506.99,7164000.0,0.048104176452477,1.0,1.1083880260941157,740549.3326274959,2475418.9189325417,0.0,0.0,0.98938367959425,1.0,0.0,6.686023773600001e-06,0.98938367959425,21123.637141798023,0.0,80601.15227041836,101724.78941221639
2026-09-04 03:00:00+00:00,20711.11715721791,106.02699944747117,0.03599546192670267,564.7740349396021,0,0.0,0.0,1.1083925010482059,351110.01500003337,266783.028304355,0,1803600.0,0.06300358570819106,0.0,3600.0,2503.73,7160400.0,0.04810417649744769,1.0,1.1083925010482059,740549.3326274959,2475418.9189325417,0.0,0.0,0.9893889860143136,1.0,0.0,6.2297696952e-06,0.9893889860143136,21121.1626092194,0.0,80601.35341599846,101722.51602521786
2026-09-04 04:00:00+00:00,20709.993920059886,106.02699944747117,0.03599546192670267,563.6507977815795,0,0.0,0.0,1.1083969760203634,351110.01500003337,266784.69900141965,0,1800000.0,0.06300358570819106,0.0,3600.0,2508.48,7156800.0,0.04810417654246257,1.0,1.1083969760203634,740549.3326274959,2475418.9189325417,0.0,0.0,0.9893942924628377,1.0,0.0,6.2623617551999995e-06,0.9893942924628377,21119.997291013136,0.0,80601.54586615472,101721.54315716785
2026-09-04 05:00:00+00:00,20708.870924700906,106.02699944747117,0.03599546192670267,562.5278024226006,0,0.0,0.0,1.108401451010588,351110.01500003337,266786.37008107634,0,1796400.0,0.06300358570819106,0.0,3600.0,2507.94,7153200.0,0.04810417658752386,1.0,1.108401451010588,740549.3326274959,2475418.9189325417,0.0,0.0,0.989399598939822,1.0,0.0,6.263756614800001e-06,0.989399598939822,21117.966204089298,0.0,80601.73794371157,101719.70414780088
2026-09-04 06:00:00+00:00,20707.748506972977,106.02699944747117,0.03599546192670267,561.4053846946708,0,0.0,0.0,1.1084059260188794,351110.01500003337,266788.050593693,0,1792800.0,0.06300358570819106,0.0,3600.0,2506.65,7149600.0,0.04810417663263,1.0,1.1084059260188794,740549.3326274959,2475418.9189325417,0.0,0.0,0.9894049054452669,1.0,0.0,6.2990748864e-06,0.9894049054452669,21115.813952980425,0.0,80601.92059830128,101717.7345512817
2026-09-04 07:00:00+00:00,20706.627486306188,106.02699944747117,0.03599546192670267,560.2843640278828,0,0.0,0.0,1.1084103876595413,351110.01500003337,266789.41387432936,0,1789200.0,0.06300358570819106,0.0,3600.0,2503.53,7146000.0,0.048216940960500665,1.0,1.1084103876595413,740549.3326274959,2461865.264605514,0.0,0.0,0.9893860923154604,1.0,0.0,5.1099633216e-06,0.9893860923154604,21113.366629072683,0.0,80593.95183937636,101707.31846844904
2026-09-04 08:00:00+00:00,20721.579113893375,106.02699944747117,0.03599546192670267,575.2359916150677,0,0.0,0.0,1.108414862703913,351110.01500003337,266790.7690515487,0,1785600.0,0.06300358570819106,6.004e-05,3600.0,2526.43,7142400.0,0.04821694100580709,1.0,1.108414862703913,740549.3326274959,2461865.264605514,0.0,0.0,0.9893914108993234,1.0,0.0,5.079563532e-06,0.9893914108993234,21131.212859406834,0.0,80594.46407021693,101725.67692962376
2026-09-04 09:00:00+00:00,20720.45071835575,106.02699944747117,0.03599546192670267,574.1075960774446,0,0.0,0.0,1.1084193377663525,351110.01500003337,266792.1242463675,0,1782000.0,0.06300358570819106,0.0,3600.0,2520.0,7138800.0,0.048216941051158146,1.0,1.1084193377663525,740549.3326274959,2461865.264605514,0.0,0.0,0.9893967295117773,1.0,0.0,5.0796036972e-06,0.9893967295117773,21128.218135219417,0.0,80594.97629349661,101723.19442871603
2026-09-04 10:00:00+00:00,20719.32008393809,106.02699944747117,0.03599546192670267,572.9769616597864,0,0.0,0.0,1.1084238128468595,351110.01500003337,266793.7788430939,0,1778400.0,0.06300358570819106,0.0,3600.0,2525.0,7135200.0,0.04821694109655583,1.0,1.1084238128468595,740549.3326274959,2461865.264605514,0.0,0.0,0.9894020481528221,1.0,0.0,6.201800748e-06,0.9894020481528221,21127.07115610812,0.0,80595.18912490719,101722.2602810153
2026-09-04 11:00:00+00:00,20718.190842103817,106.02699944747117,0.03599546192670267,571.84771982551,0,0.0,0.0,1.1084282879454332,351110.01500003337,266795.13408727176,0,1774800.0,0.06300358570819106,0.0,3600.0,2521.89,7131600.0,0.04821694114199904,1.0,1.1084282879454332,740549.3326274959,2461865.264605514,0.0,0.0,0.9894073668224579,1.0,0.0,5.0797314e-06,0.9894073668224579,21124.61530375265,0.0,80595.70131890493,101720.31662265758
2026-09-04 12:00:00+00:00,20717.093737153562,106.02699944747117,0.03599546192670267,570.7506148752556,0,0.0,0.0,1.108432789876776,351110.01500003337,266796.4893510889,0,1771200.0,0.06300358570819106,0.0,3600.0,2450.12,7128000.0,0.04799106454798174,1.0,1.108432789876776,734149.3274738503,2467578.5789819187,0.0,0.0,0.9894608820844553,1.0,0.0,5.079779208e-06,0.9894608820844553,21111.150911176133,0.0,80613.13579953043,101724.28671070657
2026-09-04 13:00:00+00:00,20715.996229204902,106.02699944747117,0.03599546192670267,569.6531069265948,0,0.0,0.0,1.1084372650115937,351110.01500003337,266797.84463512566,0,1767600.0,0.05865430186232933,0.0,3600.0,2451.02,7124400.0,0.04799106459329883,1.0,1.1084372650115937,734149.3274738503,2467578.5789819187,0.0,0.0,0.9894661767279833,1.0,0.0,5.0798291904e-06,0.9894661767279833,21046.045200620687,0.0,80613.63951786223,101659.68471848292
2026-09-04 14:00:00+00:00,20714.904175168005,106.02699944747117,0.03599546192670267,568.5610528896992,0,0.0,0.0,1.1084419514628423,351110.01500003337,266799.19993647403,0,1764000.0,0.05865430186232933,0.0,3600.0,2438.84,7120800.0,0.046212885790615665,1.0,1.1084419514628423,685154.4641876131,2511325.8323654532,0.0,0.0,0.98985095699163,1.0,0.0,5.0798682719999995e-06,0.98985095699163,21042.64415742117,0.0,80747.38442065456,101790.02857807573
2026-09-04 15:00:00+00:00,20713.806698563665,106.02699944747117,0.03599546192670267,567.463576285359,0,0.0,0.0,1.1084463842959422,351110.01500003337,266800.5552554569,0,1760400.0,0.05865430186232933,0.0,3600.0,2450.95,7117200.0,0.04656894337688988,1.0,1.1084463842959422,694768.0864859435,2502741.4150234014,0.0,0.0,0.9897800494802051,1.0,0.0,5.0799085632e-06,0.9897800494802051,21042.501887332866,0.0,80721.1327642717,101763.63465160456
2026-09-04 16:00:00+00:00,20714.254323792473,106.02699944747117,0.03599546192670267,567.9112015141674,0,0.0,0.0,1.1084507696372714,351110.01500003337,266801.9105994164,0,1756800.0,0.05865430186232933,5.94e-06,3600.0,2459.15,7113600.0,0.04732494341923266,1.0,1.1084507696372714,715507.7847998708,2484225.8589713373,0.0,0.0,0.9896239847851679,1.0,0.0,5.0799763728e-06,0.9896239847851679,21043.374781653707,0.0,80664.98154289665,101708.35632455036
2026-09-04 17:00:00+00:00,20713.15992788706,106.02699944747117,0.03599546192670267,566.8168056087552,0,0.0,0.0,1.1084552448446798,351110.01500003337,266803.265962103,0,1753200.0,0.05865430186232933,0.0,3600.0,2444.07,7110000.0,0.04732494346408833,1.0,1.1084552448446798,715507.7847998708,2484225.8589713373,0.0,0.0,0.989629208472199,1.0,0.0,5.0800207572e-06,0.989629208472199,21039.591861781708,0.0,80665.460269042,101705.05213082371
2026-09-04 18:00:00+00:00,20712.06311399121,106.02699944747117,0.03599546192670267,565.7199917129053,0,0.0,0.0,1.1084597200701558,351110.01500003337,266804.6213446876,0,1749600.0,0.05865430186232933,0.0,3600.0,2449.47,7106400.0,0.04732494350898908,1.0,1.1084597200701558,715507.7847998708,2484225.8589713373,0.0,0.0,0.9896344321868031,1.0,0.0,5.080069530000001e-06,0.9896344321868031,21038.54450377556,0.0,80665.93898497039,101704.48348874594
2026-09-04 19:00:00+00:00,20710.963971660123,106.02699944747117,0.03599546192670267,564.6208493818191,0,0.0,0.0,1.1084641953137004,351110.01500003337,266805.9767492337,0,1746000.0,0.05865430186232933,0.0,3600.0,2454.67,7102800.0,0.04732494355393446,1.0,1.1084641953137004,715507.7847998708,2484225.8589713373,0.0,0.0,0.9896396559289807,1.0,0.0,5.0801260356e-06,0.9896396559289807,21037.46525295271,0.0,80666.41768861853,101703.88294157124
2026-09-04 20:00:00+00:00,20709.866853276588,106.02699944747117,0.03599546192670267,563.5237309982845,0,0.0,0.0,1.108468670575313,351110.01500003337,266807.33217140974,0,1742400.0,0.05865430186232933,0.0,3600.0,2450.15,7099200.0,0.047324943598925584,1.0,1.108468670575313,715507.7847998708,2484225.8589713373,0.0,0.0,0.9896448796987315,1.0,0.0,5.080166305200001e-06,0.9896448796987315,21035.094960113693,0.0,80666.89638431807,101701.99134443176
2026-09-04 21:00:00+00:00,20708.76948861625,106.02699944747117,0.03599546192670267,562.426366337946,0,0.0,0.0,1.108473145854994,351110.01500003337,266808.68761855125,0,1738800.0,0.05865430186232933,0.0,3600.0,2450.7,7095600.0,0.04732494364396289,1.0,1.108473145854994,715507.7847998708,2484225.8589713373,0.0,0.0,0.9896501034960555,1.0,0.0,5.080234068e-06,0.9896501034960555,21033.39849163783,0.0,80667.37506473338,101700.7735563712
2026-09-04 22:00:00+00:00,20707.672441876875,106.02699944747117,0.03599546192670267,561.3293195985724,0,0.0,0.0,1.108477621152743,351110.01500003337,266810.0430840934,0,1735200.0,0.05865430186232933,0.0,3600.0,2449.99,7092000.0,0.047324943689046384,1.0,1.108477621152743,715507.7847998708,2484225.8589713373,0.0,0.0,0.9896553273209532,1.0,0.0,5.0802772248000004e-06,0.9896553273209532,21031.53548059154,0.0,80667.85373642936,101699.3892170209
2026-09-04 23:00:00+00:00,20706.57334432339,106.02699944747117,0.03599546192670267,560.2302220450869,0,0.0,0.0,1.10848209646856,351110.01500003337,266811.3985704666,0,1731600.0,0.05865430186232933,0.0,3600.0,2454.57,7088400.0,0.04732494373417562,1.0,1.10848209646856,715507.7847998708,2484225.8589713373,0.0,0.0,0.9896605511734244,1.0,0.0,5.0803294896e-06,0.9896605511734244,21030.368640015182,0.0,80668.33239697572,101698.7010369909
2026-09-05 00:00:00+00:00,20710.67580387371,106.02699944747117,0.03599546192670267,564.3326815954051,0,0.0,0.0,1.1084865718024457,351110.01500003337,266812.76224052673,0,1728000.0,0.05865430186232933,2.001e-05,3600.0,2450.95,7084800.0,0.04732494377935037,1.0,1.1084865718024457,715507.7847998708,2484225.8589713373,0.0,0.0,0.9896657750534698,1.0,0.0,5.1109757028e-06,0.9896657750534698,21033.321387941636,0.0,80668.8028835167,101702.12427145833
2026-09-05 01:00:00+00:00,20709.578434735613,106.02699944747117,0.03599546192670267,563.2353124573066,0,0.0,0.0,1.1084910471544003,351110.01500003337,266814.1178169351,0,1724400.0,0.05865430186232933,0.0,3600.0,2450.71,7081200.0,0.0473249438245702,1.0,1.1084910471544003,715507.7847998708,2484225.8589713373,0.0,0.0,0.9896709989610892,1.0,0.0,5.0806151603999995e-06,0.9896709989610892,21031.520312476558,0.0,80669.28147339093,101700.80178586749
2026-09-05 02:00:00+00:00,20708.480367066943,106.02699944747117,0.03599546192670267,562.1372447886371,0,0.0,0.0,1.108495522524423,351110.01500003337,266815.47341389913,0,1720800.0,0.05865430186232933,0.0,3600.0,2452.27,7077600.0,0.04732494386983732,1.0,1.108495522524423,715507.7847998708,2484225.8589713373,0.0,0.0,0.9896762228962827,1.0,0.0,5.0806663884e-06,0.9896762228962827,21029.954636669376,0.0,80669.76005239104,101699.7146890604
2026-09-05 03:00:00+00:00,20707.382612841477,106.02699944747117,0.03599546192670267,561.0394905631724,0,0.0,0.0,1.1084995855973345,351110.01500003337,266816.82902896096,0,1717200.0,0.05865430186232933,0.0,3600.0,2451.57,7074000.0,0.05080109171448055,1.0,1.1084995855973345,816583.0484005915,2394032.4984095716,0.0,0.0,0.9889461045768253,1.0,0.0,5.080708404e-06,0.9889461045768253,21028.09276933899,0.0,80412.05258323275,101440.14535257174
2026-09-05 04:00:00+00:00,20706.286452698598,106.02699944747117,0.03599546192670267,559.9433304202927,0,0.0,0.0,1.108504072846515,351110.01500003337,266818.18466230814,0,1713600.0,0.05865430186232933,0.0,3600.0,2448.01,7070400.0,0.05070107116858713,1.0,1.108504072846515,813544.3448957624,2396743.6515318495,0.0,0.0,0.9889728048042151,1.0,0.0,5.0807511216e-06,0.9889728048042151,21025.859524141102,0.0,80420.07166712492,101445.93119126602
2026-09-05 05:00:00+00:00,20705.189383570425,106.02699944747117,0.03599546192670267,558.8462612921188,0,0.0,0.0,1.108508548269127,351110.01500003337,266819.5403180491,0,1710000.0,0.05865430186232933,0.0,3600.0,2450.04,7066800.0,0.050701071217309046,1.0,1.108508548269127,813544.3448957624,2396743.6515318495,0.0,0.0,0.9889783883998002,1.0,0.0,5.0808092364e-06,0.9889783883998002,21024.355530647026,0.0,80420.67646771361,101445.03199836063
2026-09-05 06:00:00+00:00,20704.091226346554,106.02699944747117,0.03599546192670267,557.7481040682479,0,0.0,0.0,1.1085130237098073,351110.01500003337,266820.89599563665,0,1706400.0,0.05865430186232933,0.0,3600.0,2452.47,7063200.0,0.050701071266081144,1.0,1.1085130237098073,813544.3448957624,2396743.6515318495,0.0,0.0,0.9889839720269095,1.0,0.0,5.0808652992e-06,0.9889839720269095,21022.901333800637,0.0,80421.2812575241,101444.18259132473
2026-09-05 07:00:00+00:00,20702.991385484896,106.02699944747117,0.03599546192670267,556.6482632065907,0,0.0,0.0,1.1085174991685574,351110.01500003337,266822.2516921154,0,1702800.0,0.0595015429742276,0.0,3600.0,2456.23,7059600.0,0.05070107131490231,1.0,1.1085174991685574,813544.3448957624,2396743.6515318495,0.0,0.0,0.9889895556855431,1.0,0.0,5.080910284799999e-06,0.9889895556855431,21033.530429253835,0.0,80421.886039512,101455.41646876583
2026-09-05 08:00:00+00:00,20717.784435973033,106.02699944747117,0.03599546192670267,571.441313694729,0,0.0,0.0,1.108521965677103,351110.01500003337,266823.6155721363,0,1699200.0,0.0595015429742276,6.104e-05,3600.0,2455.64,7056000.0,0.05077680043936317,1.0,1.108521965677103,815844.3448957624,2394691.7721371795,0.0,0.0,0.9889791912205975,1.0,0.0,5.1115547016e-06,0.9889791912205975,21047.54543625264,0.0,80416.88309204858,101464.42852830121
2026-09-05 09:00:00+00:00,20716.683999569286,106.02699944747117,0.03599546192670267,570.3408772909826,0,0.0,0.0,1.1085265594286253,351110.01500003337,266824.971348039,0,1695600.0,0.0595015429742276,0.0,3600.0,2457.56,7052400.0,0.049778670649548884,1.0,1.1085265594286253,785885.5729742203,2421426.680165851,0.0,0.0,0.9891949908737403,1.0,0.0,5.0811561612e-06,0.9891949908737403,21046.00363881761,0.0,80491.29673559783,101537.30037441544
2026-09-05 10:00:00+00:00,20715.585555768772,106.02699944747117,0.03599546192670267,569.2424334904672,0,0.0,0.0,1.1085310245534183,351110.01500003337,266826.3271432047,0,1692000.0,0.0595015429742276,0.0,3600.0,2453.11,7048800.0,0.04986631599153646,1.0,1.1085310245534183,788485.5729742203,2419106.7083008057,0.0,0.0,0.9891820178271548,1.0,0.0,5.081202536400001e-06,0.9891820178271548,21043.610956682653,0.0,80485.3859738509,101528.99693053355
2026-09-05 11:00:00+00:00,20714.48734033402,106.02699944747117,0.03599546192670267,568.1442180557154,0,0.0,0.0,1.1085355000848438,351110.01500003337,266827.68296404555,0,1688400.0,0.0595015429742276,0.0,3600.0,2452.6,7045200.0,0.049866316039731684,1.0,1.1085355000848438,788485.5729742203,2419106.7083008057,0.0,0.0,0.9891875128555887,1.0,0.0,5.0812729416e-06,0.9891875128555887,21041.746763690382,0.0,80485.95951252588,101527.70627621625
2026-09-05 12:00:00+00:00,20713.38683676387,106.02699944747117,0.03599546192670267,567.0437144855679,0,0.0,0.0,1.1085399756343386,351110.01500003337,266829.0388065562,0,1684800.0,0.0595015429742276,0.0,3600.0,2457.71,7041600.0,0.04986631608797598,1.0,1.1085399756343386,788485.5729742203,2419106.7083008057,0.0,0.0,0.9891930079145483,1.0,0.0,5.0813283348e-06,0.9891930079145483,21040.62887106689,0.0,80486.53304024896,101527.16191131585
2026-09-05 13:00:00+00:00,20712.288482518557,106.02699944747117,0.03599546192670267,565.9453602402539,0,0.0,0.0,1.1085444407600702,351110.01500003337,266830.3946709714,0,1681200.0,0.0595015429742276,0.0,3600.0,2452.91,7038000.0,0.04995441679830459,1.0,1.1085444407600702,791105.028025277,2416769.412200227,0.0,0.0,0.9891799783976869,1.0,0.0,5.0813846064e-06,0.9891799783976869,21038.193531346024,0.0,80480.60238197318,101518.7959133192
2026-09-05 14:00:00+00:00,20711.18869539002,106.02699944747117,0.03599546192670267,564.8455731117175,0,0.0,0.0,1.1085489102434116,351110.01500003337,266831.75055722793,0,1677600.0,0.0595015429742276,0.0,3600.0,2456.11,7034400.0,0.05000590645165226,1.0,1.1085489102434116,792638.7051091876,2415400.949576049,0.0,0.0,0.9891746627154107,1.0,0.0,5.0814406404000005e-06,0.9891746627154107,21036.82013121862,0.0,80477.38010643283,101514.20023765144
2026-09-05 15:00:00+00:00,20710.087770910428,106.02699944747117,0.03599546192670267,563.7446486321234,0,0.0,0.0,1.108553385847048,351110.01500003337,266833.1064752039,0,1674000.0,0.0595015429742276,0.0,3600.0,2458.65,7030800.0,0.05000590650018455,1.0,1.108553385847048,792638.7051091876,2415400.949576049,0.0,0.0,0.9891801727158225,1.0,0.0,5.081533693199999e-06,0.9891801727158225,21035.356457771373,0.0,80477.95880478417,101513.31526255554
2026-09-05 16:00:00+00:00,20713.85294804134,106.02699944747117,0.03599546192670267,567.5098257630366,0,0.0,0.0,1.1085578614687541,351110.01500003337,266834.4624148364,0,1670400.0,0.0595015429742276,1.86e-05,3600.0,2470.06,7027200.0,0.05000590654876591,1.0,1.1085578614687541,792638.7051091876,2415400.949576049,0.0,0.0,0.9891856827469269,1.0,0.0,5.081589032399999e-06,0.9891856827469269,21039.92837943385,0.0,80478.53749225533,101518.46587168919
2026-09-05 17:00:00+00:00,20712.742405333116,106.02699944747117,0.03599546192670267,566.3992830548123,0,0.0,0.0,1.1085623371085296,351110.01500003337,266835.81837743404,0,1666800.0,0.0595015429742276,0.0,3600.0,2480.13,7023600.0,0.05000590659739701,1.0,1.1085623371085296,792638.7051091876,2415400.949576049,0.0,0.0,0.9891911928087237,1.0,0.0,5.0816492748e-06,0.9891911928087237,21039.44157512708,0.0,80479.11616753781,101518.55774266488
2026-09-05 18:00:00+00:00,20711.632149201538,106.02699944747117,0.03599546192670267,565.2890269232324,0,0.0,0.0,1.1085668127663748,351110.01500003337,266837.1743626177,0,1663200.0,0.0595015429742276,0.0,3600.0,2479.49,7020000.0,0.05000590664607785,1.0,1.1085668127663748,792638.7051091876,2415400.949576049,0.0,0.0,0.9891967029012133,1.0,0.0,5.0817080952e-06,0.9891967029012133,21037.541582278216,0.0,80479.69483101083,101517.23641328904
2026-09-05 19:00:00+00:00,20710.52321400918,106.02699944747117,0.03599546192670267,564.1800917308732,0,0.0,0.0,1.1085712884422896,351110.01500003337,266838.5303702628,0,1659600.0,0.0595015429742276,0.0,3600.0,2476.54,7016400.0,0.05000590669480842,1.0,1.1085712884422896,792638.7051091876,2415400.949576049,0.0,0.0,0.9892022130243958,1.0,0.0,5.081766447599999e-06,0.9892022130243958,21035.340300440446,0.0,80480.273482799,101515.61378323945
2026-09-05 20:00:00+00:00,20709.41430120562,106.02699944747117,0.03599546192670267,563.0711789273143,0,0.0,0.0,1.1085757641362746,351110.01500003337,266839.8864032918,0,1656000.0,0.0595015429742276,0.0,3600.0,2476.49,7012800.0,0.0500059067435894,1.0,1.1085757641362746,792638.7051091876,2415400.949576049,0.0,0.0,0.9892077231782713,1.0,0.0,5.0818357512e-06,0.9892077231782713,21033.520251602964,0.0,80480.85211997991,101514.37237158288
2026-09-05 21:00:00+00:00,20708.3002479335,106.02699944747117,0.03599546192670267,561.9571256551952,0,0.0,0.0,1.1085802398483295,351110.01500003337,266841.2424591997,0,1652400.0,0.0595015429742276,0.0,3600.0,2487.97,7009200.0,0.050005906792420785,1.0,1.1085802398483295,792638.7051091876,2415400.949576049,0.0,0.0,0.98921323336284,1.0,0.0,5.081895666e-06,0.98921323336284,21033.20077735323,0.0,80481.43074505858,101514.6315224118
2026-09-05 22:00:00+00:00,20707.18979478048,106.02699944747117,0.03599546192670267,560.8466725021723,0,0.0,0.0,1.1085847155784543,351110.01500003337,266842.59853604727,0,1648800.0,0.0595015429742276,0.0,3600.0,2479.93,7005600.0,0.05000590684130213,1.0,1.1085847155784543,792638.7051091876,2415400.949576049,0.0,0.0,0.989218743578102,1.0,0.0,5.0819483124e-06,0.989218743578102,21030.334834966696,0.0,80482.0093599743,101512.34419494099
2026-09-05 23:00:00+00:00,20706.079681937223,106.02699944747117,0.03599546192670267,559.7365596589146,0,0.0,0.0,1.1085891913266492,351110.01500003337,266844.35113186395,0,1645200.0,0.0595015429742276,0.0,3600.0,2479.17,7002000.0,0.050005906890234764,1.0,1.1085891913266492,792638.7051091876,2415400.949576049,0.0,0.0,0.9892242538240574,1.0,0.0,6.5678796072e-06,0.9892242538240574,21028.420350378277,0.0,80482.19146669767,101510.61181707594
2026-09-06 00:00:00+00:00,20723.491241669453,106.02699944747117,0.03599546192670267,577.1481193911468,0,0.0,0.0,1.1085936670929144,351110.01500003337,266845.70805062173,0,1641600.0,0.0595015429742276,7.02e-05,3600.0,2489.03,6998400.0,0.05000590693921625,1.0,1.1085936670929144,792638.7051091876,2415400.949576049,0.0,0.0,0.9892297641007068,1.0,0.0,5.085044154e-06,0.9892297641007068,21046.405757406035,0.0,80482.76926125691,101529.17501866294
2026-09-06 01:00:00+00:00,20722.369710538016,106.02699944747117,0.03599546192670267,576.0265882597108,0,0.0,0.0,1.10859814287725,351110.01500003337,266847.06499044615,0,1638000.0,0.0595015429742276,0.0,3600.0,2504.67,6994800.0,0.05000590698824947,1.0,1.10859814287725,792638.7051091876,2415400.949576049,0.0,0.0,0.9892352744080499,1.0,0.0,5.0850972432e-06,0.9892352744080499,21046.60068743228,0.0,80483.34704552637,101529.94773295865
2026-09-06 02:00:00+00:00,20721.249231680198,106.02699944747117,0.03599546192670267,574.9061094018913,0,0.0,0.0,1.1086026186796556,351110.01500003337,266848.4219522031,0,1634400.0,0.060667606737642814,0.0,3600.0,2502.32,6991200.0,0.05000590703733221,1.0,1.1086026186796556,792638.7051091876,2415400.949576049,0.0,0.0,0.9892407847460873,1.0,0.0,5.085153576e-06,0.9892407847460873,21060.497758388443,0.0,80483.9248186404,101544.42257702885
2026-09-06 03:00:00+00:00,20720.125954222334,106.02699944747117,0.03599546192670267,573.7828319440281,0,0.0,0.0,1.1086070945001316,351110.01500003337,266849.78712035296,0,1630800.0,0.060667606737642814,0.0,3600.0,2508.57,6987600.0,0.05000590708646557,1.0,1.1086070945001316,792638.7051091876,2415400.949576049,0.0,0.0,0.9892462951148189,1.0,0.0,5.1158805732e-06,0.9892462951148189,21059.47270609295,0.0,80484.49439613853,101543.96710223149
2026-09-06 04:00:00+00:00,20719.00506341059,106.02699944747117,0.03599546192670267,572.6619411322821,0,0.0,0.0,1.1086115703587731,351110.01500003337,266851.1441783649,0,1627200.0,0.060667606737642814,0.0,3600.0,2503.24,6984000.0,0.050005737585602006,1.0,1.1086115703587731,792633.6520398665,2415405.458793545,0.0,0.0,0.9892518408904051,1.0,0.0,5.0854624092e-06,0.9892518408904051,21056.883281466267,0.0,80485.08451547584,101541.9677969421
2026-09-06 05:00:00+00:00,20717.88005753734,106.02699944747117,0.03599546192670267,571.5369352590319,0,0.0,0.0,1.1086160462153904,351110.01500003337,266852.50125792157,0,1623600.0,0.060667606737642814,0.0,3600.0,2512.43,6980400.0,0.05000573763483662,1.0,1.1086160462153904,792633.6520398665,2415405.458793545,0.0,0.0,0.9892573513024875,1.0,0.0,5.085517284e-06,0.9892573513024875,21056.248445820038,0.0,80485.66219678806,101541.9106426081
2026-09-06 06:00:00+00:00,20716.758544316945,106.02699944747117,0.03599546192670267,570.4154220386363,0,0.0,0.0,1.108621655050613,351110.01500003337,266853.8583591395,0,1620000.0,0.060667606737642814,0.0,3600.0,2504.63,6976800.0,0.05000573765125993,1.0,1.108621655050613,792633.6520398665,2415405.458793545,0.0,0.0,0.9892628617521141,1.0,0.0,5.085572594400001e-06,0.9892628617521141,21053.32851298265,0.0,80486.23986962117,101539.56838260383
2026-09-06 07:00:00+00:00,20715.64107003613,106.02699944747117,0.03599546192670267,569.2979477578236,0,0.0,0.0,1.1086250827283881,351110.01500003337,266855.21549935924,0,1616400.0,0.060667606737642814,0.0,3600.0,2495.61,6973200.0,0.050007753782211006,1.0,1.1086250827283881,792693.737740861,2415351.84440113,0.0,0.0,0.9892679522195122,1.0,0.0,5.085692884800001e-06,0.9892679522195122,21050.25369935447,0.0,80486.670043486,101536.92374284047
2026-09-06 08:00:00+00:00,20733.40734945365,106.02699944747117,0.03599546192670267,587.0642271753414,0,0.0,0.0,1.10862955863956,351110.01500003337,266856.57266088645,0,1612800.0,0.060667606737642814,7.14e-05,3600.0,2494.37,6969600.0,0.05000775383159839,1.0,1.10862955863956,792693.737740861,2415351.84440113,0.0,0.0,0.9892734629381703,1.0,0.0,5.0857468667999996e-06,0.9892734629381703,21067.108849535784,0.0,80487.24775046948,101554.35660000527
2026-09-06 09:00:00+00:00,20732.28880946594,106.02699944747117,0.03599546192670267,585.9456871876322,0,0.0,0.0,1.1086340345688024,351110.01500003337,266857.9298519689,0,1609200.0,0.060667606737642814,0.0,3600.0,2497.99,6966000.0,0.050007753881037065,1.0,1.1086340345688024,792693.737740861,2415351.84440113,0.0,0.0,0.9892789736875257,1.0,0.0,5.0858317548e-06,0.9892789736875257,21065.72864951699,0.0,80487.82543867588,101553.55408819288
2026-09-06 10:00:00+00:00,20731.16913660493,106.02699944747117,0.03599546192670267,584.8260143266252,0,0.0,0.0,1.1086385488350858,351110.01500003337,266859.287064247,0,1605600.0,0.059395600765662034,0.0,3600.0,2500.52,6962400.0,0.04966717854926683,1.0,1.1086385488350858,782588.3290268511,2424370.348270027,0.0,0.0,0.9893553410663273,1.0,0.0,5.0858853156e-06,0.9893553410663273,21047.030125240355,0.0,80513.28157791431,101560.31170315467
2026-09-06 11:00:00+00:00,20730.049418966322,106.02699944747117,0.03599546192670267,583.7062966880176,0,0.0,0.0,1.1086430258700506,351110.01500003337,266860.6443029213,0,1602000.0,0.059395600765662034,0.0,3600.0,2500.62,6958800.0,0.04965767526822917,1.0,1.1086430258700506,782307.6351730484,2424620.8522789534,0.0,0.0,0.9893627921887033,1.0,0.0,5.0859583632e-06,0.9893627921887033,21045.21480259673,0.0,80514.54050292919,101559.75530552592
2026-09-06 12:00:00+00:00,20728.930225225642,106.02699944747117,0.03599546192670267,582.5871029473382,0,0.0,0.0,1.1086475018536652,351110.01500003337,266862.0015655701,0,1598400.0,0.059395600765662034,0.0,3600.0,2499.45,6955200.0,0.04965767531746623,1.0,1.1086475018536652,782307.6351730484,2424620.8522789534,0.0,0.0,0.9893682657740758,1.0,0.0,5.0860223352e-06,0.9893682657740758,21043.2402425823,0.0,80515.10507092264,101558.34531350493
2026-09-06 13:00:00+00:00,20727.813646496845,106.02699944747117,0.03599546192670267,581.4705242185396,0,0.0,0.0,1.1086519778553507,351110.01500003337,266863.358849866,0,1594800.0,0.059395600765662034,0.0,3600.0,2493.61,6951600.0,0.04965767536675392,1.0,1.1086519778553507,782307.6351730484,2424620.8522789534,0.0,0.0,0.9893737393897305,1.0,0.0,5.0860775844e-06,0.9893737393897305,21040.683022673715,0.0,80515.66962790134,101556.35265057505
2026-09-06 14:00:00+00:00,20726.704424727843,106.02699944747117,0.03599546192670267,580.3613024495359,0,0.0,0.0,1.108656439043288,351110.01500003337,266864.71615853097,0,1591200.0,0.059395600765662034,0.0,3600.0,2477.18,6948000.0,0.049789482797073514,1.0,1.108656439043288,786206.9964978986,2421141.2373523973,0.0,0.0,0.989351843038283,1.0,0.0,5.0861430324e-06,0.989351843038283,21036.810756271807,0.0,80506.62429095124,101543.43504722304
2026-09-06 15:00:00+00:00,20725.59464323883,106.02699944747117,0.03599546192670267,579.2515209605234,0,0.0,0.0,1.108660915081056,351110.01500003337,266866.07349917607,0,1587600.0,0.059395600765662034,0.0,3600.0,2478.43,6944400.0,0.04978948284659812,1.0,1.108660915081056,786206.9964978986,2421141.2373523973,0.0,0.0,0.9893573307442816,1.0,0.0,5.086236999599999e-06,0.9893573307442816,21035.155504246188,0.0,80507.19373884163,101542.34924308781
2026-09-06 16:00:00+00:00,20729.353718175335,106.02699944747117,0.03599546192670267,583.0105958970277,0,0.0,0.0,1.1086653911368956,351110.01500003337,266867.4308615614,0,1584000.0,0.059395600765662034,1.85e-05,3600.0,2483.33,6940800.0,0.049789482896173354,1.0,1.1086653911368956,786206.9964978986,2421141.2373523973,0.0,0.0,0.9893628184807194,1.0,0.0,5.0862925944e-06,0.9893628184807194,21038.82325911129,0.0,80507.76317567931,101546.5864347906
2026-09-06 17:00:00+00:00,20728.23868427376,106.02699944747117,0.03599546192670267,581.8955619954531,0,0.0,0.0,1.1086698366628664,351110.01500003337,266868.78824783827,0,1580400.0,0.059395600765662034,0.0,3600.0,2490.16,6937200.0,0.05006100517812717,1.0,1.1086698366628664,794281.8588782693,2413936.0280827684,0.0,0.0,0.9893120241507208,1.0,0.0,5.086356249599999e-06,0.9893120241507208,21037.854097149597,0.0,80488.5713914347,101526.4254885843
2026-09-06 18:00:00+00:00,20727.122315999684,106.02699944747117,0.03599546192670267,580.7791937213779,0,0.0,0.0,1.1086743604837332,351110.01500003337,266870.1456555638,0,1576800.0,0.059395600765662034,0.0,3600.0,2493.14,6933600.0,0.04963680340204424,1.0,1.1086743604837332,781691.9603545122,2425171.9954476506,0.0,0.0,0.9894054335647671,1.0,0.0,5.08641075e-06,0.9894054335647671,21036.402130516162,0.0,80520.0109644761,101556.41309499225
2026-09-06 19:00:00+00:00,20726.007514941633,106.02699944747117,0.03599546192670267,579.664392663327,0,0.0,0.0,1.108678836593857,351110.01500003337,266871.50309008773,0,1573200.0,0.059395600765662034,0.0,3600.0,2489.64,6930000.0,0.04963680345161792,1.0,1.108678836593857,781691.9603545122,2425171.9954476506,0.0,0.0,0.9894109051401169,1.0,0.0,5.0864852952e-06,0.9894109051401169,21034.148019306976,0.0,80520.5746548553,101554.72267416227
2026-09-06 20:00:00+00:00,20724.888737632642,106.02699944747117,0.03599546192670267,578.5456153543341,0,0.0,0.0,1.1086833127220517,351110.01500003337,266872.86054614926,0,1569600.0,0.059395600765662034,0.0,3600.0,2498.52,6926400.0,0.04963680350124311,1.0,1.1086833127220517,781691.9603545122,2425171.9954476506,0.0,0.0,0.9894163767457254,1.0,0.0,5.0865401268e-06,0.9894163767457254,21033.42066956826,0.0,80521.13833432103,101554.5590038893
2026-09-06 21:00:00+00:00,20723.766073627907,106.02699944747117,0.03599546192670267,577.4229513496005,0,0.0,0.0,1.1086877888683182,351110.01500003337,266874.2180315212,0,1566000.0,0.059395600765662034,0.0,3600.0,2507.2,6922800.0,0.04963680355092093,1.0,1.1086877888683182,781691.9603545122,2425171.9954476506,0.0,0.0,0.9894218483815925,1.0,0.0,5.0866240824e-06,0.9894218483815925,21032.659762536514,0.0,80521.70199510048,101554.36175763699
2026-09-06 22:00:00+00:00,20722.643512611656,106.02699944747117,0.03599546192670267,576.3003903333484,0,0.0,0.0,1.1086922650326567,351110.01500003337,266875.57553838333,0,1562400.0,0.059395600765662034,0.0,3600.0,2506.97,6919200.0,0.04963680360065004,1.0,1.1086922650326567,781691.9603545122,2425171.9954476506,0.0,0.0,0.9894273200477188,1.0,0.0,5.086678734e-06,0.9894273200477188,21030.79882961768,0.0,80522.26564501406,101553.06447463174
2026-09-06 23:00:00+00:00,20721.518041051357,106.02699944747117,0.03599546192670267,575.174918773051,0,0.0,0.0,1.1086967412150672,351110.01500003337,266876.93306701933,0,1558800.0,0.059395600765662034,0.0,3600.0,2513.47,6915600.0,0.04963680365043022,1.0,1.1086967412150672,781691.9603545122,2425171.9954476506,0.0,0.0,0.9894327917441046,1.0,0.0,5.0867344476e-06,0.9894327917441046,21029.760458083925,0.0,80522.82928377815,101552.58974186207
2026-09-07 00:00:00+00:00,20738.37915594278,106.02699944747117,0.03599546192670267,592.0360336644753,0,0.0,0.0,1.1087012174155493,351110.01500003337,266878.29062848975,0,1555200.0,0.059395600765662034,6.753e-05,3600.0,2512.0,6912000.0,0.04963680370026369,1.0,1.1087012174155493,781691.9603545122,2425171.9954476506,0.0,0.0,0.9894382634707494,1.0,0.0,5.0868316044e-06,0.9894382634707494,21045.7298378452,0.0,80523.39290033205,101569.12273817725
2026-09-07 01:00:00+00:00,20737.258448719196,106.02699944747117,0.03599546192670267,590.9153264408923,0,0.0,0.0,1.1087056936341038,351110.01500003337,266879.64821466024,0,1551600.0,0.059395600765662034,0.0,3600.0,2502.83,6908400.0,0.049636803750147784,1.0,1.1087056936341038,781691.9603545122,2425171.9954476506,0.0,0.0,0.9894437352276539,1.0,0.0,5.086898279999999e-06,0.9894437352276539,21042.778291065835,0.0,80523.95650281041,101566.73479387624
2026-09-07 02:00:00+00:00,20736.134168243076,106.02699944747117,0.03599546192670267,589.7910459647734,0,0.0,0.0,1.10871016987073,351110.01500003337,266881.005829967,0,1548000.0,0.059395600765662034,0.0,3600.0,2510.81,6904800.0,0.04963680380008473,1.0,1.10871016987073,781691.9603545122,2425171.9954476506,0.0,0.0,0.989449207014818,1.0,0.0,5.0869815768e-06,0.989449207014818,21041.91700435178,0.0,80524.52008677687,101566.43709112865
2026-09-07 03:00:00+00:00,20735.01651485186,106.02699944747117,0.03599546192670267,588.673392573558,0,0.0,0.0,1.1087146461254285,351110.01500003337,266882.3634700657,0,1544400.0,0.059395600765662034,0.0,3600.0,2496.01,6901200.0,0.049636803850074074,1.0,1.1087146461254285,781691.9603545122,2425171.9954476506,0.0,0.0,0.989454678832242,1.0,0.0,5.087048594399999e-06,0.989454678832242,21038.289979171852,0.0,80525.083656576,101563.37363574785
2026-09-07 04:00:00+00:00,20733.89849428432,106.02699944747117,0.03599546192670267,587.5553720060169,0,0.0,0.0,1.1087191223981991,351110.01500003337,266883.7211315018,0,1540800.0,0.059395600765662034,0.0,3600.0,2496.83,6897600.0,0.049636803900114934,1.0,1.1087191223981991,781691.9603545122,2425171.9954476506,0.0,0.0,0.9894601506799261,1.0,0.0,5.0871026663999996e-06,0.9894601506799261,21036.564427918074,0.0,80525.64721566235,101562.21164358042
2026-09-07 05:00:00+00:00,20732.777522872893,106.02699944747117,0.03599546192670267,586.4344005945896,0,0.0,0.0,1.1087236017792832,351110.01500003337,266885.078817521,0,1537200.0,0.059395600765662034,0.0,3600.0,2503.42,6894000.0,0.04960934589489541,1.0,1.1087236017792832,780881.8713611581,2425894.9830863373,0.0,0.0,0.9894712810801445,1.0,0.0,5.0871688992e-06,0.9894712810801445,21035.533266991533,0.0,80528.19752463076,101563.73079162229
2026-09-07 06:00:00+00:00,20731.659488872072,106.02699944747117,0.03599546192670267,585.3163665937683,0,0.0,0.0,1.1087280780882107,351110.01500003337,266886.4446968981,0,1533600.0,0.059395600765662034,0.0,3600.0,2496.86,6890400.0,0.04960934594501332,1.0,1.1087280780882107,780881.8713611581,2425894.9830863373,0.0,0.0,0.9894767500647805,1.0,0.0,5.1178428108e-06,0.9894767500647805,21032.91471532209,0.0,80528.75186053128,101561.66657585336
2026-09-07 07:00:00+00:00,20730.545422166673,106.02699944747117,0.03599546192670267,584.2022998883689,0,0.0,0.0,1.1087325544152113,351110.01500003337,266887.80245707696,0,1530000.0,0.059395600765662034,0.0,3600.0,2488.0,6886800.0,0.04960934599518296,1.0,1.1087325544152113,780881.8713611581,2425894.9830863373,0.0,0.0,0.9894822190796447,1.0,0.0,5.087394853199999e-06,0.9894822190796447,21030.026994917116,0.0,80529.31432624342,101559.34132116054
2026-09-07 08:00:00+00:00,20731.978215973166,106.02699944747117,0.03599546192670267,585.6350936948597,0,0.0,0.0,1.108737030760284,351110.01500003337,266889.16022260295,0,1526400.0,0.059395600765662034,9.65e-06,3600.0,2490.15,6883200.0,0.04960934604540479,1.0,1.108737030760284,780881.8713611581,2425894.9830863373,0.0,0.0,0.9894876881247372,1.0,0.0,5.0873890068e-06,0.9894876881247372,21031.01331364201,0.0,80529.87679722189,101560.8901108639
2026-09-07 09:00:00+00:00,20730.86621799292,106.02699944747117,0.03599546192670267,584.5230957146126,0,0.0,0.0,1.1087415071234294,351110.01500003337,266890.5180289635,0,1522800.0,0.059395600765662034,0.0,3600.0,2483.38,6879600.0,0.04960934609568035,1.0,1.1087415071234294,780881.8713611581,2425894.9830863373,0.0,0.0,0.9894931572000579,1.0,0.0,5.0875161264000006e-06,0.9894931572000579,21028.3849714088,0.0,80530.43923797924,101558.82420938804
2026-09-07 10:00:00+00:00,20729.75225875376,106.02699944747117,0.03599546192670267,583.4091364754549,0,0.0,0.0,1.1087459835046474,351110.01500003337,266891.8758533542,0,1519200.0,0.05801931567064106,0.0,3600.0,2487.76,6876000.0,0.04960934614600743,1.0,1.1087459835046474,780881.8713611581,2425894.9830863373,0.0,0.0,0.9894986263056074,1.0,0.0,5.0875578000000004e-06,0.9894986263056074,21009.60309619965,0.0,80531.00167132,101540.60476751966
2026-09-07 11:00:00+00:00,20728.638205481642,106.02699944747117,0.03599546192670267,582.2950832033358,0,0.0,0.0,1.1087504599424927,351110.01500003337,266893.23370389716,0,1515600.0,0.05801931567064106,0.0,3600.0,2487.97,6872400.0,0.049609003634325965,1.0,1.1087504599424927,780871.7688504463,2425903.999445989,0.0,0.0,0.9895041658184387,1.0,0.0,5.0876299044000006e-06,0.9895041658184387,21007.849456434506,0.0,80531.58879921038,101539.43825564488
2026-09-07 12:00:00+00:00,20727.51680420525,106.02699944747117,0.03599546192670267,581.1736819269419,0,0.0,0.0,1.1087549363598566,351110.01500003337,266894.59157585195,0,1512000.0,0.05801931567064106,0.0,3600.0,2504.38,6868800.0,0.04960900368475896,1.0,1.1087549363598566,780871.7688504463,2425903.999445989,0.0,0.0,0.9895096349479685,1.0,0.0,5.0876842464e-06,0.9895096349479685,21007.902075630405,0.0,80532.15119340678,101540.05326903719
2026-09-07 13:00:00+00:00,20726.39832242842,106.02699944747117,0.03599546192670267,580.0552001501136,0,0.0,0.0,1.1087594127952933,351110.01500003337,266895.94947190053,0,1508400.0,0.05801931567064106,0.0,3600.0,2497.86,6865200.0,0.04960900373295152,1.0,1.1087594127952933,780871.7689770682,2425904.000094129,0.0,0.0,0.9895151041081977,1.0,0.0,5.087748636e-06,0.9895151041081977,21005.38778200037,0.0,80532.7135742883,101538.10135628867
2026-09-07 14:00:00+00:00,20725.283772124934,106.02699944747117,0.03599546192670267,578.9406498466267,0,0.0,0.0,1.1087638892488028,351110.01500003337,266897.30738951714,0,1504800.0,0.05918374812775066,0.0,3600.0,2489.08,6861600.0,0.0496090037834902,1.0,1.1087638892488028,780871.7689770682,2425904.000094129,0.0,0.0,0.9895205732981848,1.0,0.0,5.0878035612e-06,0.9895205732981848,21017.292716251657,0.0,80533.27594405011,101550.56866030177
2026-09-07 15:00:00+00:00,20724.178217641427,106.02699944747117,0.03599546192670267,577.8350953631202,0,0.0,0.0,1.1087683657203855,351110.01500003337,266898.65034596686,0,1501200.0,0.05918374812775066,0.0,3600.0,2468.99,6858000.0,0.04960900383408173,1.0,1.1087683657203855,780871.7689770682,2425904.000094129,0.0,0.0,0.9895260425184009,1.0,0.0,5.031722066399999e-06,0.9895260425184009,21013.137335522,0.0,80533.85328559257,101546.99062111457
2026-09-07 16:00:00+00:00,20730.589933714506,106.02699944747117,0.03599546192670267,584.2468114361974,0,0.0,0.0,1.108772842210041,351110.01500003337,266900.0084816544,0,1497600.0,0.05918374812775066,2.859e-05,3600.0,2481.76,6854400.0,0.049609003884727,1.0,1.108772842210041,780871.7689770682,2425904.000094129,0.0,0.0,0.989531511768846,1.0,0.0,5.088569126399999e-06,0.989531511768846,21020.347061504373,0.0,80534.4154585108,101554.76252001518
2026-09-07 17:00:00+00:00,20729.473041542504,106.02699944747117,0.03599546192670267,583.1299192641939,0,0.0,0.0,1.108777371596065,351110.01500003337,266901.36664105515,0,1494000.0,0.05918374812775066,0.0,3600.0,2494.31,6850800.0,0.04913929287794927,1.0,1.108777371596065,767105.5480703462,2438191.4773403886,0.0,0.0,0.9896332061241931,1.0,0.0,5.088632079599999e-06,0.9896332061241931,21019.995386889816,0.0,80568.76320574142,101588.75859263123
2026-09-07 18:00:00+00:00,20728.357770319646,106.02699944747117,0.03599546192670267,582.0146480413357,0,0.0,0.0,1.1087818481220804,351110.01500003337,266902.72480736714,0,1490400.0,0.05918374812775066,0.0,3600.0,2490.69,6847200.0,0.049139292928209066,1.0,1.1087818481220804,767105.5480703462,2438191.4773403886,0.0,0.0,0.9896386253993693,1.0,0.0,5.088632079599999e-06,0.9896386253993693,21017.75944181351,0.0,80569.30780121783,101587.06724303134
2026-09-07 19:00:00+00:00,20727.24071247052,106.02699944747117,0.03599546192670267,580.8975901922096,0,0.0,0.0,1.108786324666169,351110.01500003337,266904.082995547,0,1486800.0,0.05918374812775066,0.0,3600.0,2494.68,6843600.0,0.04913929297852171,1.0,1.108786324666169,767105.5480703462,2438191.4773403886,0.0,0.0,0.9896440447042218,1.0,0.0,5.0886881172e-06,0.9896440447042218,21016.405837832997,0.0,80569.85238524602,101586.25822307901
2026-09-07 20:00:00+00:00,20726.12389194268,106.02699944747117,0.03599546192670267,579.7807696643672,0,0.0,0.0,1.1087908012283316,351110.01500003337,266905.44120576413,0,1483200.0,0.05918374812775066,0.0,3600.0,2494.15,6840000.0,0.04913929302888764,1.0,1.1087908012283316,767105.5480703462,2438191.4773403886,0.0,0.0,0.9896494640387505,1.0,0.0,5.0887447884e-06,0.9896494640387505,21014.527574629028,0.0,80570.39695765654,101584.92453228557
2026-09-07 21:00:00+00:00,20725.008893863185,106.02699944747117,0.03599546192670267,578.6657715848733,0,0.0,0.0,1.1087952778085672,351110.01500003337,266906.7994376979,0,1479600.0,0.05918374812775066,0.0,3600.0,2490.08,6836400.0,0.04913929307930598,1.0,1.1087952778085672,767105.5480703462,2438191.4773403886,0.0,0.0,0.9896548834029559,1.0,0.0,5.0888002572e-06,0.9896548834029559,21012.243087446528,0.0,80570.94151877024,101583.18460621676
2026-09-07 22:00:00+00:00,20723.89765262439,106.02699944747117,0.03599546192670267,577.554530346078,0,0.0,0.0,1.1087997544068762,351110.01500003337,266908.15763337736,0,1476000.0,0.05918374812775066,0.0,3600.0,2481.69,6832800.0,0.049139293129777606,1.0,1.1087997544068762,767105.5480703462,2438191.4773403886,0.0,0.0,0.9896603027968379,1.0,0.0,5.088638530799999e-06,0.9896603027968379,21009.467536119937,0.0,80571.48612655798,101580.95366267792
2026-09-07 23:00:00+00:00,20722.783173965065,106.02699944747117,0.03599546192670267,576.4400516867522,0,0.0,0.0,1.1088042407991479,351110.01500003337,266909.8661373812,0,1472400.0,0.05918374812775066,0.0,3600.0,2488.92,6829200.0,0.04905248035410881,1.0,1.1088042407991479,764580.0263972011,2440445.7715010224,0.0,0.0,0.9896834569411788,1.0,0.0,6.401072754e-06,0.9896834569411788,21008.486477763803,0.0,80577.90727452096,101586.39375228476
2026-09-08 00:00:00+00:00,20732.864423685704,106.02699944747117,0.03599546192670267,586.5213014073894,0,0.0,0.0,1.1088087321412803,351110.01500003337,266911.60654296144,0,1468800.0,0.05918374812775066,4.234e-05,3600.0,2494.49,6825600.0,0.04892188624567617,1.0,1.1088087321412803,760791.8603574625,2443827.2033057353,0.0,0.0,0.9897155352585126,1.0,0.0,6.520552916399999e-06,0.9897155352585126,21018.507003817485,0.0,80587.42988742096,101605.93689123845
2026-09-08 01:00:00+00:00,20731.743492574118,106.02699944747117,0.03599546192670267,585.4003702958028,0,0.0,0.0,1.1088132087939093,351110.01500003337,266913.1269362408,0,1465200.0,0.05918374812775066,0.0,3600.0,2503.33,6822000.0,0.04892188629607874,1.0,1.1088132087939093,760791.8603574625,2443827.2033057353,0.0,0.0,0.9897209315695804,1.0,0.0,5.6962264356e-06,0.9897209315695804,21017.695750497016,0.0,80587.80419300153,101605.49994349855
2026-09-08 02:00:00+00:00,20730.63147220507,106.02699944747117,0.03599546192670267,584.2883499267554,0,0.0,0.0,1.1088176854646121,351110.01500003337,266914.5074875679,0,1461600.0,0.05918374812775066,0.0,3600.0,2483.43,6818400.0,0.04892188634653505,1.0,1.1088176854646121,760791.8603574625,2443827.2033057353,0.0,0.0,0.9897263279100708,1.0,0.0,5.172273737999999e-06,0.9897263279100708,21013.613577733624,0.0,80588.31835086498,101601.93192859861
2026-09-08 03:00:00+00:00,20729.51878912753,106.02699944747117,0.03599546192670267,583.1756668492176,0,0.0,0.0,1.1088221621533891,351110.01500003337,266915.8636688041,0,1458000.0,0.05918374812775066,0.0,3600.0,2484.91,6814800.0,0.04892188639704398,1.0,1.1088221621533891,760791.8603574625,2443827.2033057353,0.0,0.0,0.9897317242799842,1.0,0.0,5.0809444704e-06,0.9897317242799842,21011.972122192314,0.0,80588.85688915005,101600.82901134236
2026-09-08 04:00:00+00:00,20728.409285259644,106.02699944747117,0.03599546192670267,582.0661629813295,0,0.0,0.0,1.10882663886024,351110.01500003337,266917.58505017747,0,1454400.0,0.05918374812775066,0.0,3600.0,2477.81,6811200.0,0.04892188644760642,1.0,1.10882663886024,760791.8603574625,2443827.2033057353,0.0,0.0,0.9897371206793208,1.0,0.0,6.4491326928e-06,0.9897371206793208,21009.360156623694,0.0,80589.03023762873,101598.39039425242
2026-09-08 05:00:00+00:00,20727.302279981875,106.02699944747117,0.03599546192670267,580.9591577035604,0,0.0,0.0,1.108831124395347,351110.01500003337,266918.94109817717,0,1450800.0,0.053795796664282886,0.0,3600.0,2472.23,6807600.0,0.04884366722659794,1.0,1.108831124395347,758529.3374111371,2445846.846587598,0.0,0.0,0.9897584501962297,1.0,0.0,5.0803867224e-06,0.9897584501962297,20941.954039418157,0.0,80595.16319663083,101537.11723604899
2026-09-08 06:00:00+00:00,20726.19749119534,106.02699944747117,0.03599546192670267,579.854368917026,0,0.0,0.0,1.1088356011383815,351110.01500003337,266920.66844583536,0,1447200.0,0.04948418652778884,0.0,3600.0,2467.28,6804000.0,0.04884366727718481,1.0,1.1088356011383815,758529.3374111371,2445846.846587598,0.0,0.0,0.9897638383154412,1.0,0.0,6.471410615999999e-06,0.9897638383154412,20888.127650867613,0.0,80595.3276715898,101483.4553224574
2026-09-08 07:00:00+00:00,20725.08775896169,106.02699944747117,0.03599546192670267,578.7446366833743,0,0.0,0.0,1.1088400778994905,351110.01500003337,266922.0391091554,0,1443600.0,0.04948418652778884,0.0,3600.0,2478.32,6800400.0,0.04884366732782475,1.0,1.1088400778994905,758529.3374111371,2445846.846587598,0.0,0.0,0.9897692264639852,1.0,0.0,5.1350830524e-06,0.9897692264639852,20887.337871601005,0.0,80595.84884118586,101483.18671278686
2026-09-08 08:00:00+00:00,20722.69459448028,106.02699944747117,0.03599546192670267,576.3514722019627,0,0.0,0.0,1.1088445546786732,351110.01500003337,266923.40163500636,0,1440000.0,0.04948418652778884,-4.89e-06,3600.0,2476.76,6796800.0,0.04884366737851864,1.0,1.1088445546786732,758529.3374111371,2445846.846587598,0.0,0.0,0.9897746146418614,1.0,0.0,5.1045705252e-06,0.9897746146418614,20884.438218320603,0.0,80596.37815854984,101480.81637687044
2026-09-08 09:00:00+00:00,20721.57926504654,106.02699944747117,0.03599546192670267,575.2361427682235,0,0.0,0.0,1.1088490314759303,351110.01500003337,266924.7641828644,0,1436400.0,0.04948418652778884,0.0,3600.0,2490.82,6793200.0,0.04884366742926738,1.0,1.1088490314759303,758529.3374111371,2445846.846587598,0.0,0.0,0.9897800028490701,1.0,0.0,5.1046269156000006e-06,0.9897800028490701,20883.8344159296,0.0,80596.9074642057,101480.74188013529
2026-09-08 10:00:00+00:00,20720.468722338315,106.02699944747117,0.03599546192670267,574.1256000599992,0,0.0,0.0,1.108853508291262,351110.01500003337,266926.1267522148,0,1432800.0,0.04948418652778884,0.0,3600.0,2480.13,6789600.0,0.04884366748006874,1.0,1.108853508291262,758529.3374111371,2445846.846587598,0.0,0.0,0.9897853910856116,1.0,0.0,5.1046813764e-06,0.9897853910856116,20881.622603911874,0.0,80597.43675866816,101479.05936258004
2026-09-08 11:00:00+00:00,20719.36121555142,106.02699944747117,0.03599546192670267,573.0180932731023,0,0.0,0.0,1.108857985124668,351110.01500003337,266927.4893602326,0,1429200.0,0.04948418652778884,0.0,3600.0,2473.35,6786000.0,0.048843667530924284,1.0,1.108857985124668,758529.3374111371,2445846.846587598,0.0,0.0,0.989790779351486,1.0,0.0,5.10480018e-06,0.989790779351486,20879.670743961633,0.0,80597.96602476237,101477.636768724
2026-09-08 12:00:00+00:00,20718.254438639415,106.02699944747117,0.03599546192670267,571.9113163610967,0,0.0,0.0,1.1088624619761493,351110.01500003337,266928.85198952915,0,1425600.0,0.04948418652778884,0.0,3600.0,2471.72,6782400.0,0.04884366758183423,1.0,1.1088624619761493,758529.3374111371,2445846.846587598,0.0,0.0,0.9897961676466933,1.0,0.0,5.104853838e-06,0.9897961676466933,20878.05478280656,0.0,80598.49527987686,101476.55006268343
2026-09-08 13:00:00+00:00,20717.153639537104,106.02699944747117,0.03599546192670267,570.8105172587846,0,0.0,0.0,1.1088669388457044,351110.01500003337,266930.21464296634,0,1422000.0,0.04948418652778884,0.0,3600.0,2458.37,6778800.0,0.04884366763279813,1.0,1.1088669388457044,758529.3374111371,2445846.846587598,0.0,0.0,0.9898015559712339,1.0,0.0,5.1049182168e-06,0.9898015559712339,20875.68952982667,0.0,80599.02452114993,101474.7140509766
2026-09-08 14:00:00+00:00,20716.040996759406,106.02699944747117,0.03599546192670267,569.6978744810874,0,0.0,0.0,1.1088714157333348,351110.01500003337,266931.57731998723,0,1418400.0,0.05158520269172078,0.0,3600.0,2484.82,6775200.0,0.04884366768381576,1.0,1.1088714157333348,758529.3374111371,2445846.846587598,0.0,0.0,0.9898069443251079,1.0,0.0,5.1049805076e-06,0.9898069443251079,20900.77311677124,0.0,80599.55374913855,101500.3268659098
2026-09-08 15:00:00+00:00,20714.922555282417,106.02699944747117,0.03599546192670267,568.5794330040998,0,0.0,0.0,1.1088758773974274,351110.01500003337,266932.94001829246,0,1414800.0,0.053795796664282886,0.0,3600.0,2497.77,6771600.0,0.04884649581126266,1.0,1.1088758773974274,758608.4921387044,2445776.1939662104,0.0,0.0,0.9898117596257291,1.0,0.0,5.1050341836e-06,0.9898117596257291,20926.41045768212,0.0,80599.8817511067,101526.29220878883
2026-09-08 16:00:00+00:00,20727.62321020963,106.02699944747117,0.03599546192670267,581.2800879313131,0,0.0,0.0,1.1088803692542448,351110.01500003337,266934.31093583314,0,1411200.0,0.053795796664282886,5.222e-05,3600.0,2495.73,6768000.0,0.04884640717699895,1.0,1.1088803692542448,758608.4921387044,2445776.1939662104,0.0,0.0,0.9898171663015811,1.0,0.0,5.135799351600001e-06,0.9898171663015811,20938.400686763147,0.0,80600.40917160554,101538.80985836868
2026-09-08 17:00:00+00:00,20726.509456947435,106.02699944747117,0.03599546192670267,580.1663346691187,0,0.0,0.0,1.108884846196098,351110.01500003337,266935.67370864225,0,1407600.0,0.053795796664282886,0.0,3600.0,2487.3,6764400.0,0.048846407228182676,1.0,1.108884846196098,758608.4921387044,2445776.1939662104,0.0,0.0,0.9898225550355533,1.0,0.0,5.1052610124e-06,0.9898225550355533,20936.039094400596,0.0,80600.9384372622,101536.9775316628
2026-09-08 18:00:00+00:00,20725.39642908237,106.02699944747117,0.03599546192670267,579.0533068040555,0,0.0,0.0,1.1088893231560264,351110.01500003337,266937.03650781367,0,1404000.0,0.053795796664282886,0.0,3600.0,2485.68,6760800.0,0.04884640727942169,1.0,1.1088893231560264,758608.4921387044,2445776.1939662104,0.0,0.0,0.9898279437988625,1.0,0.0,5.1053337072e-06,0.9898279437988625,20934.254065669156,0.0,80601.46768685716,101535.72175252631
2026-09-08 19:00:00+00:00,20724.28550128678,106.02699944747117,0.03599546192670267,577.9423790084652,0,0.0,0.0,1.10889380013403,351110.01500003337,266938.39932871476,0,1400400.0,0.053795796664282886,0.0,3600.0,2480.99,6757200.0,0.04884640733071488,1.0,1.10889380013403,758608.4921387044,2445776.1939662104,0.0,0.0,0.9898333325915092,1.0,0.0,5.1053890464e-06,0.9898333325915092,20932.214541735528,0.0,80601.99692502304,101534.21146675857
2026-09-08 20:00:00+00:00,20723.174143626224,106.02699944747117,0.03599546192670267,576.8310213479082,0,0.0,0.0,1.1088982771301084,351110.01500003337,266939.7621721713,0,1396800.0,0.053795796664282886,0.0,3600.0,2481.95,6753600.0,0.04884640738206203,1.0,1.1088982771301084,758608.4921387044,2445776.1939662104,0.0,0.0,0.9898387214134935,1.0,0.0,5.105447478e-06,0.9898387214134935,20930.648911834014,0.0,80602.52615093422,101533.17506276823
2026-09-08 21:00:00+00:00,20722.062803876706,106.02699944747117,0.03599546192670267,575.7196815983914,0,0.0,0.0,1.108902755563801,351110.01500003337,266941.1250371621,0,1393200.0,0.053795796664282886,0.0,3600.0,2481.91,6750000.0,0.04883380569846163,1.0,1.108902755563801,758244.4315483382,2446101.180741231,0.0,0.0,0.9898466558379825,1.0,0.0,5.1055020828e-06,0.9898466558379825,20928.99950818026,0.0,80603.94914184482,101532.94865002508
2026-09-08 22:00:00+00:00,20720.948705826988,106.02699944747117,0.03599546192670267,574.6055835486716,0,0.0,0.0,1.1089072292615216,351110.01500003337,266942.4879236297,0,1389600.0,0.053795796664282886,0.0,3600.0,2488.07,6746400.0,0.048863407504252,1.0,1.1089072292615216,759099.8211625849,2445337.662486973,0.0,0.0,0.9898460669825492,1.0,0.0,5.1055564716e-06,0.9898460669825492,20927.862971321192,0.0,80602.3795023372,101530.24247365838
2026-09-08 23:00:00+00:00,20719.836488436496,106.02699944747117,0.03599546192670267,573.4933661581811,0,0.0,0.0,1.1089117063118181,351110.01500003337,266943.85083163105,0,1386000.0,0.053795796664282886,0.0,3600.0,2483.87,6742800.0,0.048863407555782334,1.0,1.1089117063118181,759099.8211625849,2445337.662486973,0.0,0.0,0.9898514577053286,1.0,0.0,5.1056110728e-06,0.9898514577053286,20925.86632874506,0.0,80602.90933109174,101528.7756598368
2026-09-09 00:00:00+00:00,20732.515008893013,106.02699944747117,0.03599546192670267,586.1718866146965,0,0.0,0.0,1.1089161833801904,351110.01500003337,266945.21376115107,0,1382400.0,0.053795796664282886,5.214e-05,3600.0,2495.54,6739200.0,0.04886340760736885,1.0,1.1089161833801904,759099.8211625849,2445337.662486973,0.0,0.0,0.9898568484574657,1.0,0.0,5.105665616399999e-06,0.9898568484574657,20938.97518527625,0.0,80603.43914863549,101542.41433391173
2026-09-09 01:00:00+00:00,20731.397033103072,106.02699944747117,0.03599546192670267,585.0539108247561,0,0.0,0.0,1.108920660466638,351110.01500003337,266946.57671505475,0,1378800.0,0.053795796664282886,0.0,3600.0,2496.73,6735600.0,0.048863407659009095,1.0,1.108920660466638,759099.8211625849,2445337.662486973,0.0,0.0,0.9898622392389613,1.0,0.0,5.1057308916000005e-06,0.9898622392389613,20937.417747074967,0.0,80603.96895210358,101541.38669917855
2026-09-09 02:00:00+00:00,20730.280888717,106.02699944747117,0.03599546192670267,583.9377664386843,0,0.0,0.0,1.1089251375711613,351110.01500003337,266947.947891665,0,1375200.0,0.053795796664282886,0.0,3600.0,2492.64,6732000.0,0.048863407710706186,1.0,1.1089251375711613,759099.8211625849,2445337.662486973,0.0,0.0,0.9898676300498149,1.0,0.0,5.1365074824e-06,0.9898676300498149,20935.42707944927,0.0,80604.49054317304,101539.9176226223
2026-09-09 03:00:00+00:00,20729.16691604456,106.02699944747117,0.03599546192670267,582.8237937662465,0,0.0,0.0,1.10892961469376,351110.01500003337,266949.3109193441,0,1371600.0,0.053795796664282886,0.0,3600.0,2487.79,6728400.0,0.0488634077624579,1.0,1.10892961469376,759099.8211625849,2445337.662486973,0.0,0.0,0.9898730208900272,1.0,0.0,5.1059549628e-06,0.9898730208900272,20933.37796104874,0.0,80605.0202934817,101538.39825453045
2026-09-09 04:00:00+00:00,20728.043589331337,106.02699944747117,0.03599546192670267,581.7004670530225,0,0.0,0.0,1.1089340918344346,351110.01500003337,266950.6739690516,0,1368000.0,0.053795796664282886,0.0,3600.0,2508.68,6724800.0,0.048863407814265125,1.0,1.1089340918344346,759099.8211625849,2445337.662486973,0.0,0.0,0.9898784117595979,1.0,0.0,5.106011410800001e-06,0.9898784117595979,20933.428909043636,0.0,80605.55003207002,101538.97894111366
2026-09-09 05:00:00+00:00,20726.926186694687,106.02699944747117,0.03599546192670267,580.583064416371,0,0.0,0.0,1.1089385689931848,351110.01500003337,266952.0370403102,0,1364400.0,0.05495558081059005,0.0,3600.0,2495.45,6721200.0,0.04886340786612742,1.0,1.1089385689931848,759099.8211625849,2445337.662486973,0.0,0.0,0.9898838026585276,1.0,0.0,5.1060660696e-06,0.9898838026585276,20943.967047686427,0.0,80606.07975941547,101550.0468071019
2026-09-09 06:00:00+00:00,20725.806724288403,106.02699944747117,0.03599546192670267,579.4636020100874,0,0.0,0.0,1.1089430451996989,351110.01500003337,266953.4001324935,0,1360800.0,0.05495558081059005,0.0,3600.0,2500.05,6717600.0,0.048872021629153606,1.0,1.1089430451996989,759348.8450817275,2445115.3830683655,0.0,0.0,0.9898874619240418,1.0,0.0,5.1061183812e-06,0.9898874619240418,20942.673945807786,0.0,80606.00147200172,101548.67541780951
2026-09-09 07:00:00+00:00,20724.683034876613,106.02699944747117,0.03599546192670267,578.3399125982977,0,0.0,0.0,1.108947522394597,351110.01500003337,266954.7632475257,0,1357200.0,0.05907783769628644,0.0,3600.0,2509.49,6714000.0,0.048872021681137356,1.0,1.108947522394597,759348.8450817275,2445115.3830683655,0.0,0.0,0.989892853800269,1.0,0.0,5.106177899999999e-06,0.989892853800269,20988.99674532812,0.0,80606.53149871255,101595.52824404067
2026-09-09 08:00:00+00:00,20746.358549266104,106.02699944747117,0.03599546192670267,600.0154269877879,0,0.0,0.0,1.1089519996075712,351110.01500003337,266956.1263839974,0,1353600.0,0.05907783769628644,8.538e-05,3600.0,2519.0,6710400.0,0.04887202173317595,1.0,1.1089519996075712,759348.8450817275,2445115.3830683655,0.0,0.0,0.9898982457058658,1.0,0.0,5.1062321375999995e-06,0.9898982457058658,21010.9701525557,0.0,80607.06151429587,101618.03166685157
2026-09-09 09:00:00+00:00,20745.243976573816,106.02699944747117,0.03599546192670267,598.9008542955006,0,0.0,0.0,1.1089564768386215,351110.01500003337,266957.4895559591,0,1350000.0,0.055166587751613365,0.0,3600.0,2489.13,6706800.0,0.04887202178527161,1.0,1.1089564768386215,759348.8450817275,2445115.3830683655,0.0,0.0,0.9899036376408319,1.0,0.0,5.1063390072e-06,0.9899036376408319,20961.834190062535,0.0,80607.59150470095,101569.42569476349
2026-09-09 10:00:00+00:00,20744.13067108763,106.02699944747117,0.03599546192670267,597.7875488093131,0,0.0,0.0,1.1089609540877483,351110.01500003337,266958.8855714246,0,1346400.0,0.054533693508445925,0.0,3600.0,2486.3,6703200.0,0.048872021837422785,1.0,1.1089609540877483,759348.8450817275,2445115.3830683655,0.0,0.0,0.9899090296051677,1.0,0.0,5.229341261999999e-06,0.9899090296051677,20952.774623065638,0.0,80608.08866191428,101560.86328497992
2026-09-09 11:00:00+00:00,20743.011293758787,106.02699944747117,0.03599546192670267,596.6681714804707,0,0.0,0.0,1.1089654313549508,351110.01500003337,266960.2488930204,0,1342800.0,0.054533693508445925,0.0,3600.0,2499.86,6699600.0,0.04887202188962947,1.0,1.1089654313549508,759348.8450817275,2445115.3830683655,0.0,0.0,0.9899144215988733,1.0,0.0,5.1068467404e-06,0.9899144215988733,20952.23225223941,0.0,80608.61852330936,101560.85077554877
2026-09-09 12:00:00+00:00,20741.88708044907,106.02699944747117,0.03599546192670267,595.543958170753,0,0.0,0.0,1.1089699086402298,351110.01500003337,266962.28445874574,0,1339200.0,0.054533693508445925,0.0,3600.0,2510.66,6696000.0,0.04887202194189255,1.0,1.1089699086402298,759348.8450817275,2445115.3830683655,0.0,0.0,0.9899198136219489,1.0,0.0,7.624947808799999e-06,0.9899198136219489,20951.448586705486,0.0,80608.47615088697,101559.92473759246
2026-09-09 13:00:00+00:00,20740.766995634134,106.02699944747117,0.03599546192670267,594.4238733558196,0,0.0,0.0,1.1089743922495932,351110.01500003337,266964.3209941278,0,1335600.0,0.054533693508445925,0.0,3600.0,2501.44,6692400.0,0.04881604478523305,1.0,1.1089743922495932,757731.6600583921,2446559.036631942,0.0,0.0,0.9899364176063765,1.0,0.0,7.628521827599999e-06,0.9899364176063765,20948.997651934947,0.0,80612.26944072638,101561.26709266132
2026-09-09 14:00:00+00:00,20739.648379524504,106.02699944747117,0.03599546192670267,593.3052572461892,0,0.0,0.0,1.1089788695710503,351110.01500003337,266967.0129600038,0,1332000.0,0.054533693508445925,0.0,3600.0,2498.16,6688800.0,0.048816044837547645,1.0,1.1089788695710503,757731.6600583921,2446559.036631942,0.0,0.0,0.9899418037180452,1.0,0.0,1.0083565825200001e-05,0.9899418037180452,20947.04546182121,0.0,80611.46859259915,101558.51405442036
2026-09-09 15:00:00+00:00,20738.533878476377,106.02699944747117,0.03599546192670267,592.190756198063,0,0.0,0.0,1.1089833469105845,351110.01500003337,266969.14726545993,0,1328400.0,0.054533693508445925,0.0,3600.0,2488.97,6685200.0,0.048816044889919086,1.0,1.1089833469105845,757731.6600583921,2446559.036631942,0.0,0.0,0.9899471898590188,1.0,0.0,7.994609150400001e-06,0.9899471898590188,20944.60953694584,0.0,80611.22541518102,101555.83495212687
2026-09-09 16:00:00+00:00,20745.537525241645,106.02699944747117,0.03599546192670267,599.1944029633328,0,0.0,0.0,1.108987824386431,351110.01500003337,266971.30139546696,0,1324800.0,0.054533693508445925,3.07e-05,3600.0,2494.84,6681600.0,0.04881499542184731,1.0,1.108987824386431,757701.363041455,2446586.0827574776,0.0,0.0,0.9899527859136794,1.0,0.0,8.068802475600001e-06,0.9899527859136794,20951.539405913754,0.0,80611.03611600981,101562.57552192357
2026-09-09 17:00:00+00:00,20744.421425633172,106.02699944747117,0.03599546192670267,598.0783033548616,0,0.0,0.0,1.1089922542546073,351110.01500003337,266973.26272399834,0,1321200.0,0.054533693508445925,0.0,3600.0,2492.54,6678000.0,0.04923677674126603,1.0,1.1089922542546073,757701.363041455,2396921.631147359,0.0,0.0,0.9898738891436073,1.0,0.0,7.346562408e-06,0.9898738891436073,20949.674120943815,0.0,80581.373341355,101531.04746229883
2026-09-09 18:00:00+00:00,20743.31087396943,106.02699944747117,0.03599546192670267,596.9677516911172,0,0.0,0.0,1.10899673164818,351110.01500003337,266975.2603874349,0,1317600.0,0.054533693508445925,0.0,3600.0,2480.15,6674400.0,0.04923677679427052,1.0,1.10899673164818,757701.363041455,2396921.631147359,0.0,0.0,0.9898793202357195,1.0,0.0,7.4826068436e-06,0.9898793202357195,20946.986800812552,0.0,80581.28258875135,101528.2693895639
2026-09-09 19:00:00+00:00,20742.207428510916,106.02699944747117,0.03599546192670267,595.8643062326037,0,0.0,0.0,1.109001209059829,351110.01500003337,266977.22762418236,0,1314000.0,0.054533693508445925,0.0,3600.0,2464.28,6670800.0,0.049236776847330965,1.0,1.109001209059829,757701.363041455,2396921.631147359,0.0,0.0,0.9898847513576304,1.0,0.0,7.3685835036e-06,0.9898847513576304,20944.02714178332,0.0,80581.22227329959,101525.24941508292
2026-09-09 20:00:00+00:00,20741.10125609652,106.02699944747117,0.03599546192670267,594.7581338182076,0,0.0,0.0,1.1090056864895552,351110.01500003337,266979.1251784003,0,1310400.0,0.054533693508445925,0.0,3600.0,2470.37,6667200.0,0.049236776900449586,1.0,1.1090056864895552,757701.363041455,2396921.631147359,0.0,0.0,0.9898901825093398,1.0,0.0,7.107525579600001e-06,0.9898901825093398,20942.865431275797,0.0,80581.23165083973,101524.09708211554
2026-09-09 21:00:00+00:00,20739.999467409234,106.02699944747117,0.03599546192670267,593.65634513092,0,0.0,0.0,1.1090101639373584,351110.01500003337,266980.99110674206,0,1306800.0,0.054533693508445925,0.0,3600.0,2460.58,6663600.0,0.04923677695362505,1.0,1.1090101639373584,757701.363041455,2396921.631147359,0.0,0.0,0.9898956136908482,1.0,0.0,6.9890176619999986e-06,0.9898956136908482,20940.411956872853,0.0,80581.27266471891,101521.68462159176
2026-09-09 22:00:00+00:00,20738.902810234988,106.02699944747117,0.03599546192670267,592.5596879566725,0,0.0,0.0,1.1090146414032385,351110.01500003337,266982.8576797638,0,1303200.0,0.054533693508445925,0.0,3600.0,2449.12,6660000.0,0.049236777006859356,1.0,1.1090146414032385,757701.363041455,2396921.631147359,0.0,0.0,0.9899010449021554,1.0,0.0,6.9913835028e-06,0.9899010449021554,20937.832361708563,0.0,80581.31304438069,101519.14540608926
2026-09-09 23:00:00+00:00,20737.798160259015,106.02699944747117,0.03599546192670267,591.4550379807002,0,0.0,0.0,1.1090191188871958,351110.01500003337,266984.724897798,0,1299600.0,0.054533693508445925,0.0,3600.0,2466.97,6656400.0,0.04923677706015028,1.0,1.1090191188871958,757701.363041455,2396921.631147359,0.0,0.0,0.9899064761432618,1.0,0.0,6.9937505387999995e-06,0.9899064761432618,20937.624042076655,0.0,80581.35278949281,101518.97683156947
2026-09-10 00:00:00+00:00,20733.643838707772,106.02699944747117,0.03599546192670267,587.3007164294568,0,0.0,0.0,1.1090235955051038,351110.01500003337,266986.4683884802,0,1296000.0,0.054533693508445925,-1.168e-05,3600.0,2463.76,6652800.0,0.04924462795247497,1.0,1.1090235955051038,757701.363041455,2396007.005035938,0.0,0.0,0.9899103448602696,1.0,0.0,6.5302799256e-06,0.9899103448602696,20932.65689477386,0.0,80580.96764409728,101513.62453887114
2026-09-10 01:00:00+00:00,20732.540966402546,106.02699944747117,0.03599546192670267,586.1978441242322,0,0.0,0.0,1.1090280730252116,351110.01500003337,266988.3202922132,0,1292400.0,0.054533693508445925,0.0,3600.0,2463.0,6649200.0,0.04924462800589002,1.0,1.1090280730252116,757701.363041455,2396007.005035938,0.0,0.0,0.9899157769979419,1.0,0.0,6.9362965152e-06,0.9899157769979419,20930.939989074745,0.0,80581.02301830385,101511.9630073786
2026-09-10 02:00:00+00:00,20731.433173039004,106.02699944747117,0.03599546192670267,585.0900507606908,0,0.0,0.0,1.1090325505633971,351110.01500003337,266990.1728120915,0,1288800.0,0.054533693508445925,0.0,3600.0,2473.99,6645600.0,0.04924462805936325,1.0,1.1090325505633971,757701.363041455,2396007.005035938,0.0,0.0,0.9899212091654228,1.0,0.0,6.9385561487999994e-06,0.9899212091654228,20930.162350288574,0.0,80581.0777868313,101511.24013711988
2026-09-10 03:00:00+00:00,20730.32522295386,106.02699944747117,0.03599546192670267,583.982100675547,0,0.0,0.0,1.1090370281196602,351110.01500003337,266991.90696680435,0,1285200.0,0.054533693508445925,0.0,3600.0,2474.34,6642000.0,0.04924462811289465,1.0,1.1090370281196602,757701.363041455,2396007.005035938,0.0,0.0,0.9899266413627129,1.0,0.0,6.4951794396e-06,0.9899266413627129,20928.5273268264,0.0,80581.25093099044,101509.77825781684
2026-09-10 04:00:00+00:00,20729.21577281909,106.02699944747117,0.03599546192670267,582.8726505407798,0,0.0,0.0,1.1090415056940002,351110.01500003337,266993.6415542061,0,1281600.0,0.054533693508445925,0.0,3600.0,2477.69,6638400.0,0.049244628166484006,1.0,1.1090415056940002,757701.363041455,2396007.005035938,0.0,0.0,0.9899320735898122,1.0,0.0,6.4967578488e-06,0.9899320735898122,20927.13028217205,0.0,80581.42365292698,101508.55393509903
2026-09-10 05:00:00+00:00,20728.104791290378,106.02699944747117,0.03599546192670267,581.7616690120686,0,0.0,0.0,1.1090459683508012,351110.01500003337,266995.37657445786,0,1278000.0,0.054533693508445925,0.0,3600.0,2481.11,6634800.0,0.049244719490119104,1.0,1.1090459683508012,757701.363041455,2396007.005035938,0.0,0.0,0.9899374877299737,1.0,0.0,6.4983368304e-06,0.9899374877299737,20925.735778588165,0.0,80581.58959150856,101507.32537009672
2026-09-10 06:00:00+00:00,20726.99464262504,106.02699944747117,0.03599546192670267,580.6515203467304,0,0.0,0.0,1.109050494499072,351110.01500003337,266997.11562758824,0,1274400.0,0.054533693508445925,0.0,3600.0,2479.25,6631200.0,0.04894629739990264,1.0,1.109050494499072,749165.8780831198,2403626.5776307145,0.0,0.0,0.9900021340651612,1.0,0.0,6.51339918e-06,0.9900021340651612,20923.921183331513,0.0,80602.54851409554,101526.46969742706
2026-09-10 07:00:00+00:00,20725.887964223755,106.02699944747117,0.03599546192670267,579.5448419454465,0,0.0,0.0,1.109054972127781,351110.01500003337,266998.4994642283,0,1270800.0,0.055377636897190094,0.0,3600.0,2471.5,6627600.0,0.04894629745333301,1.0,1.109054972127781,749165.8780831198,2403626.5776307145,0.0,0.0,0.9900075345686827,1.0,0.0,5.1829513236e-06,0.9900075345686827,20930.55608167129,0.0,80603.06084832794,101533.61692999923
2026-09-10 08:00:00+00:00,20738.12073793091,106.02699944747117,0.03599546192670267,591.7776156525999,0,0.0,0.0,1.1090594497745676,351110.01500003337,266999.8833237861,0,1267200.0,0.055377636897190094,5.093e-05,3600.0,2470.18,6624000.0,0.048946297506822445,1.0,1.1090594497745676,749165.8780831198,2403626.5776307145,0.0,0.0,0.9900129351016641,1.0,0.0,5.1830102952000005e-06,0.9900129351016641,20942.10005776398,0.0,80603.57316998625,101545.67322775023
2026-09-10 09:00:00+00:00,20737.015783467254,106.02699944747117,0.03599546192670267,590.6726611889429,0,0.0,0.0,1.1090638919098756,351110.01500003337,267001.26720268815,0,1263600.0,0.052532031712765166,0.0,3600.0,2467.65,6620400.0,0.04926173925055455,1.0,1.1090638919098756,758193.1111399103,2395569.1588729555,0.0,0.0,0.9899558460707817,1.0,0.0,5.183055882e-06,0.9899558460707817,20910.37561281188,0.0,80582.14476059476,101492.52037340665
2026-09-10 10:00:00+00:00,20735.91287533995,106.02699944747117,0.03599546192670267,589.5697530616378,0,0.0,0.0,1.1090683695926744,351110.01500003337,267002.6511028092,0,1260000.0,0.052532031712765166,0.0,3600.0,2463.08,6616800.0,0.04926173930451361,1.0,1.1090683695926744,758193.1111399103,2395569.1588729555,0.0,0.0,0.9899612803010499,1.0,0.0,5.1831084888e-06,0.9899612803010499,20908.45866049127,0.0,80582.66887314466,101491.12753363594
2026-09-10 11:00:00+00:00,20734.81088515346,106.02699944747117,0.03599546192670267,588.4677628751471,0,0.0,0.0,1.10907284733313,351110.01500003337,267004.0350292419,0,1256400.0,0.052532031712765166,0.0,3600.0,2461.03,6613200.0,0.04926138791672896,1.0,1.10907284733313,758183.011865811,2395578.173920817,0.0,0.0,0.9899667840948441,1.0,0.0,5.1831801684e-06,0.9899667840948441,20906.720484304817,0.0,80583.2173838336,101489.93786813843
2026-09-10 12:00:00+00:00,20733.730204627143,106.02699944747117,0.03599546192670267,587.3870823488292,0,0.0,0.0,1.109077325052085,351110.01500003337,267005.41897851945,0,1252800.0,0.052532031712765166,0.0,3600.0,2413.44,6609600.0,0.04926138797080437,1.0,1.109077325052085,758183.011865811,2395578.173920817,0.0,0.0,0.9899722183473034,1.0,0.0,5.1832388628e-06,0.9899722183473034,20901.832461152688,0.0,80583.74145501858,101485.57391617127
2026-09-10 13:00:00+00:00,20732.640376037,106.02699944747117,0.03599546192670267,586.2972537586884,0,0.0,0.0,1.1090818027891183,351110.01500003337,267006.80295862514,0,1249200.0,0.04780639636379974,0.0,3600.0,2433.87,6606000.0,0.049261388024939956,1.0,1.1090818027891183,758183.011865811,2395578.173920817,0.0,0.0,0.9899776526295928,1.0,0.0,5.1833274552e-06,0.9899776526295928,20853.372676550276,0.0,80584.26550584903,101437.63818239931
2026-09-10 14:00:00+00:00,20731.54677717288,106.02699944747117,0.03599546192670267,585.2036548945687,0,0.0,0.0,1.1090862805442294,351110.01500003337,267008.1869617176,0,1245600.0,0.04623590419481773,0.0,3600.0,2442.29,6602400.0,0.04926138807913438,1.0,1.1090862805442294,758183.011865811,2395578.173920817,0.0,0.0,0.9899830869417129,1.0,0.0,5.1833866788e-06,0.9899830869417129,20836.28480895959,0.0,80584.78954416653,101421.07435312613
2026-09-10 15:00:00+00:00,20730.454199238055,106.02699944747117,0.03599546192670267,584.1110769597449,0,0.0,0.0,1.109090753566327,351110.01500003337,267009.5709864111,0,1242000.0,0.03769206100455104,0.0,3600.0,2440.01,6598800.0,0.049303575861793236,1.0,1.109090753566327,759396.011865811,2394495.487971063,0.0,0.0,0.9899801925224646,1.0,0.0,5.183440711199999e-06,0.9899801925224646,20747.74050907055,0.0,80582.38925988734,101330.12976895788
2026-09-10 16:00:00+00:00,20701.304771473515,106.02699944747117,0.03599546192670267,554.9616491952063,0,0.0,0.0,1.109095265669902,351110.01500003337,267010.9550603281,0,1238400.0,0.03365304414341718,-0.0001081,3600.0,2447.62,6595200.0,0.048998936041672714,1.0,1.109095265669902,750667.5414784858,2402287.3562471196,0.0,0.0,0.9900457504392051,1.0,0.0,5.1835981932e-06,0.9900457504392051,20677.433301822883,0.0,80604.02322710044,101281.45652892331
2026-09-10 17:00:00+00:00,20700.201070782678,106.02699944747117,0.03599546192670267,553.8579485043688,0,0.0,0.0,1.109099743479368,351110.01500003337,267012.3391617634,0,1234800.0,0.04268483114161321,0.0,3600.0,2464.85,6591600.0,0.0489989360957479,1.0,1.109099743479368,750667.5414784858,2402287.3562471196,0.0,0.0,0.9900511568520359,1.0,0.0,5.1836743836e-06,0.9900511568520359,20768.652441206657,0.0,80604.53737135534,101373.18981256199
2026-09-10 18:00:00+00:00,20699.0962416963,106.02699944747117,0.03599546192670267,552.7531194179937,0,0.0,0.0,1.109104221306912,351110.01500003337,267014.17020390957,0,1231200.0,0.04268483114161321,0.0,3600.0,2467.37,6588000.0,0.04899893614988304,1.0,1.109104221306912,750667.5414784858,2402287.3562471196,0.0,0.0,0.9900565632943898,1.0,0.0,6.857495326799999e-06,0.9900565632943898,20767.417824352306,0.0,80604.60458526516,101372.02240961746
2026-09-10 19:00:00+00:00,20697.994058966127,106.02699944747117,0.03599546192670267,551.6509366878199,0,0.0,0.0,1.1091087105996058,351110.01500003337,267016.0701636184,0,1227600.0,0.04268483114161321,0.0,3600.0,2461.46,6584400.0,0.04889732499937027,1.0,1.1091087105996058,747771.9627963682,2404872.2907869373,0.0,0.0,0.990081994371235,1.0,0.0,7.1155510128000005e-06,0.990081994371235,20765.952701258848,0.0,80611.63373132882,101377.58643258768
2026-09-10 20:00:00+00:00,20696.89229266764,106.02699944747117,0.03599546192670267,550.5491703893326,0,0.0,0.0,1.1091131884633536,351110.01500003337,267017.4559244006,0,1224000.0,0.05021906426376882,0.0,3600.0,2460.53,6580800.0,0.048897325053508744,1.0,1.1091131884633536,747771.9627963682,2404872.2907869373,0.0,0.0,0.990087390033447,1.0,0.0,5.1897894588e-06,0.990087390033447,20840.91452836504,0.0,80612.14244158688,101453.05696995193
2026-09-10 21:00:00+00:00,20695.79109056692,106.02699944747117,0.03599546192670267,549.4479682886142,0,0.0,0.0,1.1091176663451798,351110.01500003337,267018.8417120777,0,1220400.0,0.05021906426376882,0.0,3600.0,2459.27,6577200.0,0.048897325107706724,1.0,1.1091176663451798,747771.9627963682,2404872.2907869373,0.0,0.0,0.9900927857250637,1.0,0.0,5.189863248e-06,0.9900927857250637,20839.316196772903,0.0,80612.65113527427,101451.96733204718
2026-09-10 22:00:00+00:00,20694.696797649987,106.02699944747117,0.03599546192670267,548.3536753716837,0,0.0,0.0,1.109122144245085,351110.01500003337,267020.22752456117,0,1216800.0,0.05021906426376882,0.0,3600.0,2443.84,6573600.0,0.0488973251619631,1.0,1.109122144245085,747771.9627963682,2404872.2907869373,0.0,0.0,0.9900981814460855,1.0,0.0,5.189929214400001e-06,0.9900981814460855,20836.90067429507,0.0,80613.1598144797,101450.06048877478
2026-09-10 23:00:00+00:00,20693.605549609903,106.02699944747117,0.03599546192670267,547.2624273316007,0,0.0,0.0,1.1091266221630693,351110.01500003337,267021.73637222225,0,1213200.0,0.043936772655385155,0.0,3600.0,2437.04,6570000.0,0.04889732521627943,1.0,1.1091266221630693,747771.9627963682,2404872.2907869373,0.0,0.0,0.9901035771965124,1.0,0.0,5.6506707828e-06,0.9901035771965124,20772.54554791902,0.0,80613.5454688319,101386.09101675093
2026-09-11 00:00:00+00:00,20694.14883083953,106.02699944747117,0.03599546192670267,547.8057085612282,0,0.0,0.0,1.1091310478825993,351110.01500003337,267023.5614217869,0,1209600.0,0.043936772655385155,6.31e-06,3600.0,2455.46,6566400.0,0.048897325272469816,1.0,1.1091310478825993,747771.9627963682,2404872.2907869373,0.0,0.0,0.9901089729759879,1.0,0.0,6.8348118492e-06,0.9901089729759879,20773.44947143199,0.0,80613.61493147985,101387.06440291184
2026-09-11 01:00:00+00:00,20693.050324350374,106.02699944747117,0.03599546192670267,546.7072020720719,0,0.0,0.0,1.1091355258365307,351110.01500003337,267025.3870334217,0,1206000.0,0.04216363206653751,0.0,3600.0,2453.25,6562800.0,0.04889732532690716,1.0,1.1091355258365307,747771.9627963682,2404872.2907869373,0.0,0.0,0.9901143687852254,1.0,0.0,6.8368700664000005e-06,0.9901143687852254,20754.406082100202,0.0,80613.68384250737,101368.08992460757
2026-09-11 02:00:00+00:00,20691.95512692591,106.02699944747117,0.03599546192670267,545.6120046476073,0,0.0,0.0,1.1091400038085404,351110.01500003337,267027.1807196061,0,1202400.0,0.04216363206653751,0.0,3600.0,2445.86,6559200.0,0.048897325381404455,1.0,1.1091400038085404,747771.9627963682,2404872.2907869373,0.0,0.0,0.9901197646238684,1.0,0.0,6.717264526799999e-06,0.9901197646238684,20752.943461047533,0.0,80613.78468930983,101366.72815035736
2026-09-11 03:00:00+00:00,20690.859777257603,106.02699944747117,0.03599546192670267,544.5166549793003,0,0.0,0.0,1.1091444817986298,351110.01500003337,267028.91571305937,0,1198800.0,0.04216363206653751,0.0,3600.0,2446.2,6555600.0,0.04889732543596215,1.0,1.1091444817986298,747771.9627963682,2404872.2907869373,0.0,0.0,0.9901251604919171,1.0,0.0,6.4974202704e-06,0.9901251604919171,20751.67396420649,0.0,80613.94423916808,101365.61820337457
2026-09-11 04:00:00+00:00,20689.759161743455,106.02699944747117,0.03599546192670267,543.416039465151,0,0.0,0.0,1.109148974676605,351110.01500003337,267030.657077912,0,1195200.0,0.0418510376832139,0.0,3600.0,2457.96,6552000.0,0.04876990202889475,1.0,1.109148974676605,744152.1455439667,2408103.88865039,0.0,0.0,0.9901555487931478,1.0,0.0,6.521238234e-06,0.9901555487931478,20747.594710911824,0.0,80622.87251121638,101370.46722212821
2026-09-11 05:00:00+00:00,20688.654149068916,106.02699944747117,0.03599546192670267,542.311026790613,0,0.0,0.0,1.1091534527029125,351110.01500003337,267032.39887391985,0,1191600.0,0.04216363206653751,0.0,3600.0,2467.78,6548400.0,0.04876990208342602,1.0,1.1091534527029125,744152.1455439667,2408103.88865039,0.0,0.0,0.9901609311238994,1.0,0.0,6.5228103252e-06,0.9901609311238994,20749.636356862862,0.0,80623.02050543943,101372.65686230229
2026-09-11 06:00:00+00:00,20687.549978213272,106.02699944747117,0.03599546192670267,541.2068559349682,0,0.0,0.0,1.1091579307472998,351110.01500003337,267033.7902230804,0,1188000.0,0.04216363206653751,0.0,3600.0,2465.9,6544800.0,0.04876990213801724,1.0,1.1091579307472998,744152.1455439667,2408103.88865039,0.0,0.0,0.9901663134839084,1.0,0.0,5.210399717999999e-06,0.9901663134839084,20748.301632721712,0.0,80623.51895678241,101371.82058950412
2026-09-11 07:00:00+00:00,20686.445534214265,106.02699944747117,0.03599546192670267,540.1024119359591,0,0.0,0.0,1.1091624088097662,351110.01500003337,267035.18088332267,0,1184400.0,0.04216363206653751,0.0,3600.0,2466.51,6541200.0,0.04876990219266952,1.0,1.1091624088097662,744152.1455439667,2408103.88865039,0.0,0.0,0.9901716958731748,1.0,0.0,5.2077926916e-06,0.9901716958731748,20747.028075650327,0.0,80624.01810731622,101371.04618296656
2026-09-11 08:00:00+00:00,20701.375780899827,106.02699944747117,0.03599546192670267,555.0326586215233,0,0.0,0.0,1.1091668868903124,351110.01500003337,267036.5715843548,0,1180800.0,0.04216363206653751,6.11e-05,3600.0,2475.8,6537600.0,0.048769902247381314,1.0,1.1091668868903124,744152.1455439667,2408103.88865039,0.0,0.0,0.9901770782916992,1.0,0.0,5.2079183208e-06,0.9901770782916992,20762.00166875452,0.0,80624.51722733292,101386.51889608745
2026-09-11 09:00:00+00:00,20700.270495081924,106.02699944747117,0.03599546192670267,553.9273728036211,0,0.0,0.0,1.1091713126477125,351110.01500003337,267037.96230716887,0,1177200.0,0.04424999283742068,0.0,3600.0,2468.39,6534000.0,0.04921848827422348,1.0,1.1091713126477125,756950.412068179,2396680.068733568,0.0,0.0,0.9900947321547943,1.0,0.0,5.2079727672000005e-06,0.9900947321547943,20780.913424240396,0.0,80594.21395115496,101375.12737539536
2026-09-11 10:00:00+00:00,20699.168478028874,106.02699944747117,0.03599546192670267,552.8253557505699,0,0.0,0.0,1.1091757907642066,351110.01500003337,267039.35305030394,0,1173600.0,0.04424999283742068,0.0,3600.0,2461.09,6530400.0,0.04921848832957165,1.0,1.1091757907642066,756950.412068179,2396680.068733568,0.0,0.0,0.9901001624882908,1.0,0.0,5.208021741600001e-06,0.9901001624882908,20779.327029204218,0.0,80594.72985249531,101374.05688169952
2026-09-11 11:00:00+00:00,20698.06820730225,106.02699944747117,0.03599546192670267,551.725085023946,0,0.0,0.0,1.1091802688987804,351110.01500003337,267040.7438165394,0,1170000.0,0.04424999283742068,0.0,3600.0,2457.19,6526800.0,0.04921848838498177,1.0,1.1091802688987804,756950.412068179,2396680.068733568,0.0,0.0,0.9901055928515707,1.0,0.0,5.2080811236e-06,0.9901055928515707,20777.854238649757,0.0,80595.24574119254,101373.0999798423
2026-09-11 12:00:00+00:00,20696.94440594646,106.02699944747117,0.03599546192670267,550.6012836681546,0,0.0,0.0,1.109184747051434,351110.01500003337,267042.13460321364,0,1166400.0,0.04937924597974275,0.0,3600.0,2509.74,6523200.0,0.049218488440452735,1.0,1.109184747051434,756950.412068179,2396680.068733568,0.0,0.0,0.9901110232446343,1.0,0.0,5.2081305372e-06,0.9901110232446343,20828.66844174655,0.0,80595.76161990827,101424.43006165483
2026-09-11 13:00:00+00:00,20695.76755656712,106.02699944747117,0.03599546192670267,549.4244342888146,0,0.0,0.0,1.1091892252221671,351110.01500003337,267043.5253971313,0,1162800.0,0.04937924597974275,0.0,3600.0,2628.21,6519600.0,0.049218488495985424,1.0,1.1091892252221671,756950.412068179,2396680.068733568,0.0,0.0,0.9901164536674817,1.0,0.0,5.2081305372e-06,0.9901164536674817,20833.283759226797,0.0,80596.27750183805,101429.56126106484
2026-09-11 14:00:00+00:00,20694.600419449373,106.02699944747117,0.03599546192670267,548.2572971710664,0,0.0,0.0,1.1091937034109807,351110.01500003337,267044.916214127,0,1159200.0,0.04937924597974275,0.0,3600.0,2606.52,6516000.0,0.04921848855157962,1.0,1.1091937034109807,756950.412068179,2396680.068733568,0.0,0.0,0.9901218841201131,1.0,0.0,5.2081898328e-06,0.9901218841201131,20830.559500009236,0.0,80596.79337114724,101427.35287115647
2026-09-11 15:00:00+00:00,20693.455003945724,106.02699944747117,0.03599546192670267,547.1118816674174,0,0.0,0.0,1.109198181617874,351110.01500003337,267046.30706257356,0,1155600.0,0.04937924597974275,0.0,3600.0,2558.01,6512400.0,0.04921848860723377,1.0,1.109198181617874,756950.412068179,2396680.068733568,0.0,0.0,0.990127314602529,1.0,0.0,5.2082804808e-06,0.990127314602529,20826.469372142852,0.0,80597.30921946315,101423.778591606
2026-09-11 16:00:00+00:00,20705.95692318024,106.02699944747117,0.03599546192670267,559.6138009019354,0,0.0,0.0,1.1092026599017444,351110.01500003337,267047.6979389364,0,1152000.0,0.04895958870974446,4.999e-05,3600.0,2576.38,6508800.0,0.049217983795345255,1.0,1.1092026599017444,756935.9230154402,2396693.003118308,0.0,0.0,0.9901328434477632,1.0,0.0,5.2083578916e-06,0.9901328434477632,20835.32154759669,0.0,80597.85957603343,101433.18112363011
2026-09-11 17:00:00+00:00,20704.80823891174,106.02699944747117,0.03599546192670267,558.4651166334354,0,0.0,0.0,1.1092071381447983,351110.01500003337,267049.08884024055,0,1148400.0,0.04895958870974446,0.0,3600.0,2565.31,6505200.0,0.049217983851123526,1.0,1.1092071381447983,756935.9230154402,2396693.003118308,0.0,0.0,0.990138273935899,1.0,0.0,5.2084241604e-06,0.990138273935899,20833.21449149179,0.0,80598.37537350011,101431.5898649919
2026-09-11 18:00:00+00:00,20703.672575969525,106.02699944747117,0.03599546192670267,557.3294536912188,0,0.0,0.0,1.1092116164059322,351110.01500003337,267050.47976176295,0,1144800.0,0.04895958870974446,0.0,3600.0,2536.23,6501600.0,0.049217983906963525,1.0,1.1092116164059322,756935.9230154402,2396693.003118308,0.0,0.0,0.990143704453819,1.0,0.0,5.2084727424e-06,0.990143704453819,20830.225268555667,0.0,80598.89116120606,101429.11642976172
2026-09-11 19:00:00+00:00,20702.535986130973,106.02699944747117,0.03599546192670267,556.1928638526676,0,0.0,0.0,1.1092160946851468,351110.01500003337,267051.8707079061,0,1141200.0,0.04895958870974446,0.0,3600.0,2538.3,6498000.0,0.04921798396286481,1.0,1.1092160946851468,756935.9230154402,2396693.003118308,0.0,0.0,0.9901491350015234,1.0,0.0,5.2085378088e-06,0.9901491350015234,20828.793678236198,0.0,80599.40693474887,101428.20061298506
2026-09-11 20:00:00+00:00,20701.403381498883,106.02699944747117,0.03599546192670267,555.0602592205787,0,0.0,0.0,1.1092205729824418,351110.01500003337,267053.2616740603,0,1137600.0,0.04728263721018735,0.0,3600.0,2529.4,6494400.0,0.04921798401882849,1.0,1.1092205729824418,756935.9230154402,2396693.003118308,0.0,0.0,0.9901545655790119,1.0,0.0,5.2085856132e-06,0.9901545655790119,20810.598250397514,0.0,80599.92269873811,101410.52094913562
2026-09-11 21:00:00+00:00,20700.277193496975,106.02699944747117,0.03599546192670267,553.93407121867,0,0.0,0.0,1.109225063327542,351110.01500003337,267054.6526623872,0,1134000.0,0.04728263721018735,0.0,3600.0,2515.07,6490800.0,0.04911487241454937,1.0,1.109225063327542,753980.8956431345,2399331.0270934296,0.0,0.0,0.9901800254407527,1.0,0.0,5.208641510400001e-06,0.9901800254407527,20808.509836801684,0.0,80607.47092284891,101415.98075965059
2026-09-11 22:00:00+00:00,20699.152989142778,106.02699944747117,0.03599546192670267,552.8098668644724,0,0.0,0.0,1.1092294594158432,351110.01500003337,267056.0436708862,0,1130400.0,0.043936772655385155,0.0,3600.0,2510.64,6487200.0,0.04982002892681736,1.0,1.1092294594158432,768663.2285020215,2363657.886039543,0.0,0.0,0.990048592263774,1.0,0.0,5.208689915999999e-06,0.990048592263774,20774.926715680092,0.0,80559.93240960938,101334.85912528947
2026-09-11 23:00:00+00:00,20698.026622030466,106.02699944747117,0.03599546192670267,551.6834997521609,0,0.0,0.0,1.1092339377670963,351110.01500003337,267057.43470003066,0,1126800.0,0.043936772655385155,0.0,3600.0,2515.47,6483600.0,0.04982002898367033,1.0,1.1092339377670963,768663.2285020215,2363657.886039543,0.0,0.0,0.9900540871222763,1.0,0.0,5.2087400928000005e-06,0.9900540871222763,20773.70434114131,0.0,80560.4706803161,101334.1750214574
2026-09-12 00:00:00+00:00,20697.04926925623,106.02699944747117,0.03599546192670267,550.7061469779235,0,0.0,0.0,1.1092384161364297,351110.01500003337,267058.83411594055,0,1123200.0,0.043936772655385155,5.5e-07,3600.0,2509.5,6480000.0,0.0498200290405868,1.0,1.1092384161364297,768663.2285020215,2363657.886039543,0.0,0.0,0.9900595820112755,1.0,0.0,5.2401171492e-06,0.9900595820112755,20772.3061733559,0.0,80561.00057496515,101333.30674832105
2026-09-12 01:00:00+00:00,20695.924249949698,106.02699944747117,0.03599546192670267,549.581127671393,0,0.0,0.0,1.1092428949306825,351110.01500003337,267060.22521365236,0,1119600.0,0.043936772655385155,0.0,3600.0,2512.46,6476400.0,0.049816539809239835,1.0,1.1092428949306825,768562.2523591396,2363748.0180664104,0.0,0.0,0.9900657527237458,1.0,0.0,5.2089424164e-06,0.9900657527237458,20771.028428374626,0.0,80561.77607620135,101332.80450457598
2026-09-12 02:00:00+00:00,20694.798939588763,106.02699944747117,0.03599546192670267,548.4558173104581,0,0.0,0.0,1.1092473733361794,351110.01500003337,267061.6163318741,0,1116000.0,0.043936772655385155,0.0,3600.0,2513.11,6472800.0,0.04981653986627932,1.0,1.1092473733361794,768562.2523591396,2363748.0180664104,0.0,0.0,0.9900712473018394,1.0,0.0,5.208992082e-06,0.9900712473018394,20769.68099324793,0.0,80562.31415937649,101331.99515262441
2026-09-12 03:00:00+00:00,20693.674135214715,106.02699944747117,0.03599546192670267,547.3310129364111,0,0.0,0.0,1.1092518517597567,351110.01500003337,267063.00747089635,0,1112400.0,0.043936772655385155,0.0,3600.0,2511.98,6469200.0,0.049816539923382086,1.0,1.1092518517597567,768562.2523591396,2363748.0180664104,0.0,0.0,0.9900767419104263,1.0,0.0,5.2090428348e-06,0.9900767419104263,20768.281072353242,0.0,80562.8522324576,101331.13330481085
2026-09-12 04:00:00+00:00,20692.549545773152,106.02699944747117,0.03599546192670267,546.2064234948474,0,0.0,0.0,1.1092563302014151,351110.01500003337,267064.3986307963,0,1108800.0,0.043936772655385155,0.0,3600.0,2511.5,6465600.0,0.049816539980548136,1.0,1.1092563302014151,768562.2523591396,2363748.0180664104,0.0,0.0,0.9900822365495068,1.0,0.0,5.209093875600001e-06,0.9900822365495068,20766.90082643365,0.0,80563.39029536763,101330.29112180127
2026-09-12 05:00:00+00:00,20691.425354852236,106.02699944747117,0.03599546192670267,545.0822325739299,0,0.0,0.0,1.109260808661155,351110.01500003337,267065.806547352,0,1105200.0,0.043936772655385155,0.0,3600.0,2510.61,6462000.0,0.049816540037778356,1.0,1.109260808661155,768562.2523591396,2363748.0180664104,0.0,0.0,0.9900877312190809,1.0,0.0,5.2718102892e-06,0.9900877312190809,20765.508972940057,0.0,80563.91161232849,101329.42058526856
2026-09-12 06:00:00+00:00,20690.297760833666,106.02699944747117,0.03599546192670267,543.9546385553592,0,0.0,0.0,1.109265287175115,351110.01500003337,267067.197817948,0,1101600.0,0.03976946990822173,0.0,3600.0,2518.21,6458400.0,0.04981623015065484,1.0,1.109265287175115,768553.2835967214,2363756.023703082,0.0,0.0,0.990093285783035,1.0,0.0,5.2094537676e-06,0.990093285783035,20725.49661693487,0.0,80564.47060476575,101289.96722170062
2026-09-12 07:00:00+00:00,20689.168026445783,106.02699944747117,0.03599546192670267,542.8249041674752,0,0.0,0.0,1.1092697656787056,351110.01500003337,267068.5891061293,0,1098000.0,0.036862260065228684,0.0,3600.0,2522.99,6454800.0,0.04981616426625424,1.0,1.1092697656787056,768551.375621261,2363757.7273574597,0.0,0.0,0.9900987932097851,1.0,0.0,5.2094924748e-06,0.9900987932097851,20697.241226295213,0.0,80565.01302927325,101262.25425556846
2026-09-12 08:00:00+00:00,20689.744416114478,106.02699944747117,0.03599546192670267,543.4012938361706,0,0.0,0.0,1.109274478278799,351110.01500003337,267069.98041221616,0,1094400.0,0.040497545132027905,6.37e-06,3600.0,2532.29,6451200.0,0.04781048223616313,1.0,1.109274478278799,712035.7972138101,2414224.233708522,0.0,0.0,0.990491691683812,1.0,0.0,5.2095323808e-06,0.990491691683812,20731.692575131732,0.0,80701.5723122955,101433.26488742723
2026-09-12 09:00:00+00:00,20688.611547294546,106.02699944747117,0.03599546192670267,542.2684250162375,0,0.0,0.0,1.1092788694206541,351110.01500003337,267071.3717362733,0,1090800.0,0.042267851035153244,0.0,3600.0,2529.99,6447600.0,0.04855881005913787,1.0,1.1092788694206541,732767.8076131017,2395715.9227242055,0.0,0.0,0.9903524060717042,1.0,0.0,5.209572528e-06,0.9903524060717042,20746.809377089005,0.0,80651.27641488193,101398.08579197092
2026-09-12 10:00:00+00:00,20687.477545601316,106.02699944747117,0.03599546192670267,541.1344233230068,0,0.0,0.0,1.1092833479713928,351110.01500003337,267072.7630782422,0,1087200.0,0.042267851035153244,0.0,3600.0,2532.52,6444000.0,0.04855881011520191,1.0,1.1092833479713928,732767.8076131017,2395715.9227242055,0.0,0.0,0.9903577667149834,1.0,0.0,5.209612455599999e-06,0.9903577667149834,20745.54130933727,0.0,80651.7672484552,101397.30855779248
2026-09-12 11:00:00+00:00,20686.342339390627,106.02699944747117,0.03599546192670267,539.9992171123173,0,0.0,0.0,1.109287826551039,351110.01500003337,267074.1544382115,0,1083600.0,0.042267851035153244,0.0,3600.0,2535.21,6440400.0,0.04855871743406737,1.0,1.109287826551039,732765.2122354583,2395718.239978789,0.0,0.0,0.9903631452752959,1.0,0.0,5.2096527144e-06,0.9903631452752959,20744.27530913839,0.0,80652.26435487781,101396.5396640162
2026-09-12 12:00:00+00:00,20685.207500356264,106.02699944747117,0.03599546192670267,538.8643780779535,0,0.0,0.0,1.109292305137941,351110.01500003337,267075.54581587674,0,1080000.0,0.042267851035153244,0.0,3600.0,2534.39,6436800.0,0.048558717490256864,1.0,1.109292305137941,732765.2122354583,2395718.239978789,0.0,0.0,0.9903685059667061,1.0,0.0,5.2096918319999995e-06,0.9903685059667061,20742.929325912253,0.0,80652.75516965409,101395.68449556634
2026-09-12 13:00:00+00:00,20684.068528349355,106.02699944747117,0.03599546192670267,537.7254060710451,0,0.0,0.0,1.1092967538638323,351110.01500003337,267076.9372114986,0,1076400.0,0.044563306997257364,0.0,3600.0,2543.62,6433200.0,0.04855890313081357,1.0,1.1092967538638323,732765.2122354583,2395718.239978789,0.0,0.0,0.9903738309295578,1.0,0.0,5.2097319252e-06,0.9903738309295578,20762.93771988838,0.0,80653.23342181894,101416.17114170731
2026-09-12 14:00:00+00:00,20682.931629545357,106.02699944747117,0.03599546192670267,536.5885072670492,0,0.0,0.0,1.1093012623763758,351110.01500003337,267078.32862488314,0,1072800.0,0.044563306997257364,0.0,3600.0,2538.99,6429600.0,0.04855862863254212,1.0,1.1093012623763758,732762.7223275235,2395720.4630742697,0.0,0.0,0.9903792445694856,1.0,0.0,5.2097712912e-06,0.9903792445694856,20761.393963768536,0.0,80653.74279163062,101415.13675539916
2026-09-12 15:00:00+00:00,20681.796965143636,106.02699944747117,0.03599546192670267,535.4538428653282,0,0.0,0.0,1.1093057410254767,351110.01500003337,267079.7200703749,0,1069200.0,0.04707320686219326,0.0,3600.0,2534.0,6426000.0,0.04855856055651819,1.0,1.1093057410254767,732760.8155975281,2395722.165485517,0.0,0.0,0.9903846184513534,1.0,0.0,5.2098643656e-06,0.9903846184513534,20782.705241077627,0.0,80654.2381698821,101436.94341095972
2026-09-12 16:00:00+00:00,20694.517220233673,106.02699944747117,0.03599546192670267,548.174097955364,0,0.0,0.0,1.109310221369483,351110.01500003337,267081.11152311595,0,1065600.0,0.046445167069718386,5.163e-05,3600.0,2530.69,6422400.0,0.04854412927273799,1.0,1.109310221369483,732357.026617519,2396082.6872835187,0.0,0.0,0.9903927552106839,1.0,0.0,5.2098643656e-06,0.9903927552106839,20789.260204705064,0.0,80655.70361483167,101444.96381953673
2026-09-12 17:00:00+00:00,20693.386617160333,106.02699944747117,0.03599546192670267,547.0434948820264,0,0.0,0.0,1.1093147000468004,351110.01500003337,267082.50299356354,0,1062000.0,0.04571293007139034,0.0,3600.0,2524.93,6418800.0,0.048544129329225694,1.0,1.1093147000468004,732357.026617519,2396082.6872835187,0.0,0.0,0.9903981144893854,1.0,0.0,5.2099035192e-06,0.9903981144893854,20780.993221843564,0.0,80656.19384080934,101437.1870626529
2026-09-12 18:00:00+00:00,20692.257514136618,106.02699944747117,0.03599546192670267,545.9143918583122,0,0.0,0.0,1.1093191787421997,351110.01500003337,267083.89448728494,0,1058400.0,0.04571293007139034,0.0,3600.0,2521.58,6415200.0,0.048544129385776236,1.0,1.1093191787421997,732357.026617519,2396082.6872835187,0.0,0.0,0.9904034737970874,1.0,0.0,5.2099635168e-06,0.9904034737970874,20779.45130752417,0.0,80656.68405369559,101436.13536121976
2026-09-12 19:00:00+00:00,20691.12994698461,106.02699944747117,0.03599546192670267,544.786824706302,0,0.0,0.0,1.1093236574556813,351110.01500003337,267085.294366986,0,1054800.0,0.04623590419481773,0.0,3600.0,2518.15,6411600.0,0.04854412944239139,1.0,1.1093236574556813,732357.026617519,2396082.6872835187,0.0,0.0,0.9904088331337899,1.0,0.0,5.241334507200001e-06,0.9904088331337899,20782.579227967042,0.0,80657.16589078447,101439.74511875151
2026-09-12 20:00:00+00:00,20690.00180220155,106.02699944747117,0.03599546192670267,543.6586799232427,0,0.0,0.0,1.1093281361872447,351110.01500003337,267086.6859235539,0,1051200.0,0.04623590419481773,0.0,3600.0,2519.44,6408000.0,0.048544129499070277,1.0,1.1093281361872447,732357.026617519,2396082.6872835187,0.0,0.0,0.9904141924994931,1.0,0.0,5.210144370000001e-06,0.9904141924994931,20781.18565742178,0.0,80657.65606118907,101438.84171861086
2026-09-12 21:00:00+00:00,20688.872058858145,106.02699944747117,0.03599546192670267,542.5289365798385,0,0.0,0.0,1.1093326149368907,351110.01500003337,267088.07749992365,0,1047600.0,0.04623590419481773,0.0,3600.0,2523.01,6404400.0,0.04854412955581222,1.0,1.1093326149368907,732357.026617519,2396082.6872835187,0.0,0.0,0.9904195518941975,1.0,0.0,5.2101913643999996e-06,0.9904195518941975,20779.872403956477,0.0,80658.14622197434,101438.01862593082
2026-09-12 22:00:00+00:00,20687.74286627923,106.02699944747117,0.03599546192670267,541.3997440009229,0,0.0,0.0,1.1093370937046187,351110.01500003337,267089.46909416857,0,1044000.0,0.04623590419481773,0.0,3600.0,2521.78,6400800.0,0.048544129612617226,1.0,1.1093370937046187,732357.026617519,2396082.6872835187,0.0,0.0,0.9904249113179031,1.0,0.0,5.2102311444e-06,0.9904249113179031,20778.38628402314,0.0,80658.63637506712,101437.02265909026
2026-09-12 23:00:00+00:00,20686.612339327814,106.02699944747117,0.03599546192670267,540.2692170495064,0,0.0,0.0,1.109341572498855,351110.01500003337,267090.8607138206,0,1040400.0,0.04623590419481773,0.0,3600.0,2524.76,6397200.0,0.04854405750137225,1.0,1.109341572498855,732355.0078282367,2396084.4897703384,0.0,0.0,0.9904302845988174,1.0,0.0,5.2102991232e-06,0.9904302845988174,20777.049937983116,0.0,80659.13136815751,101436.18130614063
2026-09-13 00:00:00+00:00,20697.635380983724,106.02699944747117,0.03599546192670267,551.2922587054156,0,0.0,0.0,1.109346051302748,351110.01500003337,267092.2523506964,0,1036800.0,0.04623590419481773,4.541e-05,3600.0,2524.22,6393600.0,0.0485440575583056,1.0,1.109346051302748,732355.0078282367,2396084.4897703384,0.0,0.0,0.9904356440728187,1.0,0.0,5.2103364624e-06,0.9904356440728187,20787.74077075358,0.0,80659.62149627868,101447.36226703225
2026-09-13 01:00:00+00:00,20696.504831643506,106.02699944747117,0.03599546192670267,550.1617093651988,0,0.0,0.0,1.1093505301247235,351110.01500003337,267093.6440050818,0,1033200.0,0.04623590419481773,0.0,3600.0,2524.81,6390000.0,0.048544057615304226,1.0,1.1093505301247235,732355.0078282367,2396084.4897703384,0.0,0.0,0.9904410035758212,1.0,0.0,5.2103748708e-06,0.9904410035758212,20786.318343183382,0.0,80660.1116170729,101446.42996025627
2026-09-13 02:00:00+00:00,20695.3762211734,106.02699944747117,0.03599546192670267,549.0330988950923,0,0.0,0.0,1.1093550089647812,351110.01500003337,267095.0356770154,0,1029600.0,0.04623590419481773,0.0,3600.0,2520.48,6386400.0,0.04854405767236658,1.0,1.1093550089647812,732355.0078282367,2396084.4897703384,0.0,0.0,0.9904463631078254,1.0,0.0,5.2104134232e-06,0.9904463631078254,20784.723301909173,0.0,80660.60173050169,101445.32503241085
2026-09-13 03:00:00+00:00,20694.24793310202,106.02699944747117,0.03599546192670267,547.9048108237108,0,0.0,0.0,1.109359487822922,351110.01500003337,267096.4273677253,0,1026000.0,0.04885470061754596,0.0,3600.0,2519.76,6382800.0,0.04854405772949355,1.0,1.109359487822922,732355.0078282367,2396084.4897703384,0.0,0.0,0.9904517226688314,1.0,0.0,5.2104565728e-06,0.9904517226688314,20806.01958256652,0.0,80661.09183533699,101467.1114179035
2026-09-13 04:00:00+00:00,20693.119882351923,106.02699944747117,0.03599546192670267,546.7767600736131,0,0.0,0.0,1.109363966699145,351110.01500003337,267097.8190783357,0,1022400.0,0.04885470061754596,0.0,3600.0,2519.23,6379200.0,0.048544057786684025,1.0,1.109363966699145,732355.0078282367,2396084.4897703384,0.0,0.0,0.9904570822588397,1.0,0.0,5.2105039308e-06,0.9904570822588397,20804.475923312173,0.0,80661.58193045476,101466.05785376694
2026-09-13 05:00:00+00:00,20691.99077485045,106.02699944747117,0.03599546192670267,545.6476525721388,0,0.0,0.0,1.1093684455934516,351110.01500003337,267099.21080681524,0,1018800.0,0.04885470061754596,0.0,3600.0,2521.59,6375600.0,0.04854405784393978,1.0,1.1093684455934516,732355.0078282367,2396084.4897703384,0.0,0.0,0.9904624418778498,1.0,0.0,5.210543682000001e-06,0.9904624418778498,20803.0586674501,0.0,80662.07201788627,101465.13068533636
2026-09-13 06:00:00+00:00,20690.8660824204,106.02699944747117,0.03599546192670267,544.5229601420934,0,0.0,0.0,1.1093729245058408,351110.01500003337,267100.6025532121,0,1015200.0,0.04885470061754596,0.0,3600.0,2511.73,6372000.0,0.04854405790126082,1.0,1.1093729245058408,732355.0078282367,2396084.4897703384,0.0,0.0,0.9904678015258621,1.0,0.0,5.2105836132e-06,0.9904678015258621,20801.108742457745,0.0,80662.56209758343,101463.67084004117
2026-09-13 07:00:00+00:00,20689.739200365682,106.02699944747117,0.03599546192670267,543.3960780873739,0,0.0,0.0,1.1093774034363126,351110.01500003337,267101.9943194409,0,1011600.0,0.04885470061754596,0.0,3600.0,2516.62,6368400.0,0.04854405795864691,1.0,1.1093774034363126,732355.0078282367,2396084.4897703384,0.0,0.0,0.9904731612028769,1.0,0.0,5.210630712e-06,0.9904731612028769,20799.804795503922,0.0,80663.05216763163,101462.85696313555
2026-09-13 08:00:00+00:00,20703.97897984932,106.02699944747117,0.03599546192670267,557.635857571011,0,0.0,0.0,1.1093818823848676,351110.01500003337,267103.386107279,0,1008000.0,0.04885470061754596,5.809e-05,3600.0,2493.25,6364800.0,0.048544058016096736,1.0,1.1093818823848676,732355.0078282367,2396084.4897703384,0.0,0.0,0.9904785209088944,1.0,0.0,5.2106844636e-06,0.9904785209088944,20812.634421564548,0.0,80663.54222625378,101476.17664781833
2026-09-13 09:00:00+00:00,20702.86684305851,106.02699944747117,0.03599546192670267,556.5237207802018,0,0.0,0.0,1.1093863613515058,351110.01500003337,267104.7779131688,0,1004400.0,0.04885470061754596,0.0,3600.0,2483.69,6361200.0,0.04854405807361206,1.0,1.1093863613515058,732355.0078282367,2396084.4897703384,0.0,0.0,0.9904838806439147,1.0,0.0,5.2107248952e-06,0.9904838806439147,20810.719094273078,0.0,80664.03227700735,101474.75137128044
2026-09-13 10:00:00+00:00,20701.76034824539,106.02699944747117,0.03599546192670267,555.4172259670806,0,0.0,0.0,1.1093908403362274,351110.01500003337,267106.16973747866,0,1000800.0,0.04885470061754596,0.0,3600.0,2471.09,6357600.0,0.04854405813119311,1.0,1.1093908403362274,732355.0078282367,2396084.4897703384,0.0,0.0,0.9904892404079377,1.0,0.0,5.210766705600001e-06,0.9904892404079377,20808.68084842463,0.0,80664.52231952403,101473.20316794865
2026-09-13 11:00:00+00:00,20700.649805537163,106.02699944747117,0.03599546192670267,554.3066832588563,0,0.0,0.0,1.10939531938389,351110.01500003337,267107.5615807743,0,997200.0,0.04885470061754596,0.0,3600.0,2480.13,6354000.0,0.048543673976132684,1.0,1.10939531938389,732344.2608343137,2396094.085297528,0.0,0.0,0.9904946733279797,1.0,0.0,5.2108106328e-06,0.9904946733279797,20807.575440355675,0.0,80665.03802886576,101472.61346922144
2026-09-13 12:00:00+00:00,20699.541018110885,106.02699944747117,0.03599546192670267,553.1978958325794,0,0.0,0.0,1.109399798466151,351110.01500003337,267108.95344375895,0,993600.0,0.04195522539160982,0.0,3600.0,2476.21,6350400.0,0.04854314837640916,1.0,1.109399798466151,732329.557727166,2396107.2130948305,0.0,0.0,0.9905001331010032,1.0,0.0,5.2108571916e-06,0.9905001331010032,20748.839999229494,0.0,80665.5631468693,101414.4031460988
2026-09-13 13:00:00+00:00,20698.43150080972,106.02699944747117,0.03599546192670267,552.0883785314111,0,0.0,0.0,1.1094042775051227,351110.01500003337,267110.3453308926,0,990000.0,0.04560836662070735,0.0,3600.0,2477.84,6346800.0,0.048543148434184724,1.0,1.1094042775051227,732329.557727166,2396107.2130948305,0.0,0.0,0.9905054928548553,1.0,0.0,5.2109204472e-06,0.9905054928548553,20777.713200974544,0.0,80666.05312299111,101443.76632396565
2026-09-13 14:00:00+00:00,20697.315956443497,106.02699944747117,0.03599546192670267,550.9728341651886,0,0.0,0.0,1.1094087565621777,351110.01500003337,267111.7372456633,0,986400.0,0.03893800774788362,0.0,3600.0,2491.3,6343200.0,0.048543148492026233,1.0,1.1094087565621777,732329.557727166,2396107.2130948305,0.0,0.0,0.99051085263771,1.0,0.0,5.21099676e-06,0.99051085263771,20721.627480786414,0.0,80666.54308165889,101388.1705624453
2026-09-13 15:00:00+00:00,20696.201195685288,106.02699944747117,0.03599546192670267,549.8580734069784,0,0.0,0.0,1.1094132356373163,351110.01500003337,267113.12919455266,0,982800.0,0.03416998696696251,0.0,3600.0,2489.55,6339600.0,0.048543148549933246,1.0,1.1094132356373163,732329.557727166,2396107.2130948305,0.0,0.0,0.9905162124495673,1.0,0.0,5.2110973368e-06,0.9905162124495673,20681.184591102567,0.0,80667.03301639116,101348.21760749372
2026-09-13 16:00:00+00:00,20682.91014750421,106.02699944747117,0.03599546192670267,536.5670252259039,0,0.0,0.0,1.1094177147305389,351110.01500003337,267114.5211642659,0,979200.0,0.036862260065228684,-4.585e-05,3600.0,2503.44,6336000.0,0.04854314860790665,1.0,1.1094177147305389,732329.557727166,2396107.2130948305,0.0,0.0,0.9905215722904274,1.0,0.0,5.21114814e-06,0.9905215722904274,20690.054064930377,0.0,80667.52294048265,101357.57700541303
2026-09-13 17:00:00+00:00,20681.78892086046,106.02699944747117,0.03599546192670267,535.4457985821526,0,0.0,0.0,1.109422193966846,351110.01500003337,267115.9131548937,0,975600.0,0.03696594888339086,0.0,3600.0,2503.99,6332400.0,0.04854207805578481,1.0,1.109422193966846,732299.6132495219,2396133.9494566275,0.0,0.0,0.9905271352431835,1.0,0.0,5.2111992816e-06,0.9905271352431835,20689.75975824034,0.0,80668.08415828057,101357.84391652091
2026-09-13 18:00:00+00:00,20680.66574191332,106.02699944747117,0.03599546192670267,534.3226196350109,0,0.0,0.0,1.1094266730962363,351110.01500003337,267117.30516638333,0,972000.0,0.03696594888339086,0.0,3600.0,2508.35,6328800.0,0.048542078113889,1.0,1.1094266730962363,732299.6132495219,2396133.9494566275,0.0,0.0,0.9905324950276945,1.0,0.0,5.2112502251999995e-06,0.9905324950276945,20688.620994384677,0.0,80668.57402081095,101357.19501519563
2026-09-13 19:00:00+00:00,20679.54402271596,106.02699944747117,0.03599546192670267,533.2009004376521,0,0.0,0.0,1.1094311522437101,351110.01500003337,267118.6971987005,0,968400.0,0.03696594888339086,0.0,3600.0,2505.09,6325200.0,0.04854207817205869,1.0,1.1094311522437101,732299.6132495219,2396133.9494566275,0.0,0.0,0.9905378548412075,1.0,0.0,5.2113010392e-06,0.9905378548412075,20687.459510465727,0.0,80669.06387269672,101356.52338316245
2026-09-13 20:00:00+00:00,20678.41921834191,106.02699944747117,0.03599546192670267,532.0760960636051,0,0.0,0.0,1.109435631409268,351110.01500003337,267120.08925179834,0,964800.0,0.03717335762817526,0.0,3600.0,2511.98,6321600.0,0.04854207823029477,1.0,1.109435631409268,732299.6132495219,2396133.9494566275,0.0,0.0,0.9905432146837228,1.0,0.0,5.2113516768e-06,0.9905432146837228,20688.016984691465,0.0,80669.55371398485,101357.57069867631
2026-09-13 21:00:00+00:00,20677.29622298293,106.02699944747117,0.03599546192670267,530.9531007046262,0,0.0,0.0,1.10944011059291,351110.01500003337,267121.48132564337,0,961200.0,0.044563306997257364,0.0,3600.0,2507.94,6318000.0,0.048542078288597246,1.0,1.10944011059291,732299.6132495219,2396133.9494566275,0.0,0.0,0.9905485745552404,1.0,0.0,5.211402188400001e-06,0.9905485745552404,20746.736648460577,0.0,80670.04354470875,101416.78019316932
2026-09-13 22:00:00+00:00,20676.188241553467,106.02699944747117,0.03599546192670267,529.8451192751619,0,0.0,0.0,1.1094445897946357,351110.01500003337,267122.8734204196,0,957600.0,0.044563306997257364,0.0,3600.0,2474.41,6314400.0,0.048542078346967,1.0,1.1094445897946357,732299.6132495219,2396133.9494566275,0.0,0.0,0.9905539344557602,1.0,0.0,5.2114533876000004e-06,0.9905539344557602,20744.443681202734,0.0,80670.53336468444,101414.97704588718
2026-09-13 23:00:00+00:00,20675.079781003675,106.02699944747117,0.03599546192670267,528.73665872537,0,0.0,0.0,1.1094490690144458,351110.01500003337,267124.26553668204,0,954000.0,0.044563306997257364,0.0,3600.0,2475.48,6310800.0,0.04854207840540248,1.0,1.1094490690144458,732299.6132495219,2396133.9494566275,0.0,0.0,0.990559294385283,1.0,0.0,5.211506664e-06,0.990559294385283,20743.108025743728,0.0,80671.02317335713,101414.13119910086
2026-09-14 00:00:00+00:00,20687.83819402929,106.02699944747117,0.03599546192670267,541.4950717509831,0,0.0,0.0,1.1094535482523398,351110.01500003337,267125.6576738415,0,950400.0,0.041434391019108396,5.268e-05,3600.0,2483.28,6307200.0,0.048542078463905014,1.0,1.1094535482523398,732299.6132495219,2396133.9494566275,0.0,0.0,0.9905646543438084,1.0,0.0,5.211557733600001e-06,0.9905646543438084,20730.995604624834,0.0,80671.51297131588,101402.50857594071
2026-09-14 01:00:00+00:00,20686.722237709142,106.02699944747117,0.03599546192670267,540.3791154308343,0,0.0,0.0,1.1094580275083181,351110.01500003337,267127.049834264,0,946800.0,0.04112201536981897,0.0,3600.0,2492.22,6303600.0,0.04854207852247394,1.0,1.1094580275083181,732299.6132495219,2396133.9494566275,0.0,0.0,0.990570014331337,1.0,0.0,5.2116176592e-06,0.990570014331337,20727.39278152174,0.0,80672.00275619503,101399.39553771677
2026-09-14 02:00:00+00:00,20685.59831993159,106.02699944747117,0.03599546192670267,539.2551976532811,0,0.0,0.0,1.1094625067823811,351110.01500003337,267128.44204384246,0,943200.0,0.04112201536981897,0.0,3600.0,2510.0,6300000.0,0.04854207858111059,1.0,1.1094625067823811,732299.6132495219,2396133.9494566275,0.0,0.0,0.9905753743478684,1.0,0.0,5.211774514799999e-06,0.9905753743478684,20726.40327151436,0.0,80672.49250210129,101398.89577361564
2026-09-14 03:00:00+00:00,20684.47351555754,106.02699944747117,0.03599546192670267,538.1303932792341,0,0.0,0.0,1.1094669860745283,351110.01500003337,267129.8342606769,0,939600.0,0.0471779168005625,0.0,3600.0,2511.98,6296400.0,0.04854207863981319,1.0,1.1094669860745283,732299.6132495219,2396133.9494566275,0.0,0.0,0.9905807343934033,1.0,0.0,5.211774514799999e-06,0.9905807343934033,20773.21081422626,0.0,80672.98225093505,101446.19306516131
2026-09-14 04:00:00+00:00,20683.347932053242,106.02699944747117,0.03599546192670267,537.0048097749349,0,0.0,0.0,1.10947146538476,351110.01500003337,267131.22649832297,0,936000.0,0.0471779168005625,0.0,3600.0,2513.72,6292800.0,0.04854207869858418,1.0,1.10947146538476,732299.6132495219,2396133.9494566275,0.0,0.0,0.9905860944679415,1.0,0.0,5.2118252604e-06,0.9905860944679415,20771.8064721795,0.0,80673.47198914044,101445.27846131995
2026-09-14 05:00:00+00:00,20682.22156046317,106.02699944747117,0.03599546192670267,535.8784381848633,0,0.0,0.0,1.1094759447130764,351110.01500003337,267132.6187569223,0,932400.0,0.0471779168005625,0.0,3600.0,2515.48,6289200.0,0.048542078757422225,1.0,1.1094759447130764,732299.6132495219,2396133.9494566275,0.0,0.0,0.9905914545714833,1.0,0.0,5.2118765352e-06,0.9905914545714833,20770.401572137336,0.0,80673.96171657607,101444.36328871342
2026-09-14 06:00:00+00:00,20681.096115769433,106.02699944747117,0.03599546192670267,534.7529934911262,0,0.0,0.0,1.109480424059477,351110.01500003337,267134.0110383851,0,928800.0,0.0471779168005625,0.0,3600.0,2513.41,6285600.0,0.048542078816326883,1.0,1.109480424059477,732299.6132495219,2396133.9494566275,0.0,0.0,0.990596814704029,1.0,0.0,5.2119349595999995e-06,0.990596814704029,20768.863380511903,0.0,80674.4514313318,101443.31481184371
2026-09-14 07:00:00+00:00,20679.966838113076,106.02699944747117,0.03599546192670267,533.6237158347692,0,0.0,0.0,1.1094849034239627,351110.01500003337,267135.40336786455,0,925200.0,0.0471779168005625,0.0,3600.0,2521.97,6282000.0,0.048542078875300376,1.0,1.1094849034239627,732299.6132495219,2396133.9494566275,0.0,0.0,0.9906021748655783,1.0,0.0,5.212087542e-06,0.9906021748655783,20767.691672838027,0.0,80674.94110825431,101442.63278109234
2026-09-14 08:00:00+00:00,20699.393942562365,106.02699944747117,0.03599546192670267,553.0508202840588,0,0.0,0.0,1.1094893828112145,351110.01500003337,267136.79572064005,0,921600.0,0.0471779168005625,7.7e-05,3600.0,2517.67,6278400.0,0.048542038837689594,1.0,1.1094893828112145,732298.4918776115,2396134.9507102193,0.0,0.0,0.9906075425977797,1.0,0.0,5.212147582800001e-06,0.9906075425977797,20786.628445236667,0.0,80675.43342001259,101462.06186524926
2026-09-14 09:00:00+00:00,20698.2642842964,106.02699944747117,0.03599546192670267,551.9211620180959,0,0.0,0.0,1.1094938622118697,351110.01500003337,267138.1880968773,0,918000.0,0.04895958870974446,0.0,3600.0,2522.82,6274800.0,0.048542038896797646,1.0,1.1094938622118697,732298.4918776115,2396134.9507102193,0.0,0.0,0.990612902813054,1.0,0.0,5.2122082428000005e-06,0.990612902813054,20799.208649247696,0.0,80675.9230690407,101475.1317182884
2026-09-14 10:00:00+00:00,20697.139359022833,106.02699944747117,0.03599546192670267,550.7962367445269,0,0.0,0.0,1.1094983416306101,351110.01500003337,267139.5804959063,0,914400.0,0.04895958870974446,0.0,3600.0,2512.25,6271200.0,0.04854203895597409,1.0,1.1094983416306101,732298.4918776115,2396134.9507102193,0.0,0.0,0.9906182630573325,1.0,0.0,5.2122663936000005e-06,0.9906182630573325,20797.266590027815,0.0,80676.41270546068,101473.67929548849
2026-09-14 11:00:00+00:00,20696.016157686892,106.02699944747117,0.03599546192670267,549.673035408585,0,0.0,0.0,1.109502821067435,351110.01500003337,267140.97291720996,0,910800.0,0.04895958870974446,0.0,3600.0,2508.4,6267600.0,0.04854203901521781,1.0,1.109502821067435,732298.4918776115,2396134.9507102193,0.0,0.0,0.9906236233306156,1.0,0.0,5.2123226076e-06,0.9906236233306156,20795.596347045623,0.0,80676.90232978988,101472.4986768355
2026-09-14 12:00:00+00:00,20694.894707155137,106.02699944747117,0.03599546192670267,548.5515848768302,0,0.0,0.0,1.1095073005223453,351110.01500003337,267142.36536035576,0,907200.0,0.04895958870974446,0.0,3600.0,2504.49,6264000.0,0.048542039074530585,1.0,1.1095073005223453,732298.4918776115,2396134.9507102193,0.0,0.0,0.9906289836329031,1.0,0.0,5.2123772016e-06,0.9906289836329031,20793.92669058198,0.0,80677.39194246067,101471.31863304265
2026-09-14 13:00:00+00:00,20693.775482070138,106.02699944747117,0.03599546192670267,547.4323597918303,0,0.0,0.0,1.1095117799953402,351110.01500003337,267143.7578271789,0,903600.0,0.04895958870974446,0.0,3600.0,2499.52,6260400.0,0.04854203913391131,1.0,1.1095117799953402,732298.4918776115,2396134.9507102193,0.0,0.0,0.9906343439641955,1.0,0.0,5.2124386644e-06,0.9906343439641955,20792.21873865905,0.0,80677.88154163794,101470.10028029699
2026-09-14 14:00:00+00:00,20692.655871897772,106.02699944747117,0.03599546192670267,546.3127496194644,0,0.0,0.0,1.109516259486421,351110.01500003337,267145.15031464165,0,900000.0,0.04665447180033307,0.0,3600.0,2500.38,6256800.0,0.048542039193359754,1.0,1.109516259486421,732298.4918776115,2396134.9507102193,0.0,0.0,0.990639704324493,1.0,0.0,5.212488754799999e-06,0.990639704324493,20773.300464912383,0.0,80678.37113035971,101451.67159527208
2026-09-14 15:00:00+00:00,20691.53317207096,106.02699944747117,0.03599546192670267,545.1900497926501,0,0.0,0.0,1.1095207389955866,351110.01500003337,267146.54282551305,0,896400.0,0.04665447180033307,0.0,3600.0,2507.28,6253200.0,0.0485420392528777,1.0,1.1095207389955866,732298.4918776115,2396134.9507102193,0.0,0.0,0.9906450647137953,1.0,0.0,5.212549209600001e-06,0.9906450647137953,20772.076841782353,0.0,80678.86070585664,101450.937547639
2026-09-14 16:00:00+00:00,20700.18231621664,106.02699944747117,0.03599546192670267,553.8391939383305,0,0.0,0.0,1.1095252185228377,351110.01500003337,267147.9353586239,0,892800.0,0.05200591039112321,3.649e-05,3600.0,2528.14,6249600.0,0.048542039312462926,1.0,1.1095252185228377,732298.4918776115,2396134.9507102193,0.0,0.0,0.9906504251321032,1.0,0.0,5.2126052868e-06,0.9906504251321032,20821.680185797763,0.0,80679.3502692983,101501.03045509607
2026-09-14 17:00:00+00:00,20699.04835034549,106.02699944747117,0.03599546192670267,552.7052280671803,0,0.0,0.0,1.1095296980681744,351110.01500003337,267149.3279113797,0,889200.0,0.05200591039112321,0.0,3600.0,2532.44,6246000.0,0.04854203937211765,1.0,1.1095296980681744,732298.4918776115,2396134.9507102193,0.0,0.0,0.9906557855794165,1.0,0.0,5.2126516512e-06,0.9906557855794165,20820.262126175036,0.0,80679.83982327906,101500.1019494541
2026-09-14 18:00:00+00:00,20697.912127683263,106.02699944747117,0.03599546192670267,551.569005404955,0,0.0,0.0,1.1095341776315961,351110.01500003337,267150.72048484534,0,885600.0,0.05200591039112321,0.0,3600.0,2537.48,6242400.0,0.04854203943184121,1.0,1.1095341776315961,732298.4918776115,2396134.9507102193,0.0,0.0,0.9906611460557352,1.0,0.0,5.2127020008e-06,0.9906611460557352,20818.87541949922,0.0,80680.32936673408,101499.2047862333
2026-09-14 19:00:00+00:00,20696.775457245032,106.02699944747117,0.03599546192670267,550.4323349667226,0,0.0,0.0,1.1095386572131036,351110.01500003337,267152.1130838789,0,882000.0,0.05200591039112321,0.0,3600.0,2538.48,6238800.0,0.04854203949163405,1.0,1.1095386572131036,732298.4918776115,2396134.9507102193,0.0,0.0,0.9906665065610596,1.0,0.0,5.212770534e-06,0.9906665065610596,20817.294505217982,0.0,80680.81889480539,101498.11340002337
2026-09-14 20:00:00+00:00,20695.624820673143,106.02699944747117,0.03599546192670267,549.2816983948321,0,0.0,0.0,1.109543136812697,351110.01500003337,267153.505704146,0,878400.0,0.05200591039112321,0.0,3600.0,2569.67,6235200.0,0.048542039551495275,1.0,1.109543136812697,732298.4918776115,2396134.9507102193,0.0,0.0,0.99067186709539,1.0,0.0,5.212822842e-06,0.99067186709539,20817.126713191075,0.0,80681.30841182743,101498.4351250185
2026-09-14 21:00:00+00:00,20694.484988936303,106.02699944747117,0.03599546192670267,548.1418666579904,0,0.0,0.0,1.1095476164303757,351110.01500003337,267154.89834541513,0,874800.0,0.0507442919613001,0.0,3600.0,2545.54,6231600.0,0.048542039611426446,1.0,1.1095476164303757,732298.4918776115,2396134.9507102193,0.0,0.0,0.9906772276587265,1.0,0.0,5.2128742824000005e-06,0.9906772276587265,20804.90712273451,0.0,80681.7979180318,101486.70504076632
2026-09-14 22:00:00+00:00,20693.351130531395,106.02699944747117,0.03599546192670267,547.0080082530819,0,0.0,0.0,1.1095520960661407,351110.01500003337,267156.29100719036,0,871200.0,0.045399271084978585,0.0,3600.0,2532.2,6228000.0,0.048542039671426895,1.0,1.1095520960661407,732298.4918776115,2396134.9507102193,0.0,0.0,0.990682588251069,1.0,0.0,5.2129238652e-06,0.990682588251069,20763.098774546783,0.0,80682.28741391434,101445.38618846113
2026-09-14 23:00:00+00:00,20692.225452994135,106.02699944747117,0.03599546192670267,545.8823307158212,0,0.0,0.0,1.1095565757199914,351110.01500003337,267157.6836930237,0,867600.0,0.045399271084978585,0.0,3600.0,2513.93,6224400.0,0.04854203973149662,1.0,1.1095565757199914,732298.4918776115,2396134.9507102193,0.0,0.0,0.990687948872418,1.0,0.0,5.2129867428e-06,0.990687948872418,20761.183728957454,0.0,80682.77689592325,101443.96062488071
2026-09-15 00:00:00+00:00,20694.52557599666,106.02699944747117,0.03599546192670267,548.1824537183458,0,0.0,0.0,1.109561055391928,351110.01500003337,267159.07639927027,0,864000.0,0.04854009926489132,1.285e-05,3600.0,2514.7,6220800.0,0.048542039791635405,1.0,1.109561055391928,732298.4918776115,2396134.9507102193,0.0,0.0,0.9906933095227736,1.0,0.0,5.213035976399999e-06,0.9906933095227736,20786.161950601516,0.0,80683.26636770344,101469.42831830496
2026-09-15 01:00:00+00:00,20693.399817859718,106.02699944747117,0.03599546192670267,547.0566955814038,0,0.0,0.0,1.1095655350819502,351110.01500003337,267160.46912641893,0,860400.0,0.04424999283742068,0.0,3600.0,2514.11,6217200.0,0.048542039851844354,1.0,1.1095655350819502,732298.4918776115,2396134.9507102193,0.0,0.0,0.9906986702021358,1.0,0.0,5.2130870388000005e-06,0.9906986702021358,20753.43238835477,0.0,80683.75582876604,101437.1882171208
2026-09-15 02:00:00+00:00,20692.275447828397,106.02699944747117,0.03599546192670267,545.9323255500835,0,0.0,0.0,1.1095700147900591,351110.01500003337,267161.86187441705,0,856800.0,0.04424999283742068,0.0,3600.0,2511.01,6213600.0,0.048542039912123025,1.0,1.1095700147900591,732298.4918776115,2396134.9507102193,0.0,0.0,0.9907040309105047,1.0,0.0,5.2131379032e-06,0.9907040309105047,20751.98312313429,0.0,80684.24527916376,101436.22840229806
2026-09-15 03:00:00+00:00,20691.15706456229,106.02699944747117,0.03599546192670267,544.8139422839768,0,0.0,0.0,1.1095744945162538,351110.01500003337,267163.25444337365,0,853200.0,0.04424999283742068,0.0,3600.0,2497.64,6210000.0,0.048542039972471196,1.0,1.1095744945162538,732298.4918776115,2396134.9507102193,0.0,0.0,0.9907093916478809,1.0,0.0,5.212440568799999e-06,0.9907093916478809,20750.29728652358,0.0,80684.73491878773,101435.0322053113
2026-09-15 04:00:00+00:00,20690.0423575372,106.02699944747117,0.03599546192670267,543.6992352588874,0,0.0,0.0,1.1095789742605349,351110.01500003337,267164.6472315632,0,849600.0,0.04424999283742068,0.0,3600.0,2489.43,6206400.0,0.04854204003288998,1.0,1.1095789742605349,732298.4918776115,2396134.9507102193,0.0,0.0,0.990714752414264,1.0,0.0,5.2132339908e-06,0.990714752414264,20748.73946294762,0.0,80685.22434936336,101433.96381231098
2026-09-15 05:00:00+00:00,20688.925156399753,106.02699944747117,0.03599546192670267,542.582034121439,0,0.0,0.0,1.1095834540229021,351110.01500003337,267166.04002701375,0,846000.0,0.04424999283742068,0.0,3600.0,2495.0,6202800.0,0.048542040093379146,1.0,1.1095834540229021,732298.4918776115,2396134.9507102193,0.0,0.0,0.9907201132096544,1.0,0.0,5.2132339908e-06,0.9907201132096544,20747.504321192842,0.0,80685.71378286276,101433.2181040556
2026-09-15 06:00:00+00:00,20687.812598699496,106.02699944747117,0.03599546192670267,541.4694764211832,0,0.0,0.0,1.109587933803356,351110.01500003337,267167.4328432761,0,842400.0,0.043936772655385155,0.0,3600.0,2484.63,6199200.0,0.048542040153938704,1.0,1.109587933803356,732298.4918776115,2396134.9507102193,0.0,0.0,0.9907254740340522,1.0,0.0,5.2132847111999996e-06,0.9907254740340522,20743.69591060421,0.0,80686.20320573513,101429.89911633934
2026-09-15 07:00:00+00:00,20686.705351622684,106.02699944747117,0.03599546192670267,540.3622293443703,0,0.0,0.0,1.109592413601896,351110.01500003337,267168.8256806872,0,838800.0,0.043936772655385155,0.0,3600.0,2472.77,6195600.0,0.04854204021456798,1.0,1.109592413601896,732298.4918776115,2396134.9507102193,0.0,0.0,0.9907308348874578,1.0,0.0,5.2133366916e-06,0.9907308348874578,20742.084235500966,0.0,80686.69261764368,101428.77685314465
2026-09-15 08:00:00+00:00,20664.10076196633,106.02699944747117,0.03599546192670267,517.7576396880136,0,0.0,0.0,1.1095968934185227,351110.01500003337,267170.21853892505,0,835200.0,0.043936772655385155,-8.189e-05,3600.0,2475.77,6192000.0,0.048542040275268095,1.0,1.1095968934185227,732298.4918776115,2396134.9507102193,0.0,0.0,0.9907361957698712,1.0,0.0,5.213387466e-06,0.9907361957698712,20719.30886633304,0.0,80687.18201891042,101406.49088524346
2026-09-15 09:00:00+00:00,20662.993470111916,106.02699944747117,0.03599546192670267,516.6503478336,0,0.0,0.0,1.109601373253236,351110.01500003337,267171.6114245851,0,831600.0,0.043936772655385155,0.0,3600.0,2472.87,6188400.0,0.04854204033603904,1.0,1.109601373253236,732298.4918776115,2396134.9507102193,0.0,0.0,0.9907415566812923,1.0,0.0,5.213462925599999e-06,0.9907415566812923,20717.899219088704,0.0,80687.67140293983,101405.57062202854
2026-09-15 10:00:00+00:00,20661.88198259632,106.02699944747117,0.03599546192670267,515.538860318001,0,0.0,0.0,1.1096058531265371,351110.01500003337,267173.00433158607,0,828000.0,0.043936772655385155,0.0,3600.0,2482.24,6184800.0,0.04854186483716405,1.0,1.1096058531265371,732293.5828085209,2396139.3340913,0.0,0.0,0.9907469501544772,1.0,0.0,5.2135156224000006e-06,0.9907469501544772,20716.757188168278,0.0,80688.17219838972,101404.929386558
2026-09-15 11:00:00+00:00,20660.77366981261,106.02699944747117,0.03599546192670267,514.4305475342915,0,0.0,0.0,1.1096103329974238,351110.01500003337,267174.3972595156,0,824400.0,0.043936772655385155,0.0,3600.0,2475.15,6181200.0,0.04854186489807599,1.0,1.1096103329974238,732293.5828085209,2396139.3340913,0.0,0.0,0.9907523111051544,1.0,0.0,5.213566774799999e-06,0.9907523111051544,20715.254229449765,0.0,80688.66155393288,101403.91578338265
2026-09-15 12:00:00+00:00,20659.6641346004,106.02699944747117,0.03599546192670267,513.3210123220829,0,0.0,0.0,1.1096148128825292,351110.01500003337,267175.7902084702,0,820800.0,0.043936772655385155,0.0,3600.0,2477.88,6177600.0,0.04854189808285825,1.0,1.1096148128825292,732294.5090323408,2396138.5071115852,0.0,0.0,0.990757665953788,1.0,0.0,5.2136182872e-06,0.990757665953788,20713.96661552794,0.0,80689.14874596236,101403.1153614903
2026-09-15 13:00:00+00:00,20658.565928121167,106.02699944747117,0.03599546192670267,512.2228058428512,0,0.0,0.0,1.1096192927895896,351110.01500003337,267177.1831807661,0,817200.0,0.043936772655385155,0.0,3600.0,2452.58,6174000.0,0.048541898143912965,1.0,1.1096192927895896,732294.5090323408,2396138.5071115852,0.0,0.0,0.9907630269660214,1.0,0.0,5.2136784684e-06,0.9907630269660214,20712.078225204412,0.0,80689.63807875209,101401.7163039565
2026-09-15 14:00:00+00:00,20657.488252171854,106.02699944747117,0.03599546192670267,511.14512989354023,0,0.0,0.0,1.1096237727147373,351110.01500003337,267178.57617388084,0,813600.0,0.036033122684610085,0.0,3600.0,2406.73,6170400.0,0.04854189820503829,1.0,1.1096237727147373,732294.5090323408,2396138.5071115852,0.0,0.0,0.9907683880072634,1.0,0.0,5.2137292068e-06,0.9907683880072634,20657.736186825106,0.0,80690.12740090833,101347.86358773343
2026-09-15 15:00:00+00:00,20656.403170007387,106.02699944747117,0.03599546192670267,510.0600477290735,0,0.0,0.0,1.1096282526579715,351110.01500003337,267179.9775758362,0,810000.0,0.03448027674701263,0.0,3600.0,2423.27,6166800.0,0.04854189826623645,1.0,1.1096282526579715,732294.5090323408,2396138.5071115852,0.0,0.0,0.9907737490775139,1.0,0.0,5.2451745948e-06,0.9907737490775139,20646.40403568219,0.0,80690.60832440906,101337.01236009125
