timestamp,PT_amount,PT_cash,PT_py_index_high,LENDING_collateral,LENDING_borrowed,LENDING_liquidation_count,PT_seconds_to_expiry,PT_implied_apy,PT_asset_price,PT_sy_exchange_rate,PT_total_pt,PT_total_sy,PT_scalar_root,PT_ln_fee_rate_root,LENDING_collateral_price,LENDING_debt_price,LENDING_lending_rate,LENDING_borrowing_rate,LENDING_collateral_market_price,PT_balance,LENDING_balance,net_balance
2026-08-19 20:00:00+00:00,0.0,0.0,1.2441364215420931,435254.7643752458,331197.11129100865,0,8481600.0,0.040694709285520325,1.0,1.2441364215420931,354847.60764505167,1408834.7914777456,57.6,0.00098686,0.9893293421882834,1.0,0.0,1.1395771956e-06,0.9893293421882834,0.0,99413.19843266957,99413.19843266957
2026-08-19 21:00:00+00:00,0.0,0.0,1.2441425890144167,435254.7643752458,331197.4876416459,0,8478000.0,0.04156548732933896,1.0,1.2441425890144167,369479.50375203026,1397202.7228864972,57.6,0.00098686,0.9891114222210942,1.0,0.0,1.1363336532e-06,0.9891114222210942,0.0,99317.9713780607,99317.9713780607
2026-08-19 22:00:00+00:00,0.0,0.0,1.2441488732044477,435254.7643752458,331197.86292307306,0,8474400.0,0.041565487356992836,1.0,1.2441488732044477,369479.50375203026,1397202.7228864972,57.6,0.00098686,0.9891160205605546,1.0,0.0,1.13310405e-06,0.9891160205605546,0.0,99319.59754579188,99319.59754579188
2026-08-19 23:00:00+00:00,0.0,0.0,1.2441551570420277,435254.7643752458,331198.23860749113,0,8470800.0,0.041565487384669586,1.0,1.2441551570420277,369479.50375203026,1397202.7228864972,57.6,0.00098686,0.9891206189213926,1.0,0.0,1.1343195324e-06,0.9891206189213926,0.0,99321.22331983689,99321.22331983689
2026-08-20 00:00:00+00:00,0.0,0.0,1.244161403467852,435254.7643752458,331198.6132277661,0,8467200.0,0.04185262641504628,1.0,1.244161403467852,380094.5698271166,1414457.0983985104,57.6,0.00098686,0.989052016783787,1.0,0.0,1.13110524e-06,0.989052016783787,0.0,99290.98929232272,99290.98929232272
2026-08-20 01:00:00+00:00,0.0,0.0,1.24416757923385,435254.7643752458,331198.98070047353,0,8463600.0,0.04267780591551751,1.0,1.24416757923385,394752.80734798824,1402807.4446993168,57.6,0.00098686,0.9888465132187219,1.0,0.0,1.1095230743999999e-06,0.9888465132187219,0.0,99201.17541382462,99201.17541382462
2026-08-20 02:00:00+00:00,0.0,0.0,1.2441738428056166,435254.7643752458,331199.34712860215,0,8460000.0,0.04267780594402226,1.0,1.2441738428056166,394752.80734798824,1402807.4446993168,57.6,0.00098686,0.9888512308127273,1.0,0.0,1.1063679156000001e-06,0.9888512308127273,0.0,99202.86234096327,99202.86234096327
2026-08-20 03:00:00+00:00,0.0,0.0,1.2441801273851245,435254.7643752458,331199.7125166495,0,8456400.0,0.04267780597255211,1.0,1.2441801273851245,394752.80734798824,1402807.4446993168,57.6,0.00098686,0.9888559484292393,1.0,0.0,1.1032263468000001e-06,0.9888559484292393,0.0,99204.55031797924,99204.55031797924
2026-08-20 04:00:00+00:00,0.0,0.0,1.2441864158971563,435254.7643752458,331200.0768691155,0,8452800.0,0.04267780600110571,1.0,1.2441864158971563,394752.80734798824,1402807.4446993168,57.6,0.00098686,0.9888606660682582,1.0,0.0,1.1000983752000001e-06,0.9888606660682582,0.0,99206.23934037279,99206.23934037279
2026-08-20 05:00:00+00:00,0.0,0.0,1.2441927088217657,435254.7643752458,331200.44019049784,0,8449200.0,0.042677806029683296,1.0,1.2441927088217657,394752.80734798824,1402807.4446993168,57.6,0.00098686,0.9888653837297842,1.0,0.0,1.0969839936e-06,0.9888653837297842,0.0,99207.92940364638,99207.92940364638
2026-08-20 06:00:00+00:00,0.0,0.0,1.2441989886055276,435254.7643752458,331200.80248529644,0,8445600.0,0.04268807038668698,1.0,1.2441989886055276,394752.80734798824,1402003.3426362213,57.6,0.00098686,0.9888674944149238,1.0,0.0,1.0938832092e-06,0.9888674944149238,0.0,99208.48579461093,99208.48579461093
2026-08-20 07:00:00+00:00,0.0,0.0,1.2442052474046477,435254.7643752458,331201.1637580089,0,8442000.0,0.04296747569699111,1.0,1.2442052474046477,399811.9019619811,1397982.9247099564,57.6,0.00098686,0.9888012905032235,1.0,0.0,1.0907960148000001e-06,0.9888012905032235,0.0,99179.3089539106,99179.3089539106
2026-08-20 08:00:00+00:00,0.0,0.0,1.2442116215363976,435254.7643752458,331201.52401313424,0,8438400.0,0.042348886757887616,1.0,1.2442116215363976,388677.54073195765,1406833.4664484465,57.6,0.00098686,0.9889630246532515,1.0,0.0,1.087722414e-06,0.9889630246532515,0.0,99249.34425814712,99249.34425814712
2026-08-20 09:00:00+00:00,0.0,0.0,1.2442179237976965,435254.7643752458,331201.88325517124,0,8434800.0,0.04234831909076564,1.0,1.2442179237976965,388667.4323261366,1406841.50146939,57.6,0.00098686,0.9889678512469575,1.0,0.0,1.0846624068e-06,0.9889678512469575,0.0,99251.08581401635,99251.08581401635
2026-08-20 10:00:00+00:00,0.0,0.0,1.2442242519385418,435254.7643752458,331202.24148861883,0,8431200.0,0.04221399734769582,1.0,1.2442242519385418,386281.3695890878,1408738.2130720003,57.6,0.00098686,0.9890066087511996,1.0,0.0,1.0816159932e-06,0.9890066087511996,0.0,99267.59696894547,99267.59696894547
2026-08-20 11:00:00+00:00,0.0,0.0,1.244230588050339,435254.7643752458,331202.59871797485,0,8427600.0,0.042213997376100654,1.0,1.244230588050339,386281.3695890878,1408738.2130720003,57.6,0.00098686,0.9890112768768168,1.0,0.0,1.0785831696e-06,0.9890112768768168,0.0,99269.271563505,99269.271563505
2026-08-20 12:00:00+00:00,0.0,0.0,1.2442369170729763,435254.7643752458,331202.9814144653,0,8424000.0,0.042258527538271196,1.0,1.2442369170729763,387071.1521747378,1408110.4665934865,57.6,0.00098686,0.989004657456292,1.0,0.0,1.1554748388e-06,0.989004657456292,0.0,99266.00773269375,99266.00773269375
2026-08-20 13:00:00+00:00,0.0,0.0,1.2442433090359983,435254.7643752458,331203.3630622542,0,8420400.0,0.04190351379653601,1.0,1.2442433090359983,456117.50999578787,1692538.9250237504,57.6,0.00098686,0.989099298791638,1.0,0.0,1.1523071664e-06,0.989099298791638,0.0,99306.81917702104,99306.81917702104
2026-08-20 14:00:00+00:00,0.0,0.0,1.244249667774824,435254.7643752458,331203.70379034436,0,8416800.0,0.041903513824801175,1.0,1.244249667774824,456117.50999578787,1692538.9250237504,57.6,0.00098686,0.9891039337126089,1.0,0.0,1.0287574128000003e-06,0.9891039337126089,0.0,99308.4958203659,99308.4958203659
2026-08-20 15:00:00+00:00,0.0,0.0,1.2442560286301243,435254.7643752458,331204.0435486826,0,8413200.0,0.041903513853089436,1.0,1.2442560286301243,456117.50999578787,1692538.9250237504,57.6,0.00098686,0.9891085686552991,1.0,0.0,1.0258283952e-06,0.9891085686552991,0.0,99310.17344291625,99310.17344291625
2026-08-20 16:00:00+00:00,0.0,0.0,1.2442623921877243,435254.7643752458,331204.662707075,0,8409600.0,0.04187210088612536,1.0,1.2442623921877243,456117.5093368613,1695513.0478460018,57.6,0.00098686,0.9891211561415526,1.0,0.0,1.86941502e-06,0.9891211561415526,0.0,99315.03304788715,99315.03304788715
2026-08-20 17:00:00+00:00,0.0,0.0,1.2442687388359934,435254.7643752458,331205.28059351206,0,8406000.0,0.04187162076770301,1.0,1.2442687388359934,456107.4416623379,1695521.1204158436,57.6,0.00098686,0.989125909265549,1.0,0.0,1.8655711416e-06,0.989125909265549,0.0,99316.48398131522,99316.48398131522
2026-08-20 18:00:00+00:00,0.0,0.0,1.2442750364706618,435254.7643752458,331205.8972119368,0,8402400.0,0.04187162079604301,1.0,1.2442750364706618,456107.4416623379,1695521.1204158436,57.6,0.00098686,0.9891305408548062,1.0,0.0,1.8617391899999998e-06,0.9891305408548062,0.0,99317.8832841813,99317.8832841813
2026-08-20 19:00:00+00:00,0.0,0.0,1.2442813759939764,435254.7643752458,331206.51256629615,0,8398800.0,0.04187162082440654,1.0,1.2442813759939764,456107.4416623379,1695521.1204158436,57.6,0.00098686,0.9891351724657511,1.0,0.0,1.8579191760000001e-06,0.9891351724657511,0.0,99319.28386055247,99319.28386055247
2026-08-20 20:00:00+00:00,0.0,0.0,1.2442877290128884,435254.7643752458,331207.8408817882,0,8395200.0,0.04187162085279539,1.0,1.2442877290128884,456107.4416623379,1695521.1204158436,57.6,0.00098686,0.9891398040983832,1.0,0.0,4.0105275048e-06,0.9891398040983832,0.0,99319.97148523037,99319.97148523037
2026-08-20 21:00:00+00:00,0.0,0.0,1.2442940847149113,435254.7643752458,331209.16919141245,0,8391600.0,0.041871620881208216,1.0,1.2442940847149113,456107.4416623379,1695521.1204158436,57.6,0.00098686,0.9891444357527032,1.0,0.0,4.0104937044e-06,0.9891444357527032,0.0,99320.65912521578,99320.65912521578
2026-08-20 22:00:00+00:00,0.0,0.0,1.2443004426251671,435254.7643752458,331210.4974951701,0,8388000.0,0.041871620909645024,1.0,1.2443004426251671,456107.4416623379,1695521.1204158436,57.6,0.00098686,0.9891490674287109,1.0,0.0,4.0104599075999995e-06,0.9891490674287109,0.0,99321.34678050753,99321.34678050753
2026-08-20 23:00:00+00:00,0.0,0.0,1.2443068009544165,435254.7643752458,331211.8257930586,0,8384400.0,0.0418716209381067,1.0,1.2443068009544165,456125.20950417826,1695587.1700970212,57.6,0.00098686,0.9891536991264065,1.0,0.0,4.0104261036e-06,0.9891536991264065,0.0,99322.0344511082,99322.0344511082
2026-08-21 00:00:00+00:00,0.0,0.0,1.2443131575127166,435254.7643752458,331213.1540850802,0,8380800.0,0.04187162096659258,1.0,1.2443131575127166,504179.1711597361,1874221.6308935839,57.6,0.00098686,0.9891583308457901,1.0,0.0,4.0103923068e-06,0.9891583308457901,0.0,99322.72213701555,99322.72213701555
2026-08-21 01:00:00+00:00,0.0,0.0,1.2443195025820928,435254.7643752458,331214.48237123474,0,8377200.0,0.04187162099510311,1.0,1.2443195025820928,504179.1711597361,1874221.6308935839,57.6,0.00098686,0.9891629625868615,1.0,0.0,4.01035851e-06,0.9891629625868615,0.0,99323.40983822971,99323.40983822971
2026-08-21 02:00:00+00:00,0.0,0.0,1.244325331114875,435254.7643752458,331215.8106515222,0,8373600.0,0.04187162102363895,1.0,1.244325331114875,504179.1711597361,1874221.6308935839,57.6,0.00098686,0.9891675943496211,1.0,0.0,4.0103247132e-06,0.9891675943496211,0.0,99324.09755475086,99324.09755475086
2026-08-21 03:00:00+00:00,0.0,0.0,1.2443310929365723,435254.7643752458,331217.13892594236,0,8370000.0,0.04187162105219855,1.0,1.2443310929365723,504179.1711597361,1874221.6308935839,57.6,0.00098686,0.9891722261340691,1.0,0.0,4.0102909164e-06,0.9891722261340691,0.0,99324.78528657922,99324.78528657922
2026-08-21 04:00:00+00:00,0.0,0.0,1.2443368511510307,435254.7643752458,331218.4671944952,0,8366400.0,0.04187162108078235,1.0,1.2443368511510307,504179.1711597361,1874221.6308935839,57.6,0.00098686,0.9891768579402056,1.0,0.0,4.0102571196e-06,0.9891768579402056,0.0,99325.47303371498,99325.47303371498
2026-08-21 05:00:00+00:00,0.0,0.0,1.2443426136721922,435254.7643752458,331219.79545717937,0,8362800.0,0.04187162110939102,1.0,1.2443426136721922,504179.1711597361,1874221.6308935839,57.6,0.00098686,0.9891814897680304,1.0,0.0,4.0102233192e-06,0.9891814897680304,0.0,99326.1607961593,99326.1607961593
2026-08-21 06:00:00+00:00,0.0,0.0,1.24434824651893,435254.7643752458,331221.12371399597,0,8359200.0,0.0428924143121403,1.0,1.24434824651893,541668.0137191557,1901963.761338078,57.6,0.00098686,0.9889293833303393,1.0,0.0,4.0101895223999995e-06,0.9889293833303393,0.0,99215.10201120796,99215.10201120796
2026-08-21 07:00:00+00:00,0.0,0.0,1.2443540034921672,435254.7643752458,331222.4519649461,0,8355600.0,0.04293832035120371,1.0,1.2443540034921672,542854.0017855663,1901247.7929092154,57.6,0.00098686,0.9889225911799843,1.0,0.0,4.0101557292000005e-06,0.9889225911799843,0.0,99210.81744445546,99210.81744445546
2026-08-21 08:00:00+00:00,0.0,0.0,1.2443598872712762,435254.7643752458,331223.7802100296,0,8352000.0,0.04198735144063015,1.0,1.2443598872712762,519742.48106980225,1919619.5988965053,57.6,0.00098686,0.9891662870480716,1.0,0.0,4.010121936e-06,0.9891662870480716,0.0,99315.55898701551,99315.55898701551
2026-08-21 09:00:00+00:00,0.0,0.0,1.2443656556451428,435254.7643752458,331225.1084492452,0,8348400.0,0.04198735146941934,1.0,1.2443656556451428,519742.48106980225,1919619.5988965053,57.6,0.00098686,0.989170931368638,1.0,0.0,4.0100881392e-06,0.989170931368638,0.0,99316.25221045373,99316.25221045373
2026-08-21 10:00:00+00:00,0.0,0.0,1.2443713934236698,435254.7643752458,331226.436682594,0,8344800.0,0.04198735149871258,1.0,1.2443713934236698,519742.48106980225,1919619.5988965053,57.6,0.00098686,0.9891755757108899,1.0,0.0,4.010054346e-06,0.9891755757108899,0.0,99316.94544919743,99316.94544919743
2026-08-21 11:00:00+00:00,0.0,0.0,1.2443773029424299,435254.7643752458,331227.76491007465,0,8341200.0,0.04108166060713048,1.0,1.2443773029424299,522135.4053830978,2028602.8925630902,57.6,0.00098686,0.9894077579378912,1.0,0.0,4.0100205492e-06,0.9894077579378912,0.0,99416.6756422224,99416.6756422224
2026-08-21 12:00:00+00:00,0.0,0.0,1.244383095914145,435254.7643752458,331229.09313168825,0,8337600.0,0.041081660635359674,1.0,1.244383095914145,522135.4053830978,2028602.8925630902,57.6,0.00098686,0.989412305176959,1.0,0.0,4.009986756e-06,0.989412305176959,0.0,99417.32662807783,99417.32662807783
2026-08-21 13:00:00+00:00,0.0,0.0,1.2443887193254846,435254.7643752458,331230.42134743463,0,8334000.0,0.042389673582800436,1.0,1.2443887193254846,554592.6029360612,2002806.1190148701,57.6,0.00098686,0.9890885994417257,1.0,0.0,4.009952962800001e-06,0.9890885994417257,0.0,99275.10394881555,99275.10394881555
2026-08-21 14:00:00+00:00,0.0,0.0,1.2443945240113772,435254.7643752458,331231.74955731496,0,8330400.0,0.0423896736119973,1.0,1.2443945240113772,554592.6029360612,2002806.1190148701,57.6,0.00098686,0.9890932869848336,1.0,0.0,4.0099191732e-06,0.9890932869848336,0.0,99275.8160144061,99275.8160144061
2026-08-21 15:00:00+00:00,0.0,0.0,1.2444003332552704,435254.7643752458,331233.07776132785,0,8326800.0,0.042389673641218595,1.0,1.2444003332552704,554592.6029360612,2002806.1190148701,57.6,0.00098686,0.9890979745501572,1.0,0.0,4.009885379999999e-06,0.9890979745501572,0.0,99276.52809553366,99276.52809553366
2026-08-21 16:00:00+00:00,0.0,0.0,1.2444062174394008,435254.7643752458,331234.40595947445,0,8323200.0,0.041810786518020615,1.0,1.2444062174394008,563535.2489092748,2102002.7106662844,57.6,0.00098686,0.9892476866325898,1.0,0.0,4.0098515904e-06,0.9892476866325898,0.0,99340.36279455037,99340.36279455037
2026-08-21 17:00:00+00:00,0.0,0.0,1.244412017096023,435254.7643752458,331235.7341517522,0,8319600.0,0.04181078654688486,1.0,1.244412017096023,563535.2489092748,2102002.7106662844,57.6,0.00098686,0.9892523121979995,1.0,0.0,4.0098177936e-06,0.9892523121979995,0.0,99341.04790165514,99341.04790165514
2026-08-21 18:00:00+00:00,0.0,0.0,1.244417744908634,435254.7643752458,331237.06233816344,0,8316000.0,0.04181078657577486,1.0,1.244417744908634,563535.2489092748,2102002.7106662844,57.6,0.00098686,0.9892569377850373,1.0,0.0,4.009784004e-06,0.9892569377850373,0.0,99341.73302404018,99341.73302404018
2026-08-21 19:00:00+00:00,0.0,0.0,1.2444235037312343,435254.7643752458,331238.390518708,0,8312400.0,0.042016697093387956,1.0,1.2444235037312343,568900.4660265628,2097738.0032277037,57.6,0.00098686,0.9892100326565157,1.0,0.0,4.0097502144e-06,0.9892100326565157,0.0,99319.98916283296,99319.98916283296
2026-08-21 20:00:00+00:00,0.0,0.0,1.2444292614013925,435254.7643752458,331239.7186933858,0,8308800.0,0.04201669712247247,1.0,1.2444292614013925,568900.4660265628,2097738.0032277037,57.6,0.00098686,0.9892146803626893,1.0,0.0,4.0097164248e-06,0.9892146803626893,0.0,99320.68392441067,99320.68392441067
2026-08-21 21:00:00+00:00,0.0,0.0,1.2444350225184124,435254.7643752458,331241.0468621978,0,8305200.0,0.04202268825145028,1.0,1.2444350225184124,569057.1558559139,2097613.4536686633,57.6,0.00098686,0.9892178302473852,1.0,0.0,4.0096826387999996e-06,0.9892178302473852,0.0,99320.7267579197,99320.7267579197
2026-08-21 22:00:00+00:00,0.0,0.0,1.2444407693109525,435254.7643752458,331242.3750251429,0,8301600.0,0.04202268828058964,1.0,1.2444407693109525,569057.1558559139,2097613.4536686633,57.6,0.00098686,0.9892224786394568,1.0,0.0,4.0096488492e-06,0.9892224786394568,0.0,99321.42182977044,99321.42182977044
2026-08-21 23:00:00+00:00,0.0,0.0,1.2444464522769372,435254.7643752458,331243.7031822209,0,8298000.0,0.04202440288450626,1.0,1.2444464522769372,569057.1558559139,2097412.50468381,57.6,0.00098686,0.9892266987597184,1.0,0.0,4.0096150596e-06,0.9892266987597184,0.0,99321.93050014251,99321.93050014251
2026-08-22 00:00:00+00:00,0.0,0.0,1.244452111109281,435254.7643752458,331245.03133343166,0,8294400.0,0.04202440291369691,1.0,1.244452111109281,569057.1558559139,2097412.50468381,57.6,0.00098686,0.989231347379275,1.0,0.0,4.00958127e-06,0.989231347379275,0.0,99322.62568274158,99322.62568274158
2026-08-22 01:00:00+00:00,0.0,0.0,1.244457679152185,435254.7643752458,331246.3594787763,0,8290800.0,0.04270139341429302,1.0,1.244457679152185,586976.892512675,2083170.2257934595,57.6,0.00098686,0.989067101215212,1.0,0.0,4.009547484e-06,0.989067101215212,0.0,99249.80861195817,99249.80861195817
2026-08-22 02:00:00+00:00,0.0,0.0,1.2444633096495568,435254.7643752458,331247.6876182534,0,8287200.0,0.042701393444015245,1.0,1.2444633096495568,586976.892512675,2083170.2257934595,57.6,0.00098686,0.9890718224156192,1.0,0.0,4.0095136944e-06,0.9890718224156192,0.0,99250.5353974519,99250.5353974519
2026-08-22 03:00:00+00:00,0.0,0.0,1.244468958117955,435254.7643752458,331249.0157518642,0,8283600.0,0.04270139347376389,1.0,1.244468958117955,586976.892512675,2083170.2257934595,57.6,0.00098686,0.9890765436385623,1.0,0.0,4.0094799084e-06,0.9890765436385623,0.0,99251.26219862077,99251.26219862077
2026-08-22 04:00:00+00:00,0.0,0.0,1.2444744736145408,435254.7643752458,331250.34387960844,0,8280000.0,0.04372958625618528,1.0,1.2444744736145408,615009.3387015117,2060897.359737884,57.6,0.00098686,0.9888253473391951,1.0,0.0,4.0094461224e-06,0.9888253473391951,0.0,99140.59968478349,99140.59968478349
2026-08-22 05:00:00+00:00,0.0,0.0,1.2444801274861446,435254.7643752458,331251.6720014861,0,8276400.0,0.04372958628671819,1.0,1.2444801274861446,615009.3387015117,2060897.359737884,57.6,0.00098686,0.9888301786400813,1.0,0.0,4.009412336399999e-06,0.9888301786400813,0.0,99141.37440963462,99141.37440963462
2026-08-22 06:00:00+00:00,0.0,0.0,1.2444857816754276,435254.7643752458,331253.0001174971,0,8272800.0,0.04372955509372911,1.0,1.2444857816754276,615009.3387008801,2060900.9508256891,57.6,0.00098686,0.9888350177246139,1.0,0.0,4.0093785504e-06,0.9888350177246139,0.0,99142.15252822172,99142.15252822172
2026-08-22 07:00:00+00:00,0.0,0.0,1.2444913926820962,435254.7643752458,331254.32822764124,0,8269200.0,0.044031743843034654,1.0,1.2444913926820962,623435.9385654983,2054206.190516553,57.6,0.00098686,0.9887647916257197,1.0,0.0,4.0093447643999995e-06,0.9887647916257197,0.0,99110.25817395042,99110.25817395042
2026-08-22 08:00:00+00:00,0.0,0.0,1.2444970381466471,435254.7643752458,331255.6563319196,0,8265600.0,0.04403174387386288,1.0,1.2444970381466471,623435.9385654983,2054206.190516553,57.6,0.00098686,0.9887696553025214,1.0,0.0,4.009310982e-06,0.9887696553025214,0.0,99111.04700817232,99111.04700817232
2026-08-22 09:00:00+00:00,0.0,0.0,1.2445027221186373,435254.7643752458,331256.9844303309,0,8262000.0,0.04376506089739807,1.0,1.2445027221186373,615995.2779762808,2060118.5400854652,57.6,0.00098686,0.9888406991150668,1.0,0.0,4.009277196e-06,0.9888406991150668,0.0,99140.64106765075,99140.64106765075
2026-08-22 10:00:00+00:00,0.0,0.0,1.2445083157266934,435254.7643752458,331258.31252287625,0,8258400.0,0.04376506092808974,1.0,1.2445083157266934,615995.2779762808,2060118.5400854652,57.6,0.00098686,0.9888455343275417,1.0,0.0,4.0092434136e-06,0.9888455343275417,0.0,99141.41752437194,99141.41752437194
2026-08-22 11:00:00+00:00,0.0,0.0,1.2445139598625414,435254.7643752458,331259.64060955314,0,8254800.0,0.04376506095880872,1.0,1.2445139598625414,615995.2779762808,2060118.5400854652,57.6,0.00098686,0.9888503695636596,1.0,0.0,4.009209624e-06,0.9888503695636596,0.0,99142.19399725221,99142.19399725221
2026-08-22 12:00:00+00:00,0.0,0.0,1.2445194512208246,435254.7643752458,331260.968690365,0,8251200.0,0.044979590171656536,1.0,1.2445194512208246,650422.862076597,2032772.977432212,57.6,0.00098686,0.9885543688350859,1.0,0.0,4.009175845200001e-06,0.9885543688350859,0.0,99012.0301890701,99012.0301890701
2026-08-22 13:00:00+00:00,0.0,0.0,1.2445251237745618,435254.7643752458,331262.2967653106,0,8247600.0,0.04481815709730519,1.0,1.2445251237745618,650422.8614142917,2051153.2002603624,57.6,0.00098686,0.9885992778172091,1.0,0.0,4.0091420628e-06,0.9885992778172091,0.0,99030.24896255694,99030.24896255694
2026-08-22 14:00:00+00:00,0.0,0.0,1.244530747297977,435254.7643752458,331263.6248343897,0,8244000.0,0.044879822126151714,1.0,1.244530747297977,663384.6925729375,2084855.9883354213,57.6,0.00098686,0.9885889733429372,1.0,0.0,4.0091082804e-06,0.9885889733429372,0.0,99024.43582195655,99024.43582195655
2026-08-22 15:00:00+00:00,0.0,0.0,1.2445364304802882,435254.7643752458,331264.95289760234,0,8240400.0,0.044749874074604845,1.0,1.2445364304802882,659557.8956395009,2087896.0184314142,57.6,0.00098686,0.9886260567905717,1.0,0.0,4.009074498e-06,0.9886260567905717,0.0,99039.24850600632,99039.24850600632
2026-08-22 16:00:00+00:00,0.0,0.0,1.2445420538851604,435254.7643752458,331266.28095494944,0,8236800.0,0.044895753386609005,1.0,1.2445420538851604,663857.2593028926,2084480.993792526,57.6,0.00098686,0.98859494540108,1.0,0.0,4.0090407192e-06,0.98859494540108,0.0,99024.37906815659,99024.37906815659
2026-08-22 17:00:00+00:00,0.0,0.0,1.244547694138711,435254.7643752458,331267.6090064286,0,8233200.0,0.04489575341830343,1.0,1.244547694138711,663857.2593028926,2084480.993792526,57.6,0.00098686,0.98859990159811,1.0,0.0,4.0090069332e-06,0.98859990159811,0.0,99025.20822504791,99025.20822504791
2026-08-22 18:00:00+00:00,0.0,0.0,1.2445533224032506,435254.7643752458,331268.9370520421,0,8229600.0,0.044895753450026055,1.0,1.2445533224032506,663857.2593028926,2084480.993792526,57.6,0.00098686,0.9886048578199871,1.0,0.0,4.008973154399999e-06,0.9886048578199871,0.0,99026.03739861975,99026.03739861975
2026-08-22 19:00:00+00:00,0.0,0.0,1.2445589715370435,435254.7643752458,331270.26509178977,0,8226000.0,0.04489575348177599,1.0,1.2445589715370435,663857.2593028926,2084480.993792526,57.6,0.00098686,0.9886098140667117,1.0,0.0,4.0089393756e-06,0.9886098140667117,0.0,99026.86658887233,99026.86658887233
2026-08-22 20:00:00+00:00,0.0,0.0,1.2445646204903509,435254.7643752458,331271.5931256715,0,8222400.0,0.04489575351355368,1.0,1.2445646204903509,663857.2593028926,2084480.993792526,57.6,0.00098686,0.9886147703382838,1.0,0.0,4.0089055968e-06,0.9886147703382838,0.0,99027.69579580595,99027.69579580595
2026-08-22 21:00:00+00:00,0.0,0.0,1.2445702686183764,435254.7643752458,331272.92115368723,0,8218800.0,0.04489575354535935,1.0,1.2445702686183764,663857.2593028926,2084480.993792526,57.6,0.00098686,0.9886197266347035,1.0,0.0,4.008871818e-06,0.9886197266347035,0.0,99028.52501942054,99028.52501942054
2026-08-22 22:00:00+00:00,0.0,0.0,1.2445759152115434,435254.7643752458,331274.24917583686,0,8215200.0,0.044895753577193886,1.0,1.2445759152115434,686121.6102631823,2154390.02282775,57.6,0.00098686,0.9886246829559708,1.0,0.0,4.0088380392e-06,0.9886246829559708,0.0,99029.35425971629,99029.35425971629
2026-08-22 23:00:00+00:00,0.0,0.0,1.2445815590565645,435254.7643752458,331275.57719211903,0,8211600.0,0.04489575360905507,1.0,1.2445815590565645,686121.6102631823,2154390.02282775,57.6,0.00098686,0.9886296393020864,1.0,0.0,4.0088042568e-06,0.9886296393020864,0.0,99030.18351669481,99030.18351669481
2026-08-23 00:00:00+00:00,0.0,0.0,1.2445872026768448,435254.7643752458,331276.9052025348,0,8208000.0,0.044895753640944225,1.0,1.2445872026768448,686121.6102631823,2154390.02282775,57.6,0.00098686,0.9886345956730499,1.0,0.0,4.008770478e-06,0.9886345956730499,0.0,99031.0127903549,99031.0127903549
2026-08-23 01:00:00+00:00,0.0,0.0,1.2445928543430755,435254.7643752458,331278.2332070853,0,8204400.0,0.04489575367286203,1.0,1.2445928543430755,686121.6102631823,2154390.02282775,57.6,0.00098686,0.9886395520688613,1.0,0.0,4.0087367028e-06,0.9886395520688613,0.0,99031.8420806955,99031.8420806955
2026-08-23 02:00:00+00:00,0.0,0.0,1.2445984790096676,435254.7643752458,331279.5612057704,0,8200800.0,0.04489575370480825,1.0,1.2445984790096676,686121.6102631823,2154390.02282775,57.6,0.00098686,0.988644508489521,1.0,0.0,4.0087029275999996e-06,0.988644508489521,0.0,99032.67138771672,99032.67138771672
2026-08-23 03:00:00+00:00,0.0,0.0,1.2446041415151572,435254.7643752458,331280.88919858995,0,8197200.0,0.04489575373678134,1.0,1.2446041415151572,686121.6102631823,2154390.02282775,57.6,0.00098686,0.9886494649350294,1.0,0.0,4.0086691524000005e-06,0.9886494649350294,0.0,99033.5007114191,99033.5007114191
2026-08-23 04:00:00+00:00,0.0,0.0,1.2446098064357936,435254.7643752458,331282.2171855427,0,8193600.0,0.04487705728470193,1.0,1.2446098064357936,685582.4124532165,2154942.161488891,57.6,0.00098686,0.9886590176648729,1.0,0.0,4.0086353736e-06,0.9886590176648729,0.0,99036.33059564349,99036.33059564349
2026-08-23 05:00:00+00:00,0.0,0.0,1.2446153626600978,435254.7643752458,331283.54516662855,0,8190000.0,0.045701463069600656,1.0,1.2446153626600978,711076.7054673969,2134695.7956990716,57.6,0.00098686,0.9884614903254705,1.0,0.0,4.0086015947999994e-06,0.9884614903254705,0.0,98949.0278989884,98949.0278989884
2026-08-23 06:00:00+00:00,0.0,0.0,1.244621024972608,435254.7643752458,331284.8731418485,0,8186400.0,0.045701463102246764,1.0,1.244621024972608,711119.1905428235,2134823.3384960666,57.6,0.00098686,0.9884665328285854,1.0,0.0,4.0085678196e-06,0.9884665328285854,0.0,98949.89469727362,98949.89469727362
2026-08-23 07:00:00+00:00,0.0,0.0,1.2446266916894733,435254.7643752458,331286.2011112037,0,8182800.0,0.0456669539399972,1.0,1.2446266916894733,711119.1905428235,2138932.4360699113,57.6,0.00098686,0.9884800397471681,1.0,0.0,4.008534048e-06,0.9884800397471681,0.0,98954.44567858358,98954.44567858358
2026-08-23 08:00:00+00:00,0.0,0.0,1.2446323539456794,435254.7643752458,331287.5290746928,0,8179200.0,0.045666953972675284,1.0,1.2446323539456794,711119.1905428235,2138932.4360699113,57.6,0.00098686,0.9884850786209969,1.0,0.0,4.0085002728e-06,0.9884850786209969,0.0,98955.3109089355,98955.3109089355
2026-08-23 09:00:00+00:00,0.0,0.0,1.2446380146058256,435254.7643752458,331288.8570323169,0,8175600.0,0.04560047013342827,1.0,1.2446380146058256,711119.1905427931,2146871.363006121,57.6,0.00098686,0.9885064114437853,1.0,0.0,4.0084665012e-06,0.9885064114437853,0.0,98963.26816406759,98963.26816406759
2026-08-23 10:00:00+00:00,0.0,0.0,1.2446436585672844,435254.7643752458,331290.1849840747,0,8172000.0,0.04554795086349106,1.0,1.2446436585672844,709472.8658045308,2148178.972325299,57.6,0.00098686,0.988524310071743,1.0,0.0,4.008432725999999e-06,0.988524310071743,0.0,98969.73067540425,98969.73067540425
2026-08-23 11:00:00+00:00,0.0,0.0,1.2446492874498354,435254.7643752458,331291.51292996603,0,8168400.0,0.04577007396961563,1.0,1.2446492874498354,716455.080302733,2142635.328469342,57.6,0.00098686,0.9884749472627489,1.0,0.0,4.0083989508e-06,0.9884749472627489,0.0,98946.91733171523,98946.91733171523
2026-08-23 12:00:00+00:00,0.0,0.0,1.2446549450676834,435254.7643752458,331292.8408699909,0,8164800.0,0.045770074002484895,1.0,1.2446549450676834,716455.080302733,2142635.328469342,57.6,0.00098686,0.988479997237943,1.0,0.0,4.0083651756e-06,0.988479997237943,0.0,98947.7874174536,98947.7874174536
2026-08-23 13:00:00+00:00,0.0,0.0,1.2446605599060103,435254.7643752458,331294.1688041515,0,8161200.0,0.046102058794258216,1.0,1.2446605599060103,726982.0287772471,2134276.111258436,57.6,0.00098686,0.9884038553412043,1.0,0.0,4.0083314076e-06,0.9884038553412043,0.0,98913.31835996895,98913.31835996895
2026-08-23 14:00:00+00:00,0.0,0.0,1.2446662175231038,435254.7643752458,331295.49673244526,0,8157600.0,0.04610205882742924,1.0,1.2446662175231038,726982.0287772471,2134276.111258436,57.6,0.00098686,0.9884089407665437,1.0,0.0,4.0082976323999996e-06,0.9884089407665437,0.0,98914.20388728299,98914.20388728299
2026-08-23 15:00:00+00:00,0.0,0.0,1.2446718752002763,435254.7643752458,331296.82465487457,0,8154000.0,0.04610142023503783,1.0,1.2446718752002763,726982.0287772471,2134352.0373451235,57.6,0.00098686,0.9884141822363074,1.0,0.0,4.008263864400001e-06,0.9884141822363074,0.0,98915.15733954066,98915.15733954066
2026-08-23 16:00:00+00:00,0.0,0.0,1.2446775326868522,435254.7643752458,331298.1525714369,0,8150400.0,0.04610142026826747,1.0,1.2446775326868522,726982.0287772471,2134352.0373451235,57.6,0.00098686,0.988419267645897,1.0,0.0,4.0082300892e-06,0.988419267645897,0.0,98916.04287173104,98916.04287173104
2026-08-23 17:00:00+00:00,0.0,0.0,1.2446831884674638,435254.7643752458,331299.48048213334,0,8146800.0,0.046101420301527085,1.0,1.2446831884674638,726982.0287772471,2134352.0373451235,57.6,0.00098686,0.9884243530816511,1.0,0.0,4.0081963176e-06,0.9884243530816511,0.0,98916.92842117546,98916.92842117546
2026-08-23 18:00:00+00:00,0.0,0.0,1.2446888242299785,435254.7643752458,331300.80838696496,0,8143200.0,0.04610142033481446,1.0,1.2446888242299785,726982.0287772471,2134352.0373451235,57.6,0.00098686,0.9884294385435701,1.0,0.0,4.0081625496e-06,0.9884294385435701,0.0,98917.81398787315,98917.81398787315
2026-08-23 19:00:00+00:00,0.0,0.0,1.244694485699806,435254.7643752458,331302.1362859304,0,8139600.0,0.04610142036813314,1.0,1.244694485699806,726982.0287772471,2134352.0373451235,57.6,0.00098686,0.9884345240316537,1.0,0.0,4.008128778e-06,0.9884345240316537,0.0,98918.69957182521,98918.69957182521
2026-08-23 20:00:00+00:00,0.0,0.0,1.2447001501606334,435254.7643752458,331303.4628690812,0,8136000.0,0.04610142040148002,1.0,1.2447001501606334,726982.0287772471,2134352.0373451235,57.6,0.00098686,0.9884396095459023,1.0,0.0,4.0041410832e-06,0.9884396095459023,0.0,98919.58648298046,98919.58648298046
2026-08-23 21:00:00+00:00,0.0,0.0,1.2447058146138965,435254.7643752458,331304.78944646247,0,8132400.0,0.04610142043485643,1.0,1.2447058146138965,726982.0287772471,2134352.0373451235,57.6,0.00098686,0.988444695086316,1.0,0.0,4.0041076356e-06,0.988444695086316,0.0,98920.4734112937,98920.4734112937
2026-08-23 22:00:00+00:00,0.0,0.0,1.2447114767862453,435254.7643752458,331306.1160180753,0,8128800.0,0.046101420468263266,1.0,1.2447114767862453,726982.0287772471,2134352.0373451235,57.6,0.00098686,0.9884497806528948,1.0,0.0,4.0040741916000004e-06,0.9884497806528948,0.0,98921.36035676376,98921.36035676376
2026-08-23 23:00:00+00:00,0.0,0.0,1.2447171383521447,435254.7643752458,331307.4425839184,0,8125200.0,0.046101420501698964,1.0,1.2447171383521447,726982.0287772471,2134352.0373451235,57.6,0.00098686,0.988454866245639,1.0,0.0,4.0040407440000005e-06,0.988454866245639,0.0,98922.24731939234,98922.24731939234
2026-08-24 00:00:00+00:00,0.0,0.0,1.2447227999177783,435254.7643752458,331308.7691439928,0,8121600.0,0.046101420535165305,1.0,1.2447227999177783,726982.0287772471,2134352.0373451235,57.6,0.00098686,0.9884599518645485,1.0,0.0,4.0040073e-06,0.9884599518645485,0.0,98923.13429917803,98923.13429917803
2026-08-24 01:00:00+00:00,0.0,0.0,1.2447284614834115,435254.7643752458,331310.0956982984,0,8118000.0,0.04610142056866029,1.0,1.2447284614834115,726982.0287772471,2134352.0373451235,57.6,0.00098686,0.9884650375096239,1.0,0.0,4.003973856e-06,0.9884650375096239,0.0,98924.02129612141,98924.02129612141
2026-08-24 02:00:00+00:00,0.0,0.0,1.244734047867756,435254.7643752458,331311.4222468352,0,8114400.0,0.046344629902825174,1.0,1.244734047867756,734763.3180205843,2128173.325317461,57.6,0.00098686,0.9884110002069236,1.0,0.0,4.003940412e-06,0.9884110002069236,0.0,98899.17475413036,98899.17475413036
2026-08-24 03:00:00+00:00,0.0,0.0,1.2447397304518406,435254.7643752458,331312.74878960295,0,8110800.0,0.04633780857381664,1.0,1.2447397304518406,734763.3180205843,2128981.9485114967,57.6,0.00098686,0.9884177691065945,1.0,0.0,4.003906968000001e-06,0.9884177691065945,0.0,98900.79440719396,98900.79440719396
2026-08-24 04:00:00+00:00,0.0,0.0,1.244745412036745,435254.7643752458,331314.0753266016,0,8107200.0,0.04633780860757741,1.0,1.244745412036745,734763.3180205843,2128981.9485114967,57.6,0.00098686,0.9884228800287828,1.0,0.0,4.003873524e-06,0.9884228800287828,0.0,98901.69242342806,98901.69242342806
2026-08-24 05:00:00+00:00,0.0,0.0,1.2447510936217732,435254.7643752458,331315.40185783105,0,8103600.0,0.04633780864136816,1.0,1.2447510936217732,734763.3180205843,2128981.9485114967,57.6,0.00098686,0.9884279909773988,1.0,0.0,4.00384008e-06,0.9884279909773988,0.0,98902.59045693418,98902.59045693418
2026-08-24 06:00:00+00:00,0.0,0.0,1.244756774543351,435254.7643752458,331316.7283832924,0,8100000.0,0.04633780867518844,1.0,1.244756774543351,734763.3180205843,2128981.9485114967,57.6,0.00098686,0.9884331019524426,1.0,0.0,4.0038066396e-06,0.9884331019524426,0.0,98903.48850771133,98903.48850771133
2026-08-24 07:00:00+00:00,0.0,0.0,1.2447624494926888,435254.7643752458,331318.0549029843,0,8096400.0,0.04633780870903981,1.0,1.2447624494926888,734763.3180205843,2128981.9485114967,57.6,0.00098686,0.988438212953914,1.0,0.0,4.0037731956e-06,0.988438212953914,0.0,98904.38657576055,98904.38657576055
2026-08-24 08:00:00+00:00,0.0,0.0,1.2447680121278928,435254.7643752458,331319.3814169078,0,8092800.0,0.04726373337132861,1.0,1.2447680121278928,764929.5422663128,2105034.1660952317,57.6,0.00098686,0.9882189841889142,1.0,0.0,4.0037397551999995e-06,0.9882189841889142,0.0,98807.63969738275,98807.63969738275
2026-08-24 09:00:00+00:00,0.0,0.0,1.2447738067284868,435254.7643752458,331320.70792506286,0,8089200.0,0.046390774916544864,1.0,1.2447738067284868,736467.8715728599,2127635.5555970827,57.6,0.00098686,0.9884356009314907,1.0,0.0,4.0037063148e-06,0.9884356009314907,0.0,98900.59665847762,98900.59665847762
2026-08-24 10:00:00+00:00,0.0,0.0,1.2447794507933605,435254.7643752458,331322.03442744934,0,8085600.0,0.046390232548426225,1.0,1.2447794507933605,736467.8715728599,2127699.8213098105,57.6,0.00098686,0.9884408490238011,1.0,0.0,4.003672874399999e-06,0.9884408490238011,0.0,98901.55441327312,98901.55441327312
2026-08-24 11:00:00+00:00,0.0,0.0,1.244785135482832,435254.7643752458,331323.3609240659,0,8082000.0,0.04639023258243724,1.0,1.244785135482832,736467.8715728599,2127699.8213098105,57.6,0.00098686,0.9884459657185178,1.0,0.0,4.0036394304e-06,0.9884459657185178,0.0,98902.45498240984,98902.45498240984
2026-08-24 12:00:00+00:00,0.0,0.0,1.2447908243486405,435254.7643752458,331324.68741491495,0,8078400.0,0.04639898660015063,1.0,1.2447908243486405,736749.5229159439,2127476.1812382187,57.6,0.00098686,0.9884489641580868,1.0,0.0,4.003605993599999e-06,0.9884489641580868,0.0,98902.4335766689,98902.4335766689
2026-08-24 13:00:00+00:00,0.0,0.0,1.2447965143470887,435254.7643752458,331326.013899995,0,8074800.0,0.046398986634228034,1.0,1.2447965143470887,736775.1382525977,2127550.149414526,57.6,0.00098686,0.9884540818387901,1.0,0.0,4.0035725532000005e-06,0.9884540818387901,0.0,98903.33458649751,98903.33458649751
2026-08-24 14:00:00+00:00,0.0,0.0,1.244802205509962,435254.7643752458,331327.34037930606,0,8071200.0,0.04638864562272649,1.0,1.244802205509962,736775.1382525977,2128775.647708877,57.6,0.00098686,0.9884616996615797,1.0,0.0,4.0035391128e-06,0.9884616996615797,0.0,98905.32380084979,98905.32380084979
2026-08-24 15:00:00+00:00,0.0,0.0,1.244807894736741,435254.7643752458,331327.6722874479,0,8067600.0,0.04638864565685785,1.0,1.244807894736741,736775.1382525977,2128775.647708877,57.6,0.00098686,0.9884668162930879,1.0,0.0,1.001752452e-06,0.9884668162930879,0.0,98907.2189309494,98907.2189309494
2026-08-24 16:00:00+00:00,0.0,0.0,1.2448135842185586,435254.7643752458,331328.0032512816,0,8064000.0,0.046388645691019637,1.0,1.2448135842185586,736775.1382525977,2128775.647708877,57.6,0.00098686,0.9884719329510816,1.0,0.0,9.98901378e-07,0.9884719329510816,0.0,98909.11501688516,98909.11501688516
2026-08-24 17:00:00+00:00,0.0,0.0,1.244819273735528,435254.7643752458,331328.3332748634,0,8060400.0,0.046388645725211175,1.0,1.244819273735528,736775.1382525977,2128775.647708877,57.6,0.00098686,0.988477049635561,1.0,0.0,9.960625548e-07,0.988477049635561,0.0,98911.01205460081,98911.01205460081
2026-08-24 18:00:00+00:00,0.0,0.0,1.2448249442874406,435254.7643752458,331328.66236224945,0,8056800.0,0.046388645759434466,1.0,1.2448249442874406,736775.1382525977,2128775.647708877,57.6,0.00098686,0.9884821663465261,1.0,0.0,9.932359824e-07,0.9884821663465261,0.0,98912.91004004027,98912.91004004027
2026-08-24 19:00:00+00:00,0.0,0.0,1.2448306341995479,435254.7643752458,331328.99051749724,0,8053200.0,0.04638522371079956,1.0,1.2448306341995479,736775.138167943,2129181.3400095627,57.6,0.00098686,0.9884881086111291,1.0,0.0,9.904216644000002e-07,0.9884881086111291,0.0,98915.16828377213,98915.16828377213
2026-08-24 20:00:00+00:00,0.0,0.0,1.2448363344360072,435254.7643752458,331329.3177446642,0,8049600.0,0.046385223745081694,1.0,1.2448363344360072,736775.138167943,2129181.3400095627,57.6,0.00098686,0.9884932250103048,1.0,0.0,9.876196008e-07,0.9884932250103048,0.0,98917.0679937228,98917.0679937228
2026-08-24 21:00:00+00:00,0.0,0.0,1.2448420346719948,435254.7643752458,331329.6440478066,0,8046000.0,0.04638522377939314,1.0,1.2448420346719948,736775.138167943,2129181.3400095627,57.6,0.00098686,0.988498341435963,1.0,0.0,9.84829788e-07,0.988498341435963,0.0,98918.96863922471,98918.96863922471
2026-08-24 22:00:00+00:00,0.0,0.0,1.2448477349008518,435254.7643752458,331329.9694309809,0,8042400.0,0.046385223813736554,1.0,1.2448477349008518,736775.138167943,2129181.3400095627,57.6,0.00098686,0.9885034578881036,1.0,0.0,9.82052226e-07,0.9885034578881036,0.0,98920.87021622132,98920.87021622132
2026-08-24 23:00:00+00:00,0.0,0.0,1.2448534307039902,435254.7643752458,331330.29389824567,0,8038800.0,0.04641928993692068,1.0,1.2448534307039902,736775.138167943,2125146.3268307527,57.6,0.00098686,0.988500371099442,1.0,0.0,9.79286922e-07,0.988500371099442,0.0,98919.202209485,98919.202209485
2026-08-25 00:00:00+00:00,0.0,0.0,1.2448591393321,435254.7643752458,331330.6174536562,0,8035200.0,0.046362519112167044,1.0,1.2448591393321,736775.1370745987,2131874.8961589327,57.6,0.00098686,0.988519156048434,1.0,0.0,9.765338652000002e-07,0.988519156048434,0.0,98927.05489262176,98927.05489262176
2026-08-25 01:00:00+00:00,0.0,0.0,1.2448648411221965,435254.7643752458,331330.94010127126,0,8031600.0,0.04636251914658529,1.0,1.2448648411221965,736775.1370745987,2131874.8961589327,57.6,0.00098686,0.9885242701597394,1.0,0.0,9.737930664e-07,0.9885242701597394,0.0,98928.95818631793,98928.95818631793
2026-08-25 02:00:00+00:00,0.0,0.0,1.244870572168536,435254.7643752458,331331.261845146,0,8028000.0,0.046362519181033734,1.0,1.244870572168536,736775.1370745987,2131874.8961589327,57.6,0.00098686,0.9885293842975028,1.0,0.0,9.710645147999999e-07,0.9885293842975028,0.0,98930.86239527038,98930.86239527038
2026-08-25 03:00:00+00:00,0.0,0.0,1.2448763866093424,435254.7643752458,331331.5826893382,0,8024400.0,0.04636251921551393,1.0,1.2448763866093424,736775.1370745987,2131874.8961589327,57.6,0.00098686,0.9885344984617241,1.0,0.0,9.683482176e-07,0.9885344984617241,0.0,98932.76751542132,98932.76751542132
2026-08-25 04:00:00+00:00,0.0,0.0,1.2448822151695216,435254.7643752458,331331.90263790544,0,8020800.0,0.04636251925002455,1.0,1.2448822151695216,736775.1370745987,2131874.8961589327,57.6,0.00098686,0.9885396126524038,1.0,0.0,9.656441748e-07,0.9885396126524038,0.0,98934.67354271328,98934.67354271328
2026-08-25 05:00:00+00:00,0.0,0.0,1.244888063105821,435254.7643752458,331332.22169490415,0,8017200.0,0.04620890539081568,1.0,1.244888063105821,736775.1370745987,2150189.400904399,57.6,0.00098686,0.9885816246925477,1.0,0.0,9.629523828e-07,0.9885816246925477,0.0,98952.64042634837,98952.64042634837
2026-08-25 06:00:00+00:00,0.0,0.0,1.244893892402992,435254.7643752458,331332.53986439214,0,8013600.0,0.046208905425271674,1.0,1.244893892402992,736775.1370745987,2150189.400904399,57.6,0.00098686,0.988586722558269,1.0,0.0,9.602728452000002e-07,0.988586722558269,0.0,98954.54112720367,98954.54112720367
2026-08-25 07:00:00+00:00,0.0,0.0,1.2448997210484745,435254.7643752458,331332.8571504259,0,8010000.0,0.04620890545975853,1.0,1.2448997210484745,736775.1370745987,2150189.400904399,57.6,0.00098686,0.9885918204502787,1.0,0.0,9.576055583999999e-07,0.9885918204502787,0.0,98956.44272295543,98956.44272295543
2026-08-25 08:00:00+00:00,0.0,0.0,1.2449054176590535,435254.7643752458,331333.1735570632,0,8006400.0,0.047237105256175305,1.0,1.2449054176590535,770470.4338871951,2123439.409882365,57.6,0.00098686,0.9883504043958514,1.0,0.0,9.549505259999999e-07,0.9883504043958514,0.0,98851.04882843199,98851.04882843199
2026-08-25 09:00:00+00:00,0.0,0.0,1.2449112475905448,435254.7643752458,331333.4890883618,0,8002800.0,0.04723710529151037,1.0,1.2449112475905448,770470.4338871951,2123439.409882365,57.6,0.00098686,0.9883556118984185,1.0,0.0,9.52307748e-07,0.9883556118984185,0.0,98852.99988743622,98852.99988743622
2026-08-25 10:00:00+00:00,0.0,0.0,1.2449170850330518,435254.7643752458,331333.8037483783,0,7999200.0,0.04702366287914406,1.0,1.2449170850330518,763388.8369369276,2129062.1568761994,57.6,0.00098686,0.9884119224676213,1.0,0.0,9.496772208000001e-07,0.9884119224676213,0.0,98877.19467094995,98877.19467094995
2026-08-25 11:00:00+00:00,0.0,0.0,1.2449229464846823,435254.7643752458,331334.11754116934,0,7995600.0,0.04676972124728085,1.0,1.2449229464846823,755023.1050428452,2135704.909396265,57.6,0.00098686,0.9884778967431991,1.0,0.0,9.470589444000001e-07,0.9884778967431991,0.0,98905.59649593028,98905.59649593028
2026-08-25 12:00:00+00:00,0.0,0.0,1.2449287544143166,435254.7643752458,331334.4304707927,0,7992000.0,0.04676979315497931,1.0,1.2449287544143166,755023.1050428452,2135704.909396265,57.6,0.00098686,0.988483037345303,1.0,0.0,9.444529224000001e-07,0.988483037345303,0.0,98907.52103786444,98907.52103786444
2026-08-25 13:00:00+00:00,0.0,0.0,1.2449346383160969,435254.7643752458,331334.7425413063,0,7988400.0,0.046481126791717786,1.0,1.2449346383160969,745594.541036052,2143192.1291256966,57.6,0.00098686,0.988557258079652,1.0,0.0,9.418591547999998e-07,0.988557258079652,0.0,98939.51389559166,98939.51389559166
2026-08-25 14:00:00+00:00,0.0,0.0,1.244940472990581,435254.7643752458,331335.0537567656,0,7984800.0,0.046481126826631636,1.0,1.244940472990581,745594.541036052,2143192.1291256966,57.6,0.00098686,0.9885623851790533,1.0,0.0,9.392776344e-07,0.9885623851790533,0.0,98941.43427457416,98941.43427457416
2026-08-25 15:00:00+00:00,0.0,0.0,1.244946308275525,435254.7643752458,331335.3641212298,0,7981200.0,0.04648112686157746,1.0,1.244946308275525,745594.541036052,2143192.1291256966,57.6,0.00098686,0.9885675123050458,1.0,0.0,9.367083719999999e-07,0.9885675123050458,0.0,98943.3555161258,98943.3555161258
2026-08-25 16:00:00+00:00,0.0,0.0,1.2449521436111772,435254.7643752458,331335.6736387555,0,7977600.0,0.046481126896553926,1.0,1.2449521436111772,745594.541036052,2143192.1291256966,57.6,0.00098686,0.9885726394576302,1.0,0.0,9.341513603999999e-07,0.9885726394576302,0.0,98945.27761619014,98945.27761619014
2026-08-25 17:00:00+00:00,0.0,0.0,1.2449579789481025,435254.7643752458,331335.9598735063,0,7974000.0,0.046481126931562367,1.0,1.2449579789481025,745594.541036052,2143192.1291256966,57.6,0.00098686,0.9885777666368062,1.0,0.0,8.638811028e-07,0.9885777666368062,0.0,98947.22301060351,98947.22301060351
2026-08-25 18:00:00+00:00,0.0,0.0,1.2449637949680885,435254.7643752458,331336.24529373605,0,7970400.0,0.04648112696660256,1.0,1.2449637949680885,745594.541036052,2143192.1291256966,57.6,0.00098686,0.9885828938425739,1.0,0.0,8.614220652000001e-07,0.9885828938425739,0.0,98949.16923111206,98949.16923111206
2026-08-25 19:00:00+00:00,0.0,0.0,1.244969630752926,435254.7643752458,331336.52990294236,0,7966800.0,0.04648112700167517,1.0,1.244969630752926,745594.541036052,2143192.1291256966,57.6,0.00098686,0.9885880210749335,1.0,0.0,8.5897359e-07,0.9885880210749335,0.0,98951.11627421831,98951.11627421831
2026-08-25 20:00:00+00:00,0.0,0.0,1.2449754666935802,435254.7643752458,331336.81370462413,0,7963200.0,0.0464811270367782,1.0,1.2449754666935802,745594.541036052,2143192.1291256966,57.6,0.00098686,0.9885931483338856,1.0,0.0,8.565356808e-07,0.9885931483338856,0.0,98953.06413642364,98953.06413642364
2026-08-25 21:00:00+00:00,0.0,0.0,1.2449813025781988,435254.7643752458,331337.0967022789,0,7959600.0,0.046481127071913875,1.0,1.2449813025781988,745594.541036052,2143192.1291256966,57.6,0.00098686,0.9885982756194296,1.0,0.0,8.541083340000001e-07,0.9885982756194296,0.0,98955.01281423023,98955.01281423023
2026-08-25 22:00:00+00:00,0.0,0.0,1.2449871384637436,435254.7643752458,331337.3788994044,0,7956000.0,0.04648112710708108,1.0,1.2449871384637436,745594.541036052,2143192.1291256966,57.6,0.00098686,0.988603402931566,1.0,0.0,8.516915496e-07,0.988603402931566,0.0,98956.96230414056,98956.96230414056
2026-08-25 23:00:00+00:00,0.0,0.0,1.2449929743501407,435254.7643752458,331337.66029949824,0,7952400.0,0.04648112714227959,1.0,1.2449929743501407,745594.541036052,2143192.1291256966,57.6,0.00098686,0.9886085302702953,1.0,0.0,8.492853276e-07,0.9886085302702953,0.0,98958.91260265716,98958.91260265716
2026-08-26 00:00:00+00:00,0.0,0.0,1.2449988102810696,435254.7643752458,331337.94090605935,0,7948800.0,0.04648112717751074,1.0,1.2449988102810696,745594.541036052,2143192.1291256966,57.6,0.00098686,0.9886136576356168,1.0,0.0,8.468896716e-07,0.9886136576356168,0.0,98960.86370628094,98960.86370628094
2026-08-26 01:00:00+00:00,0.0,0.0,1.2450046331891633,435254.7643752458,331338.22072258545,0,7945200.0,0.046431289879725224,1.0,1.2450046331891633,745594.5401830495,2149155.4666507905,57.6,0.00098686,0.9886306471779207,1.0,0.0,8.44504578e-07,0.9886306471779207,0.0,98967.97866898717,98967.97866898717
2026-08-26 02:00:00+00:00,0.0,0.0,1.245010450073383,435254.7643752458,331338.49975257425,0,7941600.0,0.04642814103829851,1.0,1.245010450073383,745494.4024020648,2149234.987516716,57.6,0.00098686,0.9886365184584568,1.0,0.0,8.421300468e-07,0.9886365184584568,0.0,98970.25514182466,98970.25514182466
2026-08-26 03:00:00+00:00,0.0,0.0,1.2450163116704684,435254.7643752458,331338.77799952467,0,7938000.0,0.04622966003699114,1.0,1.2450163116704684,741600.861793345,2161768.1356798364,57.6,0.00098686,0.9886888470536012,1.0,0.0,8.397660816e-07,0.9886888470536012,0.0,98992.75316522393,98992.75316522393
2026-08-26 04:00:00+00:00,0.0,0.0,1.2450221494195253,435254.7643752458,331339.0554669345,0,7934400.0,0.04622966007215479,1.0,1.2450221494195253,741600.861793345,2161768.1356798364,57.6,0.00098686,0.9886939477111355,1.0,0.0,8.374126787999999e-07,0.9886939477111355,0.0,98994.69578330737,98994.69578330737
2026-08-26 05:00:00+00:00,0.0,0.0,1.2450279873766583,435254.7643752458,331339.33215830155,0,7930800.0,0.0462294990045371,1.0,1.2450279873766583,741595.633709422,2161772.2875822587,57.6,0.00098686,0.9886990866819232,1.0,0.0,8.350698384e-07,0.9886990866819232,0.0,98996.65585345961,98996.65585345961
2026-08-26 06:00:00+00:00,0.0,0.0,1.2450338253499096,435254.7643752458,331339.6080771235,0,7927200.0,0.04622949903976381,1.0,1.2450338253499096,741595.633709422,2161772.2875822587,57.6,0.00098686,0.9887041873749046,1.0,0.0,8.327375604000001e-07,0.9887041873749046,0.0,98998.60003555944,98998.60003555944
2026-08-26 07:00:00+00:00,0.0,0.0,1.2450396540925188,435254.7643752458,331339.8832268995,0,7923600.0,0.046303737994154215,1.0,1.2450396540925188,744007.633709422,2159856.994140859,57.6,0.00098686,0.9886916614373362,1.0,0.0,8.304158483999999e-07,0.9886916614373362,0.0,98992.87291177857,98992.87291177857
2026-08-26 08:00:00+00:00,0.0,0.0,1.2450455039606676,435254.7643752458,331340.15761112614,0,7920000.0,0.04621513873654193,1.0,1.2450455039606676,744007.6334579887,2170538.154232266,57.6,0.00098686,0.9887177970937165,1.0,0.0,8.281046952000001e-07,0.9887177970937165,0.0,99003.9741965115,99003.9741965115
2026-08-26 09:00:00+00:00,0.0,0.0,1.2450513430225305,435254.7643752458,331340.43123330246,0,7916400.0,0.04621513877185368,1.0,1.2450513430225305,744007.6334579887,2170538.154232266,57.6,0.00098686,0.9887228963340104,1.0,0.0,8.258041079999999e-07,0.9887228963340104,0.0,99005.92004296783,99005.92004296783
2026-08-26 10:00:00+00:00,0.0,0.0,1.2450571462755697,435254.7643752458,331340.7040969275,0,7912800.0,0.04621513880719874,1.0,1.2450571462755697,744007.6334579887,2170538.154232266,57.6,0.00098686,0.988727995600603,1.0,0.0,8.235140868000001e-07,0.988727995600603,0.0,99007.866659422,99007.866659422
2026-08-26 11:00:00+00:00,0.0,0.0,1.2450630255900783,435254.7643752458,331340.97620549786,0,7909200.0,0.04621513884257533,1.0,1.2450630255900783,744007.6334579887,2170538.154232266,57.6,0.00098686,0.9887330948934948,1.0,0.0,8.212346244000001e-07,0.9887330948934948,0.0,99009.81404237775,99009.81404237775
2026-08-26 12:00:00+00:00,0.0,0.0,1.2450689247716793,435254.7643752458,331341.2475625128,0,7905600.0,0.046215138877983675,1.0,1.2450689247716793,744007.6334579887,2170538.154232266,57.6,0.00098686,0.9887381942126859,1.0,0.0,8.18965728e-07,0.9887381942126859,0.0,99011.76218833582,99011.76218833582
2026-08-26 13:00:00+00:00,0.0,0.0,1.2450748247990568,435254.7643752458,331341.51817147015,0,7902000.0,0.04621513891342466,1.0,1.2450748247990568,744007.6334579887,2170538.154232266,57.6,0.00098686,0.9887432935581764,1.0,0.0,8.16707394e-07,0.9887432935581764,0.0,99013.7110937984,99013.7110937984
2026-08-26 14:00:00+00:00,0.0,0.0,1.245080724103786,435254.7643752458,331341.788035869,0,7898400.0,0.046022341193645566,1.0,1.245080724103786,737748.6885859848,2175508.9119600873,57.6,0.00098686,0.9887940333174842,1.0,0.0,8.144596260000001e-07,0.9887940333174842,0.0,99035.52595138148,99035.52595138148
2026-08-26 15:00:00+00:00,0.0,0.0,1.245086583890608,435254.7643752458,331342.79670958786,0,7894800.0,0.046022341229000396,1.0,1.245086583890608,737748.6885859848,2175508.9119600873,57.6,0.00098686,0.9887991121480433,1.0,0.0,3.0442045643999995e-06,0.9887991121480433,0.0,99036.72786286095,99036.72786286095
2026-08-26 16:00:00+00:00,0.0,0.0,1.2450924416850715,435254.7643752458,331343.8053695428,0,7891200.0,0.04602234126438676,1.0,1.2450924416850715,737748.6885859848,2175508.9119600873,57.6,0.00098686,0.9888041910046894,1.0,0.0,3.0441537576e-06,0.9888041910046894,0.0,99037.92979945883,99037.92979945883
2026-08-26 17:00:00+00:00,0.0,0.0,1.2450980733330026,435254.7643752458,331344.81401573244,0,7887600.0,0.04776618299636537,1.0,1.2450980733330026,795734.2925869857,2129480.2796585904,57.6,0.00098686,0.988397395606255,1.0,0.0,3.0441029472e-06,0.988397395606255,0.0,98859.86151797464,98859.86151797464
2026-08-26 18:00:00+00:00,0.0,0.0,1.245103910376378,435254.7643752458,331345.8226481591,0,7884000.0,0.04776618303318991,1.0,1.245103910376378,795734.2925869857,2129480.2796585904,57.6,0.00098686,0.9884026603456557,1.0,0.0,3.0440521440000003e-06,0.9884026603456557,0.0,98861.14438845537,98861.14438845537
2026-08-26 19:00:00+00:00,0.0,0.0,1.2451097685931019,435254.7643752458,331346.83126682264,0,7880400.0,0.04776618307004865,1.0,1.2451097685931019,795734.2925869857,2129480.2796585904,57.6,0.00098686,0.9884079251130992,1.0,0.0,3.0440013408e-06,0.9884079251130992,0.0,98862.42728490493,98862.42728490493
2026-08-26 20:00:00+00:00,0.0,0.0,1.245115629531341,435254.7643752458,331347.83987172286,0,7876800.0,0.047766183106941584,1.0,1.245115629531341,795734.2925869857,2129480.2796585904,57.6,0.00098686,0.9884131899085855,1.0,0.0,3.0439505376e-06,0.9884131899085855,0.0,98863.7102073236,98863.7102073236
2026-08-26 21:00:00+00:00,0.0,0.0,1.2451214907004575,435254.7643752458,331348.8484628608,0,7873200.0,0.04776618314386738,1.0,1.2451214907004575,795734.2925869857,2129480.2796585904,57.6,0.00098686,0.9884184547321153,1.0,0.0,3.043899738e-06,0.9884184547321153,0.0,98864.99315571057,98864.99315571057
2026-08-26 22:00:00+00:00,0.0,0.0,1.2451273519394257,435254.7643752458,331349.8570402364,0,7869600.0,0.04776618318082715,1.0,1.2451273519394257,795734.2925869857,2129480.2796585904,57.6,0.00098686,0.9884237195836882,1.0,0.0,3.0438489384e-06,0.9884237195836882,0.0,98866.27613006585,98866.27613006585
2026-08-26 23:00:00+00:00,0.0,0.0,1.2451332132241404,435254.7643752458,331350.8656038495,0,7866000.0,0.04776618321782089,1.0,1.2451332132241404,795734.2925869857,2129480.2796585904,57.6,0.00098686,0.9884289844633046,1.0,0.0,3.0437981388e-06,0.9884289844633046,0.0,98867.55913038959,98867.55913038959
2026-08-27 00:00:00+00:00,0.0,0.0,1.2451390745395232,435254.7643752458,331351.87415370106,0,7862400.0,0.04776618325484905,1.0,1.2451390745395232,798094.9509128855,2135797.684097291,57.6,0.00098686,0.9884342493709645,1.0,0.0,3.0437473428000004e-06,0.9884342493709645,0.0,98868.842156681,98868.842156681
2026-08-27 01:00:00+00:00,0.0,0.0,1.2451449358549054,435254.7643752458,331352.88268978987,0,7858800.0,0.047766183291910735,1.0,1.2451449358549054,798094.9509128855,2135797.684097291,57.6,0.00098686,0.9884395143066682,1.0,0.0,3.0436965432e-06,0.9884395143066682,0.0,98870.1252089414,98870.1252089414
2026-08-27 02:00:00+00:00,0.0,0.0,1.2451508038088759,435254.7643752458,331353.89121211687,0,7855200.0,0.0475573142229897,1.0,1.2451508038088759,798094.9509128855,2160753.578462233,57.6,0.00098686,0.9884938663231562,1.0,0.0,3.0436457472e-06,0.9884938663231562,0.0,98892.77366074419,98892.77366074419
2026-08-27 03:00:00+00:00,0.0,0.0,1.2451567264268404,435254.7643752458,331354.89972068433,0,7851600.0,0.047070239781170864,1.0,1.2451567264268404,781497.1386672343,2173932.283800829,57.6,0.00098686,0.9886135737732643,1.0,0.0,3.0435949584000004e-06,0.9886135737732643,0.0,98943.86839016748,98943.86839016748
2026-08-27 04:00:00+00:00,0.0,0.0,1.245162586869965,435254.7643752458,331355.908215491,0,7848000.0,0.047070239817781134,1.0,1.245162586869965,781497.1386672343,2173932.283800829,57.6,0.00098686,0.9886187646785295,1.0,0.0,3.043544166e-06,0.9886187646785295,0.0,98945.11926160892,98945.11926160892
2026-08-27 05:00:00+00:00,0.0,0.0,1.245168448683367,435254.7643752458,331356.9166965366,0,7844400.0,0.04707023974223756,1.0,1.245168448683367,781497.1386672343,2173932.297490064,57.6,0.00098686,0.9886239556373988,1.0,0.0,3.0434933736e-06,0.9886239556373988,0.0,98946.37017014285,98946.37017014285
2026-08-27 06:00:00+00:00,0.0,0.0,1.245174310496755,435254.7643752458,331357.9251638222,0,7840800.0,0.04707023977891489,1.0,1.245174310496755,781497.1386672343,2173932.297490064,57.6,0.00098686,0.9886291465971639,1.0,0.0,3.0434425848e-06,0.9886291465971639,0.0,98947.62109282671,98947.62109282671
2026-08-27 07:00:00+00:00,0.0,0.0,1.2451801381875411,435254.7643752458,331358.93361734773,0,7837200.0,0.04733487240061973,1.0,1.2451801381875411,790484.9690293231,2166797.0092453384,57.6,0.00098686,0.988572252252716,1.0,0.0,3.043391796e-06,0.988572252252716,0.0,98921.84910481423,98921.84910481423
2026-08-27 08:00:00+00:00,0.0,0.0,1.2451859996170973,435254.7643752458,331359.94205711305,0,7833600.0,0.047334872437576614,1.0,1.2451859996170973,790484.9690293231,2166797.0092453384,57.6,0.00098686,0.9885774714589655,1.0,0.0,3.0433410072e-06,0.9885774714589655,0.0,98923.11234943522,98923.11234943522
2026-08-27 09:00:00+00:00,0.0,0.0,1.245191861308605,435254.7643752458,331360.9504831203,0,7830000.0,0.047334872474566136,1.0,1.245191861308605,790484.9690293231,2166797.0092453384,57.6,0.00098686,0.9885826906927703,1.0,0.0,3.0432902255999998e-06,0.9885826906927703,0.0,98924.37561980792,98924.37561980792
2026-08-27 10:00:00+00:00,0.0,0.0,1.2451976451777218,435254.7643752458,331361.9588953682,0,7826400.0,0.04733487251159074,1.0,1.2451976451777218,790484.9690293231,2166797.0092453384,57.6,0.00098686,0.98858790995413,1.0,0.0,3.0432394404e-06,0.98858790995413,0.0,98925.63891593338,98925.63891593338
2026-08-27 11:00:00+00:00,0.0,0.0,1.2452035136886634,435254.7643752458,331362.96729385667,0,7822800.0,0.047334872548648654,1.0,1.2452035136886634,790484.9690293231,2166797.0092453384,57.6,0.00098686,0.9885931292430452,1.0,0.0,3.0431886551999997e-06,0.9885931292430452,0.0,98926.90223781188,98926.90223781188
2026-08-27 12:00:00+00:00,0.0,0.0,1.2452093805566795,435254.7643752458,331363.9756785867,0,7819200.0,0.047334872585741206,1.0,1.2452093805566795,790484.9690293231,2166797.0092453384,57.6,0.00098686,0.9885983485595157,1.0,0.0,3.0431378736e-06,0.9885983485595157,0.0,98928.16558544239,98928.16558544239
2026-08-27 13:00:00+00:00,0.0,0.0,1.2452152405877022,435254.7643752458,331364.9840495581,0,7815600.0,0.047334872622868174,1.0,1.2452152405877022,790484.9690293231,2166797.0092453384,57.6,0.00098686,0.9886035679035418,1.0,0.0,3.043087092e-06,0.9886035679035418,0.0,98929.42895882524,98929.42895882524
2026-08-27 14:00:00+00:00,0.0,0.0,1.2452211076002788,435254.7643752458,331365.99240677204,0,7812000.0,0.04733487266002934,1.0,1.2452211076002788,790484.9690293231,2166797.0092453384,57.6,0.00098686,0.9886087872751236,1.0,0.0,3.0430363139999997e-06,0.9886087872751236,0.0,98930.69235795934,98930.69235795934
2026-08-27 15:00:00+00:00,0.0,0.0,1.2452269813928873,435254.7643752458,331367.00075022824,0,7808400.0,0.04733487269722447,1.0,1.2452269813928873,790484.9690293231,2166797.0092453384,57.6,0.00098686,0.9886140066742612,1.0,0.0,3.042985536e-06,0.9886140066742612,0.0,98931.95578284498,98931.95578284498
2026-08-27 16:00:00+00:00,0.0,0.0,1.2452328549571932,435254.7643752458,331368.0090799278,0,7804800.0,0.04733487273445336,1.0,1.2452328549571932,790484.9690293231,2166797.0092453384,57.6,0.00098686,0.9886192261009551,1.0,0.0,3.0429347616000004e-06,0.9886192261009551,0.0,98933.21923348121,98933.21923348121
2026-08-27 17:00:00+00:00,0.0,0.0,1.2452387284979187,435254.7643752458,331369.01739586936,0,7801200.0,0.04733487277171733,1.0,1.2452387284979187,792461.7136914358,2172215.460689351,57.6,0.00098686,0.988624445555205,1.0,0.0,3.0428839836e-06,0.988624445555205,0.0,98934.4827098694,98934.4827098694
2026-08-27 18:00:00+00:00,0.0,0.0,1.2452445628817064,435254.7643752458,331370.02569805406,0,7797600.0,0.047334872809015494,1.0,1.2452445628817064,792461.7136914358,2172215.460689351,57.6,0.00098686,0.9886296650370113,1.0,0.0,3.0428332091999997e-06,0.9886296650370113,0.0,98935.74621200847,98935.74621200847
2026-08-27 19:00:00+00:00,0.0,0.0,1.2452504366475277,435254.7643752458,331371.03398648166,0,7794000.0,0.04733487284634852,1.0,1.2452504366475277,792461.7136914358,2172215.460689351,57.6,0.00098686,0.9886348845463739,1.0,0.0,3.0427824348e-06,0.9886348845463739,0.0,98937.00973989867,98937.00973989867
2026-08-27 20:00:00+00:00,0.0,0.0,1.2452563102563177,435254.7643752458,331372.0422611533,0,7790400.0,0.04733487288371574,1.0,1.2452563102563177,792461.7136914358,2172215.460689351,57.6,0.00098686,0.9886401040832932,1.0,0.0,3.042731664e-06,0.9886401040832932,0.0,98938.27329353895,98938.27329353895
2026-08-27 21:00:00+00:00,0.0,0.0,1.2452621830454282,435254.7643752458,331373.05052206875,0,7786800.0,0.047334607026233266,1.0,1.2452621830454282,792452.6253197055,2172222.676498292,57.6,0.00098686,0.9886453856228948,1.0,0.0,3.0426808932e-06,0.9886453856228948,0.0,98939.56384789833,98939.56384789833
2026-08-27 22:00:00+00:00,0.0,0.0,1.2452680479620675,435254.7643752458,331374.0587692279,0,7783200.0,0.04739504650623205,1.0,1.2452680479620675,794520.3657117336,2170581.1404958693,57.6,0.00098686,0.9886365248255075,1.0,0.0,3.0426301224e-06,0.9886365248255075,0.0,98934.69889646018,98934.69889646018
2026-08-27 23:00:00+00:00,0.0,0.0,1.2452739206387564,435254.7643752458,331375.0670026318,0,7779600.0,0.047395046543751373,1.0,1.2452739206387564,794520.3657117336,2170581.1404958693,57.6,0.00098686,0.9886417508550671,1.0,0.0,3.0425793552000002e-06,0.9886417508550671,0.0,98935.9653173209,98935.9653173209
2026-08-28 00:00:00+00:00,0.0,0.0,1.2452797563931068,435254.7643752458,331376.0752222802,0,7776000.0,0.0476823532082693,1.0,1.2452797563931068,804400.7358592874,2162737.844094664,57.6,0.00098686,0.988580119159871,1.0,0.0,3.042528588e-06,0.988580119159871,0.0,98908.13160870183,98908.13160870183
2026-08-28 01:00:00+00:00,0.0,0.0,1.2452856185683163,435254.7643752458,331377.0834281743,0,7772400.0,0.04768235324609216,1.0,1.2452856185683163,804400.7358592874,2162737.844094664,57.6,0.00098686,0.9885853758429933,1.0,0.0,3.0424778244e-06,0.9885853758429933,0.0,98909.41139918152,98909.41139918152
2026-08-28 02:00:00+00:00,0.0,0.0,1.2452919834395844,435254.7643752458,331378.09162031393,0,7768800.0,0.04768235328394965,1.0,1.2452919834395844,804400.7358592874,2162737.844094664,57.6,0.00098686,0.9885906325540678,1.0,0.0,3.0424270608e-06,0.9885906325540678,0.0,98910.69121558202,98910.69121558202
2026-08-28 03:00:00+00:00,0.0,0.0,1.2452987663396455,435254.7643752458,331379.0997986989,0,7765200.0,0.04768235332184134,1.0,1.2452987663396455,804400.7358592874,2162737.844094664,57.6,0.00098686,0.9885958892930945,1.0,0.0,3.0423762972e-06,0.9885958892930945,0.0,98911.97105790349,98911.97105790349
2026-08-28 04:00:00+00:00,0.0,0.0,1.2453055519111655,435254.7643752458,331380.1079633291,0,7761600.0,0.047682353359769225,1.0,1.2453055519111655,804400.7358592874,2162737.844094664,57.6,0.00098686,0.9886011460600731,1.0,0.0,3.0423255336000003e-06,0.9886011460600731,0.0,98913.25092614593,98913.25092614593
2026-08-28 05:00:00+00:00,0.0,0.0,1.2453122021863128,435254.7643752458,331381.11611420556,0,7758000.0,0.048752628133595266,1.0,1.2453122021863128,841947.5280207716,2132939.683457194,57.6,0.00098686,0.9883581147267289,1.0,0.0,3.0422747736e-06,0.9883581147267289,0.0,98806.46222953894,98806.46222953894
2026-08-28 06:00:00+00:00,0.0,0.0,1.2453189907839808,435254.7643752458,331382.1242513282,0,7754400.0,0.048752628172465506,1.0,1.2453189907839808,841947.5280207716,2132939.683457194,57.6,0.00098686,0.9883634854302289,1.0,0.0,3.0422240136e-06,0.9883634854302289,0.0,98807.79171670275,98807.79171670275
2026-08-28 07:00:00+00:00,0.0,0.0,1.2453257793816492,435254.7643752458,331383.13237469795,0,7750800.0,0.048752628211372606,1.0,1.2453257793816492,841947.5280207716,2132939.683457194,57.6,0.00098686,0.988368856162913,1.0,0.0,3.0421732572000003e-06,0.988368856162913,0.0,98809.12123032194,98809.12123032194
2026-08-28 08:00:00+00:00,0.0,0.0,1.2453325679793144,435254.7643752458,331384.1404843159,0,7747200.0,0.04875262825031612,1.0,1.2453325679793144,841947.5280207716,2132939.683457194,57.6,0.00098686,0.9883742269247815,1.0,0.0,3.0421225044e-06,0.9883742269247815,0.0,98810.45077039558,98810.45077039558
2026-08-28 09:00:00+00:00,0.0,0.0,1.2453395659564874,435254.7643752458,331385.1485801808,0,7743600.0,0.04712492503367893,1.0,1.2453395659564874,785313.3585739582,2177903.099844226,57.6,0.00098686,0.9887566332707055,1.0,0.0,3.042071748e-06,0.9887566332707055,0.0,98975.88685852144,98975.88685852144
2026-08-28 10:00:00+00:00,0.0,0.0,1.2453462820354928,435254.7643752458,331386.1566622924,0,7740000.0,0.04732887637698546,1.0,1.2453462820354928,792261.676724833,2172386.8828532156,57.6,0.00098686,0.9887145699891666,1.0,0.0,3.0420209916e-06,0.9887145699891666,0.0,98956.57053271477,98956.57053271477
2026-08-28 11:00:00+00:00,0.0,0.0,1.2453530688685812,435254.7643752458,331387.1647306517,0,7736400.0,0.047328876414872045,1.0,1.2453530688685812,792261.676724833,2172386.8828532156,57.6,0.00098686,0.9887197893005084,1.0,0.0,3.0419702388000003e-06,0.9887197893005084,0.0,98957.83419448376,98957.83419448376
2026-08-28 12:00:00+00:00,0.0,0.0,1.245359911759719,435254.7643752458,331388.17278525874,0,7732800.0,0.046879759433248624,1.0,1.245359911759719,777018.0382995735,2184490.845558758,57.6,0.00098686,0.9888290002004289,1.0,0.0,3.041919486e-06,0.9888290002004289,0.0,99004.36070438876,99004.36070438876
2026-08-28 13:00:00+00:00,0.0,0.0,1.2453666964066379,435254.7643752458,331389.31530675926,0,7729200.0,0.04687975947083767,1.0,1.2453666964066379,777018.0382995735,2184490.845558758,57.6,0.00098686,0.9888341716999124,1.0,0.0,3.4476774516e-06,0.9888341716999124,0.0,99005.46910267742,99005.46910267742
2026-08-28 14:00:00+00:00,0.0,0.0,1.2453734845650195,435254.7643752458,331390.4769180553,0,7725600.0,0.0468465983060522,1.0,1.2453734845650195,777018.037246431,2188525.0976607064,57.6,0.00098686,0.9888470167243462,1.0,0.0,3.5052707088e-06,0.9888470167243462,0.0,99009.8983494647,99009.8983494647
2026-08-28 15:00:00+00:00,0.0,0.0,1.245380270651602,435254.7643752458,331391.6386967128,0,7722000.0,0.0468465983436841,1.0,1.245380270651602,777018.037246431,2188525.0976607064,57.6,0.00098686,0.9888521847423069,1.0,0.0,3.505763448e-06,0.9888521847423069,0.0,99010.985975247,99010.985975247
2026-08-28 16:00:00+00:00,0.0,0.0,1.2453870521450086,435254.7643752458,331392.80064276676,0,7718400.0,0.04684659838135019,1.0,1.2453870521450086,777018.037246431,2188525.0976607064,57.6,0.00098686,0.9888573527872774,1.0,0.0,3.506256288e-06,0.9888573527872774,0.0,99012.07344538893,99012.07344538893
2026-08-28 17:00:00+00:00,0.0,0.0,1.245393752258341,435254.7643752458,331393.96275625244,0,7714800.0,0.04732878457696832,1.0,1.245393752258341,793399.6728111388,2175520.0339374435,57.6,0.00098686,0.9887511270099912,1.0,0.0,3.5067492288000003e-06,0.9887511270099912,0.0,98964.67605623999,98964.67605623999
2026-08-28 18:00:00+00:00,0.0,0.0,1.2454005007559772,435254.7643752458,331395.1250372073,0,7711200.0,0.047069809347658476,1.0,1.2454005007559772,784572.0321622299,2182529.2641376974,57.6,0.00098686,0.9888161390062902,1.0,0.0,3.5072422776e-06,0.9888161390062902,0.0,98991.81055641576,98991.81055641576
2026-08-28 19:00:00+00:00,0.0,0.0,1.2454072382673353,435254.7643752458,331396.2874856666,0,7707600.0,0.047069809385614336,1.0,1.2454072382673353,784572.0321622299,2182529.2641376974,57.6,0.00098686,0.9888213309286035,1.0,0.0,3.5077354272000003e-06,0.9888213309286035,0.0,98992.90791687969,98992.90791687969
2026-08-28 20:00:00+00:00,0.0,0.0,1.2454139760026837,435254.7643752458,331397.45010166656,0,7704000.0,0.04706980942360617,1.0,1.2454139760026837,784572.0321622299,2182529.2641376974,57.6,0.00098686,0.9888265228781776,1.0,0.0,3.5082286812e-06,0.9888265228781776,0.0,98994.00512166822,98994.00512166822
2026-08-28 21:00:00+00:00,0.0,0.0,1.2454207121470167,435254.7643752458,331398.6128852448,0,7700400.0,0.04708408056607505,1.0,1.2454207121470167,785056.7009917417,2182144.467782087,57.6,0.00098686,0.9888284240107496,1.0,0.0,3.5087220432e-06,0.9888284240107496,0.0,98993.66981509962,98993.66981509962
2026-08-28 22:00:00+00:00,0.0,0.0,1.2454274504857399,435254.7643752458,331399.7758364363,0,7696800.0,0.04708408060414948,1.0,1.2454274504857399,785056.7009917417,2182144.467782087,57.6,0.00098686,0.9888336175360666,1.0,0.0,3.509215506e-06,0.9888336175360666,0.0,98994.76737054624,98994.76737054624
2026-08-28 23:00:00+00:00,0.0,0.0,1.2454341892970286,435254.7643752458,331400.9389552775,0,7693200.0,0.04708408064225944,1.0,1.2454341892970286,785056.7009917417,2182144.467782087,57.6,0.00098686,0.9888388110886611,1.0,0.0,3.5097090732000004e-06,0.9888388110886611,0.0,98995.86477021588,98995.86477021588
2026-08-29 00:00:00+00:00,0.0,0.0,1.2454409282774548,435254.7643752458,331402.1022418047,0,7689600.0,0.04708408068040559,1.0,1.2454409282774548,785056.7009917417,2182144.467782087,57.6,0.00098686,0.9888440046685331,1.0,0.0,3.5102027448000003e-06,0.9888440046685331,0.0,98996.96201407211,98996.96201407211
2026-08-29 01:00:00+00:00,0.0,0.0,1.2454476671311572,435254.7643752458,331403.2656960531,0,7686000.0,0.047084080718587495,1.0,1.2454476671311572,785056.7009917417,2182144.467782087,57.6,0.00098686,0.9888491982756827,1.0,0.0,3.5106965172e-06,0.9888491982756827,0.0,98998.05910207989,98998.05910207989
2026-08-29 02:00:00+00:00,0.0,0.0,1.2454543157030336,435254.7643752458,331404.4293180602,0,7682400.0,0.04708408075680426,1.0,1.2454543157030336,785056.7009917417,2182144.467782087,57.6,0.00098686,0.9888543919101105,1.0,0.0,3.5111903976e-06,0.9888543919101105,0.0,98999.15603420185,98999.15603420185
2026-08-29 03:00:00+00:00,0.0,0.0,1.2454610522802156,435254.7643752458,331405.59310786234,0,7678800.0,0.0470840807950581,1.0,1.2454610522802156,785056.7009917417,2182144.467782087,57.6,0.00098686,0.988859585571816,1.0,0.0,3.5116843824e-06,0.988859585571816,0.0,99000.25281040161,99000.25281040161
2026-08-29 04:00:00+00:00,0.0,0.0,1.2454677891153685,435254.7643752458,331406.75706549466,0,7675200.0,0.04708408083334703,1.0,1.2454677891153685,785056.7009917417,2182144.467782087,57.6,0.00098686,0.9888647792607997,1.0,0.0,3.512178468e-06,0.9888647792607997,0.0,99001.34943064419,99001.34943064419
2026-08-29 05:00:00+00:00,0.0,0.0,1.2454745232193802,435254.7643752458,331407.9211909923,0,7671600.0,0.04708667607745021,1.0,1.2454745232193802,785144.8570225444,2182074.4775893516,57.6,0.00098686,0.9888693767549113,1.0,0.0,3.5126726544e-06,0.9888693767549113,0.0,99002.18638636277,99002.18638636277
2026-08-29 06:00:00+00:00,0.0,0.0,1.2454812476493475,435254.7643752458,331409.08548439393,0,7668000.0,0.047086676115813075,1.0,1.2454812476493475,785144.8570225444,2182074.4775893516,57.6,0.00098686,0.9888745707751064,1.0,0.0,3.5131669524e-06,0.9888745707751064,0.0,99003.2828149973,99003.2828149973
2026-08-29 07:00:00+00:00,0.0,0.0,1.2454879716408156,435254.7643752458,331410.24994573474,0,7664400.0,0.04708667615421258,1.0,1.2454879716408156,785144.8570225444,2182074.4775893516,57.6,0.00098686,0.988879764822583,1.0,0.0,3.5136613512000006e-06,0.988879764822583,0.0,99004.3790875671,99004.3790875671
2026-08-29 08:00:00+00:00,0.0,0.0,1.2454946956055402,435254.7643752458,331411.4145750487,0,7660800.0,0.04708667619264806,1.0,1.2454946956055402,785144.8570225444,2182074.4775893516,57.6,0.00098686,0.9888849588973412,1.0,0.0,3.5141558472e-06,0.9888849588973412,0.0,99005.47520403814,99005.47520403814
2026-08-29 09:00:00+00:00,0.0,0.0,1.2455014232201531,435254.7643752458,331412.57937237463,0,7657200.0,0.04708667623111973,1.0,1.2455014232201531,785144.8570225444,2182074.4775893516,57.6,0.00098686,0.9888901529993812,1.0,0.0,3.5146504547999994e-06,0.9888901529993812,0.0,99006.5711643718,99006.5711643718
2026-08-29 10:00:00+00:00,0.0,0.0,1.2455080847574904,435254.7643752458,331413.7443377476,0,7653600.0,0.047086676269626926,1.0,1.2455080847574904,785144.8570225444,2182074.4775893516,57.6,0.00098686,0.9888953471287032,1.0,0.0,3.5151451632e-06,0.9888953471287032,0.0,99007.66696853301,99007.66696853301
2026-08-29 11:00:00+00:00,0.0,0.0,1.2455148135998333,435254.7643752458,331414.9094712051,0,7650000.0,0.04708667630817165,1.0,1.2455148135998333,785144.8570225444,2182074.4775893516,57.6,0.00098686,0.9889005412853071,1.0,0.0,3.5156399796e-06,0.9889005412853071,0.0,99008.76261648431,99008.76261648431
2026-08-29 12:00:00+00:00,0.0,0.0,1.2455215430681783,435254.7643752458,331416.07477278105,0,7646400.0,0.047086676346751455,1.0,1.2455215430681783,785144.8570225444,2182074.4775893516,57.6,0.00098686,0.9889057354691935,1.0,0.0,3.5161348932e-06,0.9889057354691935,0.0,99009.85810819187,99009.85810819187
2026-08-29 13:00:00+00:00,0.0,0.0,1.245528272546856,435254.7643752458,331417.2402425131,0,7642800.0,0.04708667638536901,1.0,1.245528272546856,785144.8570225444,2182074.4775893516,57.6,0.00098686,0.9889109296803619,1.0,0.0,3.5166299148e-06,0.9889109296803619,0.0,99010.95344361808,99010.95344361808
2026-08-29 14:00:00+00:00,0.0,0.0,1.2455350023833538,435254.7643752458,331418.4058804375,0,7639200.0,0.04708667642466646,1.0,1.2455350023833538,785144.8570225444,2182074.4775893516,57.6,0.00098686,0.9889161239186656,1.0,0.0,3.5171250407999993e-06,0.9889161239186656,0.0,99012.04862266261,99012.04862266261
2026-08-29 15:00:00+00:00,0.0,0.0,1.2455417549060492,435254.7643752458,331419.5716865895,0,7635600.0,0.04676993467630686,1.0,1.2455417549060492,791453.0947663571,2238707.241876743,57.6,0.00098686,0.9889937622194946,1.0,0.0,3.5176202675999995e-06,0.9889937622194946,0.0,99044.6752568445,99044.6752568445
2026-08-29 16:00:00+00:00,0.0,0.0,1.2455484593356125,435254.7643752458,331420.7376610066,0,7632000.0,0.0467699347147672,1.0,1.2455484593356125,791453.0947663571,2238707.241876743,57.6,0.00098686,0.9889989227360472,1.0,0.0,3.5181156024e-06,0.9889989227360472,0.0,99045.7554218435,99045.7554218435
2026-08-29 17:00:00+00:00,0.0,0.0,1.245555164351429,435254.7643752458,331421.90380372276,0,7628400.0,0.046769934753263964,1.0,1.245555164351429,791453.0947663571,2238707.241876743,57.6,0.00098686,0.9890040832795268,1.0,0.0,3.5186110344000004e-06,0.9890040832795268,0.0,99046.83543026366,99046.83543026366
2026-08-29 18:00:00+00:00,0.0,0.0,1.2455618026300126,435254.7643752458,331423.0701147767,0,7624800.0,0.04677253970801343,1.0,1.2455618026300126,791542.659030951,2238636.1285899202,57.6,0.00098686,0.9890086487854256,1.0,0.0,3.519106578e-06,0.9890086487854256,0.0,99047.65627740393,99047.65627740393
2026-08-29 19:00:00+00:00,0.0,0.0,1.2455685082902752,435254.7643752458,331424.23659420246,0,7621200.0,0.046772539746584796,1.0,1.2455685082902752,791542.659030951,2238636.1285899202,57.6,0.00098686,0.9890138096606121,1.0,0.0,3.5196022188000005e-06,0.9890138096606121,0.0,99048.73609349143,99048.73609349143
2026-08-29 20:00:00+00:00,0.0,0.0,1.2455752097508925,435254.7643752458,331425.40324203746,0,7617600.0,0.04680381078197393,1.0,1.2455752097508925,792618.4242410065,2237782.088977155,57.6,0.00098686,0.9890118338612839,1.0,0.0,3.5200979676000004e-06,0.9890118338612839,0.0,99046.70946958539,99046.70946958539
2026-08-29 21:00:00+00:00,0.0,0.0,1.2455819185243697,435254.7643752458,331426.57005831815,0,7614000.0,0.046803810820645,1.0,1.2455819185243697,792618.4242410065,2237782.088977155,57.6,0.00098686,0.9890169981258228,1.0,0.0,3.5205938207999996e-06,0.9890169981258228,0.0,99047.79042404977,99047.79042404977
2026-08-29 22:00:00+00:00,0.0,0.0,1.2455886277945365,435254.7643752458,331427.7370430808,0,7610400.0,0.04680381085935248,1.0,1.2455886277945365,792618.4242410065,2237782.088977155,57.6,0.00098686,0.9890221624173277,1.0,0.0,3.5210897784000003e-06,0.9890221624173277,0.0,99048.8712217692,99048.8712217692
2026-08-29 23:00:00+00:00,0.0,0.0,1.2455953371016415,435254.7643752458,331428.9041963594,0,7606800.0,0.0468038108980966,1.0,1.2455953371016415,792618.4242410065,2237782.088977155,57.6,0.00098686,0.9890273267357985,1.0,0.0,3.5215858332e-06,0.9890273267357985,0.0,99049.95186270983,99049.95186270983
2026-08-30 00:00:00+00:00,0.0,0.0,1.2456020464977358,435254.7643752458,331430.0715181927,0,7603200.0,0.04680381093687758,1.0,1.2456020464977358,792618.4242410065,2237782.088977155,57.6,0.00098686,0.9890324910812357,1.0,0.0,3.5220819995999998e-06,0.9890324910812357,0.0,99051.03234683292,99051.03234683292
2026-08-30 01:00:00+00:00,0.0,0.0,1.2456087529066406,435254.7643752458,331431.23900861584,0,7599600.0,0.04680381097569586,1.0,1.2456087529066406,792618.4242410065,2237782.088977155,57.6,0.00098686,0.989037655453639,1.0,0.0,3.5225782668e-06,0.989037655453639,0.0,99052.1126741033,99052.1126741033
2026-08-30 02:00:00+00:00,0.0,0.0,1.245615412681956,435254.7643752458,331432.40666766523,0,7596000.0,0.04677983228761229,1.0,1.245615412681956,791793.5015617702,2238437.125491586,57.6,0.00098686,0.9890482769345466,1.0,0.0,3.5230746383999998e-06,0.9890482769345466,0.0,99055.56806522369,99055.56806522369
2026-08-30 03:00:00+00:00,0.0,0.0,1.2456220915685987,435254.7643752458,331433.57449537603,0,7592400.0,0.046779832326483195,1.0,1.2456220915685987,791793.5015617702,2238437.125491586,57.6,0.00098686,0.9890534388030673,1.0,0.0,3.5235711107999994e-06,0.9890534388030673,0.0,99056.6469653796,99056.6469653796
2026-08-30 04:00:00+00:00,0.0,0.0,1.2456287704552418,435254.7643752458,331434.74249178456,0,7588800.0,0.04677983236539163,1.0,1.2456287704552418,791793.5015617702,2238437.125491586,57.6,0.00098686,0.9890586006985279,1.0,0.0,3.5240676876e-06,0.9890586006985279,0.0,99057.72570856352,99057.72570856352
2026-08-30 05:00:00+00:00,0.0,0.0,1.24563544934741,435254.7643752458,331435.91065692715,0,7585200.0,0.04677983240433603,1.0,1.24563544934741,791793.5015617702,2238437.125491586,57.6,0.00098686,0.9890637626209287,1.0,0.0,3.5245643688e-06,0.9890637626209287,0.0,99058.80429473915,99058.80429473915
2026-08-30 06:00:00+00:00,0.0,0.0,1.2456421283306622,435254.7643752458,331437.0789908414,0,7581600.0,0.0467798324433184,1.0,1.2456421283306622,791793.5015617702,2238437.125491586,57.6,0.00098686,0.9890689245702695,1.0,0.0,3.5250611580000003e-06,0.9890689245702695,0.0,99059.882723869,99059.882723869
2026-08-30 07:00:00+00:00,0.0,0.0,1.2456488066875013,435254.7643752458,331438.24749356246,0,7578000.0,0.04677983248233719,1.0,1.2456488066875013,791793.5015617702,2238437.125491586,57.6,0.00098686,0.9890740865465508,1.0,0.0,3.5255580480000005e-06,0.9890740865465508,0.0,99060.96099591797,99060.96099591797
2026-08-30 08:00:00+00:00,0.0,0.0,1.2456554872063506,435254.7643752458,331439.4161651267,0,7574400.0,0.046766429910005014,1.0,1.2456554872063506,791793.5012363045,2240106.719763729,57.6,0.00098686,0.9890822902068277,1.0,0.0,3.5260550424e-06,0.9890822902068277,0.0,99063.36300657451,99063.36300657451
2026-08-30 09:00:00+00:00,0.0,0.0,1.2456620972827663,435254.7643752458,331440.5850055692,0,7570800.0,0.04729269869311237,1.0,1.2456620972827663,810040.3262726521,2225620.6514223483,57.6,0.00098686,0.9889681090857719,1.0,0.0,3.5265521375999998e-06,0.9889681090857719,0.0,99012.49628919084,99012.49628919084
2026-08-30 10:00:00+00:00,0.0,0.0,1.2456687561552016,435254.7643752458,331441.75401492766,0,7567200.0,0.04729269873268138,1.0,1.2456687561552016,810040.3262726521,2225620.6514223483,57.6,0.00098686,0.9889733258354982,1.0,0.0,3.5270493408000003e-06,0.9889733258354982,0.0,99013.59789500531,99013.59789500531
2026-08-30 11:00:00+00:00,0.0,0.0,1.2456754375441454,435254.7643752458,331442.9231932384,0,7563600.0,0.04729269877228859,1.0,1.2456754375441454,810040.3262726521,2225620.6514223483,57.6,0.00098686,0.9889785426127425,1.0,0.0,3.5275466483999994e-06,0.9889785426127425,0.0,99014.69934384484,99014.69934384484
2026-08-30 12:00:00+00:00,0.0,0.0,1.245682128087567,435254.7643752458,331444.0925405353,0,7560000.0,0.047292698811932654,1.0,1.245682128087567,810040.3262726521,2225620.6514223483,57.6,0.00098686,0.9889837594175052,1.0,0.0,3.5280440532000005e-06,0.9889837594175052,0.0,99015.80063567567,99015.80063567567
2026-08-30 13:00:00+00:00,0.0,0.0,1.2456888185485464,435254.7643752458,331445.2620568572,0,7556400.0,0.047292698851615134,1.0,1.2456888185485464,810040.3262726521,2225620.6514223483,57.6,0.00098686,0.9889889762497861,1.0,0.0,3.5285415695999997e-06,0.9889889762497861,0.0,99016.90177045902,99016.90177045902
2026-08-30 14:00:00+00:00,0.0,0.0,1.2456955090092034,435254.7643752458,331446.4317422392,0,7552800.0,0.047292698891335805,1.0,1.2456955090092034,810040.3262726521,2225620.6514223483,57.6,0.00098686,0.9889941931095854,1.0,0.0,3.5290391868e-06,0.9889941931095854,0.0,99018.00274815969,99018.00274815969
2026-08-30 15:00:00+00:00,0.0,0.0,1.2457021981441616,435254.7643752458,331447.6015967165,0,7549200.0,0.04729269893109356,1.0,1.2457021981441616,810040.3262726521,2225620.6514223483,57.6,0.00098686,0.9889994099969034,1.0,0.0,3.5295369048e-06,0.9889994099969034,0.0,99019.10356874281,99019.10356874281
2026-08-30 16:00:00+00:00,0.0,0.0,1.2457088854928957,435254.7643752458,331448.7716203267,0,7545600.0,0.047292698970889946,1.0,1.2457088854928957,810040.3262726521,2225620.6514223483,57.6,0.00098686,0.9890046269117401,1.0,0.0,3.5300347307999994e-06,0.9890046269117401,0.0,99020.2042321706,99020.2042321706
2026-08-30 17:00:00+00:00,0.0,0.0,1.24571557834847,435254.7643752458,331449.94181310607,0,7542000.0,0.04725225310269776,1.0,1.24571557834847,810040.3262726521,2230631.951185828,57.6,0.00098686,0.9890189786204007,1.0,0.0,3.5305326611999994e-06,0.9890189786204007,0.0,99025.28068896267,99025.28068896267
2026-08-30 18:00:00+00:00,0.0,0.0,1.2457222423832675,435254.7643752458,331451.1121750899,0,7538400.0,0.04692089839682945,1.0,1.2457222423832675,798512.5744432176,2239785.1850301363,57.6,0.00098686,0.9890990093512304,1.0,0.0,3.5310306923999996e-06,0.9890990093512304,0.0,99058.94408386893,99058.94408386893
2026-08-30 19:00:00+00:00,0.0,0.0,1.2457287525409877,435254.7643752458,331452.2827063145,0,7534800.0,0.048275057390313014,1.0,1.2457287525409877,846352.2356932998,2201814.053035893,57.6,0.00098686,0.9887987542649488,1.0,0.0,3.5315288280000004e-06,0.9887987542649488,0.0,98927.08609581232,98927.08609581232
2026-08-30 20:00:00+00:00,0.0,0.0,1.2457354403839616,435254.7643752458,331453.4534068163,0,7531200.0,0.048275057431109714,1.0,1.2457354403839616,846352.2356932998,2201814.053035893,57.6,0.00098686,0.9888040759500738,1.0,0.0,3.5320270680000006e-06,0.9888040759500738,0.0,98928.23168411572,98928.23168411572
2026-08-30 21:00:00+00:00,0.0,0.0,1.2457421282257264,435254.7643752458,331454.62427663157,0,7527600.0,0.04827505747194616,1.0,1.2457421282257264,846352.2356932998,2201814.053035893,57.6,0.00098686,0.9888093976638398,1.0,0.0,3.5325254124000002e-06,0.9888093976638398,0.0,98929.3771155717,98929.3771155717
2026-08-30 22:00:00+00:00,0.0,0.0,1.2457488160869274,435254.7643752458,331455.7953157967,0,7524000.0,0.04827505751282146,1.0,1.2457488160869274,846352.2356932998,2201814.053035893,57.6,0.00098686,0.9888147194062472,1.0,0.0,3.5330238611999997e-06,0.9888147194062472,0.0,98930.52239014424,98930.52239014424
2026-08-30 23:00:00+00:00,0.0,0.0,1.2457555039784547,435254.7643752458,331456.96652434685,0,7520400.0,0.04827505755373607,1.0,1.2457555039784547,846352.2356932998,2201814.053035893,57.6,0.00098686,0.9888200411772959,1.0,0.0,3.5335224107999996e-06,0.9888200411772959,0.0,98931.66750779795,98931.66750779795
2026-08-31 00:00:00+00:00,0.0,0.0,1.2457621918684916,435254.7643752458,331458.1379023196,0,7516800.0,0.048275057594689974,1.0,1.2457621918684916,846352.2356932998,2201814.053035893,57.6,0.00098686,0.9888253629769863,1.0,0.0,3.5340210684e-06,0.9888253629769863,0.0,98932.81246849545,98932.81246849545
2026-08-31 01:00:00+00:00,0.0,0.0,1.2457688797584392,435254.7643752458,331459.309449749,0,7513200.0,0.04827505763568296,1.0,1.2457688797584392,846352.2356932998,2201814.053035893,57.6,0.00098686,0.9888306848053185,1.0,0.0,3.5345198232e-06,0.9888306848053185,0.0,98933.95727220282,98933.95727220282
2026-08-31 02:00:00+00:00,0.0,0.0,1.2457754777212695,435254.7643752458,331460.4811666738,0,7509600.0,0.048280816788773384,1.0,1.2457754777212695,845957.365367164,2200082.641067426,57.6,0.00098686,0.988834713022788,1.0,0.0,3.5350186896e-06,0.988834713022788,0.0,98934.53885612357,98934.53885612357
2026-08-31 03:00:00+00:00,0.0,0.0,1.2457822425888947,435254.7643752458,331461.65305312915,0,7506000.0,0.047694097911313627,1.0,1.2457822425888947,845957.3464009948,2273004.1486389213,57.6,0.00098686,0.9889718098917244,1.0,0.0,3.5355176568e-06,0.9889718098917244,0.0,98993.03903505369,98993.03903505369
2026-08-31 04:00:00+00:00,0.0,0.0,1.2457889305101888,435254.7643752458,331462.8251091514,0,7502400.0,0.047694097951918035,1.0,1.2457889305101888,845957.3464009948,2273004.1486389213,57.6,0.00098686,0.9889770699228942,1.0,0.0,3.5360167284000005e-06,0.9889770699228942,0.0,98994.1564326589,98994.1564326589
2026-08-31 05:00:00+00:00,0.0,0.0,1.2457956199486344,435254.7643752458,331463.9973347769,0,7498800.0,0.04769409799256308,1.0,1.2457956199486344,845957.3464009948,2273004.1486389213,57.6,0.00098686,0.9889823299820403,1.0,0.0,3.5365159044000003e-06,0.9889823299820403,0.0,98995.27367283759,98995.27367283759
2026-08-31 06:00:00+00:00,0.0,0.0,1.2458023154884157,435254.7643752458,331465.1697300409,0,7495200.0,0.04769409803324631,1.0,1.2458023154884157,845957.3464009948,2273004.1486389213,57.6,0.00098686,0.988987590069163,1.0,0.0,3.5370151811999994e-06,0.988987590069163,0.0,98996.39075555484,98996.39075555484
2026-08-31 07:00:00+00:00,0.0,0.0,1.2458090098396757,435254.7643752458,331466.3422949797,0,7491600.0,0.04769409807396885,1.0,1.2458090098396757,845957.3464009948,2273004.1486389213,57.6,0.00098686,0.9889928501842626,1.0,0.0,3.5375145623999996e-06,0.9889928501842626,0.0,98997.50768077426,98997.50768077426
2026-08-31 08:00:00+00:00,0.0,0.0,1.2458156790112656,435254.7643752458,331467.51502962975,0,7488000.0,0.04781601911276434,1.0,1.2458156790112656,850390.9960826951,2269484.717117833,57.6,0.00098686,0.9889707848703274,1.0,0.0,3.5380140480000004e-06,0.9889707848703274,0.0,98986.73091310647,98986.73091310647
2026-08-31 09:00:00+00:00,0.0,0.0,1.2458223395710248,435254.7643752458,331468.68793402746,0,7484400.0,0.04781609765950967,1.0,1.2458223395710248,850390.9960826951,2269484.717117833,57.6,0.00098686,0.9889760404477171,1.0,0.0,3.5385136380000006e-06,0.9889760404477171,0.0,98987.84552380722,98987.84552380722
2026-08-31 10:00:00+00:00,0.0,0.0,1.245829019529316,435254.7643752458,331469.8610082091,0,7480800.0,0.04781601919461864,1.0,1.245829019529316,850390.9960826951,2269484.717117833,57.6,0.00098686,0.9889813312240888,1.0,0.0,3.5390133324e-06,0.9889813312240888,0.0,98988.97528524854,98988.97528524854
2026-08-31 11:00:00+00:00,0.0,0.0,1.2458357014056454,435254.7643752458,331471.0342522099,0,7477200.0,0.047832449267294574,1.0,1.2458357014056454,850989.6781318183,2269009.4850020832,57.6,0.00098686,0.9889829276266544,1.0,0.0,3.5395131276e-06,0.9889829276266544,0.0,98988.49688307033,98988.49688307033
2026-08-31 12:00:00+00:00,0.0,0.0,1.2458423868975592,435254.7643752458,331472.2076660674,0,7473600.0,0.047832449308334635,1.0,1.2458423868975592,850989.6781318183,2269009.4850020832,57.6,0.00098686,0.9889882026244784,1.0,0.0,3.5400130308e-06,0.9889882026244784,0.0,98989.61943714775,98989.61943714775
2026-08-31 13:00:00+00:00,0.0,0.0,1.2458490723896072,435254.7643752458,331473.381249818,0,7470000.0,0.04783244934941422,1.0,1.2458490723896072,850989.6781318183,2269009.4850020832,57.6,0.00098686,0.9889934776504379,1.0,0.0,3.5405130383999993e-06,0.9889934776504379,0.0,98990.74183357821,98990.74183357821
2026-08-31 14:00:00+00:00,0.0,0.0,1.245855758512124,435254.7643752458,331474.5437607851,0,7466400.0,0.047832449390534215,1.0,1.245855758512124,850989.6781318183,2269009.4850020832,57.6,0.00098686,0.988998752704533,1.0,0.0,3.5070958764e-06,0.988998752704533,0.0,98991.87531503837,98991.87531503837
2026-08-31 15:00:00+00:00,0.0,0.0,1.2458624405588823,435254.7643752458,331475.7064144229,0,7462800.0,0.04783244943169285,1.0,1.2458624405588823,850989.6781318183,2269009.4850020832,57.6,0.00098686,0.9890040277867641,1.0,0.0,3.5075139876e-06,0.9890040277867641,0.0,98993.00866607414,98993.00866607414
2026-08-31 16:00:00+00:00,0.0,0.0,1.245869116653765,435254.7643752458,331476.8692107544,0,7459200.0,0.047832449472892336,1.0,1.245869116653765,850989.6781318183,2269009.4850020832,57.6,0.00098686,0.9890093028971311,1.0,0.0,3.5079321636000002e-06,0.9890093028971311,0.0,98994.14188666246,98994.14188666246
2026-08-31 17:00:00+00:00,0.0,0.0,1.2458757902509952,435254.7643752458,331478.03214980976,0,7455600.0,0.04783244951413024,1.0,1.2458757902509952,850989.6781318183,2269009.4850020832,57.6,0.00098686,0.9890145780356344,1.0,0.0,3.508350426e-06,0.9890145780356344,0.0,98995.27497677342,98995.27497677342
2026-08-31 18:00:00+00:00,0.0,0.0,1.2458824369216273,435254.7643752458,331479.1952316118,0,7452000.0,0.04783244955540944,1.0,1.2458824369216273,850989.6781318183,2269009.4850020832,57.6,0.00098686,0.9890198532022738,1.0,0.0,3.5087687532000004e-06,0.9890198532022738,0.0,98996.40793638409,98996.40793638409
2026-08-31 19:00:00+00:00,0.0,0.0,1.2458891075321716,435254.7643752458,331480.3584561895,0,7448400.0,0.0478324495967275,1.0,1.2458891075321716,850989.6781318183,2269009.4850020832,57.6,0.00098686,0.9890251283970499,1.0,0.0,3.5091871632e-06,0.9890251283970499,0.0,98997.54076546564,98997.54076546564
2026-08-31 20:00:00+00:00,0.0,0.0,1.2458957782508286,435254.7643752458,331481.5218235671,0,7444800.0,0.04782567904858981,1.0,1.2458957782508286,850989.6781318183,2269863.454865907,57.6,0.00098686,0.9890319122836748,1.0,0.0,3.5096056416000003e-06,0.9890319122836748,0.0,98999.33011706255,98999.33011706255
2026-08-31 21:00:00+00:00,0.0,0.0,1.245902447876339,435254.7643752458,331482.6853337722,0,7441200.0,0.04782567908998292,1.0,1.245902447876339,850989.6781318183,2269863.454865907,57.6,0.00098686,0.9890371868132398,1.0,0.0,3.5100241992000002e-06,0.9890371868132398,0.0,99000.46237098041,99000.46237098041
2026-08-31 22:00:00+00:00,0.0,0.0,1.2459091176988317,435254.7643752458,331483.8489868303,0,7437600.0,0.04782567913141533,1.0,1.2459091176988317,850989.6781318183,2269863.454865907,57.6,0.00098686,0.9890424613709342,1.0,0.0,3.5104428288e-06,0.9890424613709342,0.0,99001.59449428885,99001.59449428885
2026-08-31 23:00:00+00:00,0.0,0.0,1.2459157876029139,435254.7643752458,331485.01278276776,0,7434000.0,0.047825679172887714,1.0,1.2459157876029139,850989.6781318183,2269863.454865907,57.6,0.00098686,0.989047735956758,1.0,0.0,3.5108615339999997e-06,0.989047735956758,0.0,99002.72648696124,99002.72648696124
2026-09-01 00:00:00+00:00,0.0,0.0,1.2459224577434063,435254.7643752458,331486.17672161123,0,7430400.0,0.04782467453754857,1.0,1.2459224577434063,850953.066795537,2269892.5381516363,57.6,0.00098686,0.9890532340116626,1.0,0.0,3.5112803148000003e-06,0.9890532340116626,0.0,99003.95560270979,99003.95560270979
2026-09-01 01:00:00+00:00,0.0,0.0,1.245929127799411,435254.7643752458,331487.34080338606,0,7426800.0,0.04782467457910089,1.0,1.245929127799411,850953.066795537,2269892.5381516363,57.6,0.00098686,0.9890585085466803,1.0,0.0,3.5116991676000003e-06,0.9890585085466803,0.0,99005.08728743129,99005.08728743129
2026-09-01 02:00:00+00:00,0.0,0.0,1.24593573137147,435254.7643752458,331488.5050281187,0,7423200.0,0.047824674621387064,1.0,1.24593573137147,850953.066795537,2269892.5381516363,57.6,0.00098686,0.9890637831096727,1.0,0.0,3.5121180960000002e-06,0.9890637831096727,0.0,99006.21884137107,99006.21884137107
2026-09-01 03:00:00+00:00,0.0,0.0,1.2459424008714057,435254.7643752458,331489.66939583694,0,7419600.0,0.04782467466302087,1.0,1.2459424008714057,850953.066795537,2269892.5381516363,57.6,0.00098686,0.9890690577009478,1.0,0.0,3.5125371036e-06,0.9890690577009478,0.0,99007.35026463546,99007.35026463546
2026-09-01 04:00:00+00:00,0.0,0.0,1.2459490703712184,435254.7643752458,331490.833906565,0,7416000.0,0.04782467470469465,1.0,1.2459490703712184,850953.066795537,2269892.5381516363,57.6,0.00098686,0.9890743323203518,1.0,0.0,3.5129561795999996e-06,0.9890743323203518,0.0,99008.48155713332,99008.48155713332
2026-09-01 05:00:00+00:00,0.0,0.0,1.2459557398811403,435254.7643752458,331491.9985603304,0,7412400.0,0.04782467474640928,1.0,1.2459557398811403,850953.066795537,2269892.5381516363,57.6,0.00098686,0.989079606967885,1.0,0.0,3.5133753348000004e-06,0.989079606967885,0.0,99009.61271883704,99009.61271883704
2026-09-01 06:00:00+00:00,0.0,0.0,1.2459624092265276,435254.7643752458,331493.1633571588,0,7408800.0,0.047824674788164545,1.0,1.2459624092265276,850953.066795537,2269892.5381516363,57.6,0.00098686,0.9890848816435472,1.0,0.0,3.513794562e-06,0.9890848816435472,0.0,99010.74374972127,99010.74374972127
2026-09-01 07:00:00+00:00,0.0,0.0,1.245969099543035,435254.7643752458,331494.32829707646,0,7405200.0,0.04766756912443704,1.0,1.245969099543035,845240.6245461173,2274427.609065443,57.6,0.00098686,0.9891249828293979,1.0,0.0,3.5142138648000007e-06,0.9891249828293979,0.0,99027.03304200212,99027.03304200212
2026-09-01 08:00:00+00:00,0.0,0.0,1.2459757043864657,435254.7643752458,331495.49338011123,0,7401600.0,0.04815210800709946,1.0,1.2459757043864657,862944.1982496,2260375.571643001,57.6,0.00098686,0.9890229027898554,1.0,0.0,3.5146332468e-06,0.9890229027898554,0.0,98981.43713540887,98981.43713540887
2026-09-01 09:00:00+00:00,0.0,0.0,1.2459823738691482,435254.7643752458,331496.65860628727,0,7398000.0,0.04815210804927017,1.0,1.2459823738691482,862944.1982496,2260375.571643001,57.6,0.00098686,0.9890282124383579,1.0,0.0,3.5150526972e-06,0.9890282124383579,0.0,98982.58295904077,98982.58295904077
2026-09-01 10:00:00+00:00,0.0,0.0,1.2459889785196263,435254.7643752458,331500.7587391992,0,7394400.0,0.04847272066193842,1.0,1.2459889785196263,862944.1982496,2220472.1172420327,57.6,0.00098686,0.9889626000142142,1.0,0.0,1.2368473253999998e-05,0.9889626000142142,0.0,98949.92470591806,98949.92470591806
2026-09-01 11:00:00+00:00,0.0,0.0,1.2459956646302128,435254.7643752458,331501.77415308455,0,7390800.0,0.04837222583724721,1.0,1.2459956646302128,859268.0559627227,2223390.1222719196,57.6,0.00098686,0.9889901605638154,1.0,0.0,3.0630769415999997e-06,0.9889901605638154,0.0,98960.90515255538,98960.90515255538
2026-09-01 12:00:00+00:00,0.0,0.0,1.246002337741163,435254.7643752458,331503.11927699007,0,7387200.0,0.04837211928530927,1.0,1.246002337741163,859264.16235367,2223393.212895132,57.6,0.00098686,0.988995517298613,1.0,0.0,4.0576590576e-06,0.988995517298613,0.0,98961.89157299203,98961.89157299203
2026-09-01 13:00:00+00:00,0.0,0.0,1.246009012043334,435254.7643752458,331504.46478019725,0,7383600.0,0.048372119327842356,1.0,1.246009012043334,859264.16235367,2223393.212895132,57.6,0.00098686,0.9890008504956289,1.0,0.0,4.0587867756e-06,0.9890008504956289,0.0,98962.86736919539,98962.86736919539
2026-09-01 14:00:00+00:00,0.0,0.0,1.2460156274635237,435254.7643752458,331505.8098773334,0,7380000.0,0.048372119370416744,1.0,1.2460156274635237,859264.16235367,2223393.212895132,57.6,0.00098686,0.9890061837214044,1.0,0.0,4.0575453732e-06,0.9890061837214044,0.0,98963.8435839875,98963.8435839875
2026-09-01 15:00:00+00:00,0.0,0.0,1.2460221953950763,435254.7643752458,331507.1553517773,0,7376400.0,0.04837211941303288,1.0,1.2460221953950763,859264.16235367,2223393.212895132,57.6,0.00098686,0.9890115169759394,1.0,0.0,4.0586670684000005e-06,0.9890115169759394,0.0,98964.81943398953,98964.81943398953
2026-09-01 16:00:00+00:00,0.0,0.0,1.2460287648644388,435254.7643752458,331508.50120368635,0,7372800.0,0.04837211945569053,1.0,1.2460287648644388,859264.16235367,2223393.212895132,57.6,0.00098686,0.9890168502592342,1.0,0.0,4.0597892244e-06,0.9890168502592342,0.0,98965.79491904442,98965.79491904442
2026-09-01 17:00:00+00:00,0.0,0.0,1.2460353392869206,435254.7643752458,331509.8474332214,0,7369200.0,0.04837211949838993,1.0,1.2460353392869206,859264.16235367,2223393.212895132,57.6,0.00098686,0.989022183571289,1.0,0.0,4.060911852e-06,0.989022183571289,0.0,98966.77003899106,98966.77003899106
2026-09-01 18:00:00+00:00,0.0,0.0,1.2460418930865136,435254.7643752458,331511.19404053973,0,7365600.0,0.0483721195411313,1.0,1.2460418930865136,859264.16235367,2223393.212895132,57.6,0.00098686,0.9890275169121038,1.0,0.0,4.0620349404e-06,0.9890275169121038,0.0,98967.7447936724,98967.7447936724
2026-09-01 19:00:00+00:00,0.0,0.0,1.2460484722151643,435254.7643752458,331512.54102579865,0,7362000.0,0.04837211958391374,1.0,1.2460484722151643,859264.16235367,2223393.212895132,57.6,0.00098686,0.989032850281679,1.0,0.0,4.0631584896e-06,0.989032850281679,0.0,98968.7191829313,98968.7191829313
2026-09-01 20:00:00+00:00,0.0,0.0,1.246055051878076,435254.7643752458,331513.88838915917,0,7358400.0,0.04837211962673904,1.0,1.246055051878076,859264.16235367,2223393.212895132,57.6,0.00098686,0.9890381836800144,1.0,0.0,4.0642825104e-06,0.9890381836800144,0.0,98969.69320660655,98969.69320660655
2026-09-01 21:00:00+00:00,0.0,0.0,1.246061631540988,435254.7643752458,331515.23613077734,0,7354800.0,0.04837211966960564,1.0,1.246061631540988,859264.16235367,2223393.212895132,57.6,0.00098686,0.9890435171071105,1.0,0.0,4.065406988400001e-06,0.9890435171071105,0.0,98970.6668645424,98970.6668645424
2026-09-01 22:00:00+00:00,0.0,0.0,1.246068211206026,435254.7643752458,331516.5842508141,0,7351200.0,0.04837211971251465,1.0,1.246068211206026,859264.16235367,2223393.212895132,57.6,0.00098686,0.9890488505629671,1.0,0.0,4.0665319379999995e-06,0.9890488505629671,0.0,98971.6401565778,98971.6401565778
2026-09-01 23:00:00+00:00,0.0,0.0,1.2460747912006567,435254.7643752458,331517.932749428,0,7347600.0,0.04837211975546585,1.0,1.2460747912006567,859264.16235367,2223393.212895132,57.6,0.00098686,0.9890541840475847,1.0,0.0,4.067657352e-06,0.9890541840475847,0.0,98972.61308255448,98972.61308255448
2026-09-02 00:00:00+00:00,0.0,0.0,1.2460813723836428,435254.7643752458,331519.2816267775,0,7344000.0,0.04837211979845879,1.0,1.2460813723836428,859264.16235367,2223393.212895132,57.6,0.00098686,0.9890595175609633,1.0,0.0,4.0687832304e-06,0.9890595175609633,0.0,98973.58564231388,98973.58564231388
2026-09-02 01:00:00+00:00,0.0,0.0,1.2460879556730464,435254.7643752458,331520.63088302116,0,7340400.0,0.04837211984149348,1.0,1.2460879556730464,859264.16235367,2223393.212895132,57.6,0.00098686,0.9890648511031033,1.0,0.0,4.0699095732e-06,0.9890648511031033,0.0,98974.5578356976,98974.5578356976
2026-09-02 02:00:00+00:00,0.0,0.0,1.2460945181860685,435254.7643752458,331521.98051831755,0,7336800.0,0.048372119884571685,1.0,1.2460945181860685,859264.16235367,2223393.212895132,57.6,0.00098686,0.9890701846740042,1.0,0.0,4.071036380399999e-06,0.9890701846740042,0.0,98975.529662547,98975.529662547
2026-09-02 03:00:00+00:00,0.0,0.0,1.2461011041626395,435254.7643752458,331523.33053282514,0,7333200.0,0.04837211992769075,1.0,1.2461011041626395,859264.16235367,2223393.212895132,57.6,0.00098686,0.989075518273667,1.0,0.0,4.072163652e-06,0.989075518273667,0.0,98976.50112270389,98976.50112270389
2026-09-02 04:00:00+00:00,0.0,0.0,1.2461076903285209,435254.7643752458,331524.68092670257,0,7329600.0,0.04837211997085311,1.0,1.2461076903285209,859264.16235367,2223393.212895132,57.6,0.00098686,0.9890808519020912,1.0,0.0,4.073291388e-06,0.9890808519020912,0.0,98977.47221600951,98977.47221600951
2026-09-02 05:00:00+00:00,0.0,0.0,1.246114276495456,435254.7643752458,331526.0317001084,0,7326000.0,0.048372120014058106,1.0,1.246114276495456,859264.16235367,2223393.212895132,57.6,0.00098686,0.9890861855592772,1.0,0.0,4.0744195884e-06,0.9890861855592772,0.0,98978.44294230547,98978.44294230547
2026-09-02 06:00:00+00:00,0.0,0.0,1.246120862719174,435254.7643752458,331527.3828532023,0,7322400.0,0.04837212005730551,1.0,1.246120862719174,859264.16235367,2223393.212895132,57.6,0.00098686,0.9890915192452251,1.0,0.0,4.0755482568000005e-06,0.9890915192452251,0.0,98979.41330143204,98979.41330143204
2026-09-02 07:00:00+00:00,0.0,0.0,1.2461274487273286,435254.7643752458,331528.7343861417,0,7318800.0,0.04837212010059444,1.0,1.2461274487273286,859264.16235367,2223393.212895132,57.6,0.00098686,0.9890968529599353,1.0,0.0,4.076677386e-06,0.9890968529599353,0.0,98980.38329323207,98980.38329323207
2026-09-02 08:00:00+00:00,0.0,0.0,1.2461340329212067,435254.7643752458,331530.08629908634,0,7315200.0,0.04837212014392711,1.0,1.2461340329212067,859264.16235367,2223393.212895132,57.6,0.00098686,0.9891021867034077,1.0,0.0,4.0778069832e-06,0.9891021867034077,0.0,98981.35291754571,98981.35291754571
2026-09-02 09:00:00+00:00,0.0,0.0,1.246140611274497,435254.7643752458,331531.4385921936,0,7311600.0,0.04837212018730197,1.0,1.246140611274497,859264.16235367,2223393.212895132,57.6,0.00098686,0.9891075204756424,1.0,0.0,4.078937041200001e-06,0.9891075204756424,0.0,98982.32217421575,98982.32217421575
2026-09-02 10:00:00+00:00,0.0,0.0,1.2461471636787909,435254.7643752458,331532.7912656232,0,7308000.0,0.04837212023072035,1.0,1.2461471636787909,859264.16235367,2223393.212895132,57.6,0.00098686,0.9891128542766396,1.0,0.0,4.0800675672e-06,0.9891128542766396,0.0,98983.2910630824,98983.2910630824
2026-09-02 11:00:00+00:00,0.0,0.0,1.246153733546405,435254.7643752458,331534.14431953494,0,7304400.0,0.04837212027418003,1.0,1.246153733546405,859264.16235367,2223393.212895132,57.6,0.00098686,0.9891181881064,1.0,0.0,4.0811985612e-06,0.9891181881064,0.0,98984.25958398619,98984.25958398619
2026-09-02 12:00:00+00:00,0.0,0.0,1.2461601472950776,435254.7643752458,331535.4977540862,0,7300800.0,0.0495595788412484,1.0,1.2461601472950776,903373.5504043294,2188392.618281092,57.6,0.00098686,0.9888643341302905,1.0,0.0,4.082330016e-06,0.9888643341302905,0.0,98872.41499687772,98872.41499687772
2026-09-02 13:00:00+00:00,0.0,0.0,1.2461667196469264,435254.7643752458,331536.85156943445,0,7297200.0,0.049559578885888245,1.0,1.2461667196469264,903373.5504043294,2188392.618281092,57.6,0.00098686,0.9888697944082716,1.0,0.0,4.0834619316e-06,0.9888697944082716,0.0,98873.43779353553,98873.43779353553
2026-09-02 14:00:00+00:00,0.0,0.0,1.2461733073215542,435254.7643752458,331538.20576574054,0,7293600.0,0.04946677497108842,1.0,1.2461733073215542,899873.5504043294,2191170.143088439,57.6,0.00098686,0.988895478382934,1.0,0.0,4.0845943187999995e-06,0.988895478382934,0.0,98883.26266956935,98883.26266956935
2026-09-02 15:00:00+00:00,0.0,0.0,1.2461798851137549,435254.7643752458,331539.5603431631,0,7290000.0,0.04946677501573116,1.0,1.2461798851137549,899873.5504043294,2191170.143088439,57.6,0.00098686,0.9889009288506806,1.0,0.0,4.0857271704e-06,0.9889009288506806,0.0,98884.28043420159,98884.28043420159
2026-09-02 16:00:00+00:00,0.0,0.0,1.2461864641587281,435254.7643752458,331540.91530186066,0,7286400.0,0.04946677506041852,1.0,1.2461864641587281,899873.5504043294,2191170.143088439,57.6,0.00098686,0.9889063793484683,1.0,0.0,4.0868604864e-06,0.9889063793484683,0.0,98885.29783063428,98885.29783063428
2026-09-02 17:00:00+00:00,0.0,0.0,1.246193044453927,435254.7643752458,331542.27064199076,0,7282800.0,0.04946677510514985,1.0,1.246193044453927,899873.5504043294,2191170.143088439,57.6,0.00098686,0.9889118298762972,1.0,0.0,4.0879942632e-06,0.9889118298762972,0.0,98886.3148587101,98886.3148587101
2026-09-02 18:00:00+00:00,0.0,0.0,1.2461995958676775,435254.7643752458,331543.6263637131,0,7279200.0,0.04946677514992537,1.0,1.2461995958676775,894888.6790656965,2179032.1029833136,57.6,0.00098686,0.9889172804341678,1.0,0.0,4.089128508e-06,0.9889172804341678,0.0,98887.33151826944,98887.33151826944
2026-09-02 19:00:00+00:00,0.0,0.0,1.2462061723738962,435254.7643752458,331544.98246718635,0,7275600.0,0.04946677519474463,1.0,1.2462061723738962,894888.6790656965,2179032.1029833136,57.6,0.00098686,0.9889227310220802,1.0,0.0,4.0902632172e-06,0.9889227310220802,0.0,98888.34780915373,98888.34780915373
2026-09-02 20:00:00+00:00,0.0,0.0,1.2462127515389365,435254.7643752458,331546.338952569,0,7272000.0,0.04946677523960963,1.0,1.2462127515389365,894888.6790656965,2179032.1029833136,57.6,0.00098686,0.9889281816400342,1.0,0.0,4.0913983908e-06,0.9889281816400342,0.0,98889.3637312043,98889.3637312043
2026-09-02 21:00:00+00:00,0.0,0.0,1.246219331659466,435254.7643752458,331547.6958200198,0,7268400.0,0.04946677528451815,1.0,1.246219331659466,894888.6790656965,2179032.1029833136,57.6,0.00098686,0.9889336322880303,1.0,0.0,4.0925340288e-06,0.9889336322880303,0.0,98890.37928426277,98890.37928426277
2026-09-02 22:00:00+00:00,0.0,0.0,1.2462259123768165,435254.7643752458,331549.0530696973,0,7264800.0,0.04946677532947197,1.0,1.2462259123768165,894888.6790656965,2179032.1029833136,57.6,0.00098686,0.9889390829660685,1.0,0.0,4.0936701312e-06,0.9889390829660685,0.0,98891.39446817047,98891.39446817047
2026-09-02 23:00:00+00:00,0.0,0.0,1.2462324931216973,435254.7643752458,331550.39881385234,0,7261200.0,0.04946677537446886,1.0,1.2462324931216973,894888.6790656965,2179032.1029833136,57.6,0.00098686,0.9889445336741493,1.0,0.0,4.0589511912e-06,0.9889445336741493,0.0,98892.42117067683,98892.42117067683
2026-09-03 00:00:00+00:00,0.0,0.0,1.2462390871325466,435254.7643752458,331551.7449064455,0,7257600.0,0.04936726030549354,1.0,1.2462390871325466,891166.4439893739,2181986.0595908286,57.6,0.00098686,0.9889715671449248,1.0,0.0,4.0599856476e-06,0.9889715671449248,0.0,98902.84152503632,98902.84152503632
2026-09-03 01:00:00+00:00,0.0,0.0,1.246245668201686,435254.7643752458,331553.0913476123,0,7254000.0,0.049367260350487996,1.0,1.246245668201686,891166.4439893739,2181986.0595908286,57.6,0.00098686,0.9889770073261706,1.0,0.0,4.061020500000001e-06,0.9889770073261706,0.0,98903.86294867576,98903.86294867576
2026-09-03 02:00:00+00:00,0.0,0.0,1.2462522085925298,435254.7643752458,331554.43813748827,0,7250400.0,0.04936726039552708,1.0,1.2462522085925298,891166.4439893739,2181986.0595908286,57.6,0.00098686,0.9889824475373418,1.0,0.0,4.062055748400001e-06,0.9889824475373418,0.0,98904.88403663132,98904.88403663132
2026-09-03 03:00:00+00:00,0.0,0.0,1.2462587965447642,435254.7643752458,331555.8253191868,0,7246800.0,0.04934975968929112,1.0,1.2462587965447642,891166.4439893739,2184106.3859118004,57.6,0.00098686,0.9889916779972129,1.0,0.0,4.1838643584e-06,0.9889916779972129,0.0,98907.51445656904,98907.51445656904
2026-09-03 04:00:00+00:00,0.0,0.0,1.2462653825921977,435254.7643752458,331556.8365063347,0,7243200.0,0.0493497597344037,1.0,1.2462653825921977,891166.4439893739,2184106.3859118004,57.6,0.00098686,0.9889971164062039,1.0,0.0,3.0498200568e-06,0.9889971164062039,0.0,98908.87036284507,98908.87036284507
2026-09-03 05:00:00+00:00,0.0,0.0,1.2462719525907284,435254.7643752458,331557.8475062911,0,7239600.0,0.04947253514918515,1.0,1.2462719525907284,895761.30114352,2180460.3140136334,57.6,0.00098686,0.988975992578987,1.0,0.0,3.0492461736e-06,0.988975992578987,0.0,98898.66511645069,98898.66511645069
2026-09-03 06:00:00+00:00,0.0,0.0,1.2462785389082904,435254.7643752458,331558.8583191092,0,7236000.0,0.049472535194502676,1.0,1.2462785389082904,895761.30114352,2180460.3140136334,57.6,0.00098686,0.9889814441100828,1.0,0.0,3.048672456e-06,0.9889814441100828,0.0,98900.0271085152,98900.0271085152
2026-09-03 07:00:00+00:00,0.0,0.0,1.246285169108975,435254.7643752458,331559.86894484085,0,7232400.0,0.04897822667637164,1.0,1.246285169108975,877354.7098404123,2195069.0678439476,57.6,0.00098686,0.9890937566589976,1.0,0.0,3.0480989004e-06,0.9890937566589976,0.0,98947.90105479781,98947.90105479781
2026-09-03 08:00:00+00:00,0.0,0.0,1.2462917776291615,435254.7643752458,331560.879383537,0,7228800.0,0.048978143457783174,1.0,1.2462917776291615,877354.7098404123,2195069.0678439476,57.6,0.00098686,0.9890991736415307,1.0,0.0,3.0475255032e-06,0.9890991736415307,0.0,98949.24838355777,98949.24838355777
2026-09-03 09:00:00+00:00,0.0,0.0,1.2462983647693167,435254.7643752458,331561.8896352507,0,7225200.0,0.048978143502770966,1.0,1.2462983647693167,877354.7098404123,2195069.0678439476,57.6,0.00098686,0.9891045726481802,1.0,0.0,3.0469522716e-06,0.9891045726481802,0.0,98950.5880752111,98950.5880752111
2026-09-03 10:00:00+00:00,0.0,0.0,1.246304931098825,435254.7643752458,331562.8997000328,0,7221600.0,0.04897814354780383,1.0,1.246304931098825,877354.7098404123,2195069.0678439476,57.6,0.00098686,0.9891099716843001,1.0,0.0,3.0463791984e-06,0.9891099716843001,0.0,98951.92796662333,98951.92796662333
2026-09-03 11:00:00+00:00,0.0,0.0,1.246311484745096,435254.7643752458,331563.9095779364,0,7218000.0,0.048685221324635375,1.0,1.246311484745096,877354.7073549959,2231057.92401861,57.6,0.00098686,0.9891785999511805,1.0,0.0,3.0458062908e-06,0.9891785999511805,0.0,98980.78886885016,98980.78886885016
2026-09-03 12:00:00+00:00,0.0,0.0,1.2463179351819267,435254.7643752458,331564.91926901357,0,7214400.0,0.04868502575642597,1.0,1.2463179351819267,877347.4450874823,2231063.6882315762,57.6,0.00098686,0.9891840100652793,1.0,0.0,3.0452335452000003e-06,0.9891840100652793,0.0,98982.13395571033,98982.13395571033
2026-09-03 13:00:00+00:00,0.0,0.0,1.2463243829449722,435254.7643752458,331565.92877331626,0,7210800.0,0.04868502580131717,1.0,1.2463243829449722,877347.4450874823,2231063.6882315762,57.6,0.00098686,0.9891893779768893,1.0,0.0,3.0446609616e-06,0.9891893779768893,0.0,98983.46086051065,98983.46086051065
2026-09-03 14:00:00+00:00,0.0,0.0,1.2463308397621846,435254.7643752458,331567.2740514657,0,7207200.0,0.04868502584625389,1.0,1.2463308397621846,877347.4450874823,2231063.6882315762,57.6,0.00098686,0.9891947459176288,1.0,0.0,4.05733914e-06,0.9891947459176288,0.0,98984.45200414298,98984.45200414298
2026-09-03 15:00:00+00:00,0.0,0.0,1.2463373297394686,435254.7643752458,331568.6196795969,0,7203600.0,0.048685025891235245,1.0,1.2463373297394686,877347.4450874823,2231063.6882315762,57.6,0.00098686,0.989200113887498,1.0,0.0,4.058378211600001e-06,0.989200113887498,0.0,98985.44281047228,98985.44281047228
2026-09-03 16:00:00+00:00,0.0,0.0,1.2463438202345083,435254.7643752458,331569.9656578478,0,7200000.0,0.048685025936261894,1.0,1.2463438202345083,877347.4450874823,2231063.6882315762,57.6,0.00098686,0.9892054818864969,1.0,0.0,4.0594176864e-06,0.9892054818864969,0.0,98986.43327936088,98986.43327936088
2026-09-03 17:00:00+00:00,0.0,0.0,1.246350303259569,435254.7643752458,331571.3119863528,0,7196400.0,0.04868502598133251,1.0,1.246350303259569,877347.4450874823,2231063.6882315762,57.6,0.00098686,0.9892108499146262,1.0,0.0,4.0604575536e-06,0.9892108499146262,0.0,98987.42341067444,98987.42341067444
2026-09-03 18:00:00+00:00,0.0,0.0,1.2463567626023642,435254.7643752458,331572.6586652497,0,7192800.0,0.048685026026449085,1.0,1.2463567626023642,877347.4450874823,2231063.6882315762,57.6,0.00098686,0.9892162179718854,1.0,0.0,4.061497824e-06,0.9892162179718854,0.0,98988.41320427507,98988.41320427507
2026-09-03 19:00:00+00:00,0.0,0.0,1.2463632460894076,435254.7643752458,331574.00569467526,0,7189200.0,0.04870950172762201,1.0,1.2463632460894076,878256.4157129328,2230342.2868780787,57.6,0.00098686,0.9892163228495423,1.0,0.0,4.062538494e-06,0.9892163228495423,0.0,98987.11182334932,98987.11182334932
2026-09-03 20:00:00+00:00,0.0,0.0,1.246369738046739,435254.7643752458,331575.35307476507,0,7185600.0,0.04870950177285249,1.0,1.246369738046739,878256.4157129328,2230342.2868780787,57.6,0.00098686,0.9892216935720611,1.0,0.0,4.06357956e-06,0.9892216935720611,0.0,98988.10207582399,98988.10207582399
2026-09-03 21:00:00+00:00,0.0,0.0,1.24637621462773,435254.7643752458,331576.7008056558,0,7182000.0,0.04870950181812894,1.0,1.24637621462773,878256.4157129328,2230342.2868780787,57.6,0.00098686,0.989227064323739,1.0,0.0,4.0646210255999995e-06,0.989227064323739,0.0,98989.09199018934,98989.09199018934
2026-09-03 22:00:00+00:00,0.0,0.0,1.24638264990266,435254.7643752458,331578.04888748535,0,7178400.0,0.04870958528291536,1.0,1.24638264990266,878256.4157129328,2230342.2868780787,57.6,0.00098686,0.9892324171930921,1.0,0.0,4.0656628944e-06,0.9892324171930921,0.0,98990.0737702488,98990.0737702488
2026-09-03 23:00:00+00:00,0.0,0.0,1.246389128658303,435254.7643752458,331579.39732039045,0,7174800.0,0.04870950190881618,1.0,1.246389128658303,878256.4157129328,2230342.2868780787,57.6,0.00098686,0.989237805914573,1.0,0.0,4.066705162799999e-06,0.989237805914573,0.0,98991.07080404216,98991.07080404216
2026-09-04 00:00:00+00:00,0.0,0.0,1.2463955858371738,435254.7643752458,331580.7461045055,0,7171200.0,0.048709501954228074,1.0,1.2463955858371738,878256.4157129328,2230342.2868780787,57.6,0.00098686,0.9892431767537292,1.0,0.0,4.0677478236e-06,0.9892431767537292,0.0,98992.0597032585,98992.0597032585
2026-09-04 01:00:00+00:00,0.0,0.0,1.2464020413819519,435254.7643752458,331582.0952399672,0,7167600.0,0.04871224755735537,1.0,1.2464020413819519,878358.4157129328,2230261.3348612827,57.6,0.00098686,0.9892479589854685,1.0,0.0,4.068790884e-06,0.9892479589854685,0.0,98992.79205694568,98992.79205694568
2026-09-04 02:00:00+00:00,0.0,0.0,1.2464083924453535,435254.7643752458,331583.4447269136,0,7164000.0,0.048712247602861414,1.0,1.2464083924453535,878358.4157129328,2230261.3348612827,57.6,0.00098686,0.9892533301753982,1.0,0.0,4.0698343476e-06,0.9892533301753982,0.0,98993.78040600655,98993.78040600655
2026-09-04 03:00:00+00:00,0.0,0.0,1.2464147650426272,435254.7643752458,331584.7945654789,0,7160400.0,0.0487122476484132,1.0,1.2464147650426272,878358.4157129328,2230261.3348612827,57.6,0.00098686,0.9892587013944911,1.0,0.0,4.070878203600001e-06,0.9892587013944911,0.0,98994.76841614192,98994.76841614192
2026-09-04 04:00:00+00:00,0.0,0.0,1.2464211328960617,435254.7643752458,331586.14475580235,0,7156800.0,0.048712247694010724,1.0,1.2464211328960617,878358.4157129328,2230261.3348612827,57.6,0.00098686,0.9892640726427475,1.0,0.0,4.0719224664e-06,0.9892640726427475,0.0,98995.75608721277,98995.75608721277
2026-09-04 05:00:00+00:00,0.0,0.0,1.246427501281425,435254.7643752458,331587.4952980182,0,7153200.0,0.04871224773965466,1.0,1.246427501281425,878358.4157129328,2230261.3348612827,57.6,0.00098686,0.9892694439201672,1.0,0.0,4.0729671216e-06,0.9892694439201672,0.0,98996.74341908458,98996.74341908458
2026-09-04 06:00:00+00:00,0.0,0.0,1.246433869725649,435254.7643752458,331588.8461922646,0,7149600.0,0.04871224778534389,1.0,1.246433869725649,878358.4157129328,2230261.3348612827,57.6,0.00098686,0.989274815226751,1.0,0.0,4.07401218e-06,0.989274815226751,0.0,98997.7304116197,98997.7304116197
2026-09-04 07:00:00+00:00,0.0,0.0,1.246440231871468,435254.7643752458,331590.1974386782,0,7146000.0,0.04879789855655625,1.0,1.246440231871468,881544.3088207599,2227732.901202961,57.6,0.00098686,0.9892618790782607,1.0,0.0,4.075057637999999e-06,0.9892618790782607,0.0,98990.74864494306,98990.74864494306
2026-09-04 08:00:00+00:00,0.0,0.0,1.2464466100904683,435254.7643752458,331591.55906543334,0,7142400.0,0.04879789860242045,1.0,1.2464466100904683,881544.3088207599,2227732.901202961,57.6,0.00098686,0.9892672595666324,1.0,0.0,4.106345633999999e-06,0.9892672595666324,0.0,98991.72890138638,98991.72890138638
2026-09-04 09:00:00+00:00,0.0,0.0,1.2464529611842081,435254.7643752458,331592.92104671564,0,7138800.0,0.0490103300071556,1.0,1.2464529611842081,889479.2846540215,2221435.7195485723,57.6,0.00098686,0.9892272869306982,1.0,0.0,4.1073979356000005e-06,0.9892272869306982,0.0,98972.96863986907,98972.96863986907
2026-09-04 10:00:00+00:00,0.0,0.0,1.2464593203167569,435254.7643752458,331594.28338266414,0,7135200.0,0.04901033005331734,1.0,1.2464593203167569,889479.2846540215,2221435.7195485723,57.6,0.00098686,0.9892326901014656,1.0,0.0,4.108450644e-06,0.9892326901014656,0.0,98973.95805973979,98973.95805973979
2026-09-04 11:00:00+00:00,0.0,0.0,1.2464656204926186,435254.7643752458,331595.6460734159,0,7131600.0,0.049010330099525046,1.0,1.2464656204926186,889479.2846540215,2221435.7195485723,57.6,0.00098686,0.9892380933017455,1.0,0.0,4.109503752e-06,0.9892380933017455,0.0,98974.94713765278,98974.94713765278
2026-09-04 12:00:00+00:00,0.0,0.0,1.2464719000302698,435254.7643752458,331597.0091191111,0,7128000.0,0.049010330145780046,1.0,1.2464719000302698,889479.2846540215,2221435.7195485723,57.6,0.00098686,0.9892434965315375,1.0,0.0,4.1105572704e-06,0.9892434965315375,0.0,98975.93587346753,98975.93587346753
2026-09-04 13:00:00+00:00,0.0,0.0,1.2464781801934572,435254.7643752458,331598.3725198879,0,7124400.0,0.0490103301920819,1.0,1.2464781801934572,889479.2846540215,2221435.7195485723,57.6,0.00098686,0.989248899790842,1.0,0.0,4.1116111920000005e-06,0.989248899790842,0.0,98976.9242670461,98976.9242670461
2026-09-04 14:00:00+00:00,0.0,0.0,1.2464843763779079,435254.7643752458,331599.73627588316,0,7120800.0,0.04900762377251855,1.0,1.2464843763779079,889377.8969838975,2221516.1880274517,57.6,0.00098686,0.9892548793862846,1.0,0.0,4.112665513200001e-06,0.9892548793862846,0.0,98978.16315845633,98978.16315845633
2026-09-04 15:00:00+00:00,0.0,0.0,1.2464906303276413,435254.7643752458,331601.1003872372,0,7117200.0,0.04854684481406912,1.0,1.2464906303276413,872229.2419173848,2235127.9420633405,57.6,0.00098686,0.9893583767915949,1.0,0.0,4.1137202448e-06,0.9893583767915949,0.0,99021.84678586404,99021.84678586404
2026-09-04 16:00:00+00:00,0.0,0.0,1.2464968230900553,435254.7643752458,331602.464854087,0,7113600.0,0.048546844860061666,1.0,1.2464968230900553,872229.2419173848,2235127.9420633405,57.6,0.00098686,0.9893637307665558,1.0,0.0,4.114775376e-06,0.9893637307665558,0.0,99022.8126621244,99022.8126621244
2026-09-04 17:00:00+00:00,0.0,0.0,1.2465030188351782,435254.7643752458,331603.82967657293,0,7110000.0,0.04854673855013725,1.0,1.2465030188351782,872225.3095420026,2235131.0633900114,57.6,0.00098686,0.9893691073958432,1.0,0.0,4.1158309176e-06,0.9893691073958432,0.0,99023.78804315202,99023.78804315202
2026-09-04 18:00:00+00:00,0.0,0.0,1.2465092235979036,435254.7643752458,331605.19485483057,0,7106400.0,0.04854673859622305,1.0,1.2465092235979036,872225.3095420026,2235131.0633900114,57.6,0.00098686,0.9893744614174174,1.0,0.0,4.1168868551999995e-06,0.9893744614174174,0.0,99024.75322829315,99024.75322829315
2026-09-04 19:00:00+00:00,0.0,0.0,1.2465154407560728,435254.7643752458,331606.56038900046,0,7102800.0,0.04854673864235659,1.0,1.2465154407560728,872225.3095420026,2235131.0633900114,57.6,0.00098686,0.989379815467965,1.0,0.0,4.1179432032e-06,0.989379815467965,0.0,99025.71807013283,99025.71807013283
2026-09-04 20:00:00+00:00,0.0,0.0,1.2465216170552427,435254.7643752458,331607.92627921945,0,7099200.0,0.048854820445877634,1.0,1.2465216170552427,883666.4188962226,2226051.068090036,57.6,0.00098686,0.9893197408559359,1.0,0.0,4.1189999508000005e-06,0.9893197408559359,0.0,98998.20441881014,98998.20441881014
2026-09-04 21:00:00+00:00,0.0,0.0,1.2465278180134274,435254.7643752458,331609.2925256268,0,7095600.0,0.04900573950636766,1.0,1.2465278180134274,889307.4975114577,2221574.2952553183,57.6,0.00098686,0.9892931011122859,1.0,0.0,4.1200571052e-06,0.9892931011122859,0.0,98985.24309705739,98985.24309705739
2026-09-04 22:00:00+00:00,0.0,0.0,1.2465340409544845,435254.7643752458,331610.65912836173,0,7092000.0,0.04900241618464585,1.0,1.2465340409544845,889183.0223361771,2221673.088067944,57.6,0.00098686,0.9892992089889191,1.0,0.0,4.1211146664e-06,0.9892992089889191,0.0,98986.53497672727,98986.53497672727
2026-09-04 23:00:00+00:00,0.0,0.0,1.2465402640258656,435254.7643752458,331612.0319366314,0,7088400.0,0.049002416231410884,1.0,1.2465402640258656,889183.0223361771,2221673.088067944,57.6,0.00098686,0.9893046117004731,1.0,0.0,4.1398109208e-06,0.9893046117004731,0.0,98987.513724402,98987.513724402
2026-09-05 00:00:00+00:00,0.0,0.0,1.2465464885539925,435254.7643752458,331613.40510321734,0,7084800.0,0.04900241627822477,1.0,1.2465464885539925,889183.0223361771,2221673.088067944,57.6,0.00098686,0.9893100144415319,1.0,0.0,4.1408743068e-06,0.9893100144415319,0.0,98988.49212660262,98988.49212660262
2026-09-05 01:00:00+00:00,0.0,0.0,1.2465527136287204,435254.7643752458,331614.77862826124,0,7081200.0,0.049002416325085285,1.0,1.2465527136287204,889183.0223361771,2221673.088067944,57.6,0.00098686,0.989315417212096,1.0,0.0,4.1419381068e-06,0.989315417212096,0.0,98989.47018318757,98989.47018318757
2026-09-05 02:00:00+00:00,0.0,0.0,1.2465589182779024,435254.7643752458,331616.1525119035,0,7077600.0,0.049002416371993096,1.0,1.2465589182779024,889183.0223361771,2221673.088067944,57.6,0.00098686,0.9893208200121656,1.0,0.0,4.1430023172e-06,0.9893208200121656,0.0,98990.44789401657,98990.44789401657
2026-09-05 03:00:00+00:00,0.0,0.0,1.2465651480224147,435254.7643752458,331617.52675428474,0,7074000.0,0.049002416418949535,1.0,1.2465651480224147,889183.0223361771,2221673.088067944,57.6,0.00098686,0.9893262228417405,1.0,0.0,4.144066938e-06,0.9893262228417405,0.0,98991.42525894893,98991.42525894893
2026-09-05 04:00:00+00:00,0.0,0.0,1.2465713811122614,435254.7643752458,331618.901355543,0,7070400.0,0.049002416465953935,1.0,1.2465713811122614,889183.0223361771,2221673.088067944,57.6,0.00098686,0.989331625700821,1.0,0.0,4.145131962e-06,0.989331625700821,0.0,98992.4022778467,98992.4022778467
2026-09-05 05:00:00+00:00,0.0,0.0,1.2465776143975278,435254.7643752458,331621.01781975623,0,7066800.0,0.049002416513006075,1.0,1.2465776143975278,889183.0223361771,2221673.088067944,57.6,0.00098686,0.9893370285894074,1.0,0.0,6.3821979108e-06,0.9893370285894074,0.0,98992.63744663208,98992.63744663208
2026-09-05 06:00:00+00:00,0.0,0.0,1.2465838481874039,435254.7643752458,331623.1362143012,0,7063200.0,0.04900241656010618,1.0,1.2465838481874039,889183.0223361771,2221673.088067944,57.6,0.00098686,0.9893424315074998,1.0,0.0,6.3879780384e-06,0.9893424315074998,0.0,98992.87069792836,98992.87069792836
2026-09-05 07:00:00+00:00,0.0,0.0,1.2465900659014646,435254.7643752458,331625.25654181506,0,7059600.0,0.04912481529047352,1.0,1.2465900659014646,893774.9380224439,2218029.002086148,57.6,0.00098686,0.9893219945005944,1.0,0.0,6.3937660068e-06,0.9893219945005944,0.0,98981.85506578936,98981.85506578936
2026-09-05 08:00:00+00:00,0.0,0.0,1.2465963007239926,435254.7643752458,331627.3788049313,0,7056000.0,0.04912481533779012,1.0,1.2465963007239926,893774.9380224439,2218029.002086148,57.6,0.00098686,0.9893274105133865,1.0,0.0,6.3995618052000005e-06,0.9893274105133865,0.0,98982.09014804481,98982.09014804481
2026-09-05 09:00:00+00:00,0.0,0.0,1.2466025546925004,435254.7643752458,331629.5030062847,0,7052400.0,0.04906761821322503,1.0,1.2466025546925004,891627.2517589034,2219733.551906391,57.6,0.00098686,0.9893448889809924,1.0,0.0,6.4053654372e-06,0.9893448889809924,0.0,98987.57353299082,98987.57353299082
2026-09-05 10:00:00+00:00,0.0,0.0,1.2466087618302761,435254.7643752458,331630.8925150696,0,7048800.0,0.049067683423490216,1.0,1.2466087618302761,891629.6966368068,2219731.6116553084,57.6,0.00098686,0.9893502852257666,1.0,0.0,4.1899344336e-06,0.9893502852257666,0.0,98988.53276545368,98988.53276545368
2026-09-05 11:00:00+00:00,0.0,0.0,1.2466150116699029,435254.7643752458,331632.28238676355,0,7045200.0,0.04906768347089585,1.0,1.2466150116699029,891629.6966368068,2219731.6116553084,57.6,0.00098686,0.989355695242917,1.0,0.0,4.19101119e-06,0.989355695242917,0.0,98989.49762949976,98989.49762949976
2026-09-05 12:00:00+00:00,0.0,0.0,1.2466212628564604,435254.7643752458,331633.67262150964,0,7041600.0,0.049067683518349225,1.0,1.2466212628564604,891629.6966368068,2219731.6116553084,57.6,0.00098686,0.9893611052896508,1.0,0.0,4.192088364e-06,0.9893611052896508,0.0,98990.46214337007,98990.46214337007
2026-09-05 13:00:00+00:00,0.0,0.0,1.2466275164101197,435254.7643752458,331635.0632194485,0,7038000.0,0.04906768356585167,1.0,1.2466275164101197,891629.6966368068,2219731.6116553084,57.6,0.00098686,0.9893665153659681,1.0,0.0,4.1931659484e-06,0.9893665153659681,0.0,98991.42630692391,98991.42630692391
2026-09-05 14:00:00+00:00,0.0,0.0,1.2466337818334579,435254.7643752458,331636.4541807232,0,7034400.0,0.04906768361340319,1.0,1.2466337818334579,891629.6966368068,2219731.6116553084,57.6,0.00098686,0.9893719254718689,1.0,0.0,4.1942439503999994e-06,0.9893719254718689,0.0,98992.39012001839,98992.39012001839
2026-09-05 15:00:00+00:00,0.0,0.0,1.246640049915854,435254.7643752458,331637.8455054754,0,7030800.0,0.04906768366100267,1.0,1.246640049915854,891629.6966368068,2219731.6116553084,57.6,0.00098686,0.9893773356073537,1.0,0.0,4.1953223664e-06,0.9893773356073537,0.0,98993.35358251183,98993.35358251183
2026-09-05 16:00:00+00:00,0.0,0.0,1.2466463201992601,435254.7643752458,331639.2371938459,0,7027200.0,0.04906768370865211,1.0,1.2466463201992601,891629.6966368068,2219731.6116553084,57.6,0.00098686,0.9893827457724222,1.0,0.0,4.1964011928e-06,0.9893827457724222,0.0,98994.31669426343,98994.31669426343
2026-09-05 17:00:00+00:00,0.0,0.0,1.2466525948038254,435254.7643752458,331640.62924597884,0,7023600.0,0.049067683756349956,1.0,1.2466525948038254,898940.2663189038,2237931.434612944,57.6,0.00098686,0.9893881559670751,1.0,0.0,4.1974804404e-06,0.9893881559670751,0.0,98995.27945512935,98995.27945512935
2026-09-05 18:00:00+00:00,0.0,0.0,1.2466588566476742,435254.7643752458,331641.7256649957,0,7020000.0,0.049067683804095985,1.0,1.2466588566476742,898940.2663189038,2237931.434612944,57.6,0.00098686,0.9893935661913122,1.0,0.0,3.3060400560000002e-06,0.9893935661913122,0.0,98996.537861988,98996.537861988
2026-09-05 19:00:00+00:00,0.0,0.0,1.2466651395874444,435254.7643752458,331642.82208006684,0,7016400.0,0.04906768385189153,1.0,1.2466651395874444,898940.2663189038,2237931.434612944,57.6,0.00098686,0.9893989764451339,1.0,0.0,3.3060172284e-06,0.9893989764451339,0.0,98997.79628566926,98997.79628566926
2026-09-05 20:00:00+00:00,0.0,0.0,1.2466714231786102,435254.7643752458,331643.91849119443,0,7012800.0,0.049067683899736814,1.0,1.2466714231786102,898940.2663189038,2237931.434612944,57.6,0.00098686,0.98940438672854,1.0,0.0,3.305994408e-06,0.98940438672854,0.0,98999.05472617078,98999.05472617078
2026-09-05 21:00:00+00:00,0.0,0.0,1.2466777177429544,435254.7643752458,331645.01489837613,0,7009200.0,0.04906768394763006,1.0,1.2466777177429544,898940.2663189038,2237931.434612944,57.6,0.00098686,0.9894097970415311,1.0,0.0,3.3059715804e-06,0.9894097970415311,0.0,99000.31318349525,99000.31318349525
2026-09-05 22:00:00+00:00,0.0,0.0,1.246684020402633,435254.7643752458,331646.1113016142,0,7005600.0,0.04906768399557304,1.0,1.246684020402633,898940.2663189038,2237931.434612944,57.6,0.00098686,0.9894152073841072,1.0,0.0,3.3059487600000002e-06,0.9894152073841072,0.0,99001.57165764028,99001.57165764028
2026-09-05 23:00:00+00:00,0.0,0.0,1.2466903240719387,435254.7643752458,331647.2077009074,0,7002000.0,0.04906768404356532,1.0,1.2466903240719387,898940.2663189038,2237931.434612944,57.6,0.00098686,0.9894206177562682,1.0,0.0,3.3059259359999996e-06,0.9894206177562682,0.0,99002.8301486072,99002.8301486072
2026-09-06 00:00:00+00:00,0.0,0.0,1.2466966285380117,435254.7643752458,331648.30409625574,0,6998400.0,0.04906319794605585,1.0,1.2466966285380117,898770.5957887168,2238066.097644069,57.6,0.00098686,0.9894269671166727,1.0,0.0,3.3059031120000003e-06,0.9894269671166727,0.0,99004.49734262569,99004.49734262569
2026-09-06 01:00:00+00:00,0.0,0.0,1.2467029359086632,435254.7643752458,331649.40043258626,0,6994800.0,0.04905710881219494,1.0,1.2467029359086632,898540.3309644216,2238248.8530102246,57.6,0.00098686,0.9894336509065235,1.0,0.0,3.3057142308e-06,0.9894336509065235,0.0,99006.3101576718,99006.3101576718
2026-09-06 02:00:00+00:00,0.0,0.0,1.2467092032556935,435254.7643752458,331650.4968182391,0,6991200.0,0.049057108860325105,1.0,1.2467092032556935,898540.3309644216,2238248.8530102246,57.6,0.00098686,0.9894390602409241,1.0,0.0,3.3058520207999997e-06,0.9894390602409241,0.0,99007.56821058894,99007.56821058894
2026-09-06 03:00:00+00:00,0.0,0.0,1.2467155135870367,435254.7643752458,331651.5932001594,0,6987600.0,0.049057108908505676,1.0,1.2467155135870367,898540.3309644216,2238248.8530102246,57.6,0.00098686,0.989444469604898,1.0,0.0,3.3058298376e-06,0.989444469604898,0.0,99008.82628011052,99008.82628011052
2026-09-06 04:00:00+00:00,0.0,0.0,1.24672182839946,435254.7643752458,331652.6895783458,0,6984000.0,0.04905710895673443,1.0,1.24672182839946,898540.3309644216,2238248.8530102246,57.6,0.00098686,0.9894498789984456,1.0,0.0,3.3058076508e-06,0.9894498789984456,0.0,99010.0843662381,99010.0843662381
2026-09-06 05:00:00+00:00,0.0,0.0,1.2467281436486946,435254.7643752458,331653.78595279827,0,6980400.0,0.049057109005014254,1.0,1.2467281436486946,898540.3309644216,2238248.8530102246,57.6,0.00098686,0.9894552884215666,1.0,0.0,3.305785464e-06,0.9894552884215666,0.0,99011.34246897156,99011.34246897156
2026-09-06 06:00:00+00:00,0.0,0.0,1.2467347934785282,435254.7643752458,331654.88232351677,0,6976800.0,0.04905710902111782,1.0,1.2467347934785282,898540.3309644216,2238248.8530102246,57.6,0.00098686,0.989460697880986,1.0,0.0,3.3057632772e-06,0.989460697880986,0.0,99012.60059123806,99012.60059123806
2026-09-06 07:00:00+00:00,0.0,0.0,1.246740855601699,435254.7643752458,331655.97869050247,0,6973200.0,0.04905710909930194,1.0,1.246740855601699,898540.3309644216,2238248.8530102246,57.6,0.00098686,0.9894661073570357,1.0,0.0,3.3057410939999997e-06,0.9894661073570357,0.0,99013.85872447572,99013.85872447572
2026-09-06 08:00:00+00:00,0.0,0.0,1.246747235339646,435254.7643752458,331657.07505375403,0,6969600.0,0.04905694744150946,1.0,1.246747235339646,898534.2167731486,2238253.7057032078,57.6,0.00098686,0.9894715505768163,1.0,0.0,3.3057189072e-06,0.9894715505768163,0.0,99015.13154856727,99015.13154856727
2026-09-06 09:00:00+00:00,0.0,0.0,1.2467536172277176,435254.7643752458,331658.1714132726,0,6966000.0,0.049056947489986014,1.0,1.2467536172277176,898534.2167731486,2238253.7057032078,57.6,0.00098686,0.9894769601010073,1.0,0.0,3.305696724e-06,0.9894769601010073,0.0,99016.38971022575,99016.38971022575
2026-09-06 10:00:00+00:00,0.0,0.0,1.2467599588037321,435254.7643752458,331659.26776905823,0,6962400.0,0.04905694753851342,1.0,1.2467599588037321,898534.2167731486,2238253.7057032078,57.6,0.00098686,0.9894823696547724,1.0,0.0,3.3056745408e-06,0.9894823696547724,0.0,99017.64788848959,99017.64788848959
2026-09-06 11:00:00+00:00,0.0,0.0,1.2467662835430298,435254.7643752458,331660.3641211107,0,6958800.0,0.04905694758708967,1.0,1.2467662835430298,898534.2167731486,2238253.7057032078,57.6,0.00098686,0.9894877792381124,1.0,0.0,3.3056523576000003e-06,0.9894877792381124,0.0,99018.90608335909,99018.90608335909
2026-09-06 12:00:00+00:00,0.0,0.0,1.2467725837347727,435254.7643752458,331661.4604694301,0,6955200.0,0.04905694763571744,1.0,1.2467725837347727,898534.2167731486,2238253.7057032078,57.6,0.00098686,0.9894931888510267,1.0,0.0,3.3056301744e-06,0.9894931888510267,0.0,99020.16429483413,99020.16429483413
2026-09-06 13:00:00+00:00,0.0,0.0,1.246778885393211,435254.7643752458,331662.55681401625,0,6951600.0,0.0490569476843945,1.0,1.246778885393211,898534.2167731486,2238253.7057032078,57.6,0.00098686,0.989498598493516,1.0,0.0,3.3056079912e-06,0.989498598493516,0.0,99021.42252291495,99021.42252291495
2026-09-06 14:00:00+00:00,0.0,0.0,1.2467852017111367,435254.7643752458,331663.65315486793,0,6948000.0,0.049044795576184574,1.0,1.2467852017111367,898379.1060592959,2239376.7713574897,57.6,0.00098686,0.9895065335537132,1.0,0.0,3.3055858044e-06,0.9895065335537132,0.0,99023.77995481977,99023.77995481977
2026-09-06 15:00:00+00:00,0.0,0.0,1.2467915179744489,435254.7643752458,331664.7494919875,0,6944400.0,0.0490447956249509,1.0,1.2467915179744489,898379.1060592959,2239376.7713574897,57.6,0.00098686,0.9895119419606614,1.0,0.0,3.3055636248e-06,0.9895119419606614,0.0,99025.03765259206,99025.03765259206
2026-09-06 16:00:00+00:00,0.0,0.0,1.2467978310096177,435254.7643752458,331665.84582537366,0,6940800.0,0.04906970328963456,1.0,1.2467978310096177,899321.1792344364,2238629.134318751,57.6,0.00098686,0.9895121795920253,1.0,0.0,3.3055414416000003e-06,0.9895121795920253,0.0,99024.04474938923,99024.04474938923
2026-09-06 17:00:00+00:00,0.0,0.0,1.2468041515499617,435254.7643752458,331666.8664033507,0,6937200.0,0.049069703338527226,1.0,1.2468041515499617,899321.1792344364,2238629.134318751,57.6,0.00098686,0.9895175907117889,1.0,0.0,3.07712241e-06,0.9895175907117889,0.0,99025.37938706984,99025.37938706984
2026-09-06 18:00:00+00:00,0.0,0.0,1.2468104339834634,435254.7643752458,331667.8867089338,0,6933600.0,0.049069703387471186,1.0,1.2468104339834634,899321.1792344364,2238629.134318751,57.6,0.00098686,0.9895230018611431,1.0,0.0,3.076291656e-06,0.9895230018611431,0.0,99026.71431002393,99026.71431002393
2026-09-06 19:00:00+00:00,0.0,0.0,1.2468167667953964,435254.7643752458,331668.90674223145,0,6930000.0,0.049069703436465995,1.0,1.2468167667953964,899321.1792344364,2238629.134318751,57.6,0.00098686,0.9895284130400879,1.0,0.0,3.0754612368e-06,0.9895284130400879,0.0,99028.04951814289,99028.04951814289
2026-09-06 20:00:00+00:00,0.0,0.0,1.2468233350813631,435254.7643752458,331669.9265033545,0,6926400.0,0.04723407525539658,1.0,1.2468233350813631,831667.4468197399,2292339.426602108,57.6,0.00098686,0.9899145180018051,1.0,0.0,3.0746311596e-06,0.9899145180018051,0.0,99195.08378115617,99195.08378115617
2026-09-06 21:00:00+00:00,0.0,0.0,1.2468296645831112,435254.7643752458,331671.02103907027,0,6922800.0,0.04731493686097932,1.0,1.2468296645831112,834571.7686956901,2290033.6712542716,57.6,0.00098686,0.989902954920218,1.0,0.0,3.3000698051999997e-06,0.989902954920218,0.0,99188.95635908877,99188.95635908877
2026-09-06 22:00:00+00:00,0.0,0.0,1.2468360175238091,435254.7643752458,331672.1155701952,0,6919200.0,0.04731493690833033,1.0,1.2468360175238091,834571.7686956901,2290033.6712542716,57.6,0.00098686,0.9899081789998369,1.0,0.0,3.3000450732000002e-06,0.9899081789998369,0.0,99190.1356335074,99190.1356335074
2026-09-06 23:00:00+00:00,0.0,0.0,1.2468423724769957,435254.7643752458,331673.2100967268,0,6915600.0,0.047314936955730635,1.0,1.2468423724769957,834571.7686956901,2290033.6712542716,57.6,0.00098686,0.9899134031070252,1.0,0.0,3.3000203340000004e-06,0.9899134031070252,0.0,99191.31492451922,99191.31492451922
2026-09-07 00:00:00+00:00,0.0,0.0,1.2468487274865272,435254.7643752458,331674.3046186674,0,6912000.0,0.04731493700317935,1.0,1.2468487274865272,834571.7686956901,2290033.6712542716,57.6,0.00098686,0.9899186272417833,1.0,0.0,3.299995602e-06,0.9899186272417833,0.0,99192.49423212174,99192.49423212174
2026-09-07 01:00:00+00:00,0.0,0.0,1.2468550830857046,435254.7643752458,331675.39913601574,0,6908400.0,0.04731493705067891,1.0,1.2468550830857046,834571.7686956901,2290033.6712542716,57.6,0.00098686,0.9899238514041108,1.0,0.0,3.2999708664e-06,0.9899238514041108,0.0,99193.6735563163,99193.6735563163
2026-09-07 02:00:00+00:00,0.0,0.0,1.2468613361511558,435254.7643752458,331676.49364877294,0,6904800.0,0.04731493709822754,1.0,1.2468613361511558,834571.7686956901,2290033.6712542716,57.6,0.00098686,0.9899290755940081,1.0,0.0,3.2999461344e-06,0.9899290755940081,0.0,99194.85289710196,99194.85289710196
2026-09-07 03:00:00+00:00,0.0,0.0,1.2468676692434186,435254.7643752458,331677.58815693774,0,6901200.0,0.0475241553634318,1.0,1.2468676692434186,842118.6839803377,2284042.1598908305,57.6,0.00098686,0.9898910291322669,1.0,0.0,3.2999213987999996e-06,0.9898910291322669,0.0,99177.19848519663,99177.19848519663
2026-09-07 04:00:00+00:00,0.0,0.0,1.246874034011807,435254.7643752458,331678.68266051245,0,6897600.0,0.047524155411295066,1.0,1.246874034011807,842118.6839803377,2284042.1598908305,57.6,0.00098686,0.9898962757206137,1.0,0.0,3.2998966704000002e-06,0.9898962757206137,0.0,99178.38758419658,99178.38758419658
2026-09-07 05:00:00+00:00,0.0,0.0,1.246880400589267,435254.7643752458,331679.77715949574,0,6894000.0,0.04752415545920807,1.0,1.246880400589267,842118.6839803377,2284042.1598908305,57.6,0.00098686,0.9899015223367682,1.0,0.0,3.2998719384e-06,0.9899015223367682,0.0,99179.57669989142,99179.57669989142
2026-09-07 06:00:00+00:00,0.0,0.0,1.2468867671861676,435254.7643752458,331680.87165388645,0,6890400.0,0.04752415550717193,1.0,1.2468867671861676,842118.6839803377,2284042.1598908305,57.6,0.00098686,0.9899067689807306,1.0,0.0,3.2998472028000002e-06,0.9899067689807306,0.0,99180.76583228231,99180.76583228231
2026-09-07 07:00:00+00:00,0.0,0.0,1.246893134088951,435254.7643752458,331681.9661436869,0,6886800.0,0.04752415555518508,1.0,1.246893134088951,842118.6839803377,2284042.1598908305,57.6,0.00098686,0.9899120156525012,1.0,0.0,3.2998224744e-06,0.9899120156525012,0.0,99181.9549813671,99181.9549813671
2026-09-07 08:00:00+00:00,0.0,0.0,1.2468995052410177,435254.7643752458,331683.0606288946,0,6883200.0,0.047524155603249296,1.0,1.2468995052410177,842118.6839803377,2284042.1598908305,57.6,0.00098686,0.9899172623520799,1.0,0.0,3.2997977388000004e-06,0.9899172623520799,0.0,99183.1441471483,99183.1441471483
2026-09-07 09:00:00+00:00,0.0,0.0,1.2469058788137084,435254.7643752458,331684.15510951186,0,6879600.0,0.04752386878211445,1.0,1.2469058788137084,842108.304339569,2284050.4006752796,57.6,0.00098686,0.9899225682189879,1.0,0.0,3.2997730103999997e-06,0.9899225682189879,0.0,99184.3590703819,99184.3590703819
2026-09-07 10:00:00+00:00,0.0,0.0,1.2469122617943482,435254.7643752458,331685.29690812185,0,6876000.0,0.04731043656338718,1.0,1.2469122617943482,834410.3165612272,2290162.275214507,57.6,0.00098686,0.989971797739427,1.0,0.0,3.4424214336e-06,0.989971797739427,0.0,99204.64465509093,99204.64465509093
2026-09-07 11:00:00+00:00,0.0,0.0,1.2469186397288468,435254.7643752458,331686.4387555081,0,6872400.0,0.0473104366113799,1.0,1.2469186397288468,834410.3165612272,2290162.275214507,57.6,0.00098686,0.9899770216966809,1.0,0.0,3.4425566388e-06,0.9899770216966809,0.0,99205.77655998833,99205.77655998833
2026-09-07 12:00:00+00:00,0.0,0.0,1.2469250215394285,435254.7643752458,331687.58065167477,0,6868800.0,0.047310436659423916,1.0,1.2469250215394285,834410.3165612272,2290162.275214507,57.6,0.00098686,0.9899822456815006,1.0,0.0,3.4426918548e-06,0.9899822456815006,0.0,99206.90842810349,99206.90842810349
2026-09-07 13:00:00+00:00,0.0,0.0,1.246931420878093,435254.7643752458,331688.72259662463,0,6865200.0,0.04718658786823027,1.0,1.246931420878093,829965.9383759407,2293691.0678279633,57.6,0.00098686,0.9900129570075802,1.0,0.0,3.4428270779999996e-06,0.9900129570075802,0.0,99219.13373415003,99219.13373415003
2026-09-07 14:00:00+00:00,0.0,0.0,1.2469378066830952,435254.7643752458,331689.8645903594,0,6861600.0,0.047186467230778684,1.0,1.2469378066830952,829961.6155737987,2293694.500104988,57.6,0.00098686,0.9900181926418811,1.0,0.0,3.4429623047999997e-06,0.9900181926418811,0.0,99220.27057518926,99220.27057518926
2026-09-07 15:00:00+00:00,0.0,0.0,1.2469441950740068,435254.7643752458,331691.21052041155,0,6858000.0,0.04718646727884512,1.0,1.2469441950740068,829961.6155737987,2293694.500104988,57.6,0.00098686,0.9900234034655065,1.0,0.0,4.0577885099999995e-06,0.9900234034655065,0.0,99221.19268094638,99221.19268094638
2026-09-07 16:00:00+00:00,0.0,0.0,1.2469505837581931,435254.7643752458,331692.55674639915,0,6854400.0,0.04718646732696197,1.0,1.2469505837581931,829961.6155737987,2293694.500104988,57.6,0.00098686,0.9900286143165583,1.0,0.0,4.0586642424e-06,0.9900286143165583,0.0,99222.11450270552,99222.11450270552
2026-09-07 17:00:00+00:00,0.0,0.0,1.2469569748306757,435254.7643752458,331693.9032684177,0,6850800.0,0.04718646737512899,1.0,1.2469569748306757,829961.6155737987,2293694.500104988,57.6,0.00098686,0.9900338251950369,1.0,0.0,4.059540252e-06,0.9900338251950369,0.0,99223.03604037134,99223.03604037134
2026-09-07 18:00:00+00:00,0.0,0.0,1.2469632824309411,435254.7643752458,331695.25008656626,0,6847200.0,0.04718646742334687,1.0,1.2469632824309411,829961.6155737987,2293694.500104988,57.6,0.00098686,0.9900390361009421,1.0,0.0,4.0604165496e-06,0.9900390361009421,0.0,99223.95729384478,99223.95729384478
2026-09-07 19:00:00+00:00,0.0,0.0,1.2469696780340973,435254.7643752458,331696.5972009415,0,6843600.0,0.04718646747161537,1.0,1.2469696780340973,829961.6155737987,2293694.500104988,57.6,0.00098686,0.9900442470342743,1.0,0.0,4.061293128e-06,0.9900442470342743,0.0,99224.87826302915,99224.87826302915
2026-09-07 20:00:00+00:00,0.0,0.0,1.2469760764850206,435254.7643752458,331697.9446116414,0,6840000.0,0.04718646751993427,1.0,1.2469760764850206,829961.6155737987,2293694.500104988,57.6,0.00098686,0.9900494579950335,1.0,0.0,4.0621699908e-06,0.9900494579950335,0.0,99225.79894782673,99225.79894782673
2026-09-07 21:00:00+00:00,0.0,0.0,1.2469824768195676,435254.7643752458,331699.29231876263,0,6836400.0,0.04718646756830558,1.0,1.2469824768195676,829961.6155737987,2293694.500104988,57.6,0.00098686,0.9900546689832196,1.0,0.0,4.063047134400001e-06,0.9900546689832196,0.0,99226.71934814058,99226.71934814058
2026-09-07 22:00:00+00:00,0.0,0.0,1.246988909198736,435254.7643752458,331700.64032240305,0,6832800.0,0.047186467616726624,1.0,1.246988909198736,829961.6155737987,2293694.500104988,57.6,0.00098686,0.9900598799988333,1.0,0.0,4.0639245624e-06,0.9900598799988333,0.0,99227.63946387323,99227.63946387323
2026-09-07 23:00:00+00:00,0.0,0.0,1.2469953445924455,435254.7643752458,331701.9886226607,0,6829200.0,0.047186467665199405,1.0,1.2469953445924455,829961.6155737987,2293694.500104988,57.6,0.00098686,0.9900650910418742,1.0,0.0,4.064802274800001e-06,0.9900650910418742,0.0,99228.55929492653,99228.55929492653
2026-09-08 00:00:00+00:00,0.0,0.0,1.24700179501176,435254.7643752458,331703.3372196334,0,6825600.0,0.047080531794353675,1.0,1.24700179501176,826173.3908069413,2296702.395679257,57.6,0.00098686,0.9900919814596044,1.0,0.0,4.065680271600001e-06,0.9900919814596044,0.0,99238.91488038696,99238.91488038696
2026-09-08 01:00:00+00:00,0.0,0.0,1.24700823454727,435254.7643752458,331704.68611341785,0,6822000.0,0.04708053184281691,1.0,1.24700823454727,826173.3908069413,2296702.395679257,57.6,0.00098686,0.9900971812371886,1.0,0.0,4.0665585492e-06,0.9900971812371886,0.0,99239.8292145697,99239.8292145697
2026-09-08 02:00:00+00:00,0.0,0.0,1.2470146548509975,435254.7643752458,331706.0353041131,0,6818400.0,0.04708053189133121,1.0,1.2470146548509975,826173.3908069413,2296702.395679257,57.6,0.00098686,0.9901023810420811,1.0,0.0,4.0674371148000006e-06,0.9901023810420811,0.0,99240.74326372775,99240.74326372775
2026-09-08 03:00:00+00:00,0.0,0.0,1.2470210995815387,435254.7643752458,331707.3847918149,0,6814800.0,0.04708053193989703,1.0,1.2470210995815387,826173.3908069413,2296702.395679257,57.6,0.00098686,0.9901075808742821,1.0,0.0,4.0683159576e-06,0.9901075808742821,0.0,99241.65702776535,99241.65702776535
2026-09-08 04:00:00+00:00,0.0,0.0,1.2470275549571168,435254.7643752458,331708.73457662214,0,6811200.0,0.047080463569470155,1.0,1.2470275549571168,826170.9481263672,2296704.335197215,57.6,0.00098686,0.99011279470708,1.0,0.0,4.0691950884e-06,0.99011279470708,0.0,99242.5765885241,99242.5765885241
2026-09-08 05:00:00+00:00,0.0,0.0,1.2470340135872728,435254.7643752458,331710.0846586328,0,6807600.0,0.04708046361813811,1.0,1.2470340135872728,826170.9481263672,2296704.335197215,57.6,0.00098686,0.9901179945865862,1.0,0.0,4.0700745036e-06,0.9901179945865862,0.0,99243.48977884266,99243.48977884266
2026-09-08 06:00:00+00:00,0.0,0.0,1.2470404743713845,435254.7643752458,331711.4350379425,0,6804000.0,0.04708046366685825,1.0,1.2470404743713845,826170.9481263672,2296704.335197215,57.6,0.00098686,0.9901231944934009,1.0,0.0,4.070954196e-06,0.9901231944934009,0.0,99244.4026837484,99244.4026837484
2026-09-08 07:00:00+00:00,0.0,0.0,1.2470467501242761,435254.7643752458,331712.7857146491,0,6800400.0,0.04855686849975194,1.0,1.2470467501242761,880056.2588492323,2253945.376477482,57.6,0.00098686,0.9898275979299566,1.0,0.0,4.0718341728e-06,0.9898275979299566,0.0,99114.39219446969,99114.39219446969
2026-09-08 08:00:00+00:00,0.0,0.0,1.2470532171179936,435254.7643752458,331714.13668885047,0,6796800.0,0.04855686855014185,1.0,1.2470532171179936,880056.2588492323,2253945.376477482,57.6,0.00098686,0.9898329555238566,1.0,0.0,4.0727144340000005e-06,0.9898329555238566,0.0,99115.37313853891,99115.37313853891
2026-09-08 09:00:00+00:00,0.0,0.0,1.24705968909678,435254.7643752458,331715.4879606446,0,6793200.0,0.04855686860058528,1.0,1.24705968909678,880056.2588492323,2253945.376477482,57.6,0.00098686,0.9898383131467556,1.0,0.0,4.073594979599999e-06,0.9898383131467556,0.0,99116.35379763728,99116.35379763728
2026-09-08 10:00:00+00:00,0.0,0.0,1.2470661027598096,435254.7643752458,331716.83953012945,0,6789600.0,0.048556868651082,1.0,1.2470661027598096,880056.2588492323,2253945.376477482,57.6,0.00098686,0.9898436707986534,1.0,0.0,4.0744758095999995e-06,0.9898436707986534,0.0,99117.33417166682,99117.33417166682
2026-09-08 11:00:00+00:00,0.0,0.0,1.247072584056783,435254.7643752458,331718.19139740284,0,6786000.0,0.04855686870163156,1.0,1.247072584056783,880056.2588492323,2253945.376477482,57.6,0.00098686,0.9898490284795506,1.0,0.0,4.075356924e-06,0.9898490284795506,0.0,99118.31426052988,99118.31426052988
2026-09-08 12:00:00+00:00,0.0,0.0,1.2470790677910444,435254.7643752458,331719.5435625605,0,6782400.0,0.04855693427016461,1.0,1.2470790677910444,880058.7015298065,2253943.4377108975,57.6,0.00098686,0.9898543728874678,1.0,0.0,4.076238315600001e-06,0.9898543728874678,0.0,99119.28827438096,99119.28827438096
2026-09-08 13:00:00+00:00,0.0,0.0,1.2470855518062156,435254.7643752458,331720.8960257015,0,6778800.0,0.04855693432082209,1.0,1.2470855518062156,880058.7015298065,2253943.4377108975,57.6,0.00098686,0.9898597306333521,1.0,0.0,4.0771199952e-06,0.9898597306333521,0.0,99120.26779566245,99120.26779566245
2026-09-08 14:00:00+00:00,0.0,0.0,1.247092042111644,435254.7643752458,331722.2487869224,0,6775200.0,0.048556934371533744,1.0,1.247092042111644,880058.7015298065,2253943.4377108975,57.6,0.00098686,0.989865088408236,1.0,0.0,4.078001955599999e-06,0.989865088408236,0.0,99121.24703148613,99121.24703148613
2026-09-08 15:00:00+00:00,0.0,0.0,1.2470985132955055,435254.7643752458,331723.6018463226,0,6771600.0,0.048557022570056674,1.0,1.2470985132955055,880058.7015298065,2253943.4377108975,57.6,0.00098686,0.9898704283438591,1.0,0.0,4.078884204000001e-06,0.9898704283438591,0.0,99122.21820450743,99122.21820450743
2026-09-08 16:00:00+00:00,0.0,0.0,1.2471050326123774,435254.7643752458,331724.9552039988,0,6768000.0,0.04855693447311871,1.0,1.2471050326123774,880058.7015298065,2253943.4377108975,57.6,0.00098686,0.9898758040450033,1.0,0.0,4.0797667332e-06,0.9898758040450033,0.0,99123.20464636612,99123.20464636612
2026-09-08 17:00:00+00:00,0.0,0.0,1.2471115322326047,435254.7643752458,331726.3088600476,0,6764400.0,0.04855693452399268,1.0,1.2471115322326047,880058.7015298065,2253943.4377108975,57.6,0.00098686,0.9898811619068871,1.0,0.0,4.080649543200001e-06,0.9898811619068871,0.0,99124.18302522908,99124.18302522908
2026-09-08 18:00:00+00:00,0.0,0.0,1.247118010612962,435254.7643752458,331727.66281456704,0,6760800.0,0.04855693457492105,1.0,1.247118010612962,880058.7015298065,2253943.4377108975,57.6,0.00098686,0.9898865197977711,1.0,0.0,4.0815326375999995e-06,0.9898865197977711,0.0,99125.16111824388,99125.16111824388
2026-09-08 19:00:00+00:00,0.0,0.0,1.2471245113147258,435254.7643752458,331729.01706765394,0,6757200.0,0.04855693462590249,1.0,1.2471245113147258,880058.7015298065,2253943.4377108975,57.6,0.00098686,0.9898918777176557,1.0,0.0,4.0824160128e-06,0.9898918777176557,0.0,99126.13892531389,99126.13892531389
2026-09-08 20:00:00+00:00,0.0,0.0,1.2471310175288015,435254.7643752458,331730.3716194073,0,6753600.0,0.048556934676939,1.0,1.2471310175288015,880058.7015298065,2253943.4377108975,57.6,0.00098686,0.9898972356665409,1.0,0.0,4.083299676e-06,0.9898972356665409,0.0,99127.11644634005,99127.11644634005
2026-09-08 21:00:00+00:00,0.0,0.0,1.247137563775533,435254.7643752458,331731.72646992403,0,6750000.0,0.048257836046216473,1.0,1.247137563775533,868955.9623334376,2262757.0331915226,57.6,0.00098686,0.9899630423935305,1.0,0.0,4.084183620000001e-06,0.9899630423935305,0.0,99154.40428727353,99154.40428727353
2026-09-08 22:00:00+00:00,0.0,0.0,1.2471440732719623,435254.7643752458,331733.2009585327,0,6746400.0,0.048257836097039375,1.0,1.2471440732719623,868955.9623334376,2262757.0331915226,57.6,0.00098686,0.9899683684871768,1.0,0.0,4.444812522e-06,0.9899683684871768,0.0,99155.24800629995,99155.24800629995
2026-09-08 23:00:00+00:00,0.0,0.0,1.2471505827679952,435254.7643752458,331734.67591072194,0,6742800.0,0.04825783614791734,1.0,1.2471505827679952,868955.9623334376,2262757.0331915226,57.6,0.00098686,0.989973694609478,1.0,0.0,4.4461902096e-06,0.989973694609478,0.0,99156.09127421794,99156.09127421794
2026-09-09 00:00:00+00:00,0.0,0.0,1.247157093019847,435254.7643752458,331736.15132671164,0,6739200.0,0.04825783619884949,1.0,1.247157093019847,868955.9623334376,2262757.0331915226,57.6,0.00098686,0.9899790207604342,1.0,0.0,4.4475685416000006e-06,0.9899790207604342,0.0,99156.93409080768,99156.93409080768
2026-09-09 01:00:00+00:00,0.0,0.0,1.2471636063437148,435254.7643752458,331737.62720671936,0,6735600.0,0.04825783624983626,1.0,1.2471636063437148,868955.9623334376,2262757.0331915226,57.6,0.00098686,0.9899843469400456,1.0,0.0,4.4489475108e-06,0.9899843469400456,0.0,99157.77645585174,99157.77645585174
2026-09-09 02:00:00+00:00,0.0,0.0,1.2471701037465104,435254.7643752458,331739.10355096386,0,6732000.0,0.048257836300876544,1.0,1.2471701037465104,868955.9623334376,2262757.0331915226,57.6,0.00098686,0.9899896731483125,1.0,0.0,4.450327120800001e-06,0.9899896731483125,0.0,99158.61836913152,99158.61836913152
2026-09-09 03:00:00+00:00,0.0,0.0,1.247176625741514,435254.7643752458,331740.5803596637,0,6728400.0,0.04825783635197234,1.0,1.247176625741514,868955.9623334376,2262757.0331915226,57.6,0.00098686,0.9899949993852347,1.0,0.0,4.4517073716e-06,0.9899949993852347,0.0,99159.45983042824,99159.45983042824
2026-09-09 04:00:00+00:00,0.0,0.0,1.2471831511006766,435254.7643752458,331742.0576330366,0,6724800.0,0.04825783640312342,1.0,1.2471831511006766,868955.9623334376,2262757.0331915226,57.6,0.00098686,0.9900003256508125,1.0,0.0,4.4530882596e-06,0.9900003256508125,0.0,99160.30083952443,99160.30083952443
2026-09-09 05:00:00+00:00,0.0,0.0,1.2471896775724902,435254.7643752458,331743.5353713023,0,6721200.0,0.04825783645432824,1.0,1.2471896775724902,868955.9623334376,2262757.0331915226,57.6,0.00098686,0.9900056519450463,1.0,0.0,4.454469792000001e-06,0.9900056519450463,0.0,99161.14139620046,99161.14139620046
2026-09-09 06:00:00+00:00,0.0,0.0,1.2471962188336059,435254.7643752458,331745.01357467845,0,6717600.0,0.048257836505589013,1.0,1.2471962188336059,868955.9623334376,2262757.0331915226,57.6,0.00098686,0.9900109782679358,1.0,0.0,4.4558519616e-06,0.9900109782679358,0.0,99161.98150023853,99161.98150023853
2026-09-09 07:00:00+00:00,0.0,0.0,1.2472027719998675,435254.7643752458,331746.492243385,0,6714000.0,0.04825783655690419,1.0,1.2472027719998675,868955.9623334376,2262757.0331915226,57.6,0.00098686,0.9900163046194816,1.0,0.0,4.4572347756e-06,0.9900163046194816,0.0,99162.82115141902,99162.82115141902
2026-09-09 08:00:00+00:00,0.0,0.0,1.2472093359733152,435254.7643752458,331747.97137763945,0,6710400.0,0.04825783660827376,1.0,1.2472093359733152,868955.9623334376,2262757.0331915226,57.6,0.00098686,0.9900216309996838,1.0,0.0,4.4586182268e-06,0.9900216309996838,0.0,99163.6603495244,99163.6603495244
2026-09-09 09:00:00+00:00,0.0,0.0,1.2472159129327085,435254.7643752458,331749.45097766054,0,6706800.0,0.048257836659699516,1.0,1.2472159129327085,868955.9623334376,2262757.0331915226,57.6,0.00098686,0.9900269574085422,1.0,0.0,4.4600023187999995e-06,0.9900269574085422,0.0,99164.499094336,99164.499094336
2026-09-09 10:00:00+00:00,0.0,0.0,1.2472224849644704,435254.7643752458,331750.9310436659,0,6703200.0,0.048257836711180335,1.0,1.2472224849644704,868955.9623334376,2262757.0331915226,57.6,0.00098686,0.9900322838460571,1.0,0.0,4.461387048e-06,0.9900322838460571,0.0,99165.33738563611,99165.33738563611
2026-09-09 11:00:00+00:00,0.0,0.0,1.247229082292679,435254.7643752458,331752.2773763649,0,6699600.0,0.04829636935306625,1.0,1.247229082292679,868013.8891582971,2255475.486572729,57.6,0.00098686,0.9900298791574127,1.0,0.0,4.0582552788e-06,0.9900298791574127,0.0,99162.94440074777,99162.94440074777
2026-09-09 12:00:00+00:00,0.0,0.0,1.247235687992969,435254.7643752458,331753.6239722676,0,6696000.0,0.04829636940469961,1.0,1.247235687992969,868013.8891582971,2255475.486572729,57.6,0.00098686,0.9900352097649464,1.0,0.0,4.0590321804e-06,0.9900352097649464,0.0,99163.9179771712,99163.9179771712
2026-09-09 13:00:00+00:00,0.0,0.0,1.2472422936928276,435254.7643752458,331754.97083145246,0,6692400.0,0.04829636945638871,1.0,1.2472422936928276,868013.8891582971,2255475.486572729,57.6,0.00098686,0.9900405404011817,1.0,0.0,4.0598093088e-06,0.9900405404011817,0.0,99164.89130280487,99164.89130280487
2026-09-09 14:00:00+00:00,0.0,0.0,1.2472488922534086,435254.7643752458,331756.3179539966,0,6688800.0,0.04829636950813354,1.0,1.2472488922534086,868013.8891582971,2255475.486572729,57.6,0.00098686,0.9900458710661186,1.0,0.0,4.0605866604e-06,0.9900458710661186,0.0,99165.86437757185,99165.86437757185
2026-09-09 15:00:00+00:00,0.0,0.0,1.2472554805605551,435254.7643752458,331757.66533997725,0,6685200.0,0.04829616842648332,1.0,1.2472554805605551,868006.4676802221,2255481.377868131,57.6,0.00098686,0.9900512420282828,1.0,0.0,4.0613642352e-06,0.9900512420282828,0.0,99166.85472846241,99166.85472846241
2026-09-09 16:00:00+00:00,0.0,0.0,1.2472620754605974,435254.7643752458,331759.0129894693,0,6681600.0,0.048296168478339396,1.0,1.2472620754605974,868006.4676802221,2255481.377868131,57.6,0.00098686,0.9900565727291556,1.0,0.0,4.062142026e-06,0.9900565727291556,0.0,99167.8272919227,99167.8272919227
2026-09-09 17:00:00+00:00,0.0,0.0,1.247268675917135,435254.7643752458,331760.36090255104,0,6678000.0,0.04829616853025165,1.0,1.247268675917135,868006.4676802221,2255481.377868131,57.6,0.00098686,0.9900619034587302,1.0,0.0,4.0629200436e-06,0.9900619034587302,0.0,99168.79960428592,99168.79960428592
2026-09-09 18:00:00+00:00,0.0,0.0,1.2472752350713192,435254.7643752458,331761.7090793009,0,6674400.0,0.048296168582219856,1.0,1.2472752350713192,868006.4676802221,2255481.377868131,57.6,0.00098686,0.990067234217007,1.0,0.0,4.063698288e-06,0.990067234217007,0.0,99169.77166547376,99169.77166547376
2026-09-09 19:00:00+00:00,0.0,0.0,1.2472818400655246,435254.7643752458,331763.057519795,0,6670800.0,0.04829616863424402,1.0,1.2472818400655246,868006.4676802221,2255481.377868131,57.6,0.00098686,0.990072565003986,1.0,0.0,4.064476752000001e-06,0.990072565003986,0.0,99170.7434754101,99170.7434754101
2026-09-09 20:00:00+00:00,0.0,0.0,1.2472884501700736,435254.7643752458,331764.4062241105,0,6667200.0,0.04829616868632458,1.0,1.2472884501700736,868006.4676802221,2255481.377868131,57.6,0.00098686,0.9900778958196674,1.0,0.0,4.0652554392e-06,0.9900778958196674,0.0,99171.71503401798,99171.71503401798
2026-09-09 21:00:00+00:00,0.0,0.0,1.2472950612610145,435254.7643752458,331765.7551923247,0,6663600.0,0.048296168738461764,1.0,1.2472950612610145,868006.4676802221,2255481.377868131,57.6,0.00098686,0.9900832266640512,1.0,0.0,4.0660343496000005e-06,0.9900832266640512,0.0,99172.68634121999,99172.68634121999
2026-09-09 22:00:00+00:00,0.0,0.0,1.2473016724105994,435254.7643752458,331767.1044245147,0,6660000.0,0.0482961687906549,1.0,1.2473016724105994,868006.4676802221,2255481.377868131,57.6,0.00098686,0.9900885575371379,1.0,0.0,4.0668134832e-06,0.9900885575371379,0.0,99173.65739693923,99173.65739693923
2026-09-09 23:00:00+00:00,0.0,0.0,1.2473082866516572,435254.7643752458,331768.4539207566,0,6656400.0,0.04829616884290511,1.0,1.2473082866516572,868006.4676802221,2255481.377868131,57.6,0.00098686,0.9900938884389272,1.0,0.0,4.0675928364e-06,0.9900938884389272,0.0,99174.62820109958,99174.62820109958
2026-09-10 00:00:00+00:00,0.0,0.0,1.247314901139936,435254.7643752458,331769.80368112883,0,6652800.0,0.048296168895211045,1.0,1.247314901139936,868006.4676802221,2255481.377868131,57.6,0.00098686,0.9900992193694197,1.0,0.0,4.068372416400001e-06,0.9900992193694197,0.0,99175.59875362273,99175.59875362273
2026-09-10 01:00:00+00:00,0.0,0.0,1.2473215180560318,435254.7643752458,331771.15370570857,0,6649200.0,0.04829616894757338,1.0,1.2473215180560318,868006.4676802221,2255481.377868131,57.6,0.00098686,0.9901045503286153,1.0,0.0,4.0691522196e-06,0.9901045503286153,0.0,99176.56905443157,99176.56905443157
2026-09-10 02:00:00+00:00,0.0,0.0,1.2473280712536492,435254.7643752458,331772.5039945731,0,6645600.0,0.04829616899999345,1.0,1.2473280712536492,868006.4676802221,2255481.377868131,57.6,0.00098686,0.9901098813165141,1.0,0.0,4.069932246e-06,0.9901098813165141,0.0,99177.53910344886,99177.53910344886
2026-09-10 03:00:00+00:00,0.0,0.0,1.2473346911158474,435254.7643752458,331773.8545477996,0,6642000.0,0.04829616905247058,1.0,1.2473346911158474,868006.4676802221,2255481.377868131,57.6,0.00098686,0.9901152123331164,1.0,0.0,4.0707124956e-06,0.9901152123331164,0.0,99178.5089005974,99178.5089005974
2026-09-10 04:00:00+00:00,0.0,0.0,1.247341313145617,435254.7643752458,331775.2053654642,0,6638400.0,0.04829616910500367,1.0,1.247341313145617,883462.3338507172,2295642.8508805837,57.6,0.00098686,0.9901205433784224,1.0,0.0,4.071492964800001e-06,0.9901205433784224,0.0,99179.47844580136,99179.47844580136
2026-09-10 05:00:00+00:00,0.0,0.0,1.247347913114953,435254.7643752458,331776.55644764414,0,6634800.0,0.04829625862956366,1.0,1.247347913114953,883462.3338507172,2295642.8508805837,57.6,0.00098686,0.9901258566731339,1.0,0.0,4.0722736572e-06,0.9901258566731339,0.0,99180.44000045914,99180.44000045914
2026-09-10 06:00:00+00:00,0.0,0.0,1.2473545604364822,435254.7643752458,331777.91505811654,0,6631200.0,0.048296169210241935,1.0,1.2473545604364822,883462.3338507172,2295642.8508805837,57.6,0.00098686,0.9901312055551458,1.0,0.0,4.0949478324e-06,0.9901312055551458,0.0,99181.40951636649,99181.40951636649
2026-09-10 07:00:00+00:00,0.0,0.0,1.2473611611312858,435254.7643752458,331779.27393449214,0,6627600.0,0.04850259063701268,1.0,1.2473611611312858,891237.0754889486,2289471.890018104,57.6,0.00098686,0.9900955669006776,1.0,0.0,4.09573251e-06,0.9900955669006776,0.0,99164.5387458377,99164.5387458377
2026-09-10 08:00:00+00:00,0.0,0.0,1.2473677080496601,435254.7643752458,331780.63307684823,0,6624000.0,0.04914242065392482,1.0,1.2473677080496601,915627.8450065645,2270114.951877417,57.6,0.00098686,0.9899740591475643,1.0,0.0,4.0965174108e-06,0.9899740591475643,0.0,99110.29277503048,99110.29277503048
2026-09-10 09:00:00+00:00,0.0,0.0,1.2473743478203347,435254.7643752458,331781.99248526443,0,6620400.0,0.04914242070769137,1.0,1.2473743478203347,915627.8450065645,2270114.951877417,57.6,0.00098686,0.989979480625831,1.0,0.0,4.097302542e-06,0.989979480625831,0.0,99111.29309085984,99111.29309085984
2026-09-10 10:00:00+00:00,0.0,0.0,1.2473809297645306,435254.7643752458,331783.3521598169,0,6616800.0,0.049142420761516314,1.0,1.2473809297645306,915627.8450065645,2270114.951877417,57.6,0.00098686,0.9899849021337879,1.0,0.0,4.098087892800001e-06,0.9899849021337879,0.0,99112.29315347568,99112.29315347568
2026-09-10 11:00:00+00:00,0.0,0.0,1.2473876052841015,435254.7643752458,331784.7121005841,0,6613200.0,0.049142420815400545,1.0,1.2473876052841015,915627.8450065645,2270114.951877417,57.6,0.00098686,0.9899903236714348,1.0,0.0,4.098873470400001e-06,0.9899903236714348,0.0,99113.29296279955,99113.29296279955
2026-09-10 12:00:00+00:00,0.0,0.0,1.2473942786392462,435254.7643752458,331786.0723076457,0,6609600.0,0.04920769706563055,1.0,1.2473942786392462,915627.8450065645,2261912.6496381275,57.6,0.00098686,0.9899828358420011,1.0,0.0,4.0996592784e-06,0.9899828358420011,0.0,99108.6736423021,99108.6736423021
2026-09-10 13:00:00+00:00,0.0,0.0,1.2474009619828113,435254.7643752458,331787.43278107775,0,6606000.0,0.049207697119706184,1.0,1.2474009619828113,915627.8450065645,2261912.6496381275,57.6,0.00098686,0.9899882643995728,1.0,0.0,4.1004453059999995e-06,0.9899882643995728,0.0,99109.67597441684,99109.67597441684
2026-09-10 14:00:00+00:00,0.0,0.0,1.2474076460758727,435254.7643752458,331788.7935209588,0,6602400.0,0.04920769717383955,1.0,1.2474076460758727,915627.8450065645,2261912.6496381275,57.6,0.00098686,0.9899936929869122,1.0,0.0,4.1012315604e-06,0.9899936929869122,0.0,99110.67805303907,99110.67805303907
2026-09-10 15:00:00+00:00,0.0,0.0,1.2474143187910818,435254.7643752458,331790.15452736604,0,6598800.0,0.049207697228032865,1.0,1.2474143187910818,915627.8450065645,2261912.6496381275,57.6,0.00098686,0.989999121604019,1.0,0.0,4.1020180379999994e-06,0.989999121604019,0.0,99111.67987809156,99111.67987809156
2026-09-10 16:00:00+00:00,0.0,0.0,1.2474209923875226,435254.7643752458,331791.5158003792,0,6595200.0,0.04920769728228458,1.0,1.2474209923875226,915627.8450065645,2261912.6496381275,57.6,0.00098686,0.9900045502508937,1.0,0.0,4.102804746e-06,0.9900045502508937,0.0,99112.68144949473,99112.68144949473
2026-09-10 17:00:00+00:00,0.0,0.0,1.2474276669166735,435254.7643752458,331792.8621490879,0,6591600.0,0.049207697336596024,1.0,1.2474276669166735,915627.8450065645,2261912.6496381275,57.6,0.00098686,0.9900099789275362,1.0,0.0,4.0578071256e-06,0.9900099789275362,0.0,99113.69795815891,99113.69795815891
2026-09-10 18:00:00+00:00,0.0,0.0,1.247434301045247,435254.7643752458,331796.3198732166,0,6588000.0,0.049207697390966754,1.0,1.247434301045247,915627.8450065645,2261912.6496381275,57.6,0.00098686,0.9900154076339468,1.0,0.0,1.0421279377200001e-05,0.9900154076339468,0.0,99112.60310435982,99112.60310435982
2026-09-10 19:00:00+00:00,0.0,0.0,1.247440985554258,435254.7643752458,331799.7843551512,0,6584400.0,0.04920769744539766,1.0,1.247440985554258,915627.8450065645,2261912.6496381275,57.6,0.00098686,0.9900208363701255,1.0,0.0,1.04415378948e-05,0.9900208363701255,0.0,99111.50150571158,99111.50150571158
2026-09-10 20:00:00+00:00,0.0,0.0,1.2474476709228581,435254.7643752458,331801.1307893973,0,6580800.0,0.049207697499887404,1.0,1.2474476709228581,915627.8450065645,2261912.6496381275,57.6,0.00098686,0.9900262651360728,1.0,0.0,4.0579638012e-06,0.9900262651360728,0.0,99112.5179677087,99112.5179677087
2026-09-10 21:00:00+00:00,0.0,0.0,1.2474543596664567,435254.7643752458,331802.47745561204,0,6577200.0,0.04920084390058954,1.0,1.2474543596664567,915364.520029008,2262121.6441739122,57.6,0.00098686,0.9900330427268008,1.0,0.0,4.0586464512e-06,0.9900330427268008,0.0,99114.12128014927,99114.12128014927
2026-09-10 22:00:00+00:00,0.0,0.0,1.2474610481349495,435254.7643752458,331803.82435385697,0,6573600.0,0.04920084395519053,1.0,1.2474610481349495,915364.520029008,2262121.6441739122,57.6,0.00098686,0.9900384708214217,1.0,0.0,4.0593292776e-06,0.9900384708214217,0.0,99115.13698594959,99115.13698594959
2026-09-10 23:00:00+00:00,0.0,0.0,1.2474677360959951,435254.7643752458,331805.17148418963,0,6570000.0,0.049200844009851696,1.0,1.2474677360959951,915364.520029008,2262121.6441739122,57.6,0.00098686,0.9900438989458035,1.0,0.0,4.0600122696e-06,0.9900438989458035,0.0,99116.15247261571,99116.15247261571
2026-09-11 00:00:00+00:00,0.0,0.0,1.2474744182063269,435254.7643752458,331806.5188466702,0,6566400.0,0.04920084406639824,1.0,1.2474744182063269,915364.520029008,2262121.6441739122,57.6,0.00098686,0.9900493270995875,1.0,0.0,4.0606954344e-06,0.9900493270995875,0.0,99117.16773993138,99117.16773993138
2026-09-11 01:00:00+00:00,0.0,0.0,1.2474811064701843,435254.7643752458,331807.8664413588,0,6562800.0,0.04920084412118175,1.0,1.2474811064701843,915364.520029008,2262121.6441739122,57.6,0.00098686,0.9900547552834911,1.0,0.0,4.061378772000001e-06,0.9900547552834911,0.0,99118.1827881487,99118.1827881487
2026-09-11 02:00:00+00:00,0.0,0.0,1.2474878603404913,435254.7643752458,331809.21426831675,0,6559200.0,0.04920084417602588,1.0,1.2474878603404913,915364.520029008,2262121.6441739122,57.6,0.00098686,0.9900601834971559,1.0,0.0,4.062062285999999e-06,0.9900601834971559,0.0,99119.19761705043,99119.19761705043
2026-09-11 03:00:00+00:00,0.0,0.0,1.247494756099799,435254.7643752458,331810.5623276018,0,6555600.0,0.0492008442309293,1.0,1.247494756099799,915364.520029008,2262121.6441739122,57.6,0.00098686,0.9900656117405823,1.0,0.0,4.062745965600001e-06,0.9900656117405823,0.0,99120.21222657897,99120.21222657897
2026-09-11 04:00:00+00:00,0.0,0.0,1.247501670269587,435254.7643752458,331811.9106192764,0,6552000.0,0.04909161874466572,1.0,1.247501670269587,911174.8985511423,2265446.91665198,57.6,0.00098686,0.9900924554298582,1.0,0.0,4.063429825200001e-06,0.9900924554298582,0.0,99130.54777855508,99130.54777855508
2026-09-11 05:00:00+00:00,0.0,0.0,1.2475085704571498,435254.7643752458,331813.2591433983,0,6548400.0,0.04909161879956536,1.0,1.2475085704571498,911174.8985511423,2265446.91665198,57.6,0.00098686,0.9900978720833428,1.0,0.0,4.0641138504e-06,0.9900978720833428,0.0,99131.5568786693,99131.5568786693
2026-09-11 06:00:00+00:00,0.0,0.0,1.2475154716964636,435254.7643752458,331814.60790002777,0,6544800.0,0.04909161885452584,1.0,1.2475154716964636,911174.8985511423,2265446.91665198,57.6,0.00098686,0.990103288766461,1.0,0.0,4.0647980484e-06,0.990103288766461,0.0,99132.56575917418,99132.56575917418
2026-09-11 07:00:00+00:00,0.0,0.0,1.247522374374914,435254.7643752458,331815.956889226,0,6541200.0,0.04909161890954605,1.0,1.247522374374914,911174.8985511423,2265446.91665198,57.6,0.00098686,0.9901087054792133,1.0,0.0,4.0654824228e-06,0.9901087054792133,0.0,99133.57442000858,99133.57442000858
2026-09-11 08:00:00+00:00,0.0,0.0,1.247529303567696,435254.7643752458,331817.3061110519,0,6537600.0,0.04909161896462777,1.0,1.247529303567696,911174.8985511423,2265446.91665198,57.6,0.00098686,0.9901141222215994,1.0,0.0,4.0661669664e-06,0.9901141222215994,0.0,99134.58286111371,99134.58286111371
2026-09-11 09:00:00+00:00,0.0,0.0,1.2475362456985752,435254.7643752458,331818.65556556557,0,6534000.0,0.04909161901976966,1.0,1.2475362456985752,911174.8985511423,2265446.91665198,57.6,0.00098686,0.9901195389936198,1.0,0.0,4.0668516828e-06,0.9901195389936198,0.0,99135.5910824294,99135.5910824294
2026-09-11 10:00:00+00:00,0.0,0.0,1.2475432714862327,435254.7643752458,331820.00525282614,0,6530400.0,0.04829986758003102,1.0,1.2475432714862327,881189.3030427699,2289251.3542841305,57.6,0.00098686,0.9902797649147222,1.0,0.0,4.0675365684e-06,0.9902797649147222,0.0,99203.98049070506,99203.98049070506
2026-09-11 11:00:00+00:00,0.0,0.0,1.2475502199609219,435254.7643752458,331821.3551728948,0,6526800.0,0.0482998676343831,1.0,1.2475502199609219,881189.3030427699,2289251.3542841305,57.6,0.00098686,0.9902850972446848,1.0,0.0,4.0682216304e-06,0.9902850972446848,0.0,99204.95149265788,99204.95149265788
2026-09-11 12:00:00+00:00,0.0,0.0,1.2475571706359203,435254.7643752458,331822.7053258293,0,6523200.0,0.04829986768879513,1.0,1.2475571706359203,881189.3030427699,2289251.3542841305,57.6,0.00098686,0.9902904296033603,1.0,0.0,4.068906858e-06,0.9902904296033603,0.0,99205.92227424227,99205.92227424227
2026-09-11 13:00:00+00:00,0.0,0.0,1.2475641225002834,435254.7643752458,331824.055711691,0,6519600.0,0.04829986774326711,1.0,1.2475641225002834,881189.3030427699,2289251.3542841305,57.6,0.00098686,0.9902957619907488,1.0,0.0,4.069592262e-06,0.9902957619907488,0.0,99206.89283539687,99206.89283539687
2026-09-11 14:00:00+00:00,0.0,0.0,1.2475710749246498,435254.7643752458,331825.40633054246,0,6516000.0,0.04829714978625188,1.0,1.2475710749246498,881087.5259170193,2289332.147564453,57.6,0.00098686,0.9903016249346839,1.0,0.0,4.070277846e-06,0.9903016249346839,0.0,99208.0940908264,99208.0940908264
2026-09-11 15:00:00+00:00,0.0,0.0,1.2475780286907798,435254.7643752458,331826.7571824402,0,6512400.0,0.04829714984084066,1.0,1.2475780286907798,881087.5259170193,2289332.147564453,57.6,0.00098686,0.9903069570892452,1.0,0.0,4.070963592e-06,0.9903069570892452,0.0,99209.06408460584,99209.06408460584
2026-09-11 16:00:00+00:00,0.0,0.0,1.247584983083031,435254.7643752458,331828.1082674455,0,6508800.0,0.048296984155598244,1.0,1.247584983083031,881081.3200390146,2289337.073946973,57.6,0.00098686,0.9903123215878901,1.0,0.0,4.0716495144e-06,0.9903123215878901,0.0,99210.04792319419,99210.04792319419
2026-09-11 17:00:00+00:00,0.0,0.0,1.2475919432350926,435254.7643752458,331829.45958561735,0,6505200.0,0.048296984210308924,1.0,1.2475919432350926,881081.3200390146,2289337.073946973,57.6,0.00098686,0.9903176537821723,1.0,0.0,4.072335606e-06,0.9903176537821723,0.0,99211.01746798825,99211.01746798825
2026-09-11 18:00:00+00:00,0.0,0.0,1.2475988810655483,435254.7643752458,331830.81113701593,0,6501600.0,0.04829698426508,1.0,1.2475988810655483,881081.3200390146,2289337.073946973,57.6,0.00098686,0.9903229860051651,1.0,0.0,4.073021870399999e-06,0.9903229860051651,0.0,99211.98679205205,99211.98679205205
2026-09-11 19:00:00+00:00,0.0,0.0,1.2476058458620238,435254.7643752458,331832.1629217014,0,6498000.0,0.04829698431991103,1.0,1.2476058458620238,881081.3200390146,2289337.073946973,57.6,0.00098686,0.9903283182568686,1.0,0.0,4.0737083076e-06,0.9903283182568686,0.0,99212.9558953254,99212.9558953254
2026-09-11 20:00:00+00:00,0.0,0.0,1.2476128141142266,435254.7643752458,331833.5149397338,0,6494400.0,0.04829698437480401,1.0,1.2476128141142266,881081.3200390146,2289337.073946973,57.6,0.00098686,0.9903336505372826,1.0,0.0,4.0743949176e-06,0.9903336505372826,0.0,99213.92477774818,99213.92477774818
2026-09-11 21:00:00+00:00,0.0,0.0,1.2476197761305228,435254.7643752458,331834.86719117337,0,6490800.0,0.04829698442975783,1.0,1.2476197761305228,881081.3200390146,2289337.073946973,57.6,0.00098686,0.9903389828464075,1.0,0.0,4.0750817004e-06,0.9903389828464075,0.0,99214.89343926031,99214.89343926031
2026-09-11 22:00:00+00:00,0.0,0.0,1.2476267372264815,435254.7643752458,331836.2136578052,0,6487200.0,0.048296984484772265,1.0,1.2476267372264815,881081.3200390146,2289337.073946973,57.6,0.00098686,0.9903443151842436,1.0,0.0,4.0576323744e-06,0.9903443151842436,0.0,99215.86789807689,99215.86789807689
2026-09-11 23:00:00+00:00,0.0,0.0,1.2476337029111901,435254.7643752458,331837.56007930846,0,6483600.0,0.048270239262636405,1.0,1.2476337029111901,880080.3067642109,2290131.7065811176,57.6,0.00098686,0.9903548423361076,1.0,0.0,4.0574799144e-06,0.9903548423361076,0.0,99219.10346957773,99219.10346957773
2026-09-12 00:00:00+00:00,0.0,0.0,1.247640665083159,435254.7643752458,331838.9067184908,0,6480000.0,0.04827023931774144,1.0,1.247640665083159,880080.3067642109,2290131.7065811176,57.6,0.00098686,0.9903601718749302,1.0,0.0,4.0581194292e-06,0.9903601718749302,0.0,99220.07653755986,99220.07653755986
2026-09-12 01:00:00+00:00,0.0,0.0,1.2476476272540575,435254.7643752458,331840.2535754037,0,6476400.0,0.04827023937290864,1.0,1.2476476272540575,880080.3067642109,2290131.7065811176,57.6,0.00098686,0.9903655014424332,1.0,0.0,4.0587590916e-06,0.9903655014424332,0.0,99221.04940029467,99221.04940029467
2026-09-12 02:00:00+00:00,0.0,0.0,1.2476545719152998,435254.7643752458,331841.6006500987,0,6472800.0,0.04822592549338656,1.0,1.2476545719152998,878423.4631062069,2291446.96650495,57.6,0.00098686,0.9903794243696786,1.0,0.0,4.0593989016e-06,0.9903794243696786,0.0,99225.76234601735,99225.76234601735
2026-09-12 03:00:00+00:00,0.0,0.0,1.247661534339552,435254.7643752458,331842.9479426298,0,6469200.0,0.04822592554862415,1.0,1.247661534339552,878423.4631062069,2291446.96650495,57.6,0.00098686,0.9903847492613679,1.0,0.0,4.0600388664e-06,0.9903847492613679,0.0,99226.73273796373,99226.73273796373
2026-09-12 04:00:00+00:00,0.0,0.0,1.2476684968968206,435254.7643752458,331844.29545304866,0,6465600.0,0.04822592560392325,1.0,1.2476684968968206,878423.4631062069,2291446.96650495,57.6,0.00098686,0.990390074181687,1.0,0.0,4.060678978800001e-06,0.990390074181687,0.0,99227.70292448369,99227.70292448369
2026-09-12 05:00:00+00:00,0.0,0.0,1.2476754594795718,435254.7643752458,331845.6431814092,0,6462000.0,0.0482259256592843,1.0,1.2476754594795718,878423.4631062069,2291446.96650495,57.6,0.00098686,0.9903953991306362,1.0,0.0,4.061319245999999e-06,0.9903953991306362,0.0,99228.67290552333,99228.67290552333
2026-09-12 06:00:00+00:00,0.0,0.0,1.247682421093187,435254.7643752458,331846.9911277643,0,6458400.0,0.04823778785331734,1.0,1.247682421093187,878866.7665707202,2291095.0947848936,57.6,0.00098686,0.9903984288348412,1.0,0.0,4.061959664399999e-06,0.9903984288348412,0.0,99228.64365235815,99228.64365235815
2026-09-12 07:00:00+00:00,0.0,0.0,1.2476893852378625,435254.7643752458,331848.3392921666,0,6454800.0,0.0482377879088165,1.0,1.2476893852378625,878866.7665707202,2291095.0947848936,57.6,0.00098686,0.9904037551081295,1.0,0.0,4.062600234e-06,0.9904037551081295,0.0,99229.61377378093,99229.61377378093
2026-09-12 08:00:00+00:00,0.0,0.0,1.2476963492005588,435254.7643752458,331849.6876746678,0,6451200.0,0.048239162473800556,1.0,1.2476963492005588,878918.1431103469,2291054.3147261576,57.6,0.00098686,0.9904088157439989,1.0,0.0,4.0632409512e-06,0.9904088157439989,0.0,99230.46805715264,99230.46805715264
2026-09-12 09:00:00+00:00,0.0,0.0,1.2477033133432578,435254.7643752458,331851.0362753218,0,6447600.0,0.048239162529425395,1.0,1.2477033133432578,878918.1431103469,2291054.3147261576,57.6,0.00098686,0.9904141422213986,1.0,0.0,4.0638818232000006e-06,0.9904141422213986,0.0,99231.43783116422,99231.43783116422
2026-09-12 10:00:00+00:00,0.0,0.0,1.2477102096712345,435254.7643752458,331852.38509418146,0,6444000.0,0.04823916258511218,1.0,1.2477102096712345,878918.1431103469,2291054.3147261576,57.6,0.00098686,0.9904194687274445,1.0,0.0,4.0645228464e-06,0.9904194687274445,0.0,99232.4073994385,99232.4073994385
2026-09-12 11:00:00+00:00,0.0,0.0,1.2477171978827835,435254.7643752458,331853.7341312984,0,6440400.0,0.04823916264086048,1.0,1.2477171978827835,878918.1431103469,2291054.3147261576,57.6,0.00098686,0.9904247952621367,1.0,0.0,4.0651640172000004e-06,0.9904247952621367,0.0,99233.37676192395,99233.37676192395
2026-09-12 12:00:00+00:00,0.0,0.0,1.2477241967183306,435254.7643752458,331855.08338672656,0,6436800.0,0.0482391626966725,1.0,1.2477241967183306,878918.1431103469,2291054.3147261576,57.6,0.00098686,0.9904301218254751,1.0,0.0,4.0658053428e-06,0.9904301218254751,0.0,99234.34591856657,99234.34591856657
2026-09-12 13:00:00+00:00,0.0,0.0,1.247731149018304,435254.7643752458,331856.43013328646,0,6433200.0,0.04823934708768407,1.0,1.247731149018304,878918.1431103469,2291054.3147261576,57.6,0.00098686,0.9904354128875327,1.0,0.0,4.0582287108e-06,0.9904354128875327,0.0,99235.30213197583,99235.30213197583
2026-09-12 14:00:00+00:00,0.0,0.0,1.2477381941488044,435254.7643752458,331861.0872864468,0,6429600.0,0.04823916280848195,1.0,1.2477381941488044,878918.1431103469,2291054.3147261576,57.6,0.00098686,0.9904407750380922,1.0,0.0,1.40335399872e-05,0.9904407750380922,0.0,99232.97888039384,99232.97888039384
2026-09-12 15:00:00+00:00,0.0,0.0,1.247745194604047,435254.7643752458,331862.4339137673,0,6426000.0,0.048239162864481155,1.0,1.247745194604047,878918.1431103469,2291054.3147261576,57.6,0.00098686,0.990446101687371,1.0,0.0,4.0577959872e-06,0.990446101687371,0.0,99233.95070255012,99233.95070255012
2026-09-12 16:00:00+00:00,0.0,0.0,1.2477521971853145,435254.7643752458,331863.7807441786,0,6422400.0,0.0482391629205432,1.0,1.2477521971853145,878918.1431103469,2291054.3147261576,57.6,0.00098686,0.9904514283652968,1.0,0.0,4.058391492e-06,0.9904514283652968,0.0,99234.92233408423,99234.92233408423
2026-09-12 17:00:00+00:00,0.0,0.0,1.2477591997376103,435254.7643752458,331865.1277777273,0,6418800.0,0.04823916297666764,1.0,1.2477591997376103,878918.1431103469,2291054.3147261576,57.6,0.00098686,0.9904567550718698,1.0,0.0,4.05898713e-06,0.9904567550718698,0.0,99235.89377494989,99235.89377494989
2026-09-12 18:00:00+00:00,0.0,0.0,1.2477661789519843,435254.7643752458,331866.47501446016,0,6415200.0,0.04823916303285558,1.0,1.2477661789519843,878918.1431103469,2291054.3147261576,57.6,0.00098686,0.9904620818070901,1.0,0.0,4.0595829012e-06,0.9904620818070901,0.0,99236.86502510024,99236.86502510024
2026-09-12 19:00:00+00:00,0.0,0.0,1.2477731828158494,435254.7643752458,331870.2276043287,0,6411600.0,0.048239163089106585,1.0,1.2477731828158494,878918.1431103469,2291054.3147261576,57.6,0.00098686,0.9904674085709578,1.0,0.0,1.1307465306e-05,0.9904674085709578,0.0,99235.43093458383,99235.43093458383
2026-09-12 20:00:00+00:00,0.0,0.0,1.2477801865238565,435254.7643752458,331874.1979795972,0,6408000.0,0.04823916314542065,1.0,1.2477801865238565,878918.1431103469,2291054.3147261576,57.6,0.00098686,0.9904727353634732,1.0,0.0,1.19635664436e-05,0.9904727353634732,0.0,99233.7790711365,99233.7790711365
2026-09-12 21:00:00+00:00,0.0,0.0,1.2477871898899897,435254.7643752458,331878.1774187679,0,6404400.0,0.04823916320179866,1.0,1.2477871898899897,878918.1431103469,2291054.3147261576,57.6,0.00098686,0.9904780621846364,1.0,0.0,1.1990734250400002e-05,0.9904780621846364,0.0,99232.1181562561,99232.1181562561
2026-09-12 22:00:00+00:00,0.0,0.0,1.2477941933423604,435254.7643752458,331879.5240436241,0,6400800.0,0.04823916325823907,1.0,1.2477941933423604,878918.1431103469,2291054.3147261576,57.6,0.00098686,0.9904833890344478,1.0,0.0,4.0575796056e-06,0.9904833890344478,0.0,99233.09006815933,99233.09006815933
2026-09-12 23:00:00+00:00,0.0,0.0,1.247801198228698,435254.7643752458,331880.8708521768,0,6397200.0,0.04823916331474298,1.0,1.247801198228698,878918.1431103469,2291054.3147261576,57.6,0.00098686,0.9904887159129071,1.0,0.0,4.0581166428e-06,0.9904887159129071,0.0,99234.06180883537,99234.06180883537
2026-09-13 00:00:00+00:00,0.0,0.0,1.2478082041067797,435254.7643752458,331882.21784446517,0,6393600.0,0.04823916337131129,1.0,1.2478082041067797,878918.1431103469,2291054.3147261576,57.6,0.00098686,0.9904940428200146,1.0,0.0,4.0586537916e-06,0.9904940428200146,0.0,99235.0333782449,99235.0333782449
2026-09-13 01:00:00+00:00,0.0,0.0,1.2478152101994269,435254.7643752458,331883.565020526,0,6390000.0,0.04823916342794354,1.0,1.2478152101994269,878918.1431103469,2291054.3147261576,57.6,0.00098686,0.9904993697557706,1.0,0.0,4.0591910448e-06,0.9904993697557706,0.0,99236.00477635139,99236.00477635139
2026-09-13 02:00:00+00:00,0.0,0.0,1.2478221943803283,435254.7643752458,331884.9123803973,0,6386400.0,0.04823916348463975,1.0,1.2478221943803283,878918.1431103469,2291054.3147261576,57.6,0.00098686,0.990504696720175,1.0,0.0,4.059728406e-06,0.990504696720175,0.0,99236.97600311675,99236.97600311675
2026-09-13 03:00:00+00:00,0.0,0.0,1.2478292020290782,435254.7643752458,331886.25992411486,0,6382800.0,0.04823916354139968,1.0,1.2478292020290782,878918.1431103469,2291054.3147261576,57.6,0.00098686,0.9905100237132284,1.0,0.0,4.060265867999999e-06,0.9905100237132284,0.0,99237.9470585055,99237.9470585055
2026-09-13 04:00:00+00:00,0.0,0.0,1.2478362147327733,435254.7643752458,331887.6076517178,0,6379200.0,0.04823916359822289,1.0,1.2478362147327733,878918.1431103469,2291054.3147261576,57.6,0.00098686,0.9905153507349306,1.0,0.0,4.0608034416e-06,0.9905153507349306,0.0,99238.91794247838,99238.91794247838
2026-09-13 05:00:00+00:00,0.0,0.0,1.2478432484263888,435254.7643752458,331888.95556324295,0,6375600.0,0.04823916365511183,1.0,1.2478432484263888,878918.1431103469,2291054.3147261576,57.6,0.00098686,0.9905206777852816,1.0,0.0,4.0613411196e-06,0.9905206777852816,0.0,99239.88865499856,99239.88865499856
2026-09-13 06:00:00+00:00,0.0,0.0,1.2478502824714426,435254.7643752458,331890.3036587285,0,6372000.0,0.048239163712063604,1.0,1.2478502824714426,878918.1431103469,2291054.3147261576,57.6,0.00098686,0.9905260048642821,1.0,0.0,4.0618789056e-06,0.9905260048642821,0.0,99240.85919602815,99240.85919602815
2026-09-13 07:00:00+00:00,0.0,0.0,1.2478573164776874,435254.7643752458,331891.6519382112,0,6368400.0,0.04823916376908044,1.0,1.2478573164776874,878918.1431103469,2291054.3147261576,57.6,0.00098686,0.9905313319719319,1.0,0.0,4.062416796000001e-06,0.9905313319719319,0.0,99241.82956553041,99241.82956553041
2026-09-13 08:00:00+00:00,0.0,0.0,1.2478643504640115,435254.7643752458,331893.0004017302,0,6364800.0,0.04823916382616189,1.0,1.2478643504640115,878918.1431103469,2291054.3147261576,57.6,0.00098686,0.9905366591082311,1.0,0.0,4.062954798e-06,0.9905366591082311,0.0,99242.79976346612,99242.79976346612
2026-09-13 09:00:00+00:00,0.0,0.0,1.2478713857119732,435254.7643752458,331894.34904932126,0,6361200.0,0.04823916388330818,1.0,1.2478713857119732,878918.1431103469,2291054.3147261576,57.6,0.00098686,0.9905419862731799,1.0,0.0,4.0634929008e-06,0.9905419862731799,0.0,99243.76978979958,99243.76978979958
2026-09-13 10:00:00+00:00,0.0,0.0,1.2478783995974063,435254.7643752458,331895.7142795197,0,6357600.0,0.04823916394051886,1.0,1.2478783995974063,878918.1431103469,2291054.3147261576,57.6,0.00098686,0.9905473134667786,1.0,0.0,4.1134396968e-06,0.9905473134667786,0.0,99244.72324599576,99244.72324599576
2026-09-13 11:00:00+00:00,0.0,0.0,1.2478854376412978,435254.7643752458,331897.07971167425,0,6354000.0,0.0482391639977946,1.0,1.2478854376412978,878918.1431103469,2291054.3147261576,57.6,0.00098686,0.9905526406890272,1.0,0.0,4.1140312668e-06,0.9905526406890272,0.0,99245.67651270574,99245.67651270574
2026-09-13 12:00:00+00:00,0.0,0.0,1.2478924772460886,435254.7643752458,331898.44534583046,0,6350400.0,0.048238966557956564,1.0,1.2478924772460886,878910.7621710062,2291060.1738264197,57.6,0.00098686,0.9905580055214971,1.0,0.0,4.1146229663999995e-06,0.9905580055214971,0.0,99246.64594744216,99246.64594744216
2026-09-13 13:00:00+00:00,0.0,0.0,1.2478995191201394,435254.7643752458,331899.8111820325,0,6346800.0,0.0482389666153622,1.0,1.2478995191201394,878910.7621710062,2291060.1738264197,57.6,0.00098686,0.9905633327799434,1.0,0.0,4.1152147919999995e-06,0.9905633327799434,0.0,99247.5988258599,99247.5988258599
2026-09-13 14:00:00+00:00,0.0,0.0,1.2479065620675092,435254.7643752458,331901.17722032475,0,6343200.0,0.04823896667283267,1.0,1.2479065620675092,878910.7621710062,2291060.1738264197,57.6,0.00098686,0.9905686600670399,1.0,0.0,4.1158067436e-06,0.9905686600670399,0.0,99248.55151465762,99248.55151465762
2026-09-13 15:00:00+00:00,0.0,0.0,1.2479136093565477,435254.7643752458,331902.54346075264,0,6339600.0,0.048219800138745716,1.0,1.2479136093565477,878910.7621710062,2293497.237497779,57.6,0.00098686,0.990577628473737,1.0,0.0,4.116398824800001e-06,0.990577628473737,0.0,99251.08881597349,99251.08881597349
2026-09-13 16:00:00+00:00,0.0,0.0,1.2479206553710653,435254.7643752458,331903.9099033616,0,6336000.0,0.0482198001963241,1.0,1.2479206553710653,878910.7621710062,2293497.237497779,57.6,0.00098686,0.9905829537700787,1.0,0.0,4.1169910356e-06,0.9905829537700787,0.0,99252.04023396899,99252.04023396899
2026-09-13 17:00:00+00:00,0.0,0.0,1.2479277049922106,435254.7643752458,331905.2765481947,0,6332400.0,0.048219800253967104,1.0,1.2479277049922106,878910.7621710062,2293497.237497779,57.6,0.00098686,0.990588279095049,1.0,0.0,4.1175833688e-06,0.990588279095049,0.0,99252.99146220105,99252.99146220105
2026-09-13 18:00:00+00:00,0.0,0.0,1.2479347317549836,435254.7643752458,331906.6433952998,0,6328800.0,0.04821980031167672,1.0,1.2479347317549836,878910.7621710062,2293497.237497779,57.6,0.00098686,0.9905936044486477,1.0,0.0,4.1181758388e-06,0.9905936044486477,0.0,99253.94250062178,99253.94250062178
2026-09-13 19:00:00+00:00,0.0,0.0,1.24794178299678,435254.7643752458,331908.0104447188,0,6325200.0,0.048219800369451615,1.0,1.24794178299678,878910.7621710062,2293497.237497779,57.6,0.00098686,0.9905989298308754,1.0,0.0,4.118768427599999e-06,0.9905989298308754,0.0,99254.89334918949,99254.89334918949
2026-09-13 20:00:00+00:00,0.0,0.0,1.2479487160042926,435254.7643752458,331909.3776964972,0,6321600.0,0.04912035243409707,1.0,1.2479487160042926,913011.4589934835,2266434.2693378166,57.6,0.00098686,0.9904337439423169,1.0,0.0,4.119361146e-06,0.9904337439423169,0.0,99181.62815240846,99181.62815240846
2026-09-13 21:00:00+00:00,0.0,0.0,1.2479557672715371,435254.7643752458,331910.7243274454,0,6318000.0,0.04912035249311031,1.0,1.2479557672715371,913011.4589934835,2266434.2693378166,57.6,0.00098686,0.9904391655592184,1.0,0.0,4.0572165384e-06,0.9904391655592184,0.0,99182.64130604727,99182.64130604727
2026-09-13 22:00:00+00:00,0.0,0.0,1.2479628262960585,435254.7643752458,331912.0711323166,0,6314400.0,0.04906170853545988,1.0,1.2479628262960585,910764.4589934835,2268217.6863134294,57.6,0.00098686,0.9904556730464409,1.0,0.0,4.0577240808e-06,0.9904556730464409,0.0,99188.47946363752,99188.47946363752
2026-09-13 23:00:00+00:00,0.0,0.0,1.2479698789817855,435254.7643752458,331913.4181111452,0,6310800.0,0.04906170859453618,1.0,1.2479698789817855,910764.4589934835,2268217.6863134294,57.6,0.00098686,0.9904610884630053,1.0,0.0,4.0582317204e-06,0.9904610884630053,0.0,99189.48957066966,99189.48957066966
2026-09-14 00:00:00+00:00,0.0,0.0,1.2479769331513153,435254.7643752458,331914.7652639655,0,6307200.0,0.04906170865367887,1.0,1.2479769331513153,910764.4589934835,2268217.6863134294,57.6,0.00098686,0.9904665039091793,1.0,0.0,4.058739457200001e-06,0.9904665039091793,0.0,99190.49951659777,99190.49951659777
2026-09-14 01:00:00+00:00,0.0,0.0,1.2479839873253558,435254.7643752458,331916.1125908095,0,6303600.0,0.049061708712890395,1.0,1.2479839873253558,910764.4589934835,2268217.6863134294,57.6,0.00098686,0.9904719193849626,1.0,0.0,4.059247284e-06,0.9904719193849626,0.0,99191.5093013898,99191.5093013898
2026-09-14 02:00:00+00:00,0.0,0.0,1.2479909945300613,435254.7643752458,331917.4600917127,0,6300000.0,0.04906170877216831,1.0,1.2479909945300613,910764.4589934835,2268217.6863134294,57.6,0.00098686,0.9904773348903557,1.0,0.0,4.0597552116e-06,0.9904773348903557,0.0,99192.51892501046,99192.51892501046
2026-09-14 03:00:00+00:00,0.0,0.0,1.2479980489134903,435254.7643752458,331918.8077667082,0,6296400.0,0.049061708831514395,1.0,1.2479980489134903,910764.4589934835,2268217.6863134294,57.6,0.00098686,0.9904827504253586,1.0,0.0,4.0602632328e-06,0.9904827504253586,0.0,99193.52838742663,99193.52838742663
2026-09-14 04:00:00+00:00,0.0,0.0,1.2480051044074274,435254.7643752458,331920.155615828,0,6292800.0,0.04906170889092887,1.0,1.2480051044074274,910764.4589934835,2268217.6863134294,57.6,0.00098686,0.9904881659899714,1.0,0.0,4.060771344e-06,0.9904881659899714,0.0,99194.5376886063,99194.5376886063
2026-09-14 05:00:00+00:00,0.0,0.0,1.2480121805689888,435254.7643752458,331921.50363910757,0,6289200.0,0.04906170895041129,1.0,1.2480121805689888,959498.6576871463,2389588.0036482103,57.6,0.00098686,0.9904935815841943,1.0,0.0,4.0612795559999995e-06,0.9904935815841943,0.0,99195.5468285142,99195.5468285142
2026-09-14 06:00:00+00:00,0.0,0.0,1.248019259067222,435254.7643752458,331922.8518365801,0,6285600.0,0.04906170900996143,1.0,1.248019259067222,959498.6576871463,2389588.0036482103,57.6,0.00098686,0.9904989972080277,1.0,0.0,4.061787861600001e-06,0.9904989972080277,0.0,99196.55580711726,99196.55580711726
2026-09-14 07:00:00+00:00,0.0,0.0,1.2480263375937721,435254.7643752458,331924.2002082799,0,6282000.0,0.049061709069580406,1.0,1.2480263375937721,959498.6576871463,2389588.0036482103,57.6,0.00098686,0.9905044128614714,1.0,0.0,4.0622962644e-06,0.9905044128614714,0.0,99197.56462438102,99197.56462438102
2026-09-14 08:00:00+00:00,0.0,0.0,1.2480334178409505,435254.7643752458,331925.54875424015,0,6278400.0,0.049061709129267994,1.0,1.2480334178409505,959498.6576871463,2389588.0036482103,57.6,0.00098686,0.9905098285445256,1.0,0.0,4.0628047607999995e-06,0.9905098285445256,0.0,99198.57328027242,99198.57328027242
2026-09-14 09:00:00+00:00,0.0,0.0,1.2480405059905892,435254.7643752458,331926.897474494,0,6274800.0,0.04900158223982687,1.0,1.2480405059905892,957075.7262016442,2391511.0728602735,57.6,0.00098686,0.9905265405905559,1.0,0.0,4.063313350799999e-06,0.9905265405905559,0.0,99204.49855767575,99204.49855767575
2026-09-14 10:00:00+00:00,0.0,0.0,1.248047495371516,435254.7643752458,331928.24636907584,0,6271200.0,0.049514121247270726,1.0,1.248047495371516,977860.3764256752,2375017.240083484,57.6,0.00098686,0.9904357363958113,1.0,0.0,4.063822038e-06,0.9904357363958113,0.0,99163.62670470605,99163.62670470605
2026-09-14 11:00:00+00:00,0.0,0.0,1.2480546896557634,435254.7643752458,331929.59543801873,0,6267600.0,0.04864977433905371,1.0,1.2480546896557634,942982.3549922421,2402701.598741109,57.6,0.00098686,0.9906033955201787,1.0,0.0,4.0643308188e-06,0.9906033955201787,0.0,99235.25206843507,99235.25206843507
2026-09-14 12:00:00+00:00,0.0,0.0,1.2480617252699937,435254.7643752458,331930.94468135823,0,6264000.0,0.04903704309142576,1.0,1.2480617252699937,958506.0670314905,2390381.517701287,57.6,0.00098686,0.9905361177485524,1.0,0.0,4.0648397003999995e-06,0.9905361177485524,0.0,99204.61985445867,99204.61985445867
2026-09-14 13:00:00+00:00,0.0,0.0,1.2480688692626236,435254.7643752458,331932.29409912514,0,6260400.0,0.04863300256206138,1.0,1.2480688692626236,942314.5980397391,2403233.494124391,57.6,0.00098686,0.9906172844267556,1.0,0.0,4.0653486684e-06,0.9906172844267556,0.0,99238.59862008819,99238.59862008819
2026-09-14 14:00:00+00:00,0.0,0.0,1.2480759251261384,435254.7643752458,331933.6436913561,0,6256800.0,0.04889609819053731,1.0,1.2480759251261384,952837.2238979115,2394882.205391916,57.6,0.00098686,0.9905733509024682,1.0,0.0,4.0658577408e-06,0.9905733509024682,0.0,99218.12675209536,99218.12675209536
2026-09-14 15:00:00+00:00,0.0,0.0,1.2480830158345226,435254.7643752458,331934.993458082,0,6253200.0,0.048896098250498454,1.0,1.2480830158345226,952837.2238979115,2394882.205391916,57.6,0.00098686,0.9905787491096125,1.0,0.0,4.0663668996e-06,0.9905787491096125,0.0,99219.12658074807,99219.12658074807
2026-09-14 16:00:00+00:00,0.0,0.0,1.2480901082190337,435254.7643752458,331936.3087911493,0,6249600.0,0.04889609831052977,1.0,1.2480901082190337,952837.2238979115,2394882.205391916,57.6,0.00098686,0.9905841473461746,1.0,0.0,3.9626146296000004e-06,0.9905841473461746,0.0,99220.16085586371,99220.16085586371
2026-09-14 17:00:00+00:00,0.0,0.0,1.2480971447676263,435254.7643752458,331937.6242544829,0,6246000.0,0.048896098370629915,1.0,1.2480971447676263,952837.2238979115,2394882.205391916,57.6,0.00098686,0.990589545612155,1.0,0.0,3.9629913695999995e-06,0.990589545612155,0.0,99221.1950135174,99221.1950135174
2026-09-14 18:00:00+00:00,0.0,0.0,1.248104158154206,435254.7643752458,331938.9398481023,0,6242400.0,0.04885976822641802,1.0,1.248104158154206,952837.2231855133,2399710.18149234,57.6,0.00098686,0.9906017357167266,1.0,0.0,3.9633681636e-06,0.9906017357167266,0.0,99225.18522099103,99225.18522099103
2026-09-14 19:00:00+00:00,0.0,0.0,1.2481111916698295,435254.7643752458,331940.25557202566,0,6238800.0,0.04885976828661098,1.0,1.2481111916698295,952837.2231855133,2399710.18149234,57.6,0.00098686,0.9906071301616846,1.0,0.0,3.963745008e-06,0.9906071301616846,0.0,99226.21745493676,99226.21745493676
2026-09-14 20:00:00+00:00,0.0,0.0,1.248118224934143,435254.7643752458,331941.5714262737,0,6235200.0,0.04885966965214972,1.0,1.248118224934143,952833.2593886515,2399713.327615236,57.6,0.00098686,0.9906125430659675,1.0,0.0,3.96412191e-06,0.9906125430659675,0.0,99227.25759306701,99227.25759306701
2026-09-14 21:00:00+00:00,0.0,0.0,1.2481252581961988,435254.7643752458,331942.88741086464,0,6231600.0,0.04885966971248146,1.0,1.2481252581961988,952833.2593886515,2399713.327615236,57.6,0.00098686,0.9906179375591373,1.0,0.0,3.9644988624000005e-06,0.9906179375591373,0.0,99228.28958732961,99228.28958732961
2026-09-14 22:00:00+00:00,0.0,0.0,1.2481322914803794,435254.7643752458,331944.20352581784,0,6228000.0,0.04885966977288381,1.0,1.2481322914803794,952833.2593886515,2399713.327615236,57.6,0.00098686,0.9906233320816833,1.0,0.0,3.9648758688e-06,0.9906233320816833,0.0,99229.3214640161,99229.3214640161
2026-09-14 23:00:00+00:00,0.0,0.0,1.2481393259741789,435254.7643752458,331945.5197711528,0,6224400.0,0.04885966983335521,1.0,1.2481393259741789,952833.2593886515,2399713.327615236,57.6,0.00098686,0.990628726633606,1.0,0.0,3.9652529292e-06,0.990628726633606,0.0,99230.35322310711,99230.35322310711
2026-09-15 00:00:00+00:00,0.0,0.0,1.248146362697395,435254.7643752458,331946.83614688896,0,6220800.0,0.048859669893896784,1.0,1.248146362697395,952833.2593886515,2399713.327615236,57.6,0.00098686,0.9906341212149052,1.0,0.0,3.9656300436e-06,0.9906341212149052,0.0,99231.38486458326,99231.38486458326
2026-09-15 01:00:00+00:00,0.0,0.0,1.2481534039082527,435254.7643752458,331948.15265304456,0,6217200.0,0.04885841413497061,1.0,1.2481534039082527,952782.8252901761,2399753.357853948,57.6,0.00098686,0.9906397496630167,1.0,0.0,3.9660072084e-06,0.9906397496630167,0.0,99232.51816728426,99232.51816728426
2026-09-15 02:00:00+00:00,0.0,0.0,1.2481603877680811,435254.7643752458,331949.47213802085,0,6213600.0,0.04885118256988252,1.0,1.2481603877680811,952492.4358504772,2399983.8442125777,57.6,0.00098686,0.9906464899538988,1.0,0.0,3.9749651964e-06,0.9906464899538988,0.0,99234.13242602767,99234.13242602767
2026-09-15 03:00:00+00:00,0.0,0.0,1.2481673875015566,435254.7643752458,331950.79175572586,0,6210000.0,0.04885118263062438,1.0,1.2481673875015566,952492.4358504772,2399983.8442125777,57.6,0.00098686,0.9906518837168115,1.0,0.0,3.9753492407999995e-06,0.9906518837168115,0.0,99235.16046932829,99235.16046932829
2026-09-15 04:00:00+00:00,0.0,0.0,1.2481743872350322,435254.7643752458,331952.1115057167,0,6206400.0,0.048851182691436845,1.0,1.2481743872350322,952492.4358504772,2399983.8442125777,57.6,0.00098686,0.9906572775090915,1.0,0.0,3.9757319459999995e-06,0.9906572775090915,0.0,99236.18839312543,99236.18839312543
2026-09-15 05:00:00+00:00,0.0,0.0,1.2481813712101282,435254.7643752458,331953.43138801027,0,6202800.0,0.04885118275231948,1.0,1.2481813712101282,952492.4358504772,2399983.8442125777,57.6,0.00098686,0.9906626713307392,1.0,0.0,3.976114698e-06,0.9906626713307392,0.0,99237.21619740216,99237.21619740216
2026-09-15 06:00:00+00:00,0.0,0.0,1.248188362578584,435254.7643752458,331954.7514026285,0,6199200.0,0.048851182813273386,1.0,1.248188362578584,952492.4358504772,2399983.8442125777,57.6,0.00098686,0.9906680651817544,1.0,0.0,3.9764975112000005e-06,0.9906680651817544,0.0,99238.24388213665,99238.24388213665
2026-09-15 07:00:00+00:00,0.0,0.0,1.2481953545845426,435254.7643752458,331956.0715495921,0,6195600.0,0.04885118287429835,1.0,1.2481953545845426,952492.4358504772,2399983.8442125777,57.6,0.00098686,0.9906734590621374,1.0,0.0,3.976880382e-06,0.9906734590621374,0.0,99239.27144730825,99239.27144730825
2026-09-15 08:00:00+00:00,0.0,0.0,1.248202325231393,435254.7643752458,331957.39182891685,0,6192000.0,0.04901384108748341,1.0,1.248202325231393,959038.2593589805,2394788.875562402,57.6,0.00098686,0.9906486896679653,1.0,0.0,3.977263296e-06,0.9906486896679653,0.0,99227.17017115938,99227.17017115938
2026-09-15 09:00:00+00:00,0.0,0.0,1.2482093182047815,435254.7643752458,331958.7122406271,0,6188400.0,0.04901384114885876,1.0,1.2482093182047815,959038.2593589805,2394788.875562402,57.6,0.00098686,0.9906541009794511,1.0,0.0,3.9776462784000005e-06,0.9906541009794511,0.0,99228.20505855483,99228.20505855483
2026-09-15 10:00:00+00:00,0.0,0.0,1.248216302133199,435254.7643752458,331960.0327847399,0,6184800.0,0.048936915564414596,1.0,1.248216302133199,955938.9465193319,2397248.794768946,57.6,0.00098686,0.9906737602726295,1.0,0.0,3.9780293076e-06,0.9906737602726295,0.0,99235.44131546217,99235.44131546217
2026-09-15 11:00:00+00:00,0.0,0.0,1.2482233029514482,435254.7643752458,331961.35346127825,0,6181200.0,0.04893691562583391,1.0,1.2482233029514482,955938.9465193319,2397248.794768946,57.6,0.00098686,0.990679163427637,1.0,0.0,3.9784124016e-06,0.990679163427637,0.0,99236.47238788346,99236.47238788346
2026-09-15 12:00:00+00:00,0.0,0.0,1.2482303038359177,435254.7643752458,331962.6742702593,0,6177600.0,0.04893692752651191,1.0,1.2482303038359177,955939.4230072818,2397248.4166080705,57.6,0.00098686,0.990684564421725,1.0,0.0,3.9787955424e-06,0.990684564421725,0.0,99237.50238731166,99237.50238731166
2026-09-15 13:00:00+00:00,0.0,0.0,1.248237305460077,435254.7643752458,331963.9952117036,0,6174000.0,0.04893692758807422,1.0,1.248237305460077,955939.4230072818,2397248.4166080705,57.6,0.00098686,0.990689967636935,1.0,0.0,3.9791787408e-06,0.990689967636935,0.0,99238.53322103043,99238.53322103043
2026-09-15 14:00:00+00:00,0.0,0.0,1.2482443114791852,435254.7643752458,331965.3162856307,0,6170400.0,0.04893692764970914,1.0,1.2482443114791852,955939.4230072818,2397248.4166080705,57.6,0.00098686,0.990695370881614,1.0,0.0,3.9795619932e-06,0.990695370881614,0.0,99239.56393509294,99239.56393509294
