timestamp,SPOT_amount,SPOT_cash,PERP_collateral,PERP_positions_0_amount,PERP_positions_0_entry_price,PERP_positions_0_max_leverage,PT_amount,PT_cash,PT_py_index_high,LENDING_collateral,LENDING_borrowed,LENDING_liquidation_count,SPOT_open,SPOT_high,SPOT_low,SPOT_close,SPOT_volume,PERP_mark_price,PERP_funding_rate,PT_seconds_to_expiry,PT_implied_apy,PT_asset_price,PT_sy_exchange_rate,PT_total_pt,PT_total_sy,PT_scalar_root,PT_ln_fee_rate_root,LENDING_collateral_price,LENDING_debt_price,LENDING_lending_rate,LENDING_borrowing_rate,LENDING_collateral_market_price,SPOT_balance,PERP_balance,PT_balance,LENDING_balance,net_balance
2026-08-19 20:00:00+00:00,6.008253458728198,3.3333333333321207,6658.669000000001,-6.008253458728198,2218.06,10.0,0.0,0.0,1.2441364215420931,348531.53534512187,265200.2707486541,0,2218.06,2218.06,2218.06,2218.06,0.0,2218.06,0.0,8481600.0,0.040694709285520325,1.0,1.2441364215420931,354847.60764505167,1408834.7914777456,57.6,0.00098686,0.9893293421882834,1.0,0.0,1.1395771956e-06,0.9893293421882834,13330.0,6658.669000000001,0.0,79612.20384620776,99600.87284620776
2026-08-19 21:00:00+00:00,6.008253458728198,3.3333333333321207,6658.669000000001,-6.008253458728198,2218.06,10.0,0.0,0.0,1.2441425890144167,348531.53534512187,265200.57210481784,0,2286.12,2286.12,2286.12,2286.12,0.0,2286.12,0.0,8478000.0,0.04156548732933896,1.0,1.2441425890144167,369479.50375203026,1397202.7228864972,57.6,0.00098686,0.9891114222210942,1.0,0.0,1.1363336532e-06,0.9891114222210942,13738.92173040104,6249.74726959896,0.0,79535.9505092972,99524.61950929719
2026-08-19 22:00:00+00:00,6.008253458728198,3.3333333333321207,6658.669000000001,-6.008253458728198,2218.06,10.0,0.0,0.0,1.2441488732044477,348531.53534512187,265200.87260483037,0,2249.61,2249.61,2249.61,2249.61,0.0,2249.61,0.0,8474400.0,0.041565487356992836,1.0,1.2441488732044477,369479.50375203026,1397202.7228864972,57.6,0.00098686,0.9891160205605546,1.0,0.0,1.13310405e-06,0.9891160205605546,13519.560396622875,6469.108603377125,0.0,79537.25267559686,99525.92167559685
2026-08-19 23:00:00+00:00,6.008253458728198,3.3333333333321207,6658.669000000001,-6.008253458728198,2218.06,10.0,0.0,0.0,1.2441551570420277,348531.53534512187,265201.1734275308,0,2252.16,2252.16,2252.16,2252.16,0.0,2252.16,0.0,8470800.0,0.041565487384669586,1.0,1.2441551570420277,369479.50375203026,1397202.7228864972,57.6,0.00098686,0.9891206189213926,1.0,0.0,1.1343195324e-06,0.9891206189213926,13534.881442942631,6453.78755705737,0.0,79538.55452665937,99527.22352665936
2026-08-20 00:00:00+00:00,6.008253458728198,3.3333333333321207,6660.027886684761,-6.008253458728198,2218.06,10.0,0.0,0.0,1.244161403467852,348531.53534512187,265201.4733981374,0,2261.7,2261.7,2261.7,2261.7,0.0,2261.7,0.0001,8467200.0,0.04185262641504628,1.0,1.244161403467852,380094.5698271166,1414457.0983985104,57.6,0.00098686,0.989052016783787,1.0,0.0,1.13110524e-06,0.989052016783787,13592.200180938897,6397.827705745864,0.0,79514.34454770514,99504.3724343899
2026-08-20 01:00:00+00:00,6.008253458728198,3.3333333333321207,6660.027886684761,-6.008253458728198,2218.06,10.0,0.0,0.0,1.24416757923385,348531.53534512187,265201.7676454547,0,2265.67,2265.67,2265.67,2265.67,0.0,2265.67,0.0,8463600.0,0.04267780591551751,1.0,1.24416757923385,394752.80734798824,1402807.4446993168,57.6,0.00098686,0.9888465132187219,1.0,0.0,1.1095230743999999e-06,0.9888465132187219,13616.05294717005,6373.974939514711,0.0,79442.42582733679,99432.45371402155
2026-08-20 02:00:00+00:00,6.008253458728198,3.3333333333321207,6660.027886684761,-6.008253458728198,2218.06,10.0,0.0,0.0,1.2441738428056166,348531.53534512187,265202.0610563439,0,2251.29,2251.29,2251.29,2251.29,0.0,2251.29,0.0,8460000.0,0.04267780594402226,1.0,1.2441738428056166,394752.80734798824,1402807.4446993168,57.6,0.00098686,0.9888512308127273,1.0,0.0,1.1063679156000001e-06,0.9888512308127273,13529.654262433538,6460.373624251223,0.0,79443.77664672944,99433.80453341421
2026-08-20 03:00:00+00:00,6.008253458728198,3.3333333333321207,6660.027886684761,-6.008253458728198,2218.06,10.0,0.0,0.0,1.2441801273851245,348531.53534512187,265202.3536344063,0,2250.86,2250.86,2250.86,2250.86,0.0,2250.86,0.0,8456400.0,0.04267780597255211,1.0,1.2441801273851245,394752.80734798824,1402807.4446993168,57.6,0.00098686,0.9888559484292393,1.0,0.0,1.1032263468000001e-06,0.9888559484292393,13527.070713446286,6462.957173238475,0.0,79445.1283067931,99435.15619347787
2026-08-20 04:00:00+00:00,6.008253458728198,3.3333333333321207,6660.027886684761,-6.008253458728198,2218.06,10.0,0.0,0.0,1.2441864158971563,348531.53534512187,265202.64538324514,0,2249.8,2249.8,2249.8,2249.8,0.0,2249.8,0.0,8452800.0,0.04267780600110571,1.0,1.2441864158971563,394752.80734798824,1402807.4446993168,57.6,0.00098686,0.9888606660682582,1.0,0.0,1.1000983752000001e-06,0.9888606660682582,13520.701964780033,6469.325921904727,0.0,79446.48080392473,99436.50869060948
2026-08-20 05:00:00+00:00,6.008253458728198,3.3333333333321207,6660.027886684761,-6.008253458728198,2218.06,10.0,0.0,0.0,1.2441927088217657,348531.53534512187,265202.93630646175,0,2247.88,2247.88,2247.88,2247.88,0.0,2247.88,0.0,8449200.0,0.042677806029683296,1.0,1.2441927088217657,394752.80734798824,1402807.4446993168,57.6,0.00098686,0.9888653837297842,1.0,0.0,1.0969839936e-06,0.9888653837297842,13509.166118139276,6480.861768545486,0.0,79447.834134523,99437.86202120777
2026-08-20 06:00:00+00:00,6.008253458728198,3.3333333333321207,6660.027886684761,-6.008253458728198,2218.06,10.0,0.0,0.0,1.2441989886055276,348531.53534512187,265203.2264076595,0,2262.1,2262.1,2262.1,2262.1,0.0,2262.1,0.0,8445600.0,0.04268807038668698,1.0,1.2441989886055276,394752.80734798824,1402003.3426362213,57.6,0.00098686,0.9888674944149238,1.0,0.0,1.0938832092e-06,0.9888674944149238,13594.603482322389,6395.424404362371,0.0,79448.27967365767,99438.30756034242
2026-08-20 07:00:00+00:00,6.008253458728198,3.3333333333321207,6660.027886684761,-6.008253458728198,2218.06,10.0,0.0,0.0,1.2442052474046477,348531.53534512187,265203.51569043973,0,2251.49,2251.49,2251.49,2251.49,0.0,2251.49,0.0,8442000.0,0.04296747569699111,1.0,1.2442052474046477,399811.9019619811,1397982.9247099564,57.6,0.00098686,0.9888012905032235,1.0,0.0,1.0907960148000001e-06,0.9888012905032235,13530.855913125282,6459.171973559479,0.0,79424.91623988666,99414.94412657143
2026-08-20 08:00:00+00:00,6.008253458728198,3.3333333333321207,6661.398922058015,-6.008253458728198,2218.06,10.0,0.0,0.0,1.2442116215363976,348531.53534512187,265203.80415840494,0,2281.92,2281.92,2281.92,2281.92,0.0,2281.92,0.0001,8438400.0,0.042348886757887616,1.0,1.2442116215363976,388677.54073195765,1406833.4664484465,57.6,0.00098686,0.9889630246532515,1.0,0.0,1.087722414e-06,0.9889630246532515,13713.687065874383,6277.711856183631,0.0,79480.99722354842,99472.39614560643
2026-08-20 09:00:00+00:00,6.008253458728198,3.3333333333321207,6661.398922058015,-6.008253458728198,2218.06,10.0,0.0,0.0,1.2442179237976965,348531.53534512187,265204.09181515744,0,2278.3,2278.3,2278.3,2278.3,0.0,2278.3,0.0,8434800.0,0.04234831909076564,1.0,1.2442179237976965,388667.4323261366,1406841.50146939,57.6,0.00098686,0.9889678512469575,1.0,0.0,1.0846624068e-06,0.9889678512469575,13691.937188353788,6299.461733704227,0.0,79482.39178691077,99473.79070896878
2026-08-20 10:00:00+00:00,6.008253458728198,3.3333333333321207,6661.398922058015,-6.008253458728198,2218.06,10.0,0.0,0.0,1.2442242519385418,348531.53534512187,265204.37866429973,0,2286.34,2286.34,2286.34,2286.34,0.0,2286.34,0.0,8431200.0,0.04221399734769582,1.0,1.2442242519385418,386281.3695890878,1408738.2130720003,57.6,0.00098686,0.9890066087511996,1.0,0.0,1.0816159932e-06,0.9890066087511996,13740.243546161963,6251.155375896053,0.0,79495.6131502281,99487.01207228612
2026-08-20 11:00:00+00:00,6.008253458728198,3.3333333333321207,6661.398922058015,-6.008253458728198,2218.06,10.0,0.0,0.0,1.244230588050339,348531.53534512187,265204.66470943333,0,2295.6,2295.6,2295.6,2295.6,0.0,2295.6,0.0,8427600.0,0.042213997376100654,1.0,1.244230588050339,386281.3695890878,1408738.2130720003,57.6,0.00098686,0.9890112768768168,1.0,0.0,1.0785831696e-06,0.9890112768768168,13795.879973189783,6195.518948868231,0.0,79496.95409408305,99488.35301614106
2026-08-20 12:00:00+00:00,6.008253458728198,3.3333333333321207,6661.398922058015,-6.008253458728198,2218.06,10.0,0.0,0.0,1.2442369170729763,348531.53534512187,265204.97114692756,0,2289.57,2289.57,2289.57,2289.57,0.0,2289.57,0.0,8424000.0,0.042258527538271196,1.0,1.2442369170729763,387071.1521747378,1408110.4665934865,57.6,0.00098686,0.989004657456292,1.0,0.0,1.1554748388e-06,0.989004657456292,13759.650204833655,6231.74871722436,0.0,79494.34057979018,99485.73950184819
2026-08-20 13:00:00+00:00,6.008253458728198,3.3333333333321207,6661.398922058015,-6.008253458728198,2218.06,10.0,0.0,0.0,1.2442433090359983,348531.53534512187,265205.27674469247,0,2276.03,2276.03,2276.03,2276.03,0.0,2276.03,0.0,8420400.0,0.04190351379653601,1.0,1.2442433090359983,456117.50999578787,1692538.9250237504,57.6,0.00098686,0.989099298791638,1.0,0.0,1.1523071664e-06,0.989099298791638,13678.298453002475,6313.10046905554,0.0,79527.02047194057,99518.41939399859
2026-08-20 14:00:00+00:00,6.008253458728198,3.3333333333321207,6661.398922058015,-6.008253458728198,2218.06,10.0,0.0,0.0,1.244249667774824,348531.53534512187,265205.54957672715,0,2280.12,2280.12,2280.12,2280.12,0.0,2280.12,0.0,8416800.0,0.041903513824801175,1.0,1.244249667774824,456117.50999578787,1692538.9250237504,57.6,0.00098686,0.9891039337126089,1.0,0.0,1.0287574128000003e-06,0.9891039337126089,13702.87220964867,6288.526712409343,0.0,79528.36305602809,99519.7619780861
2026-08-20 15:00:00+00:00,6.008253458728198,3.3333333333321207,6661.398922058015,-6.008253458728198,2218.06,10.0,0.0,0.0,1.2442560286301243,348531.53534512187,265205.82163225004,0,2325.12,2325.12,2325.12,2325.12,0.0,2325.12,0.0,8413200.0,0.041903513853089436,1.0,1.2442560286301243,456117.50999578787,1692538.9250237504,57.6,0.00098686,0.9891085686552991,1.0,0.0,1.0258283952e-06,0.9891085686552991,13973.24361529144,6018.1553067665745,0.0,79529.70642419724,99521.10534625525
2026-08-20 16:00:00+00:00,5.684980040915439,0.0,6657.583353563206,-5.684980040915439,2343.94,10.0,0.0,0.0,1.2442623921877243,348531.53534512187,265206.3174124598,0,2343.94,2343.94,2343.94,2343.94,0.0,2343.94,0.0001,8409600.0,0.04187210088612536,1.0,1.2442623921877243,456117.5093368613,1695513.0478460018,57.6,0.00098686,0.9891211561415526,1.0,0.0,1.86941502e-06,0.9891211561415526,13325.252117103335,6657.583353563206,0.0,79533.59777989751,99516.43325056405
2026-08-20 17:00:00+00:00,5.684980040915439,0.0,6657.583353563206,-5.684980040915439,2343.94,10.0,0.0,0.0,1.2442687388359934,348531.53534512187,265206.81217417365,0,2343.1,2343.1,2343.1,2343.1,0.0,2343.1,0.0,8406000.0,0.04187162076770301,1.0,1.2442687388359934,456107.4416623379,1695521.1204158436,57.6,0.00098686,0.989125909265549,1.0,0.0,1.8655711416e-06,0.989125909265549,13320.476733868965,6662.358736797576,0.0,79534.75963178783,99517.59510245438
2026-08-20 18:00:00+00:00,5.684980040915439,0.0,6657.583353563206,-5.684980040915439,2343.94,10.0,0.0,0.0,1.2442750364706618,348531.53534512187,265207.3059205489,0,2315.21,2315.21,2315.21,2315.21,0.0,2315.21,0.0,8402400.0,0.04187162079604301,1.0,1.2442750364706618,456107.4416623379,1695521.1204158436,57.6,0.00098686,0.9891305408548062,1.0,0.0,1.8617391899999998e-06,0.9891305408548062,13161.922640527835,6820.912830138707,0.0,79535.8801403275,99518.71561099404
2026-08-20 19:00:00+00:00,5.684980040915439,0.0,6657.583353563206,-5.684980040915439,2343.94,10.0,0.0,0.0,1.2442813759939764,348531.53534512187,265207.798654746,0,2322.72,2322.72,2322.72,2322.72,0.0,2322.72,0.0,8398800.0,0.04187162082440654,1.0,1.2442813759939764,456107.4416623379,1695521.1204158436,57.6,0.00098686,0.9891351724657511,1.0,0.0,1.8579191760000001e-06,0.9891351724657511,13204.616840635108,6778.218630031433,0.0,79537.00166860415,99519.83713927069
2026-08-20 20:00:00+00:00,5.684980040915439,0.0,6657.583353563206,-5.684980040915439,2343.94,10.0,0.0,0.0,1.2442877290128884,348531.53534512187,265208.8622800498,0,2317.55,2317.55,2317.55,2317.55,0.0,2317.55,0.0,8395200.0,0.04187162085279539,1.0,1.2442877290128884,456107.4416623379,1695521.1204158436,57.6,0.00098686,0.9891398040983832,1.0,0.0,4.0105275048e-06,0.9891398040983832,13175.225493823578,6807.609976842964,0.0,79537.55231333274,99520.38778399928
2026-08-20 21:00:00+00:00,5.684980040915439,0.0,6657.583353563206,-5.684980040915439,2343.94,10.0,0.0,0.0,1.2442940847149113,348531.53534512187,265209.92590065516,0,2317.62,2317.62,2317.62,2317.62,0.0,2317.62,0.0,8391600.0,0.041871620881208216,1.0,1.2442940847149113,456107.4416623379,1695521.1204158436,57.6,0.00098686,0.9891444357527032,1.0,0.0,4.0104937044e-06,0.9891444357527032,13175.62344242644,6807.212028240102,0.0,79538.10297031875,99520.9384409853
2026-08-20 22:00:00+00:00,5.684980040915439,0.0,6657.583353563206,-5.684980040915439,2343.94,10.0,0.0,0.0,1.2443004426251671,348531.53534512187,265210.9895165629,0,2313.33,2313.33,2313.33,2313.33,0.0,2313.33,0.0,8388000.0,0.041871620909645024,1.0,1.2443004426251671,456107.4416623379,1695521.1204158436,57.6,0.00098686,0.9891490674287109,1.0,0.0,4.0104599075999995e-06,0.9891490674287109,13151.234878050913,6831.600592615629,0.0,79538.6536395612,99521.48911022775
2026-08-20 23:00:00+00:00,5.684980040915439,0.0,6657.583353563206,-5.684980040915439,2343.94,10.0,0.0,0.0,1.2443068009544165,348531.53534512187,265212.053127771,0,2326.18,2326.18,2326.18,2326.18,0.0,2326.18,0.0,8384400.0,0.0418716209381067,1.0,1.2443068009544165,456125.20950417826,1695587.1700970212,57.6,0.00098686,0.9891536991264065,1.0,0.0,4.0104261036e-06,0.9891536991264065,13224.286871576676,6758.548599089866,0.0,79539.20432106219,99522.03979172873
2026-08-21 00:00:00+00:00,5.684980040915439,0.0,6658.784708573818,-5.684980040915439,2343.94,10.0,0.0,0.0,1.2443131575127166,348531.53534512187,265213.1167342813,0,2339.95,2339.95,2339.95,2339.95,0.0,2339.95,9.031e-05,8380800.0,0.04187162096659258,1.0,1.2443131575127166,504179.1711597361,1874221.6308935839,57.6,0.00098686,0.9891583308457901,1.0,0.0,4.0103923068e-06,0.9891583308457901,13302.569046740082,6681.467778937072,0.0,79539.75501481997,99523.79184049711
2026-08-21 01:00:00+00:00,5.684980040915439,0.0,6658.784708573818,-5.684980040915439,2343.94,10.0,0.0,0.0,1.2443195025820928,348531.53534512187,265214.18033609365,0,2358.71,2358.71,2358.71,2358.71,0.0,2358.71,0.0,8377200.0,0.04187162099510311,1.0,1.2443195025820928,504179.1711597361,1874221.6308935839,57.6,0.00098686,0.9891629625868615,1.0,0.0,4.01035851e-06,0.9891629625868615,13409.219272307657,6574.817553369497,0.0,79540.30572083453,99524.34254651167
2026-08-21 02:00:00+00:00,5.684980040915439,0.0,6658.784708573818,-5.684980040915439,2343.94,10.0,0.0,0.0,1.244325331114875,348531.53534512187,265215.243933208,0,2344.73,2344.73,2344.73,2344.73,0.0,2344.73,0.0,8373600.0,0.04187162102363895,1.0,1.244325331114875,504179.1711597361,1874221.6308935839,57.6,0.00098686,0.9891675943496211,1.0,0.0,4.0103247132e-06,0.9891675943496211,13329.743251335658,6654.293574341495,0.0,79540.85643910617,99524.89326478331
2026-08-21 03:00:00+00:00,5.684980040915439,0.0,6658.784708573818,-5.684980040915439,2343.94,10.0,0.0,0.0,1.2443310929365723,348531.53534512187,265216.3075256243,0,2339.9,2339.9,2339.9,2339.9,0.0,2339.9,0.0,8370000.0,0.04187162105219855,1.0,1.2443310929365723,504179.1711597361,1874221.6308935839,57.6,0.00098686,0.9891722261340691,1.0,0.0,4.0102909164e-06,0.9891722261340691,13302.284797738037,6681.752027939116,0.0,79541.40716963488,99525.44399531203
2026-08-21 04:00:00+00:00,5.684980040915439,0.0,6658.784708573818,-5.684980040915439,2343.94,10.0,0.0,0.0,1.2443368511510307,348531.53534512187,265217.3711133424,0,2353.12,2353.12,2353.12,2353.12,0.0,2353.12,0.0,8366400.0,0.04187162108078235,1.0,1.2443368511510307,504179.1711597361,1874221.6308935839,57.6,0.00098686,0.9891768579402056,1.0,0.0,4.0102571196e-06,0.9891768579402056,13377.440233878939,6606.596591798215,0.0,79541.95791242097,99525.99473809812
2026-08-21 05:00:00+00:00,5.684980040915439,0.0,6658.784708573818,-5.684980040915439,2343.94,10.0,0.0,0.0,1.2443426136721922,348531.53534512187,265218.4346963613,0,2367.36,2367.36,2367.36,2367.36,0.0,2367.36,0.0,8362800.0,0.04187162110939102,1.0,1.2443426136721922,504179.1711597361,1874221.6308935839,57.6,0.00098686,0.9891814897680304,1.0,0.0,4.0102233192e-06,0.9891814897680304,13458.394349661576,6525.642476015578,0.0,79542.5086674653,99526.54549314245
2026-08-21 06:00:00+00:00,5.684980040915439,0.0,6658.784708573818,-5.684980040915439,2343.94,10.0,0.0,0.0,1.24434824651893,348531.53534512187,265219.4982746818,0,2371.51,2371.51,2371.51,2371.51,0.0,2371.51,0.0,8359200.0,0.0428924143121403,1.0,1.24434824651893,541668.0137191557,1901963.761338078,57.6,0.00098686,0.9889293833303393,1.0,0.0,4.0101895223999995e-06,0.9889293833303393,13481.987016831376,6502.049808845778,0.0,79453.5780453459,99437.61487102305
2026-08-21 07:00:00+00:00,5.684980040915439,0.0,6658.784708573818,-5.684980040915439,2343.94,10.0,0.0,0.0,1.2443540034921672,348531.53534512187,265220.5618483049,0,2371.51,2371.51,2371.51,2371.51,0.0,2371.51,0.0,8355600.0,0.04293832035120371,1.0,1.2443540034921672,542854.0017855663,1901247.7929092154,57.6,0.00098686,0.9889225911799843,1.0,0.0,4.0101557292000005e-06,0.9889225911799843,13481.987016831376,6502.049808845778,0.0,79450.14719313133,99434.18401880848
2026-08-21 08:00:00+00:00,5.684980040915439,0.0,6660.174623659041,-5.684980040915439,2343.94,10.0,0.0,0.0,1.2443598872712762,348531.53534512187,265221.62541723036,0,2444.89,2444.89,2444.89,2444.89,0.0,2444.89,0.0001,8352000.0,0.04198735144063015,1.0,1.2443598872712762,519742.48106980225,1919619.5988965053,57.6,0.00098686,0.9891662870480716,1.0,0.0,4.010121936e-06,0.9891662870480716,13899.150852233748,6086.2758885286285,0.0,79534.0193192676,99519.44606002996
2026-08-21 09:00:00+00:00,5.684980040915439,0.0,6660.174623659041,-5.684980040915439,2343.94,10.0,0.0,0.0,1.2443656556451428,348531.53534512187,265222.6889814572,0,2403.77,2403.77,2403.77,2403.77,0.0,2403.77,0.0,8348400.0,0.04198735146941934,1.0,1.2443656556451428,519742.48106980225,1919619.5988965053,57.6,0.00098686,0.989170931368638,1.0,0.0,4.0100881392e-06,0.989170931368638,13665.384472951306,6320.04226781107,0.0,79534.57444721839,99520.00118798076
2026-08-21 10:00:00+00:00,5.684980040915439,0.0,6660.174623659041,-5.684980040915439,2343.94,10.0,0.0,0.0,1.2443713934236698,348531.53534512187,265223.7525409863,0,2394.73,2394.73,2394.73,2394.73,0.0,2394.73,0.0,8344800.0,0.04198735149871258,1.0,1.2443713934236698,519742.48106980225,1919619.5988965053,57.6,0.00098686,0.9891755757108899,1.0,0.0,4.010054346e-06,0.9891755757108899,13613.99225338143,6371.434487380946,0.0,79535.12958742498,99520.55632818735
2026-08-21 11:00:00+00:00,5.684980040915439,0.0,6660.174623659041,-5.684980040915439,2343.94,10.0,0.0,0.0,1.2443773029424299,348531.53534512187,265224.81609581655,0,2370.42,2370.42,2370.42,2370.42,0.0,2370.42,0.0,8341200.0,0.04108166060713048,1.0,1.2443773029424299,522135.4053830978,2028602.8925630902,57.6,0.00098686,0.9894077579378912,1.0,0.0,4.0100205492e-06,0.9894077579378912,13475.790388586776,6509.636352175599,0.0,79614.98886065133,99600.4156014137
2026-08-21 12:00:00+00:00,5.684980040915439,0.0,6660.174623659041,-5.684980040915439,2343.94,10.0,0.0,0.0,1.244383095914145,348531.53534512187,265225.8796459489,0,2387.75,2387.75,2387.75,2387.75,0.0,2387.75,0.0,8337600.0,0.041081660635359674,1.0,1.244383095914145,522135.4053830978,2028602.8925630902,57.6,0.00098686,0.989412305176959,1.0,0.0,4.009986756e-06,0.989412305176959,13574.31109269584,6411.115648066536,0.0,79615.51016673289,99600.93690749526
2026-08-21 13:00:00+00:00,5.684980040915439,0.0,6660.174623659041,-5.684980040915439,2343.94,10.0,0.0,0.0,1.2443887193254846,348531.53534512187,265226.94319138315,0,2386.98,2386.98,2386.98,2386.98,0.0,2386.98,0.0,8334000.0,0.042389673582800436,1.0,1.2443887193254846,554592.6029360612,2002806.1190148701,57.6,0.00098686,0.9890885994417257,1.0,0.0,4.009952962800001e-06,0.9890885994417257,13569.933658064336,6415.493082698041,0.0,79501.62496439775,99487.05170516012
2026-08-21 14:00:00+00:00,5.684980040915439,0.0,6660.174623659041,-5.684980040915439,2343.94,10.0,0.0,0.0,1.2443945240113772,348531.53534512187,265228.00673212024,0,2393.14,2393.14,2393.14,2393.14,0.0,2393.14,0.0,8330400.0,0.0423896736119973,1.0,1.2443945240113772,554592.6029360612,2002806.1190148701,57.6,0.00098686,0.9890932869848336,1.0,0.0,4.0099191732e-06,0.9890932869848336,13604.953135116373,6380.473605646002,0.0,79502.19518025703,99487.6219210194
2026-08-21 15:00:00+00:00,5.684980040915439,0.0,6660.174623659041,-5.684980040915439,2343.94,10.0,0.0,0.0,1.2444003332552704,348531.53534512187,265229.0702681591,0,2393.03,2393.03,2393.03,2393.03,0.0,2393.03,0.0,8326800.0,0.042389673641218595,1.0,1.2444003332552704,554592.6029360612,2002806.1190148701,57.6,0.00098686,0.9890979745501572,1.0,0.0,4.009885379999999e-06,0.9890979745501572,13604.327787311875,6381.098953450501,0.0,79502.76540855749,99488.19214931986
2026-08-21 16:00:00+00:00,5.684980040915439,0.0,6661.541935263622,-5.684980040915439,2343.94,10.0,0.0,0.0,1.2444062174394008,348531.53534512187,265230.13379950065,0,2405.13,2405.13,2405.13,2405.13,0.0,2405.13,0.0001,8323200.0,0.041810786518020615,1.0,1.2444062174394008,563535.2489092748,2102002.7106662844,57.6,0.00098686,0.9892476866325898,1.0,0.0,4.0098515904e-06,0.9892476866325898,13673.116045806952,6313.678006560006,0.0,79553.88125916588,99540.67531153283
2026-08-21 17:00:00+00:00,5.684980040915439,0.0,6661.541935263622,-5.684980040915439,2343.94,10.0,0.0,0.0,1.244412017096023,348531.53534512187,265231.1973261428,0,2422.98,2422.98,2422.98,2422.98,0.0,2422.98,0.0,8319600.0,0.04181078654688486,1.0,1.244412017096023,563535.2489092748,2102002.7106662844,57.6,0.00098686,0.9892523121979995,1.0,0.0,4.0098177936e-06,0.9892523121979995,13774.592939537291,6212.201112829665,0.0,79554.42988793779,99541.22394030474
2026-08-21 18:00:00+00:00,5.684980040915439,0.0,6661.541935263622,-5.684980040915439,2343.94,10.0,0.0,0.0,1.244417744908634,348531.53534512187,265232.2608480875,0,2419.8,2419.8,2419.8,2419.8,0.0,2419.8,0.0,8316000.0,0.04181078657577486,1.0,1.244417744908634,563535.2489092748,2102002.7106662844,57.6,0.00098686,0.9892569377850373,1.0,0.0,4.009784004e-06,0.9892569377850373,13756.514703007182,6230.279349359776,0.0,79554.97852894524,99541.7725813122
2026-08-21 19:00:00+00:00,5.684980040915439,0.0,6661.541935263622,-5.684980040915439,2343.94,10.0,0.0,0.0,1.2444235037312343,348531.53534512187,265233.3243653345,0,2412.41,2412.41,2412.41,2412.41,0.0,2412.41,0.0,8312400.0,0.042016697093387956,1.0,1.2444235037312343,568900.4660265628,2097738.0032277037,57.6,0.00098686,0.9892100326565157,1.0,0.0,4.0097502144e-06,0.9892100326565157,13714.502700504814,6272.291351862143,0.0,79537.56709523906,99524.36114760602
2026-08-21 20:00:00+00:00,5.684980040915439,0.0,6661.541935263622,-5.684980040915439,2343.94,10.0,0.0,0.0,1.2444292614013925,348531.53534512187,265234.38787788386,0,2440.07,2440.07,2440.07,2440.07,0.0,2440.07,0.0,8308800.0,0.04201669712247247,1.0,1.2444292614013925,568900.4660265628,2097738.0032277037,57.6,0.00098686,0.9892146803626893,1.0,0.0,4.0097164248e-06,0.9892146803626893,13871.749248436538,6115.04480393042,0.0,79538.12345485826,99524.91750722521
2026-08-21 21:00:00+00:00,5.299816669718324,0.0,6655.45112159833,-5.299816669718324,2513.52,10.0,0.0,0.0,1.2444350225184124,348531.53534512187,265235.4513857363,0,2513.52,2513.52,2513.52,2513.52,0.0,2513.52,0.0,8305200.0,0.04202268825145028,1.0,1.2444350225184124,569057.1558559139,2097613.4536686633,57.6,0.00098686,0.9892178302473852,1.0,0.0,4.0096826387999996e-06,0.9892178302473852,13321.195195670402,6655.45112159833,0.0,79538.15778115502,99514.80409842376
2026-08-21 22:00:00+00:00,5.299816669718324,0.0,6655.45112159833,-5.299816669718324,2513.52,10.0,0.0,0.0,1.2444407693109525,348531.53534512187,265236.51488889084,0,2522.0,2522.0,2522.0,2522.0,0.0,2522.0,0.0,8301600.0,0.04202268828058964,1.0,1.2444407693109525,569057.1558559139,2097613.4536686633,57.6,0.00098686,0.9892224786394568,1.0,0.0,4.0096488492e-06,0.9892224786394568,13366.137641029614,6610.508676239118,0.0,79538.71438922605,99515.36070649479
2026-08-21 23:00:00+00:00,5.299816669718324,0.0,6655.45112159833,-5.299816669718324,2513.52,10.0,0.0,0.0,1.2444464522769372,348531.53534512187,265237.57838734746,0,2515.97,2515.97,2515.97,2515.97,0.0,2515.97,0.0,8298000.0,0.04202440288450626,1.0,1.2444464522769372,569057.1558559139,2097412.50468381,57.6,0.00098686,0.9892266987597184,1.0,0.0,4.0096150596e-06,0.9892266987597184,13334.17974651121,6642.466570757521,0.0,79539.12173576356,99515.7680530323
2026-08-22 00:00:00+00:00,5.299816669718324,0.0,6656.787571068116,-5.299816669718324,2513.52,10.0,0.0,0.0,1.244452111109281,348531.53534512187,265238.64188110596,0,2521.69,2521.69,2521.69,2521.69,0.0,2521.69,0.0001,8294400.0,0.04202440291369691,1.0,1.244452111109281,569057.1558559139,2097412.50468381,57.6,0.00098686,0.989231347379275,1.0,0.0,4.00958127e-06,0.989231347379275,13364.494697862001,6613.488068876517,0.0,79539.67843251635,99517.66119925486
2026-08-22 01:00:00+00:00,5.299816669718324,0.0,6656.787571068116,-5.299816669718324,2513.52,10.0,0.0,0.0,1.244457679152185,348531.53534512187,265239.7053701672,0,2506.28,2506.28,2506.28,2506.28,0.0,2506.28,0.0,8290800.0,0.04270139341429302,1.0,1.244457679152185,586976.892512675,2083170.2257934595,57.6,0.00098686,0.989067101215212,1.0,0.0,4.009547484e-06,0.989067101215212,13282.824522981642,6695.158243756876,0.0,79481.36997571966,99459.35274245817
2026-08-22 02:00:00+00:00,5.299816669718324,0.0,6656.787571068116,-5.299816669718324,2513.52,10.0,0.0,0.0,1.2444633096495568,348531.53534512187,265240.7688545302,0,2515.33,2515.33,2515.33,2515.33,0.0,2515.33,0.0,8287200.0,0.042701393444015245,1.0,1.2444633096495568,586976.892512675,2083170.2257934595,57.6,0.00098686,0.9890718224156192,1.0,0.0,4.0095136944e-06,0.9890718224156192,13330.787863842592,6647.194902895926,0.0,79481.9519785833,99459.9347453218
2026-08-22 03:00:00+00:00,5.299816669718324,0.0,6656.787571068116,-5.299816669718324,2513.52,10.0,0.0,0.0,1.244468958117955,348531.53534512187,265241.8323341958,0,2514.35,2514.35,2514.35,2514.35,0.0,2514.35,0.0,8283600.0,0.04270139347376389,1.0,1.244468958117955,586976.892512675,2083170.2257934595,57.6,0.00098686,0.9890765436385623,1.0,0.0,4.0094799084e-06,0.9890765436385623,13325.594043506268,6652.38872323225,0.0,79482.53399399878,99460.51676073729
2026-08-22 04:00:00+00:00,5.299816669718324,0.0,6656.787571068116,-5.299816669718324,2513.52,10.0,0.0,0.0,1.2444744736145408,348531.53534512187,265242.8958091639,0,2513.88,2513.88,2513.88,2513.88,0.0,2513.88,0.0,8280000.0,0.04372958625618528,1.0,1.2444744736145408,615009.3387015117,2060897.359737884,57.6,0.00098686,0.9888253473391951,1.0,0.0,4.0094461224e-06,0.9888253473391951,13323.103129671501,6654.879637067017,0.0,79393.92068713915,99371.90345387766
2026-08-22 05:00:00+00:00,5.299816669718324,0.0,6656.787571068116,-5.299816669718324,2513.52,10.0,0.0,0.0,1.2444801274861446,348531.53534512187,265243.95927943446,0,2439.44,2439.44,2439.44,2439.44,0.0,2439.44,0.0,8276400.0,0.04372958628671819,1.0,1.2444801274861446,615009.3387015117,2060897.359737884,57.6,0.00098686,0.9888301786400813,1.0,0.0,4.009412336399999e-06,0.9888301786400813,12928.584776777669,7049.397989960849,0.0,79394.5410775842,99372.52384432271
2026-08-22 06:00:00+00:00,5.299816669718324,0.0,6656.787571068116,-5.299816669718324,2513.52,10.0,0.0,0.0,1.2444857816754276,348531.53534512187,265245.02274500736,0,2436.94,2436.94,2436.94,2436.94,0.0,2436.94,0.0,8272800.0,0.04372955509372911,1.0,1.2444857816754276,615009.3387008801,2060900.9508256891,57.6,0.00098686,0.9888350177246139,1.0,0.0,4.0093785504e-06,0.9888350177246139,12915.335235103374,7062.647531635145,0.0,79395.16418557311,99373.14695231162
2026-08-22 07:00:00+00:00,5.299816669718324,0.0,6656.787571068116,-5.299816669718324,2513.52,10.0,0.0,0.0,1.2444913926820962,348531.53534512187,265246.0862058824,0,2432.54,2432.54,2432.54,2432.54,0.0,2432.54,0.0,8269200.0,0.044031743843034654,1.0,1.2444913926820962,623435.9385654983,2054206.190516553,57.6,0.00098686,0.9887647916257197,1.0,0.0,4.0093447643999995e-06,0.9887647916257197,12892.016041756613,7085.966724981907,0.0,79369.62471462914,99347.60748136765
2026-08-22 08:00:00+00:00,5.299816669718324,0.0,6658.07295680429,-5.299816669718324,2513.52,10.0,0.0,0.0,1.2444970381466471,348531.53534512187,265247.1496620606,0,2425.34,2425.34,2425.34,2425.34,0.0,2425.34,0.0001,8265600.0,0.04403174387386288,1.0,1.2444970381466471,623435.9385654983,2054206.190516553,57.6,0.00098686,0.9887696553025214,1.0,0.0,4.009310982e-06,0.9887696553025214,12853.857361734641,7125.41079074005,0.0,79370.2564031941,99349.52455566879
2026-08-22 09:00:00+00:00,5.299816669718324,0.0,6658.07295680429,-5.299816669718324,2513.52,10.0,0.0,0.0,1.2445027221186373,348531.53534512187,265248.2131135409,0,2421.49,2421.49,2421.49,2421.49,0.0,2421.49,0.0,8262000.0,0.04376506089739807,1.0,1.2445027221186373,615995.2779762808,2060118.5400854652,57.6,0.00098686,0.9888406991150668,1.0,0.0,4.009277196e-06,0.9888406991150668,12833.453067556224,7145.8150849184685,0.0,79393.95396077703,99373.22211325172
2026-08-22 10:00:00+00:00,5.299816669718324,0.0,6658.07295680429,-5.299816669718324,2513.52,10.0,0.0,0.0,1.2445083157266934,348531.53534512187,265249.27656032407,0,2412.14,2412.14,2412.14,2412.14,0.0,2412.14,0.0,8258400.0,0.04376506092808974,1.0,1.2445083157266934,615995.2779762808,2060118.5400854652,57.6,0.00098686,0.9888455343275417,1.0,0.0,4.0092434136e-06,0.9888455343275417,12783.899781694357,7195.368370780334,0.0,79394.57573802146,99373.84389049615
2026-08-22 11:00:00+00:00,5.299816669718324,0.0,6658.07295680429,-5.299816669718324,2513.52,10.0,0.0,0.0,1.2445139598625414,348531.53534512187,265250.3400024082,0,2423.41,2423.41,2423.41,2423.41,0.0,2423.41,0.0,8254800.0,0.04376506095880872,1.0,1.2445139598625414,615995.2779762808,2060118.5400854652,57.6,0.00098686,0.9888503695636596,1.0,0.0,4.009209624e-06,0.9888503695636596,12843.628715562083,7135.639436912608,0.0,79395.19752820523,99374.46568067992
2026-08-22 12:00:00+00:00,5.299816669718324,0.0,6658.07295680429,-5.299816669718324,2513.52,10.0,0.0,0.0,1.2445194512208246,348531.53534512187,265251.403439796,0,2427.31,2427.31,2427.31,2427.31,0.0,2427.31,0.0,8251200.0,0.044979590171656536,1.0,1.2445194512208246,650422.862076597,2032772.977432212,57.6,0.00098686,0.9885543688350859,1.0,0.0,4.009175845200001e-06,0.9885543688350859,12864.298000573985,7114.970151900707,0.0,79290.96850242437,99270.23665489905
2026-08-22 13:00:00+00:00,5.299816669718324,0.0,6658.07295680429,-5.299816669718324,2513.52,10.0,0.0,0.0,1.2445251237745618,348531.53534512187,265252.46687248646,0,2429.35,2429.35,2429.35,2429.35,0.0,2429.35,0.0,8247600.0,0.04481815709730519,1.0,1.2445251237745618,650422.8614142917,2051153.2002603624,57.6,0.00098686,0.9885992778172091,1.0,0.0,4.0091420628e-06,0.9885992778172091,12875.10962658021,7104.1585258944815,0.0,79305.55726622412,99284.8254186988
2026-08-22 14:00:00+00:00,5.299816669718324,0.0,6658.07295680429,-5.299816669718324,2513.52,10.0,0.0,0.0,1.244530747297977,348531.53534512187,265253.5303004795,0,2413.02,2413.02,2413.02,2413.02,0.0,2413.02,0.0,8244000.0,0.044879822126151714,1.0,1.244530747297977,663384.6925729375,2084855.9883354213,57.6,0.00098686,0.9885889733429372,1.0,0.0,4.0091082804e-06,0.9885889733429372,12788.563620363711,7190.704532110982,0.0,79300.90240399214,99280.17055646682
2026-08-22 15:00:00+00:00,5.299816669718324,0.0,6658.07295680429,-5.299816669718324,2513.52,10.0,0.0,0.0,1.2445364304802882,348531.53534512187,265254.593723775,0,2410.37,2410.37,2410.37,2410.37,0.0,2410.37,0.0,8240400.0,0.044749874074604845,1.0,1.2445364304802882,659557.8956395009,2087896.0184314142,57.6,0.00098686,0.9886260567905717,1.0,0.0,4.009074498e-06,0.9886260567905717,12774.519106188956,7204.749046285735,0.0,79312.76373163657,99292.03188411126
2026-08-22 16:00:00+00:00,5.299816669718324,0.0,6659.3565141037125,-5.299816669718324,2513.52,10.0,0.0,0.0,1.2445420538851604,348531.53534512187,265255.65714237385,0,2421.89,2421.89,2421.89,2421.89,0.0,2421.89,0.0001,8236800.0,0.044895753386609005,1.0,1.2445420538851604,663857.2593028926,2084480.993792526,57.6,0.00098686,0.98859494540108,1.0,0.0,4.0090407192e-06,0.98859494540108,12835.572994224112,7144.9787155500035,0.0,79300.8570126915,99281.40872246563
2026-08-22 17:00:00+00:00,5.299816669718324,0.0,6659.3565141037125,-5.299816669718324,2513.52,10.0,0.0,0.0,1.244547694138711,348531.53534512187,265256.72055627406,0,2425.9,2425.9,2425.9,2425.9,0.0,2425.9,0.0,8233200.0,0.04489575341830343,1.0,1.244547694138711,663857.2593028926,2084480.993792526,57.6,0.00098686,0.98859990159811,1.0,0.0,4.0090069332e-06,0.98859990159811,12856.825259069683,7123.726450704431,0.0,79301.52098975162,99282.07269952573
2026-08-22 18:00:00+00:00,5.299816669718324,0.0,6659.3565141037125,-5.299816669718324,2513.52,10.0,0.0,0.0,1.2445533224032506,348531.53534512187,265257.78396547737,0,2426.54,2426.54,2426.54,2426.54,0.0,2426.54,0.0,8229600.0,0.044895753450026055,1.0,1.2445533224032506,663857.2593028926,2084480.993792526,57.6,0.00098686,0.9886048578199871,1.0,0.0,4.008973154399999e-06,0.9886048578199871,12860.217141738302,7120.3345680358125,0.0,79302.18498016865,99282.73668994276
2026-08-22 19:00:00+00:00,5.299816669718324,0.0,6659.3565141037125,-5.299816669718324,2513.52,10.0,0.0,0.0,1.2445589715370435,348531.53534512187,265258.84736998373,0,2438.18,2438.18,2438.18,2438.18,0.0,2438.18,0.0,8226000.0,0.04489575348177599,1.0,1.2445589715370435,663857.2593028926,2084480.993792526,57.6,0.00098686,0.9886098140667117,1.0,0.0,4.0089393756e-06,0.9886098140667117,12921.907007773823,7058.6447020002915,0.0,79302.84898394276,99283.40069371687
2026-08-22 20:00:00+00:00,5.299816669718324,0.0,6659.3565141037125,-5.299816669718324,2513.52,10.0,0.0,0.0,1.2445646204903509,348531.53534512187,265259.9107697931,0,2431.02,2431.02,2431.02,2431.02,0.0,2431.02,0.0,8222400.0,0.04489575351355368,1.0,1.2445646204903509,663857.2593028926,2084480.993792526,57.6,0.00098686,0.9886147703382838,1.0,0.0,4.0089055968e-06,0.9886147703382838,12883.96032041864,7096.591389355474,0.0,79303.51300107402,99284.06471084814
2026-08-22 21:00:00+00:00,5.299816669718324,0.0,6659.3565141037125,-5.299816669718324,2513.52,10.0,0.0,0.0,1.2445702686183764,348531.53534512187,265260.9741649054,0,2406.39,2406.39,2406.39,2406.39,0.0,2406.39,0.0,8218800.0,0.04489575354535935,1.0,1.2445702686183764,663857.2593028926,2084480.993792526,57.6,0.00098686,0.9886197266347035,1.0,0.0,4.008871818e-06,0.9886197266347035,12753.425835843478,7227.125873930637,0.0,79304.17703156255,99284.72874133666
2026-08-22 22:00:00+00:00,5.299816669718324,0.0,6659.3565141037125,-5.299816669718324,2513.52,10.0,0.0,0.0,1.2445759152115434,348531.53534512187,265262.0375553204,0,2413.17,2413.17,2413.17,2413.17,0.0,2413.17,0.0,8215200.0,0.044895753577193886,1.0,1.2445759152115434,686121.6102631823,2154390.02282775,57.6,0.00098686,0.9886246829559708,1.0,0.0,4.0088380392e-06,0.9886246829559708,12789.35859286417,7191.193116909946,0.0,79304.84107540845,99285.39278518257
2026-08-22 23:00:00+00:00,5.299816669718324,0.0,6659.3565141037125,-5.299816669718324,2513.52,10.0,0.0,0.0,1.2445815590565645,348531.53534512187,265263.10094103724,0,2421.4,2421.4,2421.4,2421.4,0.0,2421.4,0.0,8211600.0,0.04489575360905507,1.0,1.2445815590565645,686121.6102631823,2154390.02282775,57.6,0.00098686,0.9886296393020864,1.0,0.0,4.0088042568e-06,0.9886296393020864,12832.97608405595,7147.575625718164,0.0,79305.50513261295,99286.05684238706
2026-08-23 00:00:00+00:00,5.299816669718324,0.0,6660.644343055371,-5.299816669718324,2513.52,10.0,0.0,0.0,1.2445872026768448,348531.53534512187,265264.16432205663,0,2429.95,2429.95,2429.95,2429.95,0.0,2429.95,0.0001,8208000.0,0.044895753640944225,1.0,1.2445872026768448,686121.6102631823,2154390.02282775,57.6,0.00098686,0.9886345956730499,1.0,0.0,4.008770478e-06,0.9886345956730499,12878.289516582041,7103.550022143732,0.0,79306.16920317523,99288.00874190101
2026-08-23 01:00:00+00:00,5.299816669718324,0.0,6660.644343055371,-5.299816669718324,2513.52,10.0,0.0,0.0,1.2445928543430755,348531.53534512187,265265.2276983795,0,2422.33,2422.33,2422.33,2422.33,0.0,2422.33,0.0,8204400.0,0.04489575367286203,1.0,1.2445928543430755,686121.6102631823,2154390.02282775,57.6,0.00098686,0.9886395520688613,1.0,0.0,4.0087367028e-06,0.9886395520688613,12837.904913558788,7143.934625166985,0.0,79306.83328709431,99288.67282582009
2026-08-23 02:00:00+00:00,5.299816669718324,0.0,6660.644343055371,-5.299816669718324,2513.52,10.0,0.0,0.0,1.2445984790096676,348531.53534512187,265266.29107000574,0,2415.98,2415.98,2415.98,2415.98,0.0,2415.98,0.0,8200800.0,0.04489575370480825,1.0,1.2445984790096676,686121.6102631823,2154390.02282775,57.6,0.00098686,0.988644508489521,1.0,0.0,4.0087029275999996e-06,0.988644508489521,12804.251077706078,7177.588461019696,0.0,79307.49738437036,99289.33692309614
2026-08-23 03:00:00+00:00,5.299816669718324,0.0,6660.644343055371,-5.299816669718324,2513.52,10.0,0.0,0.0,1.2446041415151572,348531.53534512187,265267.3544369353,0,2413.19,2413.19,2413.19,2413.19,0.0,2413.19,0.0,8197200.0,0.04489575373678134,1.0,1.2446041415151572,686121.6102631823,2154390.02282775,57.6,0.00098686,0.9886494649350294,1.0,0.0,4.0086691524000005e-06,0.9886494649350294,12789.464589197563,7192.37494952821,0.0,79308.16149500373,99290.00103372951
2026-08-23 04:00:00+00:00,5.599909322046654,0.17851234353747714,6654.302898110994,-5.599909322046654,2378.24,10.0,0.0,0.0,1.2446098064357936,348531.53534512187,265268.41779916704,0,2378.24,2378.24,2378.24,2378.24,0.0,2378.24,0.0,8193600.0,0.04487705728470193,1.0,1.2446098064357936,685582.4124532165,2154942.161488891,57.6,0.00098686,0.9886590176648729,1.0,0.0,4.0086353736e-06,0.9886590176648729,13318.10685840777,6654.302898110994,0.0,79310.42756037106,99282.83731688981
2026-08-23 05:00:00+00:00,5.599909322046654,0.17851234353747714,6654.302898110994,-5.599909322046654,2378.24,10.0,0.0,0.0,1.2446153626600978,348531.53534512187,265269.481156701,0,2372.6,2372.6,2372.6,2372.6,0.0,2372.6,0.0,8190000.0,0.045701463069600656,1.0,1.2446153626600978,711076.7054673969,2134695.7956990716,57.6,0.00098686,0.9884614903254705,1.0,0.0,4.0086015947999994e-06,0.9884614903254705,13286.523369831426,6685.886386687336,0.0,79240.51969596255,99212.9294524813
2026-08-23 06:00:00+00:00,5.599909322046654,0.17851234353747714,6654.302898110994,-5.599909322046654,2378.24,10.0,0.0,0.0,1.244621024972608,348531.53534512187,265270.5445095379,0,2389.35,2389.35,2389.35,2389.35,0.0,2389.35,0.0,8186400.0,0.045701463102246764,1.0,1.244621024972608,711119.1905428235,2134823.3384960666,57.6,0.00098686,0.9884665328285854,1.0,0.0,4.0085678196e-06,0.9884665328285854,13380.32185097571,6592.087905543055,0.0,79241.21381447825,99213.62357099702
2026-08-23 07:00:00+00:00,5.599909322046654,0.17851234353747714,6654.302898110994,-5.599909322046654,2378.24,10.0,0.0,0.0,1.2446266916894733,348531.53534512187,265271.6078576788,0,2388.29,2388.29,2388.29,2388.29,0.0,2388.29,0.0,8182800.0,0.0456669539399972,1.0,1.2446266916894733,711119.1905428235,2138932.4360699113,57.6,0.00098686,0.9884800397471681,1.0,0.0,4.008534048e-06,0.9884800397471681,13374.385947094339,6598.023809424424,0.0,79244.8580534088,99217.26780992755
2026-08-23 08:00:00+00:00,5.599909322046654,0.17851234353747714,6655.653736237205,-5.599909322046654,2378.24,10.0,0.0,0.0,1.2446323539456794,348531.53534512187,265272.67120112246,0,2412.25,2412.25,2412.25,2412.25,0.0,2412.25,0.0001,8179200.0,0.045666953972675284,1.0,1.2446323539456794,711119.1905428235,2138932.4360699113,57.6,0.00098686,0.9884850786209969,1.0,0.0,4.0085002728e-06,0.9884850786209969,13508.559774450576,6465.200820194396,0.0,79245.55091639707,99219.31151104205
2026-08-23 09:00:00+00:00,5.599909322046654,0.17851234353747714,6655.653736237205,-5.599909322046654,2378.24,10.0,0.0,0.0,1.2446380146058256,348531.53534512187,265273.7345398698,0,2410.91,2410.91,2410.91,2410.91,0.0,2410.91,0.0,8175600.0,0.04560047013342827,1.0,1.2446380146058256,711119.1905427931,2146871.363006121,57.6,0.00098686,0.9885064114437853,1.0,0.0,4.0084665012e-06,0.9885064114437853,13501.055895959034,6472.7046986859405,0.0,79251.9227391294,99225.68333377437
2026-08-23 10:00:00+00:00,5.599909322046654,0.17851234353747714,6655.653736237205,-5.599909322046654,2378.24,10.0,0.0,0.0,1.2446436585672844,348531.53534512187,265274.79787391983,0,2414.8,2414.8,2414.8,2414.8,0.0,2414.8,0.0,8172000.0,0.04554795086349106,1.0,1.2446436585672844,709472.8658045308,2148178.972325299,57.6,0.00098686,0.988524310071743,1.0,0.0,4.008432725999999e-06,0.988524310071743,13522.839543221799,6450.921051423176,0.0,79257.09764136211,99230.85823600709
2026-08-23 11:00:00+00:00,5.599909322046654,0.17851234353747714,6655.653736237205,-5.599909322046654,2378.24,10.0,0.0,0.0,1.2446492874498354,348531.53534512187,265275.8612032724,0,2433.29,2433.29,2433.29,2433.29,0.0,2433.29,0.0,8168400.0,0.04577007396961563,1.0,1.2446492874498354,716455.080302733,2142635.328469342,57.6,0.00098686,0.9884749472627489,1.0,0.0,4.0083989508e-06,0.9884749472627489,13626.381866586438,6347.378728058536,0.0,79238.82981640182,99212.5904110468
2026-08-23 12:00:00+00:00,5.599909322046654,0.17851234353747714,6655.653736237205,-5.599909322046654,2378.24,10.0,0.0,0.0,1.2446549450676834,348531.53534512187,265276.9245279275,0,2426.61,2426.61,2426.61,2426.61,0.0,2426.61,0.0,8164800.0,0.045770074002484895,1.0,1.2446549450676834,716455.080302733,2142635.328469342,57.6,0.00098686,0.988479997237943,1.0,0.0,4.0083651756e-06,0.988479997237943,13588.974472315167,6384.786122329806,0.0,79239.52656735462,99213.2871619996
2026-08-23 13:00:00+00:00,5.599909322046654,0.17851234353747714,6655.653736237205,-5.599909322046654,2378.24,10.0,0.0,0.0,1.2446605599060103,348531.53534512187,265277.98784788686,0,2458.64,2458.64,2458.64,2458.64,0.0,2458.64,0.0,8161200.0,0.046102058794258216,1.0,1.2446605599060103,726982.0287772471,2134276.111258436,57.6,0.00098686,0.9884038553412043,1.0,0.0,4.0083314076e-06,0.9884038553412043,13768.339567900322,6205.421026744653,0.0,79211.92539522081,99185.68598986579
2026-08-23 14:00:00+00:00,5.599909322046654,0.17851234353747714,6655.653736237205,-5.599909322046654,2378.24,10.0,0.0,0.0,1.2446662175231038,348531.53534512187,265279.05116314854,0,2437.94,2437.94,2437.94,2437.94,0.0,2437.94,0.0,8157600.0,0.04610205882742924,1.0,1.2446662175231038,726982.0287772471,2134276.111258436,57.6,0.00098686,0.9884089407665437,1.0,0.0,4.0082976323999996e-06,0.9884089407665437,13652.421444933956,6321.339149711018,0.0,79212.63451106055,99186.39510570552
2026-08-23 15:00:00+00:00,5.599909322046654,0.17851234353747714,6655.653736237205,-5.599909322046654,2378.24,10.0,0.0,0.0,1.2446718752002763,348531.53534512187,265280.1144737143,0,2437.69,2437.69,2437.69,2437.69,0.0,2437.69,0.0,8154000.0,0.04610142023503783,1.0,1.2446718752002763,726982.0287772471,2134352.0373451235,57.6,0.00098686,0.9884141822363074,1.0,0.0,4.008263864400001e-06,0.9884141822363074,13651.021467603445,6322.739127041529,0.0,79213.39801799896,99187.15861264394
2026-08-23 16:00:00+00:00,5.599909322046654,0.17851234353747714,6657.025546023827,-5.599909322046654,2378.24,10.0,0.0,0.0,1.2446775326868522,348531.53534512187,265281.17777958215,0,2449.7,2449.7,2449.7,2449.7,0.0,2449.7,0.0001,8150400.0,0.04610142026826747,1.0,1.2446775326868522,726982.0287772471,2134352.0373451235,57.6,0.00098686,0.988419267645897,1.0,0.0,4.0082300892e-06,0.988419267645897,13718.276378561222,6256.856025870373,0.0,79214.10713774327,99189.23954217487
2026-08-23 17:00:00+00:00,5.599909322046654,0.17851234353747714,6657.025546023827,-5.599909322046654,2378.24,10.0,0.0,0.0,1.2446831884674638,348531.53534512187,265282.24108075304,0,2439.24,2439.24,2439.24,2439.24,0.0,2439.24,0.0,8146800.0,0.046101420301527085,1.0,1.2446831884674638,726982.0287772471,2134352.0373451235,57.6,0.00098686,0.9884243530816511,1.0,0.0,4.0081963176e-06,0.9884243530816511,13659.701327052615,6315.431077378981,0.0,79214.81627130369,99189.94867573529
2026-08-23 18:00:00+00:00,5.599909322046654,0.17851234353747714,6657.025546023827,-5.599909322046654,2378.24,10.0,0.0,0.0,1.2446888242299785,348531.53534512187,265283.30437722773,0,2447.59,2447.59,2447.59,2447.59,0.0,2447.59,0.0,8143200.0,0.04610142033481446,1.0,1.2446888242299785,726982.0287772471,2134352.0373451235,57.6,0.00098686,0.9884294385435701,1.0,0.0,4.0081625496e-06,0.9884294385435701,13706.460569891708,6268.6718345398895,0.0,79215.52541867952,99190.65782311112
2026-08-23 19:00:00+00:00,5.599909322046654,0.17851234353747714,6657.025546023827,-5.599909322046654,2378.24,10.0,0.0,0.0,1.244694485699806,348531.53534512187,265284.3676690052,0,2443.58,2443.58,2443.58,2443.58,0.0,2443.58,0.0,8139600.0,0.04610142036813314,1.0,1.244694485699806,726982.0287772471,2134352.0373451235,57.6,0.00098686,0.9884345240316537,1.0,0.0,4.008128778e-06,0.9884345240316537,13684.0049335103,6291.127470921298,0.0,79216.23457987182,99191.36698430341
2026-08-23 20:00:00+00:00,5.599909322046654,0.17851234353747714,6657.025546023827,-5.599909322046654,2378.24,10.0,0.0,0.0,1.2447001501606334,348531.53534512187,265285.42990716716,0,2449.22,2449.22,2449.22,2449.22,0.0,2449.22,0.0,8136000.0,0.04610142040148002,1.0,1.2447001501606334,726982.0287772471,2134352.0373451235,57.6,0.00098686,0.9884396095459023,1.0,0.0,4.0041410832e-06,0.9884396095459023,13715.588422086643,6259.543982344955,0.0,79216.94480379892,99192.07720823052
2026-08-23 21:00:00+00:00,5.599909322046654,0.17851234353747714,6657.025546023827,-5.599909322046654,2378.24,10.0,0.0,0.0,1.2447058146138965,348531.53534512187,265286.49214070936,0,2469.14,2469.14,2469.14,2469.14,0.0,2469.14,0.0,8132400.0,0.04610142043485643,1.0,1.2447058146138965,726982.0287772471,2134352.0373451235,57.6,0.00098686,0.988444695086316,1.0,0.0,4.0041076356e-06,0.988444695086316,13827.138615781812,6147.9937886497855,0.0,79217.65504146519,99192.78744589679
2026-08-23 22:00:00+00:00,5.599909322046654,0.17851234353747714,6657.025546023827,-5.599909322046654,2378.24,10.0,0.0,0.0,1.2447114767862453,348531.53534512187,265287.55436963256,0,2454.13,2454.13,2454.13,2454.13,0.0,2454.13,0.0,8128800.0,0.046101420468263266,1.0,1.2447114767862453,726982.0287772471,2134352.0373451235,57.6,0.00098686,0.9884497806528948,1.0,0.0,4.0040741916000004e-06,0.9884497806528948,13743.083976857892,6232.048427573704,0.0,79218.3652928698,99193.4976973014
2026-08-23 23:00:00+00:00,5.599909322046654,0.17851234353747714,6657.025546023827,-5.599909322046654,2378.24,10.0,0.0,0.0,1.2447171383521447,348531.53534512187,265288.6165939357,0,2462.58,2462.58,2462.58,2462.58,0.0,2462.58,0.0,8125200.0,0.046101420501698964,1.0,1.2447171383521447,726982.0287772471,2134352.0373451235,57.6,0.00098686,0.988454866245639,1.0,0.0,4.0040407440000005e-06,0.988454866245639,13790.403210629185,6184.729193802411,0.0,79219.07555801398,99194.20796244558
2026-08-24 00:00:00+00:00,5.599909322046654,0.17851234353747714,6658.405699675339,-5.599909322046654,2378.24,10.0,0.0,0.0,1.2447227999177783,348531.53534512187,265289.6788136197,0,2464.6,2464.6,2464.6,2464.6,0.0,2464.6,0.0001,8121600.0,0.046101420535165305,1.0,1.2447227999177783,726982.0287772471,2134352.0373451235,57.6,0.00098686,0.9884599518645485,1.0,0.0,4.0040073e-06,0.9884599518645485,13801.715027459719,6174.797530623389,0.0,79219.78583689663,99196.29839497973
2026-08-24 01:00:00+00:00,5.599909322046654,0.17851234353747714,6658.405699675339,-5.599909322046654,2378.24,10.0,0.0,0.0,1.2447284614834115,348531.53534512187,265290.7410286845,0,2428.27,2428.27,2428.27,2428.27,0.0,2428.27,0.0,8118000.0,0.04610142056866029,1.0,1.2447284614834115,726982.0287772471,2134352.0373451235,57.6,0.00098686,0.9884650375096239,1.0,0.0,4.003973856e-06,0.9884650375096239,13598.270321789765,6378.242236293344,0.0,79220.4961295182,99197.00868760131
2026-08-24 02:00:00+00:00,5.599909322046654,0.17851234353747714,6658.405699675339,-5.599909322046654,2378.24,10.0,0.0,0.0,1.244734047867756,348531.53534512187,265291.8032391299,0,2442.54,2442.54,2442.54,2442.54,0.0,2442.54,0.0,8114400.0,0.046344629902825174,1.0,1.244734047867756,734763.3180205843,2128173.325317461,57.6,0.00098686,0.9884110002069236,1.0,0.0,4.003940412e-06,0.9884110002069236,13678.181027815372,6298.331530267738,0.0,79200.60021499678,99177.11277307989
2026-08-24 03:00:00+00:00,5.599909322046654,0.17851234353747714,6658.405699675339,-5.599909322046654,2378.24,10.0,0.0,0.0,1.2447397304518406,348531.53534512187,265292.8654449559,0,2429.78,2429.78,2429.78,2429.78,0.0,2429.78,0.0,8110800.0,0.04633780857381664,1.0,1.2447397304518406,734763.3180205843,2128981.9485114967,57.6,0.00098686,0.9884177691065945,1.0,0.0,4.003906968000001e-06,0.9884177691065945,13606.726184866056,6369.786373217052,0.0,79201.89718416566,99178.40974224877
2026-08-24 04:00:00+00:00,5.599909322046654,0.17851234353747714,6658.405699675339,-5.599909322046654,2378.24,10.0,0.0,0.0,1.244745412036745,348531.53534512187,265293.9276461624,0,2436.72,2436.72,2436.72,2436.72,0.0,2436.72,0.0,8107200.0,0.04633780860757741,1.0,1.244745412036745,734763.3180205843,2128981.9485114967,57.6,0.00098686,0.9884228800287828,1.0,0.0,4.003873524e-06,0.9884228800287828,13645.589555561059,6330.92300252205,0.0,79202.61630051647,99179.12885859958
2026-08-24 05:00:00+00:00,5.599909322046654,0.17851234353747714,6658.405699675339,-5.599909322046654,2378.24,10.0,0.0,0.0,1.2447510936217732,348531.53534512187,265294.9898427493,0,2448.07,2448.07,2448.07,2448.07,0.0,2448.07,0.0,8103600.0,0.04633780864136816,1.0,1.2447510936217732,734763.3180205843,2128981.9485114967,57.6,0.00098686,0.9884279909773988,1.0,0.0,4.00384008e-06,0.9884279909773988,13709.14852636629,6267.364031716819,0.0,79203.33543069771,99179.84798878082
2026-08-24 06:00:00+00:00,5.599909322046654,0.17851234353747714,6658.405699675339,-5.599909322046654,2378.24,10.0,0.0,0.0,1.244756774543351,348531.53534512187,265296.0520347175,0,2455.58,2455.58,2455.58,2455.58,0.0,2455.58,0.0,8100000.0,0.04633780867518844,1.0,1.244756774543351,734763.3180205843,2128981.9485114967,57.6,0.00098686,0.9884331019524426,1.0,0.0,4.0038066396e-06,0.9884331019524426,13751.203845374857,6225.30871270825,0.0,79204.05457470869,99180.5671327918
2026-08-24 07:00:00+00:00,5.599909322046654,0.17851234353747714,6658.405699675339,-5.599909322046654,2378.24,10.0,0.0,0.0,1.2447624494926888,348531.53534512187,265297.11422206595,0,2453.97,2453.97,2453.97,2453.97,0.0,2453.97,0.0,8096400.0,0.04633780870903981,1.0,1.2447624494926888,734763.3180205843,2128981.9485114967,57.6,0.00098686,0.988438212953914,1.0,0.0,4.0037731956e-06,0.988438212953914,13742.187991366362,6234.324566716746,0.0,79204.77373255021,99181.28629063332
2026-08-24 08:00:00+00:00,5.599909322046654,0.17851234353747714,6659.779704626415,-5.599909322046654,2378.24,10.0,0.0,0.0,1.2447680121278928,348531.53534512187,265298.17640479543,0,2453.62,2453.62,2453.62,2453.62,0.0,2453.62,0.0001,8092800.0,0.04726373337132861,1.0,1.2447680121278928,764929.5422663128,2105034.1660952317,57.6,0.00098686,0.9882189841889142,1.0,0.0,4.0037397551999995e-06,0.9882189841889142,13740.228023103646,6237.658539930538,0.0,79127.30341176351,99105.18997479769
2026-08-24 09:00:00+00:00,5.599909322046654,0.17851234353747714,6659.779704626415,-5.599909322046654,2378.24,10.0,0.0,0.0,1.2447738067284868,348531.53534512187,265299.2385829059,0,2462.2,2462.2,2462.2,2462.2,0.0,2462.2,0.0,8089200.0,0.046390774916544864,1.0,1.2447738067284868,736467.8715728599,2127635.5555970827,57.6,0.00098686,0.9884356009314907,1.0,0.0,4.0037063148e-06,0.9884356009314907,13788.275245086807,6189.611317947378,0.0,79201.73899952474,99179.62556255891
2026-08-24 10:00:00+00:00,5.599909322046654,0.17851234353747714,6659.779704626415,-5.599909322046654,2378.24,10.0,0.0,0.0,1.2447794507933605,348531.53534512187,265300.3007563973,0,2464.24,2464.24,2464.24,2464.24,0.0,2464.24,0.0,8085600.0,0.046390232548426225,1.0,1.2447794507933605,736467.8715728599,2127699.8213098105,57.6,0.00098686,0.9884408490238011,1.0,0.0,4.003672874399999e-06,0.9884408490238011,13799.699060103783,6178.187502930403,0.0,79202.50595170393,99180.39251473812
2026-08-24 11:00:00+00:00,5.599909322046654,0.17851234353747714,6659.779704626415,-5.599909322046654,2378.24,10.0,0.0,0.0,1.244785135482832,348531.53534512187,265301.36292526854,0,2493.52,2493.52,2493.52,2493.52,0.0,2493.52,0.0,8082000.0,0.04639023258243724,1.0,1.244785135482832,736467.8715728599,2127699.8213098105,57.6,0.00098686,0.9884459657185178,1.0,0.0,4.0036394304e-06,0.9884459657185178,13963.66440505331,6014.222157980876,0.0,79203.22711229819,99181.11367533238
2026-08-24 12:00:00+00:00,5.300701340997357,0.0,6652.618218991266,-5.300701340997357,2511.99,10.0,0.0,0.0,1.2447908243486405,348531.53534512187,265302.4250895215,0,2511.99,2511.99,2511.99,2511.99,0.0,2511.99,0.0,8078400.0,0.04639898660015063,1.0,1.2447908243486405,736749.5229159439,2127476.1812382187,57.6,0.00098686,0.9884489641580868,1.0,0.0,4.003605993599999e-06,0.9884489641580868,13315.308761571949,6652.618218991266,0.0,79203.2099987918,99171.13697935501
2026-08-24 13:00:00+00:00,5.300701340997357,0.0,6652.618218991266,-5.300701340997357,2511.99,10.0,0.0,0.0,1.2447965143470887,348531.53534512187,265303.4872491551,0,2492.76,2492.76,2492.76,2492.76,0.0,2492.76,0.0,8074800.0,0.046398986634228034,1.0,1.2447965143470887,736775.1382525977,2127550.149414526,57.6,0.00098686,0.9884540818387901,1.0,0.0,4.0035725532000005e-06,0.9884540818387901,13213.376274784572,6754.550705778643,0.0,79203.93151227117,99171.85849283438
2026-08-24 14:00:00+00:00,5.300701340997357,0.0,6652.618218991266,-5.300701340997357,2511.99,10.0,0.0,0.0,1.244802205509962,348531.53534512187,265304.54940416926,0,2515.0,2515.0,2515.0,2515.0,0.0,2515.0,0.0,8071200.0,0.04638864562272649,1.0,1.244802205509962,736775.1382525977,2128775.647708877,57.6,0.00098686,0.9884616996615797,1.0,0.0,4.0035391128e-06,0.9884616996615797,13331.263872608351,6636.663107954862,0.0,79205.52440872986,99173.45138929307
2026-08-24 15:00:00+00:00,5.300701340997357,0.0,6652.618218991266,-5.300701340997357,2511.99,10.0,0.0,0.0,1.244807894736741,348531.53534512187,265304.81517378526,0,2486.64,2486.64,2486.64,2486.64,0.0,2486.64,0.0,8067600.0,0.04638864565685785,1.0,1.244807894736741,736775.1382525977,2128775.647708877,57.6,0.00098686,0.9884668162930879,1.0,0.0,1.001752452e-06,0.9884668162930879,13180.935982577666,6786.990997985548,0.0,79207.0419465492,99174.96892711241
2026-08-24 16:00:00+00:00,5.300701340997357,0.0,6653.931218615535,-5.300701340997357,2511.99,10.0,0.0,0.0,1.2448135842185586,348531.53534512187,265305.0801872631,0,2477.03,2477.03,2477.03,2477.03,0.0,2477.03,0.0001,8064000.0,0.046388645691019637,1.0,1.2448135842185586,736775.1382525977,2128775.647708877,57.6,0.00098686,0.9884719329510816,1.0,0.0,9.98901378e-07,0.9884719329510816,13129.996242690684,6839.2437374968,0.0,79208.56024973775,99177.80022992524
2026-08-24 17:00:00+00:00,5.300701340997357,0.0,6653.931218615535,-5.300701340997357,2511.99,10.0,0.0,0.0,1.244819273735528,348531.53534512187,265305.34444785066,0,2467.92,2467.92,2467.92,2467.92,0.0,2467.92,0.0,8060400.0,0.046388645725211175,1.0,1.244819273735528,736775.1382525977,2128775.647708877,57.6,0.00098686,0.988477049635561,1.0,0.0,9.960625548e-07,0.988477049635561,13081.706853474197,6887.533126713287,0.0,79210.07931504765,99179.31929523514
2026-08-24 18:00:00+00:00,5.300701340997357,0.0,6653.931218615535,-5.300701340997357,2511.99,10.0,0.0,0.0,1.2448249442874406,348531.53534512187,265305.60795879597,0,2473.21,2473.21,2473.21,2473.21,0.0,2473.21,0.0,8056800.0,0.046388645759434466,1.0,1.2448249442874406,736775.1382525977,2128775.647708877,57.6,0.00098686,0.9884821663465261,1.0,0.0,9.932359824e-07,0.9884821663465261,13109.747563568073,6859.4924166194105,0.0,79211.59913923091,99180.8391194184
2026-08-24 19:00:00+00:00,5.300701340997357,0.0,6653.931218615535,-5.300701340997357,2511.99,10.0,0.0,0.0,1.2448306341995479,348531.53534512187,265305.87072334794,0,2470.54,2470.54,2470.54,2470.54,0.0,2470.54,0.0,8053200.0,0.04638522371079956,1.0,1.2448306341995479,736775.138167943,2129181.3400095627,57.6,0.00098686,0.9884881086111291,1.0,0.0,9.904216644000002e-07,0.9884881086111291,13095.59469098761,6873.645289199874,0.0,79213.40744128451,99182.647421472
2026-08-24 20:00:00+00:00,5.300701340997357,0.0,6653.931218615535,-5.300701340997357,2511.99,10.0,0.0,0.0,1.2448363344360072,348531.53534512187,265306.1327447555,0,2474.44,2474.44,2474.44,2474.44,0.0,2474.44,0.0,8049600.0,0.046385223745081694,1.0,1.2448363344360072,736775.138167943,2129181.3400095627,57.6,0.00098686,0.9884932250103048,1.0,0.0,9.876196008e-07,0.9884932250103048,13116.267426217499,6852.972553969984,0.0,79214.92864633707,99184.16862652455
2026-08-24 21:00:00+00:00,5.300701340997357,0.0,6653.931218615535,-5.300701340997357,2511.99,10.0,0.0,0.0,1.2448420346719948,348531.53534512187,265306.3940262666,0,2482.78,2482.78,2482.78,2482.78,0.0,2482.78,0.0,8046000.0,0.04638522377939314,1.0,1.2448420346719948,736775.138167943,2129181.3400095627,57.6,0.00098686,0.988498341435963,1.0,0.0,9.84829788e-07,0.988498341435963,13160.475275401419,6808.7647047860655,0.0,79216.45060051611,99185.6905807036
2026-08-24 22:00:00+00:00,5.300701340997357,0.0,6653.931218615535,-5.300701340997357,2511.99,10.0,0.0,0.0,1.2448477349008518,348531.53534512187,265306.65457112936,0,2473.38,2473.38,2473.38,2473.38,0.0,2473.38,0.0,8042400.0,0.046385223813736554,1.0,1.2448477349008518,736775.138167943,2129181.3400095627,57.6,0.00098686,0.9885034578881036,1.0,0.0,9.82052226e-07,0.9885034578881036,13110.648682796043,6858.591297391441,0.0,79217.97330057342,99187.2132807609
2026-08-24 23:00:00+00:00,5.300701340997357,0.0,6653.931218615535,-5.300701340997357,2511.99,10.0,0.0,0.0,1.2448534307039902,348531.53534512187,265306.9143825937,0,2481.03,2481.03,2481.03,2481.03,0.0,2481.03,0.0,8038800.0,0.04641928993692068,1.0,1.2448534307039902,736775.138167943,2125146.3268307527,57.6,0.00098686,0.988500371099442,1.0,0.0,9.79286922e-07,0.988500371099442,13151.199048054674,6818.040932132811,0.0,79216.63764591754,99185.87762610502
2026-08-25 00:00:00+00:00,5.300701340997357,0.0,6655.160050756722,-5.300701340997357,2511.99,10.0,0.0,0.0,1.2448591393321,348531.53534512187,265307.1734639068,0,2492.2,2492.2,2492.2,2492.2,0.0,2492.2,9.302e-05,8035200.0,0.046362519112167044,1.0,1.2448591393321,736775.1370745987,2131874.8961589327,57.6,0.00098686,0.988519156048434,1.0,0.0,9.765338652000002e-07,0.988519156048434,13210.40788203361,6760.06093029506,0.0,79222.92571171798,99193.39452404666
2026-08-25 01:00:00+00:00,5.300701340997357,0.0,6655.160050756722,-5.300701340997357,2511.99,10.0,0.0,0.0,1.2448648411221965,348531.53534512187,265307.43181831855,0,2494.87,2494.87,2494.87,2494.87,0.0,2494.87,0.0,8031600.0,0.04636251914658529,1.0,1.2448648411221965,736775.1370745987,2131874.8961589327,57.6,0.00098686,0.9885242701597394,1.0,0.0,9.737930664e-07,0.9885242701597394,13224.560754614075,6745.908057714596,0.0,79224.4497863715,99194.91859870017
2026-08-25 02:00:00+00:00,5.300701340997357,0.0,6655.160050756722,-5.300701340997357,2511.99,10.0,0.0,0.0,1.244870572168536,348531.53534512187,265307.6894490762,0,2506.94,2506.94,2506.94,2506.94,0.0,2506.94,0.0,8028000.0,0.046362519181033734,1.0,1.244870572168536,736775.1370745987,2131874.8961589327,57.6,0.00098686,0.9885293842975028,1.0,0.0,9.710645147999999e-07,0.9885293842975028,13288.540219799914,6681.928592528757,0.0,79225.9745939005,99196.44340622917
2026-08-25 03:00:00+00:00,5.300701340997357,0.0,6655.160050756722,-5.300701340997357,2511.99,10.0,0.0,0.0,1.2448763866093424,348531.53534512187,265307.94635942875,0,2497.96,2497.96,2497.96,2497.96,0.0,2497.96,0.0,8024400.0,0.04636251921551393,1.0,1.2448763866093424,736775.1370745987,2131874.8961589327,57.6,0.00098686,0.9885344984617241,1.0,0.0,9.683482176e-07,0.9885344984617241,13240.939921757757,6729.528890570913,0.0,79227.500131056,99197.96894338468
2026-08-25 04:00:00+00:00,5.300701340997357,0.0,6655.160050756722,-5.300701340997357,2511.99,10.0,0.0,0.0,1.2448822151695216,348531.53534512187,265308.2025526254,0,2493.72,2493.72,2493.72,2493.72,0.0,2493.72,0.0,8020800.0,0.04636251925002455,1.0,1.2448822151695216,736775.1370745987,2131874.8961589327,57.6,0.00098686,0.9885396126524038,1.0,0.0,9.656441748e-07,0.9885396126524038,13218.464948071927,6752.003864256743,0.0,79229.02639458893,99199.4952069176
2026-08-25 05:00:00+00:00,5.300701340997357,0.0,6655.160050756722,-5.300701340997357,2511.99,10.0,0.0,0.0,1.244888063105821,348531.53534512187,265308.4580319142,0,2507.61,2507.61,2507.61,2507.61,0.0,2507.61,0.0,8017200.0,0.04620890539081568,1.0,1.244888063105821,736775.1370745987,2150189.400904399,57.6,0.00098686,0.9885816246925477,1.0,0.0,9.629523828e-07,0.9885816246925477,13292.091689698382,6678.377122630289,0.0,79243.41343615449,99213.88224848316
2026-08-25 06:00:00+00:00,5.300701340997357,0.0,6655.160050756722,-5.300701340997357,2511.99,10.0,0.0,0.0,1.244893892402992,348531.53534512187,265308.71280054434,0,2499.9,2499.9,2499.9,2499.9,0.0,2499.9,0.0,8013600.0,0.046208905425271674,1.0,1.244893892402992,736775.1370745987,2150189.400904399,57.6,0.00098686,0.988586722558269,1.0,0.0,9.602728452000002e-07,0.988586722558269,13251.223282359293,6719.245529969378,0.0,79244.93543449114,99215.40424681982
2026-08-25 07:00:00+00:00,5.300701340997357,0.0,6655.160050756722,-5.300701340997357,2511.99,10.0,0.0,0.0,1.2448997210484745,348531.53534512187,265308.9668617641,0,2477.66,2477.66,2477.66,2477.66,0.0,2477.66,0.0,8010000.0,0.04620890545975853,1.0,1.2448997210484745,736775.1370745987,2150189.400904399,57.6,0.00098686,0.9885918204502787,1.0,0.0,9.576055583999999e-07,0.9885918204502787,13133.33568453551,6837.13312779316,0.0,79246.4581494006,99216.92696172927
2026-08-25 08:00:00+00:00,5.300701340997357,0.0,6656.046975978668,-5.300701340997357,2511.99,10.0,0.0,0.0,1.2449054176590535,348531.53534512187,265309.22021882253,0,2484.0,2484.0,2484.0,2484.0,0.0,2484.0,6.736e-05,8006400.0,0.047237105256175305,1.0,1.2449054176590535,770470.4338871951,2123439.409882365,57.6,0.00098686,0.9883504043958514,1.0,0.0,9.549505259999999e-07,0.9883504043958514,13166.942131037435,6804.413606513183,0.0,79162.06368423568,99133.4194217863
2026-08-25 09:00:00+00:00,5.300701340997357,0.0,6656.046975978668,-5.300701340997357,2511.99,10.0,0.0,0.0,1.2449112475905448,348531.53534512187,265309.47287496884,0,2473.62,2473.62,2473.62,2473.62,0.0,2473.62,0.0,8002800.0,0.04723710529151037,1.0,1.2449112475905448,770470.4338871951,2123439.409882365,57.6,0.00098686,0.9883556118984185,1.0,0.0,9.52307748e-07,0.9883556118984185,13111.92085111788,6859.434886432737,0.0,79163.62600695435,99134.98174450497
2026-08-25 10:00:00+00:00,5.300701340997357,0.0,6656.046975978668,-5.300701340997357,2511.99,10.0,0.0,0.0,1.2449170850330518,348531.53534512187,265309.7248334513,0,2480.94,2480.94,2480.94,2480.94,0.0,2480.94,0.0,7999200.0,0.04702366287914406,1.0,1.2449170850330518,763388.8369369276,2129062.1568761994,57.6,0.00098686,0.9884119224676213,1.0,0.0,9.496772208000001e-07,0.9884119224676213,13150.721984933982,6820.633752616634,0.0,79183.00005761231,99154.35579516293
2026-08-25 11:00:00+00:00,5.300701340997357,0.0,6656.046975978668,-5.300701340997357,2511.99,10.0,0.0,0.0,1.2449229464846823,348531.53534512187,265309.9760975183,0,2477.1,2477.1,2477.1,2477.1,0.0,2477.1,0.0,7995600.0,0.04676972124728085,1.0,1.2449229464846823,755023.1050428452,2135704.909396265,57.6,0.00098686,0.9884778967431991,1.0,0.0,9.470589444000001e-07,0.9884778967431991,13130.367291784552,6840.9884457660655,0.0,79205.74290910573,99177.09864665635
2026-08-25 12:00:00+00:00,5.300701340997357,0.0,6656.046975978668,-5.300701340997357,2511.99,10.0,0.0,0.0,1.2449287544143166,348531.53534512187,265310.22667041887,0,2472.69,2472.69,2472.69,2472.69,0.0,2472.69,0.0,7992000.0,0.04676979315497931,1.0,1.2449287544143166,755023.1050428452,2135704.909396265,57.6,0.00098686,0.988483037345303,1.0,0.0,9.444529224000001e-07,0.988483037345303,13106.991198870754,6864.3645386798635,0.0,79207.28399814904,99178.63973569966
2026-08-25 13:00:00+00:00,5.300701340997357,0.0,6656.046975978668,-5.300701340997357,2511.99,10.0,0.0,0.0,1.2449346383160969,348531.53534512187,265310.4765554024,0,2459.99,2459.99,2459.99,2459.99,0.0,2459.99,0.0,7988400.0,0.046481126791717786,1.0,1.2449346383160969,745594.541036052,2143192.1291256966,57.6,0.00098686,0.988557258079652,1.0,0.0,9.418591547999998e-07,0.988557258079652,13039.672291840086,6931.683445710531,0.0,79232.90237966261,99204.25811721323
2026-08-25 14:00:00+00:00,5.300701340997357,0.0,6656.046975978668,-5.300701340997357,2511.99,10.0,0.0,0.0,1.244940472990581,348531.53534512187,265310.7257557162,0,2475.96,2475.96,2475.96,2475.96,0.0,2475.96,0.0,7984800.0,0.046481126826631636,1.0,1.244940472990581,745594.541036052,2143192.1291256966,57.6,0.00098686,0.9885623851790533,1.0,0.0,9.392776344e-07,0.9885623851790533,13124.324492255815,6847.031245294802,0.0,79234.44013517495,99205.79587272558
2026-08-25 15:00:00+00:00,5.300701340997357,0.0,6656.046975978668,-5.300701340997357,2511.99,10.0,0.0,0.0,1.244946308275525,348531.53534512187,265310.97427461063,0,2481.56,2481.56,2481.56,2481.56,0.0,2481.56,0.0,7981200.0,0.04648112686157746,1.0,1.244946308275525,745594.541036052,2143192.1291256966,57.6,0.00098686,0.9885675123050458,1.0,0.0,9.367083719999999e-07,0.9885675123050458,13154.0084197654,6817.3473177852175,0.0,79235.97858137463,99207.33431892525
2026-08-25 16:00:00+00:00,5.300701340997357,0.0,6657.015415535317,-5.300701340997357,2511.99,10.0,0.0,0.0,1.2449521436111772,348531.53534512187,265311.22211533395,0,2469.59,2469.59,2469.59,2469.59,0.0,2469.59,7.398e-05,7977600.0,0.046481126896553926,1.0,1.2449521436111772,745594.541036052,2143192.1291256966,57.6,0.00098686,0.9885726394576302,1.0,0.0,9.341513603999999e-07,0.9885726394576302,13090.559024713662,6881.765152393603,0.0,79237.51771501353,99209.84189212079
2026-08-25 17:00:00+00:00,5.300701340997357,0.0,6657.015415535317,-5.300701340997357,2511.99,10.0,0.0,0.0,1.2449579789481025,348531.53534512187,265311.4513127841,0,2469.93,2469.93,2469.93,2469.93,0.0,2469.93,0.0,7974000.0,0.046481126931562367,1.0,1.2449579789481025,745594.541036052,2143192.1291256966,57.6,0.00098686,0.9885777666368062,1.0,0.0,8.638811028e-07,0.9885777666368062,13092.3612631696,6879.962913937665,0.0,79239.07550119353,99211.39967830079
2026-08-25 18:00:00+00:00,5.300701340997357,0.0,6657.015415535317,-5.300701340997357,2511.99,10.0,0.0,0.0,1.2449637949680885,348531.53534512187,265311.67985802086,0,2466.04,2466.04,2466.04,2466.04,0.0,2466.04,0.0,7970400.0,0.04648112696660256,1.0,1.2449637949680885,745594.541036052,2143192.1291256966,57.6,0.00098686,0.9885828938425739,1.0,0.0,8.614220652000001e-07,0.9885828938425739,13071.741534953122,6900.582642154144,0.0,79240.63394885504,99212.95812596231
2026-08-25 19:00:00+00:00,5.300701340997357,0.0,6657.015415535317,-5.300701340997357,2511.99,10.0,0.0,0.0,1.244969630752926,348531.53534512187,265311.90775384486,0,2462.03,2462.03,2462.03,2462.03,0.0,2462.03,0.0,7966800.0,0.04648112700167517,1.0,1.244969630752926,745594.541036052,2143192.1291256966,57.6,0.00098686,0.9885880210749335,1.0,0.0,8.5897359e-07,0.9885880210749335,13050.485722575722,6921.838454531542,0.0,79242.19305519742,99214.51723230469
2026-08-25 20:00:00+00:00,5.300701340997357,0.0,6657.015415535317,-5.300701340997357,2511.99,10.0,0.0,0.0,1.2449754666935802,348531.53534512187,265312.1350030577,0,2435.25,2435.25,2435.25,2435.25,0.0,2435.25,0.0,7963200.0,0.0464811270367782,1.0,1.2449754666935802,745594.541036052,2143192.1291256966,57.6,0.00098686,0.9885931483338856,1.0,0.0,8.565356808e-07,0.9885931483338856,12908.532940663812,7063.791236443452,0.0,79243.75281741924,99216.0769945265
2026-08-25 21:00:00+00:00,5.300701340997357,0.0,6657.015415535317,-5.300701340997357,2511.99,10.0,0.0,0.0,1.2449813025781988,348531.53534512187,265312.3616084601,0,2440.8,2440.8,2440.8,2440.8,0.0,2440.8,0.0,7959600.0,0.046481127071913875,1.0,1.2449813025781988,745594.541036052,2143192.1291256966,57.6,0.00098686,0.9885982756194296,1.0,0.0,8.541083340000001e-07,0.9885982756194296,12937.95183310635,7034.372344000916,0.0,79245.31323271967,99217.63740982693
2026-08-25 22:00:00+00:00,5.300701340997357,0.0,6657.015415535317,-5.300701340997357,2511.99,10.0,0.0,0.0,1.2449871384637436,348531.53534512187,265312.58757285273,0,2452.7,2452.7,2452.7,2452.7,0.0,2452.7,0.0,7956000.0,0.04648112710708108,1.0,1.2449871384637436,745594.541036052,2143192.1291256966,57.6,0.00098686,0.988603402931566,1.0,0.0,8.516915496e-07,0.988603402931566,13001.030179064215,6971.293998043049,0.0,79246.87429829815,99219.19847540541
2026-08-25 23:00:00+00:00,5.300701340997357,0.0,6657.015415535317,-5.300701340997357,2511.99,10.0,0.0,0.0,1.2449929743501407,348531.53534512187,265312.8128990363,0,2441.72,2441.72,2441.72,2441.72,0.0,2441.72,0.0,7952400.0,0.04648112714227959,1.0,1.2449929743501407,745594.541036052,2143192.1291256966,57.6,0.00098686,0.9886085302702953,1.0,0.0,8.492853276e-07,0.9886085302702953,12942.828478340065,7029.4956987672,0.0,79248.43601135415,99220.76018846141
2026-08-26 00:00:00+00:00,5.300701340997357,0.0,6657.422896353743,-5.300701340997357,2511.99,10.0,0.0,0.0,1.2449988102810696,348531.53534512187,265313.03758981236,0,2445.07,2445.07,2445.07,2445.07,0.0,2445.07,3.144e-05,7948800.0,0.04648112717751074,1.0,1.2449988102810696,745594.541036052,2143192.1291256966,57.6,0.00098686,0.9886136576356168,1.0,0.0,8.468896716e-07,0.9886136576356168,12960.585827832409,7012.1458300932845,0.0,79249.99836908584,99222.73002701154
2026-08-26 01:00:00+00:00,5.300701340997357,0.0,6657.422896353743,-5.300701340997357,2511.99,10.0,0.0,0.0,1.2450046331891633,348531.53534512187,265313.2616479818,0,2454.99,2454.99,2454.99,2454.99,0.0,2454.99,0.0,7945200.0,0.046431289879725224,1.0,1.2450046331891633,745594.5401830495,2149155.4666507905,57.6,0.00098686,0.9886306471779207,1.0,0.0,8.44504578e-07,0.9886306471779207,13013.1687851351,6959.562872790593,0.0,79255.69570218038,99228.42736010608
2026-08-26 02:00:00+00:00,5.300701340997357,0.0,6657.422896353743,-5.300701340997357,2511.99,10.0,0.0,0.0,1.245010450073383,348531.53534512187,265313.4850763453,0,2464.18,2464.18,2464.18,2464.18,0.0,2464.18,0.0,7941600.0,0.04642814103829851,1.0,1.245010450073383,745494.4024020648,2149234.987516716,57.6,0.00098686,0.9886365184584568,1.0,0.0,8.421300468e-07,0.9886365184584568,13061.882230458865,6910.8494274668265,0.0,79257.51860023651,99230.2502581622
2026-08-26 03:00:00+00:00,5.300701340997357,0.0,6657.422896353743,-5.300701340997357,2511.99,10.0,0.0,0.0,1.2450163116704684,348531.53534512187,265313.70787770464,0,2464.58,2464.58,2464.58,2464.58,0.0,2464.58,0.0,7938000.0,0.04622966003699114,1.0,1.2450163116704684,741600.861793345,2161768.1356798364,57.6,0.00098686,0.9886888470536012,1.0,0.0,8.397660816e-07,0.9886888470536012,13064.002510995266,6908.729146930427,0.0,79275.53396448534,99248.26562241104
2026-08-26 04:00:00+00:00,5.300701340997357,0.0,6657.422896353743,-5.300701340997357,2511.99,10.0,0.0,0.0,1.2450221494195253,348531.53534512187,265313.9300548605,0,2455.77,2455.77,2455.77,2455.77,0.0,2455.77,0.0,7934400.0,0.04622966007215479,1.0,1.2450221494195253,741600.861793345,2161768.1356798364,57.6,0.00098686,0.9886939477111355,1.0,0.0,8.374126787999999e-07,0.9886939477111355,13017.303332181078,6955.428325744614,0.0,79277.08952733123,99249.82118525692
2026-08-26 05:00:00+00:00,5.300701340997357,0.0,6657.422896353743,-5.300701340997357,2511.99,10.0,0.0,0.0,1.2450279873766583,348531.53534512187,265314.1516106137,0,2463.85,2463.85,2463.85,2463.85,0.0,2463.85,0.0,7930800.0,0.0462294990045371,1.0,1.2450279873766583,741595.633709422,2161772.2875822587,57.6,0.00098686,0.9886990866819232,1.0,0.0,8.350698384e-07,0.9886990866819232,13060.132999016338,6912.598658909355,0.0,79278.65906495677,99251.39072288247
2026-08-26 06:00:00+00:00,5.300701340997357,0.0,6657.422896353743,-5.300701340997357,2511.99,10.0,0.0,0.0,1.2450338253499096,348531.53534512187,265314.37254776503,0,2459.03,2459.03,2459.03,2459.03,0.0,2459.03,0.0,7927200.0,0.04622949903976381,1.0,1.2450338253499096,741595.633709422,2161772.2875822587,57.6,0.00098686,0.9887041873749046,1.0,0.0,8.327375604000001e-07,0.9887041873749046,13034.583618552731,6938.148039372962,0.0,79280.21588016156,99252.94753808726
2026-08-26 07:00:00+00:00,5.300701340997357,0.0,6657.422896353743,-5.300701340997357,2511.99,10.0,0.0,0.0,1.2450396540925188,348531.53534512187,265314.5928691163,0,2460.51,2460.51,2460.51,2460.51,0.0,2460.51,0.0,7923600.0,0.046303737994154215,1.0,1.2450396540925188,744007.633709422,2159856.994140859,57.6,0.00098686,0.9886916614373362,1.0,0.0,8.304158483999999e-07,0.9886916614373362,13042.428656537408,6930.303001388285,0.0,79275.62987455796,99248.36153248366
2026-08-26 08:00:00+00:00,5.300701340997357,0.0,6658.7243828547,-5.300701340997357,2511.99,10.0,0.0,0.0,1.2450455039606676,348531.53534512187,265314.8125774673,0,2455.31,2455.31,2455.31,2455.31,0.0,2455.31,0.0001,7920000.0,0.04621513873654193,1.0,1.2450455039606676,744007.6334579887,2170538.154232266,57.6,0.00098686,0.9887177970937165,1.0,0.0,8.281046952000001e-07,0.9887177970937165,13014.865009564219,6959.168134862429,0.0,79284.51926665241,99258.55241107906
2026-08-26 09:00:00+00:00,5.300701340997357,0.0,6658.7243828547,-5.300701340997357,2511.99,10.0,0.0,0.0,1.2450513430225305,348531.53534512187,265315.03167561995,0,2446.8,2446.8,2446.8,2446.8,0.0,2446.8,0.0,7916400.0,0.04621513877185368,1.0,1.2450513430225305,744007.6334579887,2170538.154232266,57.6,0.00098686,0.9887228963340104,1.0,0.0,8.258041079999999e-07,0.9887228963340104,12969.756041152334,7004.277103274316,0.0,79286.07741454849,99260.11055897514
2026-08-26 10:00:00+00:00,5.300701340997357,0.0,6658.7243828547,-5.300701340997357,2511.99,10.0,0.0,0.0,1.2450571462755697,348531.53534512187,265315.25016637595,0,2467.67,2467.67,2467.67,2467.67,0.0,2467.67,0.0,7912800.0,0.04621513880719874,1.0,1.2450571462755697,744007.6334579887,2170538.154232266,57.6,0.00098686,0.988727995600603,1.0,0.0,8.235140868000001e-07,0.988727995600603,13080.381678138947,6893.651466287701,0.0,79287.63617900712,99261.66932343377
2026-08-26 11:00:00+00:00,5.300701340997357,0.0,6658.7243828547,-5.300701340997357,2511.99,10.0,0.0,0.0,1.2450630255900783,348531.53534512187,265315.4680525352,0,2462.03,2462.03,2462.03,2462.03,0.0,2462.03,0.0,7909200.0,0.04621513884257533,1.0,1.2450630255900783,744007.6334579887,2170538.154232266,57.6,0.00098686,0.9887330948934948,1.0,0.0,8.212346244000001e-07,0.9887330948934948,13050.485722575722,6923.547421850925,0.0,79289.19555722864,99263.22870165529
2026-08-26 12:00:00+00:00,5.300701340997357,0.0,6658.7243828547,-5.300701340997357,2511.99,10.0,0.0,0.0,1.2450689247716793,348531.53534512187,265315.68533689965,0,2454.0,2454.0,2454.0,2454.0,0.0,2454.0,0.0,7905600.0,0.046215138877983675,1.0,1.2450689247716793,744007.6334579887,2170538.154232266,57.6,0.00098686,0.9887381942126859,1.0,0.0,8.18965728e-07,0.9887381942126859,13007.921090807513,6966.112053619136,0.0,79290.75554641109,99264.78869083774
2026-08-26 13:00:00+00:00,5.300701340997357,0.0,6658.7243828547,-5.300701340997357,2511.99,10.0,0.0,0.0,1.2450748247990568,348531.53534512187,265315.9020222701,0,2456.16,2456.16,2456.16,2456.16,0.0,2456.16,0.0,7902000.0,0.04621513891342466,1.0,1.2450748247990568,744007.6334579887,2170538.154232266,57.6,0.00098686,0.9887432935581764,1.0,0.0,8.16707394e-07,0.9887432935581764,13019.370605704067,6954.662538722582,0.0,79292.31614375365,99266.3492881803
2026-08-26 14:00:00+00:00,5.300701340997357,0.0,6658.7243828547,-5.300701340997357,2511.99,10.0,0.0,0.0,1.245080724103786,348531.53534512187,265316.1181114484,0,2438.1,2438.1,2438.1,2438.1,0.0,2438.1,0.0,7898400.0,0.046022341193645566,1.0,1.245080724103786,737748.6885859848,2175508.9119600873,57.6,0.00098686,0.9887940333174842,1.0,0.0,8.144596260000001e-07,0.9887940333174842,12923.639939485654,7050.393204940994,0.0,79309.78446078993,99283.81760521658
2026-08-26 15:00:00+00:00,5.300701340997357,0.0,6658.7243828547,-5.300701340997357,2511.99,10.0,0.0,0.0,1.245086583890608,348531.53534512187,265316.92578921554,0,2448.97,2448.97,2448.97,2448.97,0.0,2448.97,0.0,7894800.0,0.046022341229000396,1.0,1.245086583890608,737748.6885859848,2175508.9119600873,57.6,0.00098686,0.9887991121480433,1.0,0.0,3.0442045643999995e-06,0.9887991121480433,12981.258563062296,6992.774581364353,0.0,79310.7469156353,99284.78006006195
2026-08-26 16:00:00+00:00,5.300701340997357,0.0,6659.689519217819,-5.300701340997357,2511.99,10.0,0.0,0.0,1.2450924416850715,348531.53534512187,265317.7334559615,0,2443.66,2443.66,2443.66,2443.66,0.0,2443.66,7.451e-05,7891200.0,0.04602234126438676,1.0,1.2450924416850715,737748.6885859848,2175508.9119600873,57.6,0.00098686,0.9888041910046894,1.0,0.0,3.0441537576e-06,0.9888041910046894,12953.1118389416,7021.886441848168,0.0,79311.70939059404,99286.7076713838
2026-08-26 17:00:00+00:00,5.300701340997357,0.0,6659.689519217819,-5.300701340997357,2511.99,10.0,0.0,0.0,1.2450980733330026,348531.53534512187,265318.54111168516,0,2459.94,2459.94,2459.94,2459.94,0.0,2459.94,0.0,7887600.0,0.04776618299636537,1.0,1.2450980733330026,795734.2925869857,2129480.2796585904,57.6,0.00098686,0.988397395606255,1.0,0.0,3.0441029472e-06,0.988397395606255,13039.407256773038,6935.59102401673,0.0,79169.1207100827,99144.11899087246
2026-08-26 18:00:00+00:00,5.300701340997357,0.0,6659.689519217819,-5.300701340997357,2511.99,10.0,0.0,0.0,1.245103910376378,348531.53534512187,265319.3487563883,0,2471.72,2471.72,2471.72,2471.72,0.0,2471.72,0.0,7884000.0,0.04776618303318991,1.0,1.245103910376378,795734.2925869857,2129480.2796585904,57.6,0.00098686,0.9884026603456557,1.0,0.0,3.0440521440000003e-06,0.9884026603456557,13101.849518569985,6873.148762219783,0.0,79170.14799308608,99145.14627387584
2026-08-26 19:00:00+00:00,5.300701340997357,0.0,6659.689519217819,-5.300701340997357,2511.99,10.0,0.0,0.0,1.2451097685931019,348531.53534512187,265320.15639007086,0,2469.51,2469.51,2469.51,2469.51,0.0,2469.51,0.0,7880400.0,0.04776618307004865,1.0,1.2451097685931019,795734.2925869857,2129480.2796585904,57.6,0.00098686,0.9884079251130992,1.0,0.0,3.0440013408e-06,0.9884079251130992,13090.134968606384,6884.863312183385,0.0,79171.17529688386,99146.17357767362
2026-08-26 20:00:00+00:00,5.300701340997357,0.0,6659.689519217819,-5.300701340997357,2511.99,10.0,0.0,0.0,1.245115629531341,348531.53534512187,265320.96401273273,0,2471.28,2471.28,2471.28,2471.28,0.0,2471.28,0.0,7876800.0,0.047766183106941584,1.0,1.245115629531341,795734.2925869857,2129480.2796585904,57.6,0.00098686,0.9884131899085855,1.0,0.0,3.0439505376e-06,0.9884131899085855,13099.51720997995,6875.481070809819,0.0,79172.20262147608,99147.20090226585
2026-08-26 21:00:00+00:00,5.300701340997357,0.0,6659.689519217819,-5.300701340997357,2511.99,10.0,0.0,0.0,1.2451214907004575,348531.53534512187,265321.77162437467,0,2495.89,2495.89,2495.89,2495.89,0.0,2495.89,0.0,7873200.0,0.04776618314386738,1.0,1.2451214907004575,795734.2925869857,2129480.2796585904,57.6,0.00098686,0.9884184547321153,1.0,0.0,3.043899738e-06,0.9884184547321153,13229.967469981892,6745.030810807876,0.0,79173.2299668623,99148.22824765206
2026-08-26 22:00:00+00:00,5.300701340997357,0.0,6659.689519217819,-5.300701340997357,2511.99,10.0,0.0,0.0,1.2451273519394257,348531.53534512187,265322.5792249967,0,2492.61,2492.61,2492.61,2492.61,0.0,2492.61,0.0,7869600.0,0.04776618318082715,1.0,1.2451273519394257,795734.2925869857,2129480.2796585904,57.6,0.00098686,0.9884237195836882,1.0,0.0,3.0438489384e-06,0.9884237195836882,13212.581169583422,6762.417111206346,0.0,79174.25733304239,99149.25561383215
2026-08-26 23:00:00+00:00,5.300701340997357,0.0,6659.689519217819,-5.300701340997357,2511.99,10.0,0.0,0.0,1.2451332132241404,348531.53534512187,265323.3868145986,0,2505.66,2505.66,2505.66,2505.66,0.0,2505.66,0.0,7866000.0,0.04776618321782089,1.0,1.2451332132241404,795734.2925869857,2129480.2796585904,57.6,0.00098686,0.9884289844633046,1.0,0.0,3.0437981388e-06,0.9884289844633046,13281.755322083436,6693.242958706332,0.0,79175.28472001659,99150.28300080635
2026-08-27 00:00:00+00:00,5.300701340997357,0.0,6661.009770201523,-5.300701340997357,2511.99,10.0,0.0,0.0,1.2451390745395232,348531.53534512187,265324.1943931812,0,2490.71,2490.71,2490.71,2490.71,0.0,2490.71,0.0001,7862400.0,0.04776618325484905,1.0,1.2451390745395232,798094.9509128855,2135797.684097291,57.6,0.00098686,0.9884342493709645,1.0,0.0,3.0437473428000004e-06,0.9884342493709645,13202.509837035526,6773.808694737945,0.0,79176.31212778413,99152.6306595576
2026-08-27 01:00:00+00:00,5.300701340997357,0.0,6661.009770201523,-5.300701340997357,2511.99,10.0,0.0,0.0,1.2451449358549054,348531.53534512187,265325.0019607435,0,2496.81,2496.81,2496.81,2496.81,0.0,2496.81,0.0,7858800.0,0.047766183291910735,1.0,1.2451449358549054,798094.9509128855,2135797.684097291,57.6,0.00098686,0.9884395143066682,1.0,0.0,3.0436965432e-06,0.9884395143066682,13234.84411521561,6741.474416557861,0.0,79177.33955634612,99153.6580881196
2026-08-27 02:00:00+00:00,5.300701340997357,0.0,6661.009770201523,-5.300701340997357,2511.99,10.0,0.0,0.0,1.2451508038088759,348531.53534512187,265325.8095172863,0,2493.83,2493.83,2493.83,2493.83,0.0,2493.83,0.0,7855200.0,0.0475573142229897,1.0,1.2451508038088759,798094.9509128855,2160753.578462233,57.6,0.00098686,0.9884938663231562,1.0,0.0,3.0436457472e-06,0.9884938663231562,13219.048025219437,6757.270506554034,0.0,79195.47539155895,99171.79392333243
2026-08-27 03:00:00+00:00,5.300701340997357,0.0,6661.009770201523,-5.300701340997357,2511.99,10.0,0.0,0.0,1.2451567264268404,348531.53534512187,265326.6170628114,0,2491.95,2491.95,2491.95,2491.95,0.0,2491.95,0.0,7851600.0,0.047070239781170864,1.0,1.2451567264268404,781497.1386672343,2173932.283800829,57.6,0.00098686,0.9886135737732643,1.0,0.0,3.0435949584000004e-06,0.9886135737732643,13209.082706698362,6767.2358250751095,0.0,79236.38966741232,99212.7081991858
2026-08-27 04:00:00+00:00,5.300701340997357,0.0,6661.009770201523,-5.300701340997357,2511.99,10.0,0.0,0.0,1.245162586869965,348531.53534512187,265327.42459731776,0,2486.45,2486.45,2486.45,2486.45,0.0,2486.45,0.0,7848000.0,0.047070239817781134,1.0,1.245162586869965,781497.1386672343,2173932.283800829,57.6,0.00098686,0.9886187646785295,1.0,0.0,3.043544166e-06,0.9886187646785295,13179.928849322876,6796.3896824505955,0.0,79237.39132708788,99213.70985886136
2026-08-27 05:00:00+00:00,5.300701340997357,0.0,6661.009770201523,-5.300701340997357,2511.99,10.0,0.0,0.0,1.245168448683367,348531.53534512187,265328.2321208052,0,2495.52,2495.52,2495.52,2495.52,0.0,2495.52,0.0,7844400.0,0.04707023974223756,1.0,1.245168448683367,781497.1386672343,2173932.297490064,57.6,0.00098686,0.9886239556373988,1.0,0.0,3.0434933736e-06,0.9886239556373988,13228.006210485724,6748.312321287748,0.0,79238.39301646507,99214.71154823854
2026-08-27 06:00:00+00:00,5.300701340997357,0.0,6661.009770201523,-5.300701340997357,2511.99,10.0,0.0,0.0,1.245174310496755,348531.53534512187,265329.03963327454,0,2492.06,2492.06,2492.06,2492.06,0.0,2492.06,0.0,7840800.0,0.04707023977891489,1.0,1.245174310496755,781497.1386672343,2173932.297490064,57.6,0.00098686,0.9886291465971639,1.0,0.0,3.0434425848e-06,0.9886291465971639,13209.665783845872,6766.652747927599,0.0,79239.39471717254,99215.71324894602
2026-08-27 07:00:00+00:00,5.300701340997357,0.0,6661.009770201523,-5.300701340997357,2511.99,10.0,0.0,0.0,1.2451801381875411,348531.53534512187,265329.8471347258,0,2496.19,2496.19,2496.19,2496.19,0.0,2496.19,0.0,7837200.0,0.04733487240061973,1.0,1.2451801381875411,790484.9690293231,2166797.0092453384,57.6,0.00098686,0.988572252252716,1.0,0.0,3.043391796e-06,0.988572252252716,13231.557680384192,6744.760851389279,0.0,79218.75774249848,99195.07627427195
2026-08-27 08:00:00+00:00,5.300701340997357,0.0,6661.844692013047,-5.300701340997357,2511.99,10.0,0.0,0.0,1.2451859996170973,348531.53534512187,265330.6546251587,0,2529.9,2529.9,2529.9,2529.9,0.0,2529.9,6.226e-05,7833600.0,0.047334872437576614,1.0,1.2451859996170973,790484.9690293231,2166797.0092453384,57.6,0.00098686,0.9885774714589655,1.0,0.0,3.0433410072e-06,0.9885774714589655,13410.244322589213,6566.909130995783,0.0,79219.76931003295,99196.92276361794
2026-08-27 09:00:00+00:00,5.300701340997357,0.0,6661.844692013047,-5.300701340997357,2511.99,10.0,0.0,0.0,1.245191861308605,348531.53534512187,265331.4621045751,0,2533.57,2533.57,2533.57,2533.57,0.0,2533.57,0.0,7830000.0,0.047334872474566136,1.0,1.245191861308605,790484.9690293231,2166797.0092453384,57.6,0.00098686,0.9885826906927703,1.0,0.0,3.0432902255999998e-06,0.9885826906927703,13429.697896510674,6547.455557074322,0.0,79220.78089818783,99197.93435177283
2026-08-27 10:00:00+00:00,5.300701340997357,0.0,6661.844692013047,-5.300701340997357,2511.99,10.0,0.0,0.0,1.2451976451777218,348531.53534512187,265332.269572974,0,2502.75,2502.75,2502.75,2502.75,0.0,2502.75,0.0,7826400.0,0.04733487251159074,1.0,1.2451976451777218,790484.9690293231,2166797.0092453384,57.6,0.00098686,0.98858790995413,1.0,0.0,3.0432394404e-06,0.98858790995413,13266.330281181134,6710.8231724038615,0.0,79221.792506964,99198.945960549
2026-08-27 11:00:00+00:00,5.300701340997357,0.0,6661.844692013047,-5.300701340997357,2511.99,10.0,0.0,0.0,1.2452035136886634,348531.53534512187,265333.0770303553,0,2500.41,2500.41,2500.41,2500.41,0.0,2500.41,0.0,7822800.0,0.047334872548648654,1.0,1.2452035136886634,790484.9690293231,2166797.0092453384,57.6,0.00098686,0.9885931292430452,1.0,0.0,3.0431886551999997e-06,0.9885931292430452,13253.9266400432,6723.226813541796,0.0,79222.80413636175,99199.95758994675
2026-08-27 12:00:00+00:00,5.300701340997357,0.0,6661.844692013047,-5.300701340997357,2511.99,10.0,0.0,0.0,1.2452093805566795,348531.53534512187,265333.8844767197,0,2493.92,2493.92,2493.92,2493.92,0.0,2493.92,0.0,7819200.0,0.047334872585741206,1.0,1.2452093805566795,790484.9690293231,2166797.0092453384,57.6,0.00098686,0.9885983485595157,1.0,0.0,3.0431378736e-06,0.9885983485595157,13219.525088340128,6757.628365244868,0.0,79223.8157863802,99200.9692399652
2026-08-27 13:00:00+00:00,5.300701340997357,0.0,6661.844692013047,-5.300701340997357,2511.99,10.0,0.0,0.0,1.2452152405877022,348531.53534512187,265334.6919120672,0,2495.24,2495.24,2495.24,2495.24,0.0,2495.24,0.0,7815600.0,0.047334872622868174,1.0,1.2452152405877022,790484.9690293231,2166797.0092453384,57.6,0.00098686,0.9886035679035418,1.0,0.0,3.043087092e-06,0.9886035679035418,13226.522014110244,6750.631439474753,0.0,79224.82745701965,99201.98091060465
2026-08-27 14:00:00+00:00,5.300701340997357,0.0,6661.844692013047,-5.300701340997357,2511.99,10.0,0.0,0.0,1.2452211076002788,348531.53534512187,265335.49933639856,0,2516.23,2516.23,2516.23,2516.23,0.0,2516.23,0.0,7812000.0,0.04733487266002934,1.0,1.2452211076002788,790484.9690293231,2166797.0092453384,57.6,0.00098686,0.9886087872751236,1.0,0.0,3.0430363139999997e-06,0.9886087872751236,13337.783735257779,6639.369718327217,0.0,79225.83914827922,99202.99260186421
2026-08-27 15:00:00+00:00,5.300701340997357,0.0,6661.844692013047,-5.300701340997357,2511.99,10.0,0.0,0.0,1.2452269813928873,348531.53534512187,265336.30674971367,0,2520.58,2520.58,2520.58,2520.58,0.0,2520.58,0.0,7808400.0,0.04733487269722447,1.0,1.2452269813928873,790484.9690293231,2166797.0092453384,57.6,0.00098686,0.9886140066742612,1.0,0.0,3.042985536e-06,0.9886140066742612,13360.841786091118,6616.311667493879,0.0,79226.85086015915,99204.00431374414
2026-08-27 16:00:00+00:00,5.300701340997357,0.0,6661.989291306862,-5.300701340997357,2511.99,10.0,0.0,0.0,1.2452328549571932,348531.53534512187,265337.11415201344,0,2521.19,2521.19,2521.19,2521.19,0.0,2521.19,1.082e-05,7804800.0,0.04733487273445336,1.0,1.2452328549571932,790484.9690293231,2166797.0092453384,57.6,0.00098686,0.9886192261009551,1.0,0.0,3.0429347616000004e-06,0.9886192261009551,13364.075213909126,6613.222838969685,0.0,79227.86259265861,99205.16064553743
2026-08-27 17:00:00+00:00,5.300701340997357,0.0,6661.989291306862,-5.300701340997357,2511.99,10.0,0.0,0.0,1.2452387284979187,348531.53534512187,265337.9215432967,0,2517.03,2517.03,2517.03,2517.03,0.0,2517.03,0.0,7801200.0,0.04733487277171733,1.0,1.2452387284979187,792461.7136914358,2172215.460689351,57.6,0.00098686,0.988624445555205,1.0,0.0,3.0428839836e-06,0.988624445555205,13342.024296330577,6635.273756548233,0.0,79228.87434577872,99206.17239865754
2026-08-27 18:00:00+00:00,5.300701340997357,0.0,6661.989291306862,-5.300701340997357,2511.99,10.0,0.0,0.0,1.2452445628817064,348531.53534512187,265338.7289235644,0,2505.64,2505.64,2505.64,2505.64,0.0,2505.64,0.0,7797600.0,0.047334872809015494,1.0,1.2452445628817064,792461.7136914358,2172215.460689351,57.6,0.00098686,0.9886296650370113,1.0,0.0,3.0428332091999997e-06,0.9886296650370113,13281.649308056616,6695.648744822194,0.0,79229.88611951866,99207.18417239748
2026-08-27 19:00:00+00:00,5.300701340997357,0.0,6661.989291306862,-5.300701340997357,2511.99,10.0,0.0,0.0,1.2452504366475277,348531.53534512187,265339.5362928164,0,2496.79,2496.79,2496.79,2496.79,0.0,2496.79,0.0,7794000.0,0.04733487284634852,1.0,1.2452504366475277,792461.7136914358,2172215.460689351,57.6,0.00098686,0.9886348845463739,1.0,0.0,3.0427824348e-06,0.9886348845463739,13234.73810118879,6742.55995169002,0.0,79230.89791387861,99208.19596675743
2026-08-27 20:00:00+00:00,5.300701340997357,0.0,6661.989291306862,-5.300701340997357,2511.99,10.0,0.0,0.0,1.2452563102563177,348531.53534512187,265340.3436510535,0,2506.96,2506.96,2506.96,2506.96,0.0,2506.96,0.0,7790400.0,0.04733487288371574,1.0,1.2452563102563177,792461.7136914358,2172215.460689351,57.6,0.00098686,0.9886401040832932,1.0,0.0,3.042731664e-06,0.9886401040832932,13288.646233826734,6688.6518190520765,0.0,79231.90972885775,99209.20778173656
2026-08-27 21:00:00+00:00,5.300701340997357,0.0,6661.989291306862,-5.300701340997357,2511.99,10.0,0.0,0.0,1.2452621830454282,348531.53534512187,265341.15099827555,0,2503.1,2503.1,2503.1,2503.1,0.0,2503.1,0.0,7786800.0,0.047334607026233266,1.0,1.2452621830454282,792452.6253197055,2172222.676498292,57.6,0.00098686,0.9886453856228948,1.0,0.0,3.0426808932e-06,0.9886453856228948,13268.185526650483,6709.112526228328,0.0,79232.94316474209,99210.2412176209
2026-08-27 22:00:00+00:00,5.300701340997357,0.0,6661.989291306862,-5.300701340997357,2511.99,10.0,0.0,0.0,1.2452680479620675,348531.53534512187,265341.9583344825,0,2513.8,2513.8,2513.8,2513.8,0.0,2513.8,0.0,7783200.0,0.04739504650623205,1.0,1.2452680479620675,794520.3657117336,2170581.1404958693,57.6,0.00098686,0.9886365248255075,1.0,0.0,3.0426301224e-06,0.9886365248255075,13324.903030999156,6652.395021879654,0.0,79229.04756121727,99206.34561409609
2026-08-27 23:00:00+00:00,5.300701340997357,0.0,6661.989291306862,-5.300701340997357,2511.99,10.0,0.0,0.0,1.2452739206387564,348531.53534512187,265342.7656596752,0,2509.74,2509.74,2509.74,2509.74,0.0,2509.74,0.0,7779600.0,0.047395046543751373,1.0,1.2452739206387564,794520.3657117336,2170581.1404958693,57.6,0.00098686,0.9886417508550671,1.0,0.0,3.0425793552000002e-06,0.9886417508550671,13303.382183554704,6673.915869324105,0.0,79230.06167213083,99207.35972500965
2026-08-28 00:00:00+00:00,5.300701340997357,0.0,6662.2653301862265,-5.300701340997357,2511.99,10.0,0.0,0.0,1.2452797563931068,348531.53534512187,265343.57297385344,0,2514.53,2514.53,2514.53,2514.53,0.0,2514.53,2.071e-05,7776000.0,0.0476823532082693,1.0,1.2452797563931068,804400.7358592874,2162737.844094664,57.6,0.00098686,0.988580119159871,1.0,0.0,3.042528588e-06,0.988580119159871,13328.772542978084,6648.801548780091,0.0,79207.7737685999,99185.34786035807
2026-08-28 01:00:00+00:00,5.300701340997357,0.0,6662.2653301862265,-5.300701340997357,2511.99,10.0,0.0,0.0,1.2452856185683163,348531.53534512187,265344.3802770181,0,2511.01,2511.01,2511.01,2511.01,0.0,2511.01,0.0,7772400.0,0.04768235324609216,1.0,1.2452856185683163,804400.7358592874,2162737.844094664,57.6,0.00098686,0.9885853758429933,1.0,0.0,3.0424778244e-06,0.9885853758429933,13310.114074257774,6667.460017500402,0.0,79208.79858527472,99186.3726770329
2026-08-28 02:00:00+00:00,5.300701340997357,0.0,6662.2653301862265,-5.300701340997357,2511.99,10.0,0.0,0.0,1.2452919834395844,348531.53534512187,265345.18756916915,0,2490.77,2490.77,2490.77,2490.77,0.0,2490.77,0.0,7768800.0,0.04768235328394965,1.0,1.2452919834395844,804400.7358592874,2162737.844094664,57.6,0.00098686,0.9885906325540678,1.0,0.0,3.0424270608e-06,0.9885906325540678,13202.827879115986,6774.74621264219,0.0,79209.82342270529,99187.39751446346
2026-08-28 03:00:00+00:00,5.300701340997357,0.0,6662.2653301862265,-5.300701340997357,2511.99,10.0,0.0,0.0,1.2452987663396455,348531.53534512187,265345.9948503064,0,2488.61,2488.61,2488.61,2488.61,0.0,2488.61,0.0,7765200.0,0.04768235332184134,1.0,1.2452987663396455,804400.7358592874,2162737.844094664,57.6,0.00098686,0.9885958892930945,1.0,0.0,3.0423762972e-06,0.9885958892930945,13191.378364219432,6786.195727538743,0.0,79210.84828089195,99188.42237265012
2026-08-28 04:00:00+00:00,5.300701340997357,0.0,6662.2653301862265,-5.300701340997357,2511.99,10.0,0.0,0.0,1.2453055519111655,348531.53534512187,265346.8021204298,0,2484.74,2484.74,2484.74,2484.74,0.0,2484.74,0.0,7761600.0,0.047682353359769225,1.0,1.2453055519111655,804400.7358592874,2162737.844094664,57.6,0.00098686,0.9886011460600731,1.0,0.0,3.0423255336000003e-06,0.9886011460600731,13170.864650029771,6806.709441728404,0.0,79211.87315983453,99189.4472515927
2026-08-28 05:00:00+00:00,5.300701340997357,0.0,6662.2653301862265,-5.300701340997357,2511.99,10.0,0.0,0.0,1.2453122021863128,348531.53534512187,265347.6093795401,0,2492.04,2492.04,2492.04,2492.04,0.0,2492.04,0.0,7758000.0,0.048752628133595266,1.0,1.2453122021863128,841947.5280207716,2132939.683457194,57.6,0.00098686,0.9883581147267289,1.0,0.0,3.0422747736e-06,0.9883581147267289,13209.559769819052,6768.014321939123,0.0,79126.36181697686,99103.93590873503
2026-08-28 06:00:00+00:00,5.300701340997357,0.0,6662.2653301862265,-5.300701340997357,2511.99,10.0,0.0,0.0,1.2453189907839808,348531.53534512187,265348.4166276372,0,2501.7,2501.7,2501.7,2501.7,0.0,2501.7,0.0,7754400.0,0.048752628172465506,1.0,1.2453189907839808,841947.5280207716,2132939.683457194,57.6,0.00098686,0.9883634854302289,1.0,0.0,3.0422240136e-06,0.9883634854302289,13260.764544773087,6716.809546985089,0.0,79127.42642841645,99105.00052017462
2026-08-28 07:00:00+00:00,5.300701340997357,0.0,6662.2653301862265,-5.300701340997357,2511.99,10.0,0.0,0.0,1.2453257793816492,348531.53534512187,265349.223864722,0,2495.34,2495.34,2495.34,2495.34,0.0,2495.34,0.0,7750800.0,0.048752628211372606,1.0,1.2453257793816492,841947.5280207716,2132939.683457194,57.6,0.00098686,0.988368856162913,1.0,0.0,3.0421732572000003e-06,0.988368856162913,13227.052084244346,6750.52200751383,0.0,79128.49106103997,99106.06515279814
2026-08-28 08:00:00+00:00,5.300701340997357,0.0,6662.247795663907,-5.300701340997357,2511.99,10.0,0.0,0.0,1.2453325679793144,348531.53534512187,265350.0310907953,0,2487.19,2487.19,2487.19,2487.19,0.0,2487.19,-1.33e-06,7747200.0,0.04875262825031612,1.0,1.2453325679793144,841947.5280207716,2132939.683457194,57.6,0.00098686,0.9883742269247815,1.0,0.0,3.0421225044e-06,0.9883742269247815,13183.851368315216,6793.70518892064,0.0,79129.5557148467,99107.11227208257
2026-08-28 09:00:00+00:00,5.300701340997357,0.0,6662.247795663907,-5.300701340997357,2511.99,10.0,0.0,0.0,1.2453395659564874,348531.53534512187,265350.838305856,0,2488.62,2488.62,2488.62,2488.62,0.0,2488.62,0.0,7743600.0,0.04712492503367893,1.0,1.2453395659564874,785313.3585739582,2177903.099844226,57.6,0.00098686,0.9887566332707055,1.0,0.0,3.042071748e-06,0.9887566332707055,13191.43137123284,6786.125186003014,0.0,79262.02917065663,99239.5857278925
2026-08-28 10:00:00+00:00,5.300701340997357,0.0,6662.247795663907,-5.300701340997357,2511.99,10.0,0.0,0.0,1.2453462820354928,348531.53534512187,265351.645509904,0,2505.52,2505.52,2505.52,2505.52,0.0,2505.52,0.0,7740000.0,0.04732887637698546,1.0,1.2453462820354928,792261.676724833,2172386.8828532156,57.6,0.00098686,0.9887145699891666,1.0,0.0,3.0420209916e-06,0.9887145699891666,13281.013223895698,6696.543333340159,0.0,79246.5615865122,99224.11814374806
2026-08-28 11:00:00+00:00,5.300701340997357,0.0,6662.247795663907,-5.300701340997357,2511.99,10.0,0.0,0.0,1.2453530688685812,348531.53534512187,265352.4527029402,0,2504.11,2504.11,2504.11,2504.11,0.0,2504.11,0.0,7736400.0,0.047328876414872045,1.0,1.2453530688685812,792261.676724833,2172386.8828532156,57.6,0.00098686,0.9887197893005084,1.0,0.0,3.0419702388000003e-06,0.9887197893005084,13273.539235004891,6704.017322230964,0.0,79247.57348807139,99225.13004530725
2026-08-28 12:00:00+00:00,5.300701340997357,0.0,6662.247795663907,-5.300701340997357,2511.99,10.0,0.0,0.0,1.245359911759719,348531.53534512187,265353.25988496444,0,2497.99,2497.99,2497.99,2497.99,0.0,2497.99,0.0,7732800.0,0.046879759433248624,1.0,1.245359911759719,777018.0382995735,2184490.845558758,57.6,0.00098686,0.9888290002004289,1.0,0.0,3.041919486e-06,0.9888290002004289,13241.098942797986,6736.45761443787,0.0,79284.82974867284,99262.3863059087
2026-08-28 13:00:00+00:00,5.300701340997357,0.0,6662.247795663907,-5.300701340997357,2511.99,10.0,0.0,0.0,1.2453666964066379,348531.53534512187,265354.1747389923,0,2508.51,2508.51,2508.51,2508.51,0.0,2508.51,0.0,7729200.0,0.04687975947083767,1.0,1.2453666964066379,777018.0382995735,2184490.845558758,57.6,0.00098686,0.9888341716999124,1.0,0.0,3.4476774516e-06,0.9888341716999124,13296.86232090528,6680.694236330575,0.0,79285.71732530004,99263.2738825359
2026-08-28 14:00:00+00:00,5.300701340997357,0.0,6662.247795663907,-5.300701340997357,2511.99,10.0,0.0,0.0,1.2453734845650195,348531.53534512187,265355.1048788387,0,2512.04,2512.04,2512.04,2512.04,0.0,2512.04,0.0,7725600.0,0.0468465983060522,1.0,1.2453734845650195,777018.037246431,2188525.0976607064,57.6,0.00098686,0.9888470167243462,1.0,0.0,3.5052707088e-06,0.9888470167243462,13315.573796638999,6661.982760596856,0.0,79289.2640815411,99266.82063877696
2026-08-28 15:00:00+00:00,5.300701340997357,0.0,6662.247795663907,-5.300701340997357,2511.99,10.0,0.0,0.0,1.245380270651602,348531.53534512187,265356.03515269683,0,2470.35,2470.35,2470.35,2470.35,0.0,2470.35,0.0,7722000.0,0.0468465983436841,1.0,1.245380270651602,777018.037246431,2188525.0976607064,57.6,0.00098686,0.9888521847423069,1.0,0.0,3.505763448e-06,0.9888521847423069,13094.587557732819,6882.968999503036,0.0,79290.13502491749,99267.69158215335
2026-08-28 16:00:00+00:00,5.300701340997357,0.0,6662.975176256127,-5.300701340997357,2511.99,10.0,0.0,0.0,1.2453870521450086,348531.53534512187,265356.96556059475,0,2440.83,2440.83,2440.83,2440.83,0.0,2440.83,5.622e-05,7718400.0,0.04684659838135019,1.0,1.2453870521450086,777018.037246431,2188525.0976607064,57.6,0.00098686,0.9888573527872774,1.0,0.0,3.506256288e-06,0.9888573527872774,12938.110854146578,7040.173083681499,0.0,79291.00584366784,99269.28978149591
2026-08-28 17:00:00+00:00,5.300701340997357,0.0,6662.975176256127,-5.300701340997357,2511.99,10.0,0.0,0.0,1.245393752258341,348531.53534512187,265357.8961025607,0,2442.45,2442.45,2442.45,2442.45,0.0,2442.45,0.0,7714800.0,0.04732878457696832,1.0,1.245393752258341,793399.6728111388,2175520.0339374435,57.6,0.00098686,0.9887511270099912,1.0,0.0,3.5067492288000003e-06,0.9887511270099912,12946.697990318993,7031.585947509083,0.0,79253.05226845114,99231.33620627921
2026-08-28 18:00:00+00:00,5.300701340997357,0.0,6662.975176256127,-5.300701340997357,2511.99,10.0,0.0,0.0,1.2454005007559772,348531.53534512187,265358.8267786246,0,2427.47,2427.47,2427.47,2427.47,0.0,2427.47,0.0,7711200.0,0.047069809347658476,1.0,1.2454005007559772,784572.0321622299,2182529.2641376974,57.6,0.00098686,0.9888161390062902,1.0,0.0,3.5072422776e-06,0.9888161390062902,12867.293484230853,7110.990453597224,0.0,79274.78032327315,99253.06426110123
2026-08-28 19:00:00+00:00,5.300701340997357,0.0,6662.975176256127,-5.300701340997357,2511.99,10.0,0.0,0.0,1.2454072382673353,348531.53534512187,265359.7575888147,0,2434.42,2434.42,2434.42,2434.42,0.0,2434.42,0.0,7707600.0,0.047069809385614336,1.0,1.2454072382673353,784572.0321622299,2182529.2641376974,57.6,0.00098686,0.9888213309286035,1.0,0.0,3.5077354272000003e-06,0.9888213309286035,12904.133358550785,7074.1505792772905,0.0,79275.65906173829,99253.94299956637
2026-08-28 20:00:00+00:00,5.300701340997357,0.0,6662.975176256127,-5.300701340997357,2511.99,10.0,0.0,0.0,1.2454139760026837,348531.53534512187,265360.68853316014,0,2426.63,2426.63,2426.63,2426.63,0.0,2426.63,0.0,7704000.0,0.04706980942360617,1.0,1.2454139760026837,784572.0321622299,2182529.2641376974,57.6,0.00098686,0.9888265228781776,1.0,0.0,3.5082286812e-06,0.9888265228781776,12862.840895104417,7115.44304272366,0.0,79276.53767554939,99254.82161337747
2026-08-28 21:00:00+00:00,5.300701340997357,0.0,6662.975176256127,-5.300701340997357,2511.99,10.0,0.0,0.0,1.2454207121470167,348531.53534512187,265361.61961169087,0,2423.99,2423.99,2423.99,2423.99,0.0,2423.99,0.0,7700400.0,0.04708408056607505,1.0,1.2454207121470167,785056.7009917417,2182144.467782087,57.6,0.00098686,0.9888284240107496,1.0,0.0,3.5087220432e-06,0.9888284240107496,12848.847043564181,7129.436894263895,0.0,79276.26920167287,99254.55313950095
2026-08-28 22:00:00+00:00,5.300701340997357,0.0,6662.975176256127,-5.300701340997357,2511.99,10.0,0.0,0.0,1.2454274504857399,348531.53534512187,265362.550824435,0,2440.93,2440.93,2440.93,2440.93,0.0,2440.93,0.0,7696800.0,0.04708408060414948,1.0,1.2454274504857399,785056.7009917417,2182144.467782087,57.6,0.00098686,0.9888336175360666,1.0,0.0,3.509215506e-06,0.9888336175360666,12938.640924280677,7039.643013547399,0.0,79277.14809628128,99255.43203410936
2026-08-28 23:00:00+00:00,5.300701340997357,0.0,6662.975176256127,-5.300701340997357,2511.99,10.0,0.0,0.0,1.2454341892970286,348531.53534512187,265363.4821714217,0,2441.9,2441.9,2441.9,2441.9,0.0,2441.9,0.0,7693200.0,0.04708408064225944,1.0,1.2454341892970286,785056.7009917417,2182144.467782087,57.6,0.00098686,0.9888388110886611,1.0,0.0,3.5097090732000004e-06,0.9888388110886611,12943.782604581445,7034.501333246631,0.0,79278.02686615428,99256.31080398236
2026-08-29 00:00:00+00:00,5.300701340997357,0.0,6663.18107135697,-5.300701340997357,2511.99,10.0,0.0,0.0,1.2454409282774548,348531.53534512187,265364.41365268,0,2441.42,2441.42,2441.42,2441.42,0.0,2441.42,1.591e-05,7689600.0,0.04708408068040559,1.0,1.2454409282774548,785056.7009917417,2182144.467782087,57.6,0.00098686,0.9888440046685331,1.0,0.0,3.5102027448000003e-06,0.9888440046685331,12941.238267937766,7037.251564991152,0.0,79278.90551126271,99257.39534419162
2026-08-29 01:00:00+00:00,5.300701340997357,0.0,6663.18107135697,-5.300701340997357,2511.99,10.0,0.0,0.0,1.2454476671311572,348531.53534512187,265365.3452682381,0,2442.44,2442.44,2442.44,2442.44,0.0,2442.44,0.0,7686000.0,0.047084080718587495,1.0,1.2454476671311572,785056.7009917417,2182144.467782087,57.6,0.00098686,0.9888491982756827,1.0,0.0,3.5106965172e-06,0.9888491982756827,12946.644983305585,7031.844849623335,0.0,79279.78403157846,99258.27386450738
2026-08-29 02:00:00+00:00,5.300701340997357,0.0,6663.18107135697,-5.300701340997357,2511.99,10.0,0.0,0.0,1.2454543157030336,348531.53534512187,265366.27701812604,0,2437.59,2437.59,2437.59,2437.59,0.0,2437.59,0.0,7682400.0,0.04708408075680426,1.0,1.2454543157030336,785056.7009917417,2182144.467782087,57.6,0.00098686,0.9888543919101105,1.0,0.0,3.5111903976e-06,0.9888543919101105,12920.936581801747,7057.553251127171,0.0,79280.6624270716,99259.15226000051
2026-08-29 03:00:00+00:00,5.300701340997357,0.0,6663.18107135697,-5.300701340997357,2511.99,10.0,0.0,0.0,1.2454610522802156,348531.53534512187,265367.2089023729,0,2434.05,2434.05,2434.05,2434.05,0.0,2434.05,0.0,7678800.0,0.0470840807950581,1.0,1.2454610522802156,785056.7009917417,2182144.467782087,57.6,0.00098686,0.988859585571816,1.0,0.0,3.5116843824e-06,0.988859585571816,12902.172099054616,7076.317733874303,0.0,79281.54069771303,99260.03053064196
2026-08-29 04:00:00+00:00,5.300701340997357,0.0,6663.18107135697,-5.300701340997357,2511.99,10.0,0.0,0.0,1.2454677891153685,348531.53534512187,265368.14092100685,0,2439.14,2439.14,2439.14,2439.14,0.0,2439.14,0.0,7675200.0,0.04708408083334703,1.0,1.2454677891153685,785056.7009917417,2182144.467782087,57.6,0.00098686,0.9888647792607997,1.0,0.0,3.512178468e-06,0.9888647792607997,12929.152668880291,7049.3371640486275,0.0,79282.4188434747,99260.90867640363
2026-08-29 05:00:00+00:00,5.300701340997357,0.0,6663.18107135697,-5.300701340997357,2511.99,10.0,0.0,0.0,1.2454745232193802,348531.53534512187,265369.07307405595,0,2437.8,2437.8,2437.8,2437.8,0.0,2437.8,0.0,7671600.0,0.04708667607745021,1.0,1.2454745232193802,785144.8570225444,2182074.4775893516,57.6,0.00098686,0.9888693767549113,1.0,0.0,3.5126726544e-06,0.9888693767549113,12922.049729083357,7056.440103845562,0.0,79283.08906210703,99261.57889503596
2026-08-29 06:00:00+00:00,5.300701340997357,0.0,6663.18107135697,-5.300701340997357,2511.99,10.0,0.0,0.0,1.2454812476493475,348531.53534512187,265370.0053615513,0,2433.93,2433.93,2433.93,2433.93,0.0,2433.93,0.0,7668000.0,0.047086676115813075,1.0,1.2454812476493475,785144.8570225444,2182074.4775893516,57.6,0.00098686,0.9888745707751064,1.0,0.0,3.5131669524e-06,0.9888745707751064,12901.536014893696,7076.953818035224,0.0,79283.96705444495,99262.45688737388
2026-08-29 07:00:00+00:00,5.300701340997357,0.0,6663.18107135697,-5.300701340997357,2511.99,10.0,0.0,0.0,1.2454879716408156,348531.53534512187,265370.937783521,0,2435.2,2435.2,2435.2,2435.2,0.0,2435.2,0.0,7664400.0,0.04708667615421258,1.0,1.2454879716408156,785144.8570225444,2182074.4775893516,57.6,0.00098686,0.988879764822583,1.0,0.0,3.5136613512000006e-06,0.988879764822583,12908.267905596762,7070.221927332157,0.0,79284.8449218169,99263.33475474583
2026-08-29 08:00:00+00:00,5.300701340997357,0.0,6663.543205086759,-5.300701340997357,2511.99,10.0,0.0,0.0,1.2454946956055402,348531.53534512187,265371.8703399923,0,2432.98,2432.98,2432.98,2432.98,0.0,2432.98,2.808e-05,7660800.0,0.04708667619264806,1.0,1.2454946956055402,785144.8570225444,2182074.4775893516,57.6,0.00098686,0.9888849588973412,1.0,0.0,3.5141558472e-06,0.9888849588973412,12896.50034861975,7082.35161803896,0.0,79285.72266419575,99264.57463085446
2026-08-29 09:00:00+00:00,5.300701340997357,0.0,6663.543205086759,-5.300701340997357,2511.99,10.0,0.0,0.0,1.2455014232201531,348531.53534512187,265372.8030309961,0,2434.21,2434.21,2434.21,2434.21,0.0,2434.21,0.0,7657200.0,0.04708667623111973,1.0,1.2455014232201531,785144.8570225444,2182074.4775893516,57.6,0.00098686,0.9888901529993812,1.0,0.0,3.5146504547999994e-06,0.9888901529993812,12903.020211269175,7075.831755389532,0.0,79286.60028155067,99265.45224820937
2026-08-29 10:00:00+00:00,5.300701340997357,0.0,6663.543205086759,-5.300701340997357,2511.99,10.0,0.0,0.0,1.2455080847574904,348531.53534512187,265373.73585656064,0,2433.58,2433.58,2433.58,2433.58,0.0,2433.58,0.0,7653600.0,0.047086676269626926,1.0,1.2455080847574904,785144.8570225444,2182074.4775893516,57.6,0.00098686,0.9888953471287032,1.0,0.0,3.5151451632e-06,0.9888953471287032,12899.680769424347,7079.171197234361,0.0,79287.47777385352,99266.32974051223
2026-08-29 11:00:00+00:00,5.300701340997357,0.0,6663.543205086759,-5.300701340997357,2511.99,10.0,0.0,0.0,1.2455148135998333,348531.53534512187,265374.66881671594,0,2434.87,2434.87,2434.87,2434.87,0.0,2434.87,0.0,7650000.0,0.04708667630817165,1.0,1.2455148135998333,785144.8570225444,2182074.4775893516,57.6,0.00098686,0.9889005412853071,1.0,0.0,3.5156399796e-06,0.9889005412853071,12906.518674154233,7072.333292504475,0.0,79288.35514107422,99267.20710773293
2026-08-29 12:00:00+00:00,5.300701340997357,0.0,6663.543205086759,-5.300701340997357,2511.99,10.0,0.0,0.0,1.2455215430681783,348531.53534512187,265375.60191148915,0,2433.52,2433.52,2433.52,2433.52,0.0,2433.52,0.0,7646400.0,0.047086676346751455,1.0,1.2455215430681783,785144.8570225444,2182074.4775893516,57.6,0.00098686,0.9889057354691935,1.0,0.0,3.5161348932e-06,0.9889057354691935,12899.362727343887,7079.489239314821,0.0,79289.23238318576,99268.08434984447
2026-08-29 13:00:00+00:00,5.300701340997357,0.0,6663.543205086759,-5.300701340997357,2511.99,10.0,0.0,0.0,1.245528272546856,348531.53534512187,265376.5351409104,0,2434.59,2434.59,2434.59,2434.59,0.0,2434.59,0.0,7642800.0,0.04708667638536901,1.0,1.245528272546856,785144.8570225444,2182074.4775893516,57.6,0.00098686,0.9889109296803619,1.0,0.0,3.5166299148e-06,0.9889109296803619,12905.034477778756,7073.817488879953,0.0,79290.10950015794,99268.96146681665
2026-08-29 14:00:00+00:00,5.300701340997357,0.0,6663.543205086759,-5.300701340997357,2511.99,10.0,0.0,0.0,1.2455350023833538,348531.53534512187,265377.4685050088,0,2447.34,2447.34,2447.34,2447.34,0.0,2447.34,0.0,7639200.0,0.04708667642466646,1.0,1.2455350023833538,785144.8570225444,2182074.4775893516,57.6,0.00098686,0.9889161239186656,1.0,0.0,3.5171250407999993e-06,0.9889161239186656,12972.618419876471,7006.233546782237,0.0,79290.98649191053,99269.83845856924
2026-08-29 15:00:00+00:00,5.300701340997357,0.0,6663.543205086759,-5.300701340997357,2511.99,10.0,0.0,0.0,1.2455417549060492,348531.53534512187,265378.40200381237,0,2443.51,2443.51,2443.51,2443.51,0.0,2443.51,0.0,7635600.0,0.04676993467630686,1.0,1.2455417549060492,791453.0947663571,2238707.241876743,57.6,0.00098686,0.9889937622194946,1.0,0.0,3.5176202675999995e-06,0.9889937622194946,12952.316733740452,7026.535232918256,0.0,79317.11238929647,99295.96435595518
2026-08-29 16:00:00+00:00,5.300701340997357,0.0,6664.331532212195,-5.300701340997357,2511.99,10.0,0.0,0.0,1.2455484593356125,348531.53534512187,265379.3356373513,0,2449.7,2449.7,2449.7,2449.7,0.0,2449.7,6.071e-05,7632000.0,0.0467699347147672,1.0,1.2455484593356125,791453.0947663571,2238707.241876743,57.6,0.00098686,0.9889989227360472,1.0,0.0,3.5181156024e-06,0.9889989227360472,12985.128075041224,6994.512218742921,0.0,79317.97735851473,99297.61765229888
2026-08-29 17:00:00+00:00,5.300701340997357,0.0,6664.331532212195,-5.300701340997357,2511.99,10.0,0.0,0.0,1.245555164351429,348531.53534512187,265380.26940565277,0,2449.34,2449.34,2449.34,2449.34,0.0,2449.34,0.0,7628400.0,0.046769934753263964,1.0,1.245555164351429,791453.0947663571,2238707.241876743,57.6,0.00098686,0.9890040832795268,1.0,0.0,3.5186110344000004e-06,0.9890040832795268,12983.219822558467,6996.420471225678,0.0,79318.8422023555,99298.48249613965
2026-08-29 18:00:00+00:00,5.300701340997357,0.0,6664.331532212195,-5.300701340997357,2511.99,10.0,0.0,0.0,1.2455618026300126,348531.53534512187,265381.2033087478,0,2451.12,2451.12,2451.12,2451.12,0.0,2451.12,0.0,7624800.0,0.04677253970801343,1.0,1.2455618026300126,791542.659030951,2238636.1285899202,57.6,0.00098686,0.9890086487854256,1.0,0.0,3.519106578e-06,0.9890086487854256,12992.65507094544,6986.9852228387035,0.0,79319.499522041,99299.13981582515
2026-08-29 19:00:00+00:00,5.300701340997357,0.0,6664.331532212195,-5.300701340997357,2511.99,10.0,0.0,0.0,1.2455685082902752,348531.53534512187,265382.1373466635,0,2452.16,2452.16,2452.16,2452.16,0.0,2452.16,0.0,7621200.0,0.046772539746584796,1.0,1.2455685082902752,791542.659030951,2238636.1285899202,57.6,0.00098686,0.9890138096606121,1.0,0.0,3.5196022188000005e-06,0.9890138096606121,12998.167800340078,6981.4724934440665,0.0,79320.36421187775,99300.0045056619
2026-08-29 20:00:00+00:00,5.300701340997357,0.0,6664.331532212195,-5.300701340997357,2511.99,10.0,0.0,0.0,1.2455752097508925,348531.53534512187,265383.07151942997,0,2451.54,2451.54,2451.54,2451.54,0.0,2451.54,0.0,7617600.0,0.04680381078197393,1.0,1.2455752097508925,792618.4242410065,2237782.088977155,57.6,0.00098686,0.9890118338612839,1.0,0.0,3.5200979676000004e-06,0.9890118338612839,12994.88136550866,6984.758928275484,0.0,79318.74141073792,99298.38170452206
2026-08-29 21:00:00+00:00,5.300701340997357,0.0,6664.331532212195,-5.300701340997357,2511.99,10.0,0.0,0.0,1.2455819185243697,348531.53534512187,265384.0058270764,0,2450.34,2450.34,2450.34,2450.34,0.0,2450.34,0.0,7614000.0,0.046803810820645,1.0,1.2455819185243697,792618.4242410065,2237782.088977155,57.6,0.00098686,0.9890169981258228,1.0,0.0,3.5205938207999996e-06,0.9890169981258228,12988.520523899464,6991.119769884681,0.0,79319.60701214016,99299.2473059243
2026-08-29 22:00:00+00:00,5.300701340997357,0.0,6664.331532212195,-5.300701340997357,2511.99,10.0,0.0,0.0,1.2455886277945365,348531.53534512187,265384.9402696318,0,2451.48,2451.48,2451.48,2451.48,0.0,2451.48,0.0,7610400.0,0.04680381085935248,1.0,1.2455886277945365,792618.4242410065,2237782.088977155,57.6,0.00098686,0.9890221624173277,1.0,0.0,3.5210897784000003e-06,0.9890221624173277,12994.5633234282,6985.0769703559445,0.0,79320.4724880319,99300.11278181605
2026-08-29 23:00:00+00:00,5.300701340997357,0.0,6664.331532212195,-5.300701340997357,2511.99,10.0,0.0,0.0,1.2455953371016415,348531.53534512187,265385.8748471234,0,2456.5,2456.5,2456.5,2456.5,0.0,2456.5,0.0,7606800.0,0.0468038108980966,1.0,1.2455953371016415,792618.4242410065,2237782.088977155,57.6,0.00098686,0.9890273267357985,1.0,0.0,3.5215858332e-06,0.9890273267357985,13021.172844160006,6958.467449624138,0.0,79321.33783838595,99300.9781321701
2026-08-30 00:00:00+00:00,5.300701340997357,0.0,6664.744002388909,-5.300701340997357,2511.99,10.0,0.0,0.0,1.2456020464977358,348531.53534512187,265386.8095595822,0,2457.81,2457.81,2457.81,2457.81,0.0,2457.81,3.166e-05,7603200.0,0.04680381093687758,1.0,1.2456020464977358,792618.4242410065,2237782.088977155,57.6,0.00098686,0.9890324910812357,1.0,0.0,3.5220819995999998e-06,0.9890324910812357,13028.116762916712,6951.936001044145,0.0,79322.20306317142,99302.25582713226
2026-08-30 01:00:00+00:00,5.300701340997357,0.0,6664.744002388909,-5.300701340997357,2511.99,10.0,0.0,0.0,1.2456087529066406,348531.53534512187,265387.7444070364,0,2455.44,2455.44,2455.44,2455.44,0.0,2455.44,0.0,7599600.0,0.04680381097569586,1.0,1.2456087529066406,792618.4242410065,2237782.088977155,57.6,0.00098686,0.989037655453639,1.0,0.0,3.5225782668e-06,0.989037655453639,13015.55410073855,6964.498663222308,0.0,79323.06816236005,99303.1209263209
2026-08-30 02:00:00+00:00,5.300701340997357,0.0,6664.744002388909,-5.300701340997357,2511.99,10.0,0.0,0.0,1.245615412681956,348531.53534512187,265388.6793895151,0,2453.69,2453.69,2453.69,2453.69,0.0,2453.69,0.0,7596000.0,0.04677983228761229,1.0,1.245615412681956,791793.5015617702,2238437.125491586,57.6,0.00098686,0.9890482769345466,1.0,0.0,3.5230746383999998e-06,0.9890482769345466,13006.277873391804,6973.774890569054,0.0,79325.83510092972,99305.88786489058
2026-08-30 03:00:00+00:00,5.300701340997357,0.0,6664.744002388909,-5.300701340997357,2511.99,10.0,0.0,0.0,1.2456220915685987,348531.53534512187,265389.6145070464,0,2456.0,2456.0,2456.0,2456.0,0.0,2456.0,0.0,7592400.0,0.046779832326483195,1.0,1.2456220915685987,791793.5015617702,2238437.125491586,57.6,0.00098686,0.9890534388030673,1.0,0.0,3.5235711107999994e-06,0.9890534388030673,13018.522493489509,6961.53027047135,0.0,79326.69905735919,99306.75182132005
2026-08-30 04:00:00+00:00,5.300701340997357,0.0,6664.744002388909,-5.300701340997357,2511.99,10.0,0.0,0.0,1.2456287704552418,348531.53534512187,265390.54975965945,0,2454.8,2454.8,2454.8,2454.8,0.0,2454.8,0.0,7588800.0,0.04677983236539163,1.0,1.2456287704552418,791793.5015617702,2238437.125491586,57.6,0.00098686,0.9890586006985279,1.0,0.0,3.5240676876e-06,0.9890586006985279,13012.161651880313,6967.891112080546,0.0,79327.56288809632,99307.61565205718
2026-08-30 05:00:00+00:00,5.300701340997357,0.0,6664.744002388909,-5.300701340997357,2511.99,10.0,0.0,0.0,1.24563544934741,348531.53534512187,265391.48514738336,0,2454.99,2454.99,2454.99,2454.99,0.0,2454.99,0.0,7585200.0,0.04677983240433603,1.0,1.24563544934741,791793.5015617702,2238437.125491586,57.6,0.00098686,0.9890637626209287,1.0,0.0,3.5245643688e-06,0.9890637626209287,13013.1687851351,6966.883978825759,0.0,79328.42659311206,99308.47935707292
2026-08-30 06:00:00+00:00,5.300701340997357,0.0,6664.744002388909,-5.300701340997357,2511.99,10.0,0.0,0.0,1.2456421283306622,348531.53534512187,265392.4206702482,0,2460.1,2460.1,2460.1,2460.1,0.0,2460.1,0.0,7581600.0,0.0467798324433184,1.0,1.2456421283306622,791793.5015617702,2238437.125491586,57.6,0.00098686,0.9890689245702695,1.0,0.0,3.5250611580000003e-06,0.9890689245702695,13040.255368987597,6939.797394973261,0.0,79329.29017237632,99309.34293633718
2026-08-30 07:00:00+00:00,5.300701340997357,0.0,6664.744002388909,-5.300701340997357,2511.99,10.0,0.0,0.0,1.2456488066875013,348531.53534512187,265393.35632828216,0,2454.19,2454.19,2454.19,2454.19,0.0,2454.19,0.0,7578000.0,0.04677983248233719,1.0,1.2456488066875013,791793.5015617702,2238437.125491586,57.6,0.00098686,0.9890740865465508,1.0,0.0,3.5255580480000005e-06,0.9890740865465508,13008.928224062303,6971.124539898555,0.0,79330.15362586116,99310.20638982202
2026-08-30 08:00:00+00:00,5.300701340997357,0.0,6665.110713262645,-5.300701340997357,2511.99,10.0,0.0,0.0,1.2456554872063506,348531.53534512187,265394.29212151427,0,2455.86,2455.86,2455.86,2455.86,0.0,2455.86,2.817e-05,7574400.0,0.046766429910005014,1.0,1.2456554872063506,791793.5012363045,2240106.719763729,57.6,0.00098686,0.9890822902068277,1.0,0.0,3.5260550424e-06,0.9890822902068277,13017.780395301768,6962.639079532824,0.0,79332.07706694078,99312.49654177537
2026-08-30 09:00:00+00:00,5.300701340997357,0.0,6665.110713262645,-5.300701340997357,2511.99,10.0,0.0,0.0,1.2456620972827663,348531.53534512187,265395.22804997273,0,2452.61,2452.61,2452.61,2452.61,0.0,2452.61,0.0,7570800.0,0.04729269869311237,1.0,1.2456620972827663,810040.3262726521,2225620.6514223483,57.6,0.00098686,0.9889681090857719,1.0,0.0,3.5265521375999998e-06,0.9889681090857719,13000.553115943527,6979.866358891066,0.0,79291.34541705332,99271.76489188791
2026-08-30 10:00:00+00:00,5.300701340997357,0.0,6665.110713262645,-5.300701340997357,2511.99,10.0,0.0,0.0,1.2456687561552016,348531.53534512187,265396.1641136877,0,2458.65,2458.65,2458.65,2458.65,0.0,2458.65,0.0,7567200.0,0.04729269873268138,1.0,1.2456687561552016,810040.3262726521,2225620.6514223483,57.6,0.00098686,0.9889733258354982,1.0,0.0,3.5270493408000003e-06,0.9889733258354982,13032.569352043152,6947.850122791442,0.0,79292.22755512997,99272.64702996456
2026-08-30 11:00:00+00:00,5.300701340997357,0.0,6665.110713262645,-5.300701340997357,2511.99,10.0,0.0,0.0,1.2456754375441454,348531.53534512187,265397.10031268816,0,2459.11,2459.11,2459.11,2459.11,0.0,2459.11,0.0,7563600.0,0.04729269877228859,1.0,1.2456754375441454,810040.3262726521,2225620.6514223483,57.6,0.00098686,0.9889785426127425,1.0,0.0,3.5275466483999994e-06,0.9889785426127425,13035.00767466001,6945.411800174583,0.0,79293.10956751206,99273.52904234665
2026-08-30 12:00:00+00:00,5.300701340997357,0.0,6665.110713262645,-5.300701340997357,2511.99,10.0,0.0,0.0,1.245682128087567,348531.53534512187,265398.0366470014,0,2467.99,2467.99,2467.99,2467.99,0.0,2467.99,0.0,7560000.0,0.047292698811932654,1.0,1.245682128087567,810040.3262726521,2225620.6514223483,57.6,0.00098686,0.9889837594175052,1.0,0.0,3.5280440532000005e-06,0.9889837594175052,13082.077902568066,6898.341572266529,0.0,79293.9914541723,99274.41092900689
2026-08-30 13:00:00+00:00,5.300701340997357,0.0,6665.110713262645,-5.300701340997357,2511.99,10.0,0.0,0.0,1.2456888185485464,348531.53534512187,265398.97311665834,0,2474.16,2474.16,2474.16,2474.16,0.0,2474.16,0.0,7556400.0,0.047292698851615134,1.0,1.2456888185485464,810040.3262726521,2225620.6514223483,57.6,0.00098686,0.9889889762497861,1.0,0.0,3.5285415695999997e-06,0.9889889762497861,13114.78322984202,6865.636244992575,0.0,79294.87321507989,99275.29268991448
2026-08-30 14:00:00+00:00,5.300701340997357,0.0,6665.110713262645,-5.300701340997357,2511.99,10.0,0.0,0.0,1.2456955090092034,348531.53534512187,265399.90972168726,0,2475.76,2475.76,2475.76,2475.76,0.0,2475.76,0.0,7552800.0,0.047292698891335805,1.0,1.2456955090092034,810040.3262726521,2225620.6514223483,57.6,0.00098686,0.9889941931095854,1.0,0.0,3.5290391868e-06,0.9889941931095854,13123.264351987616,6857.155122846977,0.0,79295.75485020649,99276.17432504108
2026-08-30 15:00:00+00:00,5.300701340997357,0.0,6665.110713262645,-5.300701340997357,2511.99,10.0,0.0,0.0,1.2457021981441616,348531.53534512187,265400.8464621163,0,2479.91,2479.91,2479.91,2479.91,0.0,2479.91,0.0,7549200.0,0.04729269893109356,1.0,1.2457021981441616,810040.3262726521,2225620.6514223483,57.6,0.00098686,0.9889994099969034,1.0,0.0,3.5295369048e-06,0.9889994099969034,13145.262262552755,6835.15721228184,0.0,79296.6363595241,99277.05583435869
2026-08-30 16:00:00+00:00,5.300701340997357,0.0,6665.662327654207,-5.300701340997357,2511.99,10.0,0.0,0.0,1.2457088854928957,348531.53534512187,265401.78333797544,0,2528.29,2528.29,2528.29,2528.29,0.0,2528.29,4.116e-05,7545600.0,0.047292698970889946,1.0,1.2457088854928957,810040.3262726521,2225620.6514223483,57.6,0.00098686,0.9890046269117401,1.0,0.0,3.5300347307999994e-06,0.9890046269117401,13401.710193430206,6579.260895795949,0.0,79297.51774300274,99278.4888322289
2026-08-30 17:00:00+00:00,5.300701340997357,0.0,6665.662327654207,-5.300701340997357,2511.99,10.0,0.0,0.0,1.24571557834847,348531.53534512187,265402.7203492939,0,2504.62,2504.62,2504.62,2504.62,0.0,2504.62,0.0,7542000.0,0.04725225310269776,1.0,1.24571557834847,810040.3262726521,2230631.951185828,57.6,0.00098686,0.9890189786204007,1.0,0.0,3.5305326611999994e-06,0.9890189786204007,13276.242592688799,6704.7284965373565,0.0,79301.58275473863,99282.5538439648
2026-08-30 18:00:00+00:00,5.300701340997357,0.0,6665.662327654207,-5.300701340997357,2511.99,10.0,0.0,0.0,1.2457222423832675,348531.53534512187,265403.6574960998,0,2509.86,2509.86,2509.86,2509.86,0.0,2509.86,0.0,7538400.0,0.04692089839682945,1.0,1.2457222423832675,798512.5744432176,2239785.1850301363,57.6,0.00098686,0.9890990093512304,1.0,0.0,3.5310306923999996e-06,0.9890990093512304,13304.018267715626,6676.952821510529,0.0,79328.53884142358,99309.50993064974
2026-08-30 19:00:00+00:00,5.300701340997357,0.0,6665.662327654207,-5.300701340997357,2511.99,10.0,0.0,0.0,1.2457287525409877,348531.53534512187,265404.5947784224,0,2502.76,2502.76,2502.76,2502.76,0.0,2502.76,0.0,7534800.0,0.048275057390313014,1.0,1.2457287525409877,846352.2356932998,2201814.053035893,57.6,0.00098686,0.9887987542649488,1.0,0.0,3.5315288280000004e-06,0.9887987542649488,13266.383288194545,6714.58780103161,0.0,79222.9531928841,99203.92428211027
2026-08-30 20:00:00+00:00,5.300701340997357,0.0,6665.662327654207,-5.300701340997357,2511.99,10.0,0.0,0.0,1.2457354403839616,348531.53534512187,265405.5321962906,0,2489.59,2489.59,2489.59,2489.59,0.0,2489.59,0.0,7531200.0,0.048275057431109714,1.0,1.2457354403839616,846352.2356932998,2201814.053035893,57.6,0.00098686,0.9888040759500738,1.0,0.0,3.5320270680000006e-06,0.9888040759500738,13196.57305153361,6784.398037692546,0.0,79223.87055010308,99204.84163932924
2026-08-30 21:00:00+00:00,5.300701340997357,0.0,6665.662327654207,-5.300701340997357,2511.99,10.0,0.0,0.0,1.2457421282257264,348531.53534512187,265406.4697497337,0,2480.64,2480.64,2480.64,2480.64,0.0,2480.64,0.0,7527600.0,0.04827505747194616,1.0,1.2457421282257264,846352.2356932998,2201814.053035893,57.6,0.00098686,0.9888093976638398,1.0,0.0,3.5325254124000002e-06,0.9888093976638398,13149.131774531683,6831.839314694474,0.0,79224.78778172954,99205.7588709557
2026-08-30 22:00:00+00:00,5.300701340997357,0.0,6665.662327654207,-5.300701340997357,2511.99,10.0,0.0,0.0,1.2457488160869274,348531.53534512187,265407.40743878065,0,2469.51,2469.51,2469.51,2469.51,0.0,2469.51,0.0,7524000.0,0.04827505751282146,1.0,1.2457488160869274,846352.2356932998,2201814.053035893,57.6,0.00098686,0.9888147194062472,1.0,0.0,3.5330238611999997e-06,0.9888147194062472,13090.134968606384,6890.836120619772,0.0,79225.70488773455,99206.67597696072
2026-08-30 23:00:00+00:00,5.300701340997357,0.0,6665.662327654207,-5.300701340997357,2511.99,10.0,0.0,0.0,1.2457555039784547,348531.53534512187,265408.3452634597,0,2415.55,2415.55,2415.55,2415.55,0.0,2415.55,0.0,7520400.0,0.04827505755373607,1.0,1.2457555039784547,846352.2356932998,2201814.053035893,57.6,0.00098686,0.9888200411772959,1.0,0.0,3.5335224107999996e-06,0.9888200411772959,12804.109124246166,7176.861964979989,0.0,79226.62186808989,99207.59295731605
2026-08-31 00:00:00+00:00,5.300701340997357,0.0,6665.9664691203425,-5.300701340997357,2511.99,10.0,0.0,0.0,1.2457621918684916,348531.53534512187,265409.283223801,0,2427.14,2427.14,2427.14,2427.14,0.0,2427.14,2.364e-05,7516800.0,0.048275057594689974,1.0,1.2457621918684916,846352.2356932998,2201814.053035893,57.6,0.00098686,0.9888253629769863,1.0,0.0,3.5340210684e-06,0.9888253629769863,12865.544252788324,7115.730977903968,0.0,79227.53872276546,99208.81395345775
2026-08-31 01:00:00+00:00,5.300701340997357,0.0,6665.9664691203425,-5.300701340997357,2511.99,10.0,0.0,0.0,1.2457688797584392,348531.53534512187,265410.2213198317,0,2412.17,2412.17,2412.17,2412.17,0.0,2412.17,0.0,7513200.0,0.04827505763568296,1.0,1.2457688797584392,846352.2356932998,2201814.053035893,57.6,0.00098686,0.9888306848053185,1.0,0.0,3.5345198232e-06,0.9888306848053185,12786.192753713594,7195.082476978697,0.0,79228.45545173425,99209.73068242654
2026-08-31 02:00:00+00:00,5.300701340997357,0.0,6665.9664691203425,-5.300701340997357,2511.99,10.0,0.0,0.0,1.2457754777212695,348531.53534512187,265411.1595515828,0,2406.99,2406.99,2406.99,2406.99,0.0,2406.99,0.0,7509600.0,0.048280816788773384,1.0,1.2457754777212695,845957.365367164,2200082.641067426,57.6,0.00098686,0.988834713022788,1.0,0.0,3.5350186896e-06,0.988834713022788,12758.735120767227,7222.540109925065,0.0,79228.92118080246,99210.19641149475
2026-08-31 03:00:00+00:00,5.300701340997357,0.0,6665.9664691203425,-5.300701340997357,2511.99,10.0,0.0,0.0,1.2457822425888947,348531.53534512187,265412.09791908256,0,2419.95,2419.95,2419.95,2419.95,0.0,2419.95,0.0,7506000.0,0.047694097911313627,1.0,1.2457822425888947,845957.3464009948,2273004.1486389213,57.6,0.00098686,0.9889718098917244,1.0,0.0,3.5355176568e-06,0.9889718098917244,12827.432210146553,7153.843020545739,0.0,79275.76539552415,99257.04062621645
2026-08-31 04:00:00+00:00,5.300701340997357,0.0,6665.9664691203425,-5.300701340997357,2511.99,10.0,0.0,0.0,1.2457889305101888,348531.53534512187,265413.03642236005,0,2416.36,2416.36,2416.36,2416.36,0.0,2416.36,0.0,7502400.0,0.047694097951918035,1.0,1.2457889305101888,845957.3464009948,2273004.1486389213,57.6,0.00098686,0.9889770699228942,1.0,0.0,3.5360167284000005e-06,0.9889770699228942,12808.402692332373,7172.872538359918,0.0,79276.6601789862,99257.9354096785
2026-08-31 05:00:00+00:00,5.300701340997357,0.0,6665.9664691203425,-5.300701340997357,2511.99,10.0,0.0,0.0,1.2457956199486344,348531.53534512187,265413.97506144433,0,2434.91,2434.91,2434.91,2434.91,0.0,2434.91,0.0,7498800.0,0.04769409799256308,1.0,1.2457956199486344,845957.3464009948,2273004.1486389213,57.6,0.00098686,0.9889823299820403,1.0,0.0,3.5365159044000003e-06,0.9889823299820403,12906.730702207873,7074.544528484418,0.0,79277.55483639211,99258.8300670844
2026-08-31 06:00:00+00:00,5.300701340997357,0.0,6665.9664691203425,-5.300701340997357,2511.99,10.0,0.0,0.0,1.2458023154884157,348531.53534512187,265414.91383636364,0,2437.55,2437.55,2437.55,2437.55,0.0,2437.55,0.0,7495200.0,0.04769409803324631,1.0,1.2458023154884157,845957.3464009948,2273004.1486389213,57.6,0.00098686,0.988987590069163,1.0,0.0,3.5370151811999994e-06,0.988987590069163,12920.724553748109,7060.550676944184,0.0,79278.44936771377,99259.72459840606
2026-08-31 07:00:00+00:00,5.300701340997357,0.0,6665.9664691203425,-5.300701340997357,2511.99,10.0,0.0,0.0,1.2458090098396757,348531.53534512187,265415.8527471471,0,2439.02,2439.02,2439.02,2439.02,0.0,2439.02,0.0,7491600.0,0.04769409807396885,1.0,1.2458090098396757,845957.3464009948,2273004.1486389213,57.6,0.00098686,0.9889928501842626,1.0,0.0,3.5375145623999996e-06,0.9889928501842626,12928.516584719373,7052.758645972918,0.0,79279.34377292206,99260.61900361435
2026-08-31 08:00:00+00:00,5.300701340997357,0.0,6666.42292788485,-5.300701340997357,2511.99,10.0,0.0,0.0,1.2458156790112656,348531.53534512187,265416.7917938238,0,2445.0,2445.0,2445.0,2445.0,0.0,2445.0,3.522e-05,7488000.0,0.04781601911276434,1.0,1.2458156790112656,850390.9960826951,2269484.717117833,57.6,0.00098686,0.9889707848703274,1.0,0.0,3.5380140480000004e-06,0.9889707848703274,12960.214778738537,7021.516910718262,0.0,79270.71426850162,99252.4459579584
2026-08-31 09:00:00+00:00,5.300701340997357,0.0,6666.42292788485,-5.300701340997357,2511.99,10.0,0.0,0.0,1.2458223395710248,348531.53534512187,265417.730976423,0,2445.47,2445.47,2445.47,2445.47,0.0,2445.47,0.0,7484400.0,0.04781609765950967,1.0,1.2458223395710248,850390.9960826951,2269484.717117833,57.6,0.00098686,0.9889760404477171,1.0,0.0,3.5385136380000006e-06,0.9889760404477171,12962.706108368804,7019.0255810879935,0.0,79271.60682035919,99253.33850981598
2026-08-31 10:00:00+00:00,5.300701340997357,0.0,6666.42292788485,-5.300701340997357,2511.99,10.0,0.0,0.0,1.245829019529316,348531.53534512187,265418.6702949737,0,2454.37,2454.37,2454.37,2454.37,0.0,2454.37,0.0,7480800.0,0.04781601919461864,1.0,1.245829019529316,850390.9960826951,2269484.717117833,57.6,0.00098686,0.9889813312240888,1.0,0.0,3.5390133324e-06,0.9889813312240888,13009.882350303682,6971.8493391531165,0.0,79272.51150422049,99254.24319367728
2026-08-31 11:00:00+00:00,5.300701340997357,0.0,6666.42292788485,-5.300701340997357,2511.99,10.0,0.0,0.0,1.2458357014056454,348531.53534512187,265419.60974950413,0,2445.1,2445.1,2445.1,2445.1,0.0,2445.1,0.0,7477200.0,0.047832449267294574,1.0,1.2458357014056454,850989.6781318183,2269009.4850020832,57.6,0.00098686,0.9889829276266544,1.0,0.0,3.5395131276e-06,0.9889829276266544,12960.744848872637,7020.986840584163,0.0,79272.12844632729,99253.86013578408
2026-08-31 12:00:00+00:00,5.300701340997357,0.0,6666.42292788485,-5.300701340997357,2511.99,10.0,0.0,0.0,1.2458423868975592,348531.53534512187,265420.5493400443,0,2450.61,2450.61,2450.61,2450.61,0.0,2450.61,0.0,7473600.0,0.047832449308334635,1.0,1.2458423868975592,850989.6781318183,2269009.4850020832,57.6,0.00098686,0.9889882026244784,1.0,0.0,3.5400130308e-06,0.9889882026244784,12989.951713261533,6991.779976195266,0.0,79273.02735887759,99254.75904833438
2026-08-31 13:00:00+00:00,5.300701340997357,0.0,6666.42292788485,-5.300701340997357,2511.99,10.0,0.0,0.0,1.2458490723896072,348531.53534512187,265421.48906662344,0,2439.53,2439.53,2439.53,2439.53,0.0,2439.53,0.0,7470000.0,0.04783244934941422,1.0,1.2458490723896072,850989.6781318183,2269009.4850020832,57.6,0.00098686,0.9889934776504379,1.0,0.0,3.5405130383999993e-06,0.9889934776504379,12931.219942403282,7050.511747053516,0.0,79273.92614519515,99255.65783465194
2026-08-31 14:00:00+00:00,5.300701340997357,0.0,6666.42292788485,-5.300701340997357,2511.99,10.0,0.0,0.0,1.245855758512124,348531.53534512187,265422.4199268656,0,2466.78,2466.78,2466.78,2466.78,0.0,2466.78,0.0,7466400.0,0.047832449390534215,1.0,1.245855758512124,850989.6781318183,2269009.4850020832,57.6,0.00098686,0.988998752704533,1.0,0.0,3.5070958764e-06,0.988998752704533,13075.66405394546,6906.067635511338,0.0,79274.83380765578,99256.56549711258
2026-08-31 15:00:00+00:00,5.300701340997357,0.0,6666.42292788485,-5.300701340997357,2511.99,10.0,0.0,0.0,1.2458624405588823,348531.53534512187,265423.35090134887,0,2466.4,2466.4,2466.4,2466.4,0.0,2466.4,0.0,7462800.0,0.04783244943169285,1.0,1.2458624405588823,850989.6781318183,2269009.4850020832,57.6,0.00098686,0.9890040277867641,1.0,0.0,3.5075139876e-06,0.9890040277867641,13073.649787435881,6908.081902020917,0.0,79275.74136568158,99257.47305513837
2026-08-31 16:00:00+00:00,5.300701340997357,0.0,6667.430513607505,-5.300701340997357,2511.99,10.0,0.0,0.0,1.245869116653765,348531.53534512187,265424.2819900916,0,2468.0,2468.0,2468.0,2468.0,0.0,2468.0,7.702e-05,7459200.0,0.047832449472892336,1.0,1.245869116653765,850989.6781318183,2269009.4850020832,57.6,0.00098686,0.9890093028971311,1.0,0.0,3.5079321636000002e-06,0.9890093028971311,13082.130909581476,6900.608365597978,0.0,79276.64881925419,99259.38809443364
2026-08-31 17:00:00+00:00,5.300701340997357,0.0,6667.430513607505,-5.300701340997357,2511.99,10.0,0.0,0.0,1.2458757902509952,348531.53534512187,265425.21319311793,0,2474.17,2474.17,2474.17,2474.17,0.0,2474.17,0.0,7455600.0,0.04783244951413024,1.0,1.2458757902509952,850989.6781318183,2269009.4850020832,57.6,0.00098686,0.9890145780356344,1.0,0.0,3.508350426e-06,0.9890145780356344,13114.83623685543,6867.903038324024,0.0,79277.55616834958,99260.29544352903
2026-08-31 18:00:00+00:00,5.300701340997357,0.0,6667.430513607505,-5.300701340997357,2511.99,10.0,0.0,0.0,1.2458824369216273,348531.53534512187,265426.1445104462,0,2476.57,2476.57,2476.57,2476.57,0.0,2476.57,0.0,7452000.0,0.04783244955540944,1.0,1.2458824369216273,850989.6781318183,2269009.4850020832,57.6,0.00098686,0.9890198532022738,1.0,0.0,3.5087687532000004e-06,0.9890198532022738,13127.557920073825,6855.181355105629,0.0,79278.46341294935,99261.2026881288
2026-08-31 19:00:00+00:00,5.300701340997357,0.0,6667.430513607505,-5.300701340997357,2511.99,10.0,0.0,0.0,1.2458891075321716,348531.53534512187,265427.07594209956,0,2480.77,2480.77,2480.77,2480.77,0.0,2480.77,0.0,7448400.0,0.0478324495967275,1.0,1.2458891075321716,850989.6781318183,2269009.4850020832,57.6,0.00098686,0.9890251283970499,1.0,0.0,3.5091871632e-06,0.9890251283970499,13149.820865706013,6832.918409473442,0.0,79279.37055303052,99262.10982820997
2026-08-31 20:00:00+00:00,5.300701340997357,0.0,6667.430513607505,-5.300701340997357,2511.99,10.0,0.0,0.0,1.2458957782508286,348531.53534512187,265428.0074880974,0,2471.8,2471.8,2471.8,2471.8,0.0,2471.8,0.0,7444800.0,0.04782567904858981,1.0,1.2458957782508286,850989.6781318183,2269863.454865907,57.6,0.00098686,0.9890319122836748,1.0,0.0,3.5096056416000003e-06,0.9890319122836748,13102.273574677267,6880.465700502187,0.0,79280.80340545368,99263.54268063314
2026-08-31 21:00:00+00:00,5.300701340997357,0.0,6667.430513607505,-5.300701340997357,2511.99,10.0,0.0,0.0,1.245902447876339,348531.53534512187,265428.9391484619,0,2477.35,2477.35,2477.35,2477.35,0.0,2477.35,0.0,7441200.0,0.04782567908998292,1.0,1.245902447876339,850989.6781318183,2269863.454865907,57.6,0.00098686,0.9890371868132398,1.0,0.0,3.5100241992000002e-06,0.9890371868132398,13131.692467119801,6851.046808059653,0.0,79281.71008497669,99264.44936015614
2026-08-31 22:00:00+00:00,5.300701340997357,0.0,6667.430513607505,-5.300701340997357,2511.99,10.0,0.0,0.0,1.2459091176988317,348531.53534512187,265429.87092321337,0,2468.23,2468.23,2468.23,2468.23,0.0,2468.23,0.0,7437600.0,0.04782567913141533,1.0,1.2459091176988317,850989.6781318183,2269863.454865907,57.6,0.00098686,0.9890424613709342,1.0,0.0,3.5104428288e-06,0.9890424613709342,13083.350070889906,6899.389204289549,0.0,79282.6166599167,99265.35593509616
2026-08-31 23:00:00+00:00,5.300701340997357,0.0,6667.430513607505,-5.300701340997357,2511.99,10.0,0.0,0.0,1.2459157876029139,348531.53534512187,265430.80281237303,0,2466.53,2466.53,2466.53,2466.53,0.0,2466.53,0.0,7434000.0,0.047825679172887714,1.0,1.2459157876029139,850989.6781318183,2269863.454865907,57.6,0.00098686,0.989047735956758,1.0,0.0,3.5108615339999997e-06,0.989047735956758,13074.338878610211,6908.400396569243,0.0,79283.52313025255,99266.262405432
2026-09-01 00:00:00+00:00,5.300701340997357,0.0,6668.179121427541,-5.300701340997357,2511.99,10.0,0.0,0.0,1.2459224577434063,348531.53534512187,265431.73481596215,0,2470.75,2470.75,2470.75,2470.75,0.0,2470.75,5.716e-05,7430400.0,0.04782467453754857,1.0,1.2459224577434063,850953.066795537,2269892.5381516363,57.6,0.00098686,0.9890532340116626,1.0,0.0,3.5112803148000003e-06,0.9890532340116626,13096.70783826922,6886.780044730271,0.0,79284.5073721807,99267.9952551802
2026-09-01 01:00:00+00:00,5.300701340997357,0.0,6668.179121427541,-5.300701340997357,2511.99,10.0,0.0,0.0,1.245929127799411,348531.53534512187,265432.666934001,0,2461.77,2461.77,2461.77,2461.77,0.0,2461.77,0.0,7426800.0,0.04782467457910089,1.0,1.245929127799411,850953.066795537,2269892.5381516363,57.6,0.00098686,0.9890585085466803,1.0,0.0,3.5116991676000003e-06,0.9890585085466803,13049.107540227064,6934.380342772427,0.0,79285.4135959298,99268.9014789293
2026-09-01 02:00:00+00:00,5.300701340997357,0.0,6668.179121427541,-5.300701340997357,2511.99,10.0,0.0,0.0,1.24593573137147,348531.53534512187,265433.59916651086,0,2463.83,2463.83,2463.83,2463.83,0.0,2463.83,0.0,7423200.0,0.047824674621387064,1.0,1.24593573137147,850953.066795537,2269892.5381516363,57.6,0.00098686,0.9890637831096727,1.0,0.0,3.5121180960000002e-06,0.9890637831096727,13060.026984989518,6923.460898009973,0.0,79286.31971495796,99269.80759795746
2026-09-01 03:00:00+00:00,5.300701340997357,0.0,6668.179121427541,-5.300701340997357,2511.99,10.0,0.0,0.0,1.2459424008714057,348531.53534512187,265434.5315135139,0,2471.39,2471.39,2471.39,2471.39,0.0,2471.39,0.0,7419600.0,0.04782467466302087,1.0,1.2459424008714057,850953.066795537,2269892.5381516363,57.6,0.00098686,0.9890690577009478,1.0,0.0,3.5125371036e-06,0.9890690577009478,13100.100287127456,6883.387595872033,0.0,79287.22572935041,99270.7136123499
2026-09-01 04:00:00+00:00,5.300701340997357,0.0,6668.179121427541,-5.300701340997357,2511.99,10.0,0.0,0.0,1.2459490703712184,348531.53534512187,265435.46397502953,0,2468.94,2468.94,2468.94,2468.94,0.0,2468.94,0.0,7416000.0,0.04782467470469465,1.0,1.2459490703712184,850953.066795537,2269892.5381516363,57.6,0.00098686,0.9890743323203518,1.0,0.0,3.5129561795999996e-06,0.9890743323203518,13087.113568842015,6896.374314157476,0.0,79288.13163903396,99271.61952203346
2026-09-01 05:00:00+00:00,5.300701340997357,0.0,6668.179121427541,-5.300701340997357,2511.99,10.0,0.0,0.0,1.2459557398811403,348531.53534512187,265436.3965510799,0,2483.51,2483.51,2483.51,2483.51,0.0,2483.51,0.0,7412400.0,0.04782467474640928,1.0,1.2459557398811403,850953.066795537,2269892.5381516363,57.6,0.00098686,0.989079606967885,1.0,0.0,3.5133753348000004e-06,0.989079606967885,13164.344787380347,6819.143095619143,0.0,79289.0374439868,99272.5253269863
2026-09-01 06:00:00+00:00,5.300701340997357,0.0,6668.179121427541,-5.300701340997357,2511.99,10.0,0.0,0.0,1.2459624092265276,348531.53534512187,265437.3292416853,0,2470.69,2470.69,2470.69,2470.69,0.0,2470.69,0.0,7408800.0,0.047824674788164545,1.0,1.2459624092265276,850953.066795537,2269892.5381516363,57.6,0.00098686,0.9890848816435472,1.0,0.0,3.513794562e-06,0.9890848816435472,13096.38979618876,6887.09808681073,0.0,79289.94314418838,99273.43102718786
2026-09-01 07:00:00+00:00,5.300701340997357,0.0,6668.179121427541,-5.300701340997357,2511.99,10.0,0.0,0.0,1.245969099543035,348531.53534512187,265438.262046867,0,2471.44,2471.44,2471.44,2471.44,0.0,2471.44,0.0,7405200.0,0.04766756912443704,1.0,1.245969099543035,845240.6245461173,2274427.609065443,57.6,0.00098686,0.9891249828293979,1.0,0.0,3.5142138648000007e-06,0.9891249828293979,13100.365322194508,6883.122560804983,0.0,79302.98686688032,99286.47474987982
2026-09-01 08:00:00+00:00,5.300701340997357,0.0,6669.290631545666,-5.300701340997357,2511.99,10.0,0.0,0.0,1.2459757043864657,348531.53534512187,265439.1949666472,0,2447.09,2447.09,2447.09,2447.09,0.0,2447.09,8.569e-05,7401600.0,0.04815210800709946,1.0,1.2459757043864657,862944.1982496,2260375.571643001,57.6,0.00098686,0.9890229027898554,1.0,0.0,3.5146332468e-06,0.9890229027898554,12971.293244541223,7013.306148576392,0.0,79266.47583419032,99251.07522730794
2026-09-01 09:00:00+00:00,5.300701340997357,0.0,6669.290631545666,-5.300701340997357,2511.99,10.0,0.0,0.0,1.2459823738691482,348531.53534512187,265440.12800104526,0,2451.1,2451.1,2451.1,2451.1,0.0,2451.1,0.0,7398000.0,0.04815210804927017,1.0,1.2459823738691482,862944.1982496,2260375.571643001,57.6,0.00098686,0.9890282124383579,1.0,0.0,3.5150526972e-06,0.9890282124383579,12992.54905691862,6992.050336198994,0.0,79267.39337973698,99251.9927728546
2026-09-01 10:00:00+00:00,5.300701340997357,0.0,6669.290631545666,-5.300701340997357,2511.99,10.0,0.0,0.0,1.2459889785196263,348531.53534512187,265443.41111047246,0,2455.78,2455.78,2455.78,2455.78,0.0,2455.78,0.0,7394400.0,0.04847272066193842,1.0,1.2459889785196263,862944.1982496,2220472.1172420327,57.6,0.00098686,0.9889626000142142,1.0,0.0,1.2368473253999998e-05,0.9889626000142142,13017.35633919449,6967.2430539231245,0.0,79241.24227138527,99225.84166450289
2026-09-01 11:00:00+00:00,5.300701340997357,0.0,6669.290631545666,-5.300701340997357,2511.99,10.0,0.0,0.0,1.2459956646302128,348531.53534512187,265444.22418530955,0,2457.87,2457.87,2457.87,2457.87,0.0,2457.87,0.0,7390800.0,0.04837222583724721,1.0,1.2459956646302128,859268.0559627227,2223390.1222719196,57.6,0.00098686,0.9889901605638154,1.0,0.0,3.0630769415999997e-06,0.9889901605638154,13028.434804997172,6956.164588120442,0.0,79250.03491721564,99234.63431033326
2026-09-01 12:00:00+00:00,5.300701340997357,0.0,6669.290631545666,-5.300701340997357,2511.99,10.0,0.0,0.0,1.246002337741163,348531.53534512187,265445.30126965535,0,2445.22,2445.22,2445.22,2445.22,0.0,2445.22,0.0,7387200.0,0.04837211928530927,1.0,1.246002337741163,859264.16235367,2223393.212895132,57.6,0.00098686,0.988995517298613,1.0,0.0,4.0576590576e-06,0.988995517298613,12961.380933033555,7023.218460084059,0.0,79250.82482387329,99235.42421699091
2026-09-01 13:00:00+00:00,5.300701340997357,0.0,6669.290631545666,-5.300701340997357,2511.99,10.0,0.0,0.0,1.246009012043334,348531.53534512187,265446.3786577202,0,2442.99,2442.99,2442.99,2442.99,0.0,2442.99,0.0,7383600.0,0.048372119327842356,1.0,1.246009012043334,859264.16235367,2223393.212895132,57.6,0.00098686,0.9890008504956289,1.0,0.0,4.0587867756e-06,0.9890008504956289,12949.56036904313,7035.039024074484,0.0,79251.60622315266,99236.20561627028
2026-09-01 14:00:00+00:00,5.300701340997357,0.0,6669.290631545666,-5.300701340997357,2511.99,10.0,0.0,0.0,1.2460156274635237,348531.53534512187,265447.45572063094,0,2448.24,2448.24,2448.24,2448.24,0.0,2448.24,0.0,7380000.0,0.048372119370416744,1.0,1.2460156274635237,859264.16235367,2223393.212895132,57.6,0.00098686,0.9890061837214044,1.0,0.0,4.0575453732e-06,0.9890061837214044,12977.389051083368,7007.210342034247,0.0,79252.38795760978,99236.9873507274
2026-09-01 15:00:00+00:00,5.300701340997357,0.0,6669.290631545666,-5.300701340997357,2511.99,10.0,0.0,0.0,1.2460221953950763,348531.53534512187,265448.53308566415,0,2447.9,2447.9,2447.9,2447.9,0.0,2447.9,0.0,7376400.0,0.04837211941303288,1.0,1.2460221953950763,859264.16235367,2223393.212895132,57.6,0.00098686,0.9890115169759394,1.0,0.0,4.0586670684000005e-06,0.9890115169759394,12975.586812627429,7009.0125804901845,0.0,79253.16939996806,99237.76879308568
2026-09-01 16:00:00+00:00,5.300701340997357,0.0,6669.432417249472,-5.300701340997357,2511.99,10.0,0.0,0.0,1.2460287648644388,348531.53534512187,265449.61075294594,0,2431.68,2431.68,2431.68,2431.68,0.0,2431.68,1.1e-05,7372800.0,0.04837211945569053,1.0,1.2460287648644388,859264.16235367,2223393.212895132,57.6,0.00098686,0.9890168502592342,1.0,0.0,4.0597892244e-06,0.9890168502592342,12889.609436876452,7095.131741944969,0.0,79253.95055010146,99238.69172892289
2026-09-01 17:00:00+00:00,5.300701340997357,0.0,6669.432417249472,-5.300701340997357,2511.99,10.0,0.0,0.0,1.2460353392869206,348531.53534512187,265450.6887226051,0,2417.3,2417.3,2417.3,2417.3,0.0,2417.3,0.0,7369200.0,0.04837211949838993,1.0,1.2460353392869206,859264.16235367,2223393.212895132,57.6,0.00098686,0.989022183571289,1.0,0.0,4.060911852e-06,0.989022183571289,12813.385351592911,7171.355827228509,0.0,79254.73140788119,99239.47258670261
2026-09-01 18:00:00+00:00,5.300701340997357,0.0,6669.432417249472,-5.300701340997357,2511.99,10.0,0.0,0.0,1.2460418930865136,348531.53534512187,265451.76699476765,0,2411.8,2411.8,2411.8,2411.8,0.0,2411.8,0.0,7365600.0,0.0483721195411313,1.0,1.2460418930865136,859264.16235367,2223393.212895132,57.6,0.00098686,0.9890275169121038,1.0,0.0,4.0620349404e-06,0.9890275169121038,12784.231494217425,7200.509684603995,0.0,79255.51197318139,99240.25315200281
2026-09-01 19:00:00+00:00,5.300701340997357,0.0,6669.432417249472,-5.300701340997357,2511.99,10.0,0.0,0.0,1.2460484722151643,348531.53534512187,265452.8455695595,0,2417.99,2417.99,2417.99,2417.99,0.0,2417.99,0.0,7362000.0,0.04837211958391374,1.0,1.2460484722151643,859264.16235367,2223393.212895132,57.6,0.00098686,0.989032850281679,1.0,0.0,4.0631584896e-06,0.989032850281679,12817.042835518198,7167.698343303223,0.0,79256.29224587616,99241.03342469758
2026-09-01 20:00:00+00:00,5.300701340997357,0.0,6669.432417249472,-5.300701340997357,2511.99,10.0,0.0,0.0,1.246055051878076,348531.53534512187,265453.9244471095,0,2420.23,2420.23,2420.23,2420.23,0.0,2420.23,0.0,7358400.0,0.04837211962673904,1.0,1.246055051878076,859264.16235367,2223393.212895132,57.6,0.00098686,0.9890381836800144,1.0,0.0,4.0642825104e-06,0.9890381836800144,12828.916406522032,7155.824772299387,0.0,79257.07222583657,99241.813404658
2026-09-01 21:00:00+00:00,5.300701340997357,0.0,6669.432417249472,-5.300701340997357,2511.99,10.0,0.0,0.0,1.246061631540988,348531.53534512187,265455.0036275427,0,2414.27,2414.27,2414.27,2414.27,0.0,2414.27,0.0,7354800.0,0.04837211966960564,1.0,1.246061631540988,859264.16235367,2223393.212895132,57.6,0.00098686,0.9890435171071105,1.0,0.0,4.065406988400001e-06,0.9890435171071105,12797.324226529689,7187.416952291733,0.0,79257.85191293783,99242.59309175925
2026-09-01 22:00:00+00:00,5.300701340997357,0.0,6669.432417249472,-5.300701340997357,2511.99,10.0,0.0,0.0,1.246068211206026,348531.53534512187,265456.0831109879,0,2411.85,2411.85,2411.85,2411.85,0.0,2411.85,0.0,7351200.0,0.04837211971251465,1.0,1.246068211206026,859264.16235367,2223393.212895132,57.6,0.00098686,0.9890488505629671,1.0,0.0,4.0665319379999995e-06,0.9890488505629671,12784.496529284474,7200.244649536946,0.0,79258.631307051,99243.37248587242
2026-09-01 23:00:00+00:00,5.300701340997357,0.0,6669.432417249472,-5.300701340997357,2511.99,10.0,0.0,0.0,1.2460747912006567,348531.53534512187,265457.1628975721,0,2417.46,2417.46,2417.46,2417.46,0.0,2417.46,0.0,7347600.0,0.04837211975546585,1.0,1.2460747912006567,859264.16235367,2223393.212895132,57.6,0.00098686,0.9890541840475847,1.0,0.0,4.067657352e-06,0.9890541840475847,12814.23346380747,7170.5077150139505,0.0,79259.41040804936,99244.15158687078
2026-09-02 00:00:00+00:00,5.300701340997357,0.0,6669.444158650668,-5.300701340997357,2511.99,10.0,0.0,0.0,1.2460813723836428,348531.53534512187,265458.2429874222,0,2407.68,2407.68,2407.68,2407.68,0.0,2407.68,9.2e-07,7344000.0,0.04837211979845879,1.0,1.2460813723836428,859264.16235367,2223393.212895132,57.6,0.00098686,0.9890595175609633,1.0,0.0,4.0687832304e-06,0.9890595175609633,12762.392604692515,7222.3603155301025,0.0,79260.18921580585,99244.94213602846
2026-09-02 01:00:00+00:00,5.300701340997357,0.0,6669.444158650668,-5.300701340997357,2511.99,10.0,0.0,0.0,1.2460879556730464,348531.53534512187,265459.3233806652,0,2398.01,2398.01,2398.01,2398.01,0.0,2398.01,0.0,7340400.0,0.04837211984149348,1.0,1.2460879556730464,859264.16235367,2223393.212895132,57.6,0.00098686,0.9890648511031033,1.0,0.0,4.0699095732e-06,0.9890648511031033,12711.134822725073,7273.618097497545,0.0,79260.96773019375,99245.72065041636
2026-09-02 02:00:00+00:00,5.300701340997357,0.0,6669.444158650668,-5.300701340997357,2511.99,10.0,0.0,0.0,1.2460945181860685,348531.53534512187,265460.404077428,0,2408.96,2408.96,2408.96,2408.96,0.0,2408.96,0.0,7336800.0,0.048372119884571685,1.0,1.2460945181860685,859264.16235367,2223393.212895132,57.6,0.00098686,0.9890701846740042,1.0,0.0,4.071036380399999e-06,0.9890701846740042,12769.177502408993,7215.575417813625,0.0,79261.74595108593,99246.49887130855
2026-09-02 03:00:00+00:00,5.300701340997357,0.0,6669.444158650668,-5.300701340997357,2511.99,10.0,0.0,0.0,1.2461011041626395,348531.53534512187,265461.4850778375,0,2413.34,2413.34,2413.34,2413.34,0.0,2413.34,0.0,7333200.0,0.04837211992769075,1.0,1.2461011041626395,859264.16235367,2223393.212895132,57.6,0.00098686,0.989075518273667,1.0,0.0,4.072163652e-06,0.989075518273667,12792.394574282562,7192.358345940055,0.0,79262.5238783558,99247.27679857842
2026-09-02 04:00:00+00:00,5.300701340997357,0.0,6669.444158650668,-5.300701340997357,2511.99,10.0,0.0,0.0,1.2461076903285209,348531.53534512187,265462.5663820207,0,2414.15,2414.15,2414.15,2414.15,0.0,2414.15,0.0,7329600.0,0.04837211997085311,1.0,1.2461076903285209,859264.16235367,2223393.212895132,57.6,0.00098686,0.9890808519020912,1.0,0.0,4.073291388e-06,0.9890808519020912,12796.688142368768,7188.064777853848,0.0,79263.30151187623,99248.05443209884
2026-09-02 05:00:00+00:00,5.300701340997357,0.0,6669.444158650668,-5.300701340997357,2511.99,10.0,0.0,0.0,1.246114276495456,348531.53534512187,265463.6479901046,0,2421.31,2421.31,2421.31,2421.31,0.0,2421.31,0.0,7326000.0,0.048372120014058106,1.0,1.246114276495456,859264.16235367,2223393.212895132,57.6,0.00098686,0.9890861855592772,1.0,0.0,4.0744195884e-06,0.9890861855592772,12834.64116397031,7150.111756252308,0.0,79264.07885152037,99248.83177174299
2026-09-02 06:00:00+00:00,5.300701340997357,0.0,6669.444158650668,-5.300701340997357,2511.99,10.0,0.0,0.0,1.246120862719174,348531.53534512187,265464.7299022171,0,2419.55,2419.55,2419.55,2419.55,0.0,2419.55,0.0,7322400.0,0.04837212005730551,1.0,1.246120862719174,859264.16235367,2223393.212895132,57.6,0.00098686,0.9890915192452251,1.0,0.0,4.0755482568000005e-06,0.9890915192452251,12825.311929610156,7159.440990612462,0.0,79264.85589716036,99249.60881738298
2026-09-02 07:00:00+00:00,5.300701340997357,0.0,6669.444158650668,-5.300701340997357,2511.99,10.0,0.0,0.0,1.2461274487273286,348531.53534512187,265465.81211848423,0,2416.65,2416.65,2416.65,2416.65,0.0,2416.65,0.0,7318800.0,0.04837212010059444,1.0,1.2461274487273286,859264.16235367,2223393.212895132,57.6,0.00098686,0.9890968529599353,1.0,0.0,4.076677386e-06,0.9890968529599353,12809.939895721263,7174.813024501354,0.0,79265.63264867029,99250.3855688929
2026-09-02 08:00:00+00:00,5.300701340997357,0.0,6670.090324351167,-5.300701340997357,2511.99,10.0,0.0,0.0,1.2461340329212067,348531.53534512187,265466.8946390338,0,2392.11,2392.11,2392.11,2392.11,0.0,2392.11,5.096e-05,7315200.0,0.04837212014392711,1.0,1.2461340329212067,859264.16235367,2223393.212895132,57.6,0.00098686,0.9891021867034077,1.0,0.0,4.0778069832e-06,0.9891021867034077,12679.860684813188,7305.538401109928,0.0,79266.40910592221,99251.80819184532
2026-09-02 09:00:00+00:00,5.607530753836178,0.18230410008163744,6655.486285420031,-5.607530753836178,2375.43,10.0,0.0,0.0,1.246140611274497,348531.53534512187,265467.97746399196,0,2375.43,2375.43,2375.43,2375.43,0.0,2375.43,0.0,7311600.0,0.04837212018730197,1.0,1.246140611274497,859264.16235367,2223393.212895132,57.6,0.00098686,0.9891075204756424,1.0,0.0,4.078937041200001e-06,0.9891075204756424,13320.479082685153,6655.486285420031,0.0,79267.18526879029,99243.15063689547
2026-09-02 10:00:00+00:00,5.607530753836178,0.18230410008163744,6655.486285420031,-5.607530753836178,2375.43,10.0,0.0,0.0,1.2461471636787909,348531.53534512187,265469.0605934866,0,2371.5,2371.5,2371.5,2371.5,0.0,2371.5,0.0,7308000.0,0.04837212023072035,1.0,1.2461471636787909,859264.16235367,2223393.212895132,57.6,0.00098686,0.9891128542766396,1.0,0.0,4.0800675672e-06,0.9891128542766396,13298.44148682258,6677.523881282606,0.0,79267.9611371464,99243.92650525158
2026-09-02 11:00:00+00:00,5.607530753836178,0.18230410008163744,6655.486285420031,-5.607530753836178,2375.43,10.0,0.0,0.0,1.246153733546405,348531.53534512187,265470.1440276456,0,2380.58,2380.58,2380.58,2380.58,0.0,2380.58,0.0,7304400.0,0.04837212027418003,1.0,1.246153733546405,859264.16235367,2223393.212895132,57.6,0.00098686,0.9891181881064,1.0,0.0,4.0811985612e-06,0.9891181881064,13349.35786606741,6626.607502037774,0.0,79268.73671086307,99244.70207896826
2026-09-02 12:00:00+00:00,5.607530753836178,0.18230410008163744,6655.486285420031,-5.607530753836178,2375.43,10.0,0.0,0.0,1.2461601472950776,348531.53534512187,265471.22776659497,0,2376.55,2376.55,2376.55,2376.55,0.0,2376.55,0.0,7300800.0,0.0495595788412484,1.0,1.2461601472950776,903373.5504043294,2188392.618281092,57.6,0.00098686,0.9888643341302905,1.0,0.0,4.082330016e-06,0.9888643341302905,13326.759517129452,6649.205850975733,0.0,79179.1768558668,99155.14222397198
2026-09-02 13:00:00+00:00,5.607530753836178,0.18230410008163744,6655.486285420031,-5.607530753836178,2375.43,10.0,0.0,0.0,1.2461667196469264,348531.53534512187,265472.3118104608,0,2402.3,2402.3,2402.3,2402.3,0.0,2402.3,0.0,7297200.0,0.049559578885888245,1.0,1.2461667196469264,903373.5504043294,2188392.618281092,57.6,0.00098686,0.9888697944082716,1.0,0.0,4.0834619316e-06,0.9888697944082716,13471.153434040734,6504.811934064451,0.0,79179.99589106912,99155.9612591743
2026-09-02 14:00:00+00:00,5.607530753836178,0.18230410008163744,6655.486285420031,-5.607530753836178,2375.43,10.0,0.0,0.0,1.2461733073215542,348531.53534512187,265473.396159372,0,2393.39,2393.39,2393.39,2393.39,0.0,2393.39,0.0,7293600.0,0.04946677497108842,1.0,1.2461733073215542,899873.5504043294,2191170.143088439,57.6,0.00098686,0.988895478382934,1.0,0.0,4.0845943187999995e-06,0.988895478382934,13421.19033502405,6554.775033081133,0.0,79187.86321728077,99163.82858538596
2026-09-02 15:00:00+00:00,5.607530753836178,0.18230410008163744,6655.486285420031,-5.607530753836178,2375.43,10.0,0.0,0.0,1.2461798851137549,348531.53534512187,265474.48081345554,0,2390.15,2390.15,2390.15,2390.15,0.0,2390.15,0.0,7290000.0,0.04946677501573116,1.0,1.2461798851137549,899873.5504043294,2191170.143088439,57.6,0.00098686,0.9889009288506806,1.0,0.0,4.0857271704e-06,0.9889009288506806,13403.021935381625,6572.943432723561,0.0,79188.67822308931,99164.6435911945
2026-09-02 16:00:00+00:00,5.607530753836178,0.18230410008163744,6656.179670037873,-5.607530753836178,2375.43,10.0,0.0,0.0,1.2461864641587281,348531.53534512187,265475.56577283837,0,2385.27,2385.27,2385.27,2385.27,0.0,2385.27,5.184e-05,7286400.0,0.04946677506041852,1.0,1.2461864641587281,899873.5504043294,2191170.143088439,57.6,0.00098686,0.9889063793484683,1.0,0.0,4.0868604864e-06,0.9889063793484683,13375.657185302902,6601.001567420124,0.0,79189.49293406878,99166.15168679181
2026-09-02 17:00:00+00:00,5.607530753836178,0.18230410008163744,6656.179670037873,-5.607530753836178,2375.43,10.0,0.0,0.0,1.246193044453927,348531.53534512187,265476.6510376466,0,2392.58,2392.58,2392.58,2392.58,0.0,2392.58,0.0,7282800.0,0.04946677510514985,1.0,1.246193044453927,899873.5504043294,2191170.143088439,57.6,0.00098686,0.9889118298762972,1.0,0.0,4.0879942632e-06,0.9889118298762972,13416.648235113444,6560.010517609582,0.0,79190.30735009327,99166.9661028163
2026-09-02 18:00:00+00:00,5.607530753836178,0.18230410008163744,6656.179670037873,-5.607530753836178,2375.43,10.0,0.0,0.0,1.2461995958676775,348531.53534512187,265477.73660800804,0,2394.05,2394.05,2394.05,2394.05,0.0,2394.05,0.0,7279200.0,0.04946677514992537,1.0,1.2461995958676775,894888.6790656965,2179032.1029833136,57.6,0.00098686,0.9889172804341678,1.0,0.0,4.089128508e-06,0.9889172804341678,13424.891305321584,6551.767447401441,0.0,79191.12147103494,99167.78022375797
2026-09-02 19:00:00+00:00,5.607530753836178,0.18230410008163744,6656.179670037873,-5.607530753836178,2375.43,10.0,0.0,0.0,1.2462061723738962,348531.53534512187,265478.82248404983,0,2392.15,2392.15,2392.15,2392.15,0.0,2392.15,0.0,7275600.0,0.04946677519474463,1.0,1.2462061723738962,894888.6790656965,2179032.1029833136,57.6,0.00098686,0.9889227310220802,1.0,0.0,4.0902632172e-06,0.9889227310220802,13414.236996889296,6562.4217558337305,0.0,79191.93529676675,99168.59404948978
2026-09-02 20:00:00+00:00,5.607530753836178,0.18230410008163744,6656.179670037873,-5.607530753836178,2375.43,10.0,0.0,0.0,1.2462127515389365,348531.53534512187,265479.9086658989,0,2392.65,2392.65,2392.65,2392.65,0.0,2392.65,0.0,7272000.0,0.04946677523960963,1.0,1.2462127515389365,894888.6790656965,2179032.1029833136,57.6,0.00098686,0.9889281816400342,1.0,0.0,4.0913983908e-06,0.9889281816400342,13417.040762266213,6559.617990456813,0.0,79192.74882716179,99169.40757988482
2026-09-02 21:00:00+00:00,5.607530753836178,0.18230410008163744,6656.179670037873,-5.607530753836178,2375.43,10.0,0.0,0.0,1.246219331659466,348531.53534512187,265480.9951536823,0,2389.18,2389.18,2389.18,2389.18,0.0,2389.18,0.0,7268400.0,0.04946677528451815,1.0,1.246219331659466,894888.6790656965,2179032.1029833136,57.6,0.00098686,0.9889336322880303,1.0,0.0,4.0925340288e-06,0.9889336322880303,13397.582630550402,6579.076122172625,0.0,79193.56206209311,99170.22081481614
2026-09-02 22:00:00+00:00,5.607530753836178,0.18230410008163744,6656.179670037873,-5.607530753836178,2375.43,10.0,0.0,0.0,1.2462259123768165,348531.53534512187,265482.081947527,0,2378.79,2378.79,2378.79,2378.79,0.0,2378.79,0.0,7264800.0,0.04946677532947197,1.0,1.2462259123768165,894888.6790656965,2179032.1029833136,57.6,0.00098686,0.9889390829660685,1.0,0.0,4.0936701312e-06,0.9889390829660685,13339.320386018044,6637.338366704982,0.0,79194.37500143371,99171.03375415674
2026-09-02 23:00:00+00:00,5.607530753836178,0.18230410008163744,6656.179670037873,-5.607530753836178,2375.43,10.0,0.0,0.0,1.2462324931216973,348531.53534512187,265483.1595285267,0,2390.91,2390.91,2390.91,2390.91,0.0,2390.91,0.0,7261200.0,0.04946677537446886,1.0,1.2462324931216973,894888.6790656965,2179032.1029833136,57.6,0.00098686,0.9889445336741493,1.0,0.0,4.0589511912e-06,0.9889445336741493,13407.283658754539,6569.375093968489,0.0,79195.19716409012,99171.85591681315
2026-09-03 00:00:00+00:00,5.607530753836178,0.18230410008163744,6657.376392102587,-5.607530753836178,2375.43,10.0,0.0,0.0,1.2462390871325466,348531.53534512187,265484.2373885321,0,2378.66,2378.66,2378.66,2378.66,0.0,2378.66,8.972e-05,7257600.0,0.04936726030549354,1.0,1.2462390871325466,891166.4439893739,2181986.0595908286,57.6,0.00098686,0.9889715671449248,1.0,0.0,4.0599856476e-06,0.9889715671449248,13338.591407020045,6639.264067767695,0.0,79203.54132115986,99181.3967959476
2026-09-03 01:00:00+00:00,5.607530753836178,0.18230410008163744,6657.376392102587,-5.607530753836178,2375.43,10.0,0.0,0.0,1.246245668201686,348531.53534512187,265485.3155276517,0,2385.72,2385.72,2385.72,2385.72,0.0,2385.72,0.0,7254000.0,0.049367260350487996,1.0,1.246245668201686,891166.4439893739,2181986.0595908286,57.6,0.00098686,0.9889770073261706,1.0,0.0,4.061020500000001e-06,0.9889770073261706,13378.180574142127,6599.674900645612,0.0,79204.35925676237,99182.2147315501
2026-09-03 02:00:00+00:00,5.607530753836178,0.18230410008163744,6657.376392102587,-5.607530753836178,2375.43,10.0,0.0,0.0,1.2462522085925298,348531.53534512187,265486.39394599403,0,2405.0,2405.0,2405.0,2405.0,0.0,2405.0,0.0,7250400.0,0.04936726039552708,1.0,1.2462522085925298,891166.4439893739,2181986.0595908286,57.6,0.00098686,0.9889824475373418,1.0,0.0,4.062055748400001e-06,0.9889824475373418,13486.293767076091,6491.561707711649,0.0,79205.17692357214,99183.03239835988
2026-09-03 03:00:00+00:00,5.607530753836178,0.18230410008163744,6657.376392102587,-5.607530753836178,2375.43,10.0,0.0,0.0,1.2462587965447642,348531.53534512187,265487.504707379,0,2402.39,2402.39,2402.39,2402.39,0.0,2402.39,0.0,7246800.0,0.04934975968929112,1.0,1.2462587965447642,891166.4439893739,2184106.3859118004,57.6,0.00098686,0.9889916779972129,1.0,0.0,4.1838643584e-06,0.9889916779972129,13471.658111808578,6506.197362979163,0.0,79207.28326853801,99185.13874332575
2026-09-03 04:00:00+00:00,5.607530753836178,0.18230410008163744,6657.376392102587,-5.607530753836178,2375.43,10.0,0.0,0.0,1.2462653825921977,348531.53534512187,265488.31439773034,0,2407.55,2407.55,2407.55,2407.55,0.0,2407.55,0.0,7243200.0,0.0493497597344037,1.0,1.2462653825921977,891166.4439893739,2184106.3859118004,57.6,0.00098686,0.9889971164062039,1.0,0.0,3.0498200568e-06,0.9889971164062039,13500.592970498372,6477.262504289367,0.0,79208.3690352221,99186.22451000984
2026-09-03 05:00:00+00:00,5.607530753836178,0.18230410008163744,6657.376392102587,-5.607530753836178,2375.43,10.0,0.0,0.0,1.2462719525907284,348531.53534512187,265489.1239381914,0,2403.87,2403.87,2403.87,2403.87,0.0,2403.87,0.0,7239600.0,0.04947253514918515,1.0,1.2462719525907284,895761.30114352,2180460.3140136334,57.6,0.00098686,0.988975992578987,1.0,0.0,3.0492461736e-06,0.988975992578987,13479.957257324255,6497.898217463486,0.0,79200.19717482879,99178.05264961653
2026-09-03 06:00:00+00:00,5.607530753836178,0.18230410008163744,6657.376392102587,-5.607530753836178,2375.43,10.0,0.0,0.0,1.2462785389082904,348531.53534512187,265489.9333288047,0,2407.33,2407.33,2407.33,2407.33,0.0,2407.33,0.0,7236000.0,0.049472535194502676,1.0,1.2462785389082904,895761.30114352,2180460.3140136334,57.6,0.00098686,0.9889814441100828,1.0,0.0,3.048672456e-06,0.9889814441100828,13499.359313732526,6478.496161055212,0.0,79201.28781471832,99179.14328950606
2026-09-03 07:00:00+00:00,5.607530753836178,0.18230410008163744,6657.376392102587,-5.607530753836178,2375.43,10.0,0.0,0.0,1.246285169108975,348531.53534512187,265490.7425696118,0,2397.33,2397.33,2397.33,2397.33,0.0,2397.33,0.0,7232400.0,0.04897822667637164,1.0,1.246285169108975,877354.7098404123,2195069.0678439476,57.6,0.00098686,0.9890937566589976,1.0,0.0,3.0480989004e-06,0.9890937566589976,13443.284006194164,6534.571468593574,0.0,79239.62303902296,99217.4785138107
2026-09-03 08:00:00+00:00,5.607530753836178,0.18230410008163744,6658.5077143508925,-5.607530753836178,2375.43,10.0,0.0,0.0,1.2462917776291615,348531.53534512187,265491.5516606535,0,2402.65,2402.65,2402.65,2402.65,0.0,2402.65,8.397e-05,7228800.0,0.048978143457783174,1.0,1.2462917776291615,877354.7098404123,2195069.0678439476,57.6,0.00098686,0.9890991736415307,1.0,0.0,3.0475255032e-06,0.9890991736415307,13473.116069804575,6505.8707272314705,0.0,79240.70193722047,99219.68873425652
2026-09-03 09:00:00+00:00,5.607530753836178,0.18230410008163744,6658.5077143508925,-5.607530753836178,2375.43,10.0,0.0,0.0,1.2462983647693167,348531.53534512187,265492.3606019723,0,2392.65,2392.65,2392.65,2392.65,0.0,2392.65,0.0,7225200.0,0.048978143502770966,1.0,1.2462983647693167,877354.7098404123,2195069.0678439476,57.6,0.00098686,0.9891045726481802,1.0,0.0,3.0469522716e-06,0.9891045726481802,13417.040762266213,6561.946034769832,0.0,79241.77471997857,99220.76151701462
2026-09-03 10:00:00+00:00,5.607530753836178,0.18230410008163744,6658.5077143508925,-5.607530753836178,2375.43,10.0,0.0,0.0,1.246304931098825,348531.53534512187,265493.1693936089,0,2395.74,2395.74,2395.74,2395.74,0.0,2395.74,0.0,7221600.0,0.04897814354780383,1.0,1.246304931098825,877354.7098404123,2195069.0678439476,57.6,0.00098686,0.9891099716843001,1.0,0.0,3.0463791984e-06,0.9891099716843001,13434.368032295566,6544.61876474048,0.0,79242.84766269021,99221.83445972626
2026-09-03 11:00:00+00:00,5.607530753836178,0.18230410008163744,6658.5077143508925,-5.607530753836178,2375.43,10.0,0.0,0.0,1.246311484745096,348531.53534512187,265493.9780356059,0,2406.12,2406.12,2406.12,2406.12,0.0,2406.12,0.0,7218000.0,0.048685221324635375,1.0,1.246311484745096,877354.7073549959,2231057.92401861,57.6,0.00098686,0.9891785999511805,1.0,0.0,3.0458062908e-06,0.9891785999511805,13492.574201520387,6486.41259551566,0.0,79265.95813591714,99244.94493295319
2026-09-03 12:00:00+00:00,5.607530753836178,0.18230410008163744,6658.5077143508925,-5.607530753836178,2375.43,10.0,0.0,0.0,1.2463179351819267,348531.53534512187,265494.78652800486,0,2422.35,2422.35,2422.35,2422.35,0.0,2422.35,0.0,7214400.0,0.04868502575642597,1.0,1.2463179351819267,877347.4450874823,2231063.6882315762,57.6,0.00098686,0.9891840100652793,1.0,0.0,3.0452335452000003e-06,0.9891840100652793,13583.584425655146,6395.402371380898,0.0,79267.03523889143,99246.02203592748
2026-09-03 13:00:00+00:00,5.607530753836178,0.18230410008163744,6658.5077143508925,-5.607530753836178,2375.43,10.0,0.0,0.0,1.2463243829449722,348531.53534512187,265495.5948708475,0,2428.75,2428.75,2428.75,2428.75,0.0,2428.75,0.0,7210800.0,0.04868502580131717,1.0,1.2463243829449722,877347.4450874823,2231063.6882315762,57.6,0.00098686,0.9891893779768893,1.0,0.0,3.0446609616e-06,0.9891893779768893,13619.472622479698,6359.514174556347,0.0,79268.09778252384,99247.08457955989
2026-09-03 14:00:00+00:00,5.607530753836178,0.18230410008163744,6658.5077143508925,-5.607530753836178,2375.43,10.0,0.0,0.0,1.2463308397621846,348531.53534512187,265496.6720787013,0,2488.32,2488.32,2488.32,2488.32,0.0,2488.32,0.0,7207200.0,0.04868502584625389,1.0,1.2463308397621846,877347.4450874823,2231063.6882315762,57.6,0.00098686,0.9891947459176288,1.0,0.0,4.05733914e-06,0.9891947459176288,13953.513229485721,6025.473567550324,0.0,79268.8914712976,99247.87826833365
2026-09-03 15:00:00+00:00,5.292561794782061,0.0,6652.959434258694,-5.292561794782061,2515.99,10.0,0.0,0.0,1.2463373297394686,348531.53534512187,265497.749566797,0,2515.99,2515.99,2515.99,2515.99,0.0,2515.99,0.0,7203600.0,0.048685025891235245,1.0,1.2463373297394686,877347.4450874823,2231063.6882315762,57.6,0.00098686,0.989200113887498,1.0,0.0,4.058378211600001e-06,0.989200113887498,13316.032550053716,6652.959434258694,0.0,79269.6848899821,99238.67687429451
2026-09-03 16:00:00+00:00,5.292561794782061,0.0,6654.1192211536045,-5.292561794782061,2515.99,10.0,0.0,0.0,1.2463438202345083,348531.53534512187,265498.82733524486,0,2493.29,2493.29,2493.29,2493.29,0.0,2493.29,8.789e-05,7200000.0,0.048685025936261894,1.0,1.2463438202345083,877347.4450874823,2231063.6882315762,57.6,0.00098686,0.9892054818864969,1.0,0.0,4.0594176864e-06,0.9892054818864969,13195.891397312163,6774.260373895157,0.0,79270.47803846706,99240.62980967437
2026-09-03 17:00:00+00:00,5.292561794782061,0.0,6654.1192211536045,-5.292561794782061,2515.99,10.0,0.0,0.0,1.246350303259569,348531.53534512187,265499.9053841525,0,2499.36,2499.36,2499.36,2499.36,0.0,2499.36,0.0,7196400.0,0.04868502598133251,1.0,1.246350303259569,877347.4450874823,2231063.6882315762,57.6,0.00098686,0.9892108499146262,1.0,0.0,4.0604575536e-06,0.9892108499146262,13228.017247406491,6742.134523800828,0.0,79271.27091664507,99241.42268785238
2026-09-03 18:00:00+00:00,5.292561794782061,0.0,6654.1192211536045,-5.292561794782061,2515.99,10.0,0.0,0.0,1.2463567626023642,348531.53534512187,265500.9837136303,0,2511.92,2511.92,2511.92,2511.92,0.0,2511.92,0.0,7192800.0,0.048685026026449085,1.0,1.2463567626023642,877347.4450874823,2231063.6882315762,57.6,0.00098686,0.9892162179718854,1.0,0.0,4.061497824e-06,0.9892162179718854,13294.491823548955,6675.659947658366,0.0,79272.06352440565,99242.21529561297
2026-09-03 19:00:00+00:00,5.292561794782061,0.0,6654.1192211536045,-5.292561794782061,2515.99,10.0,0.0,0.0,1.2463632460894076,348531.53534512187,265502.0623237878,0,2517.03,2517.03,2517.03,2517.03,0.0,2517.03,0.0,7189200.0,0.04870950172762201,1.0,1.2463632460894076,878256.4157129328,2230342.2868780787,57.6,0.00098686,0.9892163228495423,1.0,0.0,4.062538494e-06,0.9892163228495423,13321.53681432029,6648.614956887029,0.0,79271.02146741899,99241.1732386263
2026-09-03 20:00:00+00:00,5.292561794782061,0.0,6654.1192211536045,-5.292561794782061,2515.99,10.0,0.0,0.0,1.246369738046739,348531.53534512187,265503.1412147335,0,2503.82,2503.82,2503.82,2503.82,0.0,2503.82,0.0,7185600.0,0.04870950177285249,1.0,1.246369738046739,878256.4157129328,2230342.2868780787,57.6,0.00098686,0.9892216935720611,1.0,0.0,4.06357956e-06,0.9892216935720611,13251.62207301122,6718.5296981961,0.0,79271.81444263866,99241.96621384597
2026-09-03 21:00:00+00:00,5.292561794782061,0.0,6654.1192211536045,-5.292561794782061,2515.99,10.0,0.0,0.0,1.24637621462773,348531.53534512187,265504.22038657684,0,2510.13,2510.13,2510.13,2510.13,0.0,2510.13,0.0,7182000.0,0.04870950181812894,1.0,1.24637621462773,878256.4157129328,2230342.2868780787,57.6,0.00098686,0.989227064323739,1.0,0.0,4.0646210255999995e-06,0.989227064323739,13285.018137936295,6685.133633271025,0.0,79272.60714712355,99242.75891833086
2026-09-03 22:00:00+00:00,5.292561794782061,0.0,6654.1192211536045,-5.292561794782061,2515.99,10.0,0.0,0.0,1.24638264990266,348531.53534512187,265505.29983942833,0,2495.52,2495.52,2495.52,2495.52,0.0,2495.52,0.0,7178400.0,0.04870958528291536,1.0,1.24638264990266,878256.4157129328,2230342.2868780787,57.6,0.00098686,0.9892324171930921,1.0,0.0,4.0656628944e-06,0.9892324171930921,13207.693810114528,6762.457961092792,0.0,79273.39333804615,99243.54510925346
2026-09-03 23:00:00+00:00,5.292561794782061,0.0,6654.1192211536045,-5.292561794782061,2515.99,10.0,0.0,0.0,1.246389128658303,348531.53534512187,265506.3795733974,0,2506.42,2506.42,2506.42,2506.42,0.0,2506.42,0.0,7174800.0,0.04870950190881618,1.0,1.246389128658303,878256.4157129328,2230342.2868780787,57.6,0.00098686,0.989237805914573,1.0,0.0,4.066705162799999e-06,0.989237805914573,13265.382733677652,6704.769037529667,0.0,79274.19174344843,99244.34351465575
2026-09-04 00:00:00+00:00,5.292561794782061,0.0,6655.380818167905,-5.292561794782061,2515.99,10.0,0.0,0.0,1.2463955858371738,348531.53534512187,265507.45958859165,0,2500.49,2500.49,2500.49,2500.49,0.0,2500.49,9.533e-05,7171200.0,0.048709501954228074,1.0,1.2463955858371738,878256.4157129328,2230342.2868780787,57.6,0.00098686,0.9892431767537292,1.0,0.0,4.0677478236e-06,0.9892431767537292,13233.997842234594,6737.415525987027,0.0,79274.98363507137,99246.397003293
2026-09-04 01:00:00+00:00,5.292561794782061,0.0,6655.380818167905,-5.292561794782061,2515.99,10.0,0.0,0.0,1.2464020413819519,348531.53534512187,265508.53988512064,0,2505.88,2505.88,2505.88,2505.88,0.0,2505.88,0.0,7167600.0,0.04871224755735537,1.0,1.2464020413819519,878358.4157129328,2230261.3348612827,57.6,0.00098686,0.9892479589854685,1.0,0.0,4.068790884e-06,0.9892479589854685,13262.52475030847,6708.88861791315,0.0,79275.57009711285,99246.98346533447
2026-09-04 02:00:00+00:00,5.292561794782061,0.0,6655.380818167905,-5.292561794782061,2515.99,10.0,0.0,0.0,1.2464083924453535,348531.53534512187,265509.62046309473,0,2506.99,2506.99,2506.99,2506.99,0.0,2506.99,0.0,7164000.0,0.048712247602861414,1.0,1.2464083924453535,878358.4157129328,2230261.3348612827,57.6,0.00098686,0.9892533301753982,1.0,0.0,4.0698343476e-06,0.9892533301753982,13268.399493900677,6703.013874320944,0.0,79276.3615482116,99247.77491643322
2026-09-04 03:00:00+00:00,5.292561794782061,0.0,6655.380818167905,-5.292561794782061,2515.99,10.0,0.0,0.0,1.2464147650426272,348531.53534512187,265510.70132262155,0,2503.73,2503.73,2503.73,2503.73,0.0,2503.73,0.0,7160400.0,0.0487122476484132,1.0,1.2464147650426272,878358.4157129328,2230261.3348612827,57.6,0.00098686,0.9892587013944911,1.0,0.0,4.070878203600001e-06,0.9892587013944911,13251.14574244969,6720.267625771932,0.0,79277.1527279219,99248.56609614352
2026-09-04 04:00:00+00:00,5.292561794782061,0.0,6655.380818167905,-5.292561794782061,2515.99,10.0,0.0,0.0,1.2464211328960617,348531.53534512187,265511.78246381244,0,2508.48,2508.48,2508.48,2508.48,0.0,2508.48,0.0,7156800.0,0.048712247694010724,1.0,1.2464211328960617,878358.4157129328,2230261.3348612827,57.6,0.00098686,0.9892640726427475,1.0,0.0,4.0719224664e-06,0.9892640726427475,13276.285410974904,6695.127957246717,0.0,79277.94363613252,99249.35700435414
2026-09-04 05:00:00+00:00,5.292561794782061,0.0,6655.380818167905,-5.292561794782061,2515.99,10.0,0.0,0.0,1.246427501281425,348531.53534512187,265512.8638867751,0,2507.94,2507.94,2507.94,2507.94,0.0,2507.94,0.0,7153200.0,0.04871224773965466,1.0,1.246427501281425,878358.4157129328,2230261.3348612827,57.6,0.00098686,0.9892694439201672,1.0,0.0,4.0729671216e-06,0.9892694439201672,13273.427427605722,6697.985940615899,0.0,79278.73427273572,99250.14764095734
2026-09-04 06:00:00+00:00,5.292561794782061,0.0,6655.380818167905,-5.292561794782061,2515.99,10.0,0.0,0.0,1.246433869725649,348531.53534512187,265513.94559161994,0,2506.65,2506.65,2506.65,2506.65,0.0,2506.65,0.0,7149600.0,0.04871224778534389,1.0,1.246433869725649,878358.4157129328,2230261.3348612827,57.6,0.00098686,0.989274815226751,1.0,0.0,4.07401218e-06,0.989274815226751,13266.600022890452,6704.8133453311675,0.0,79279.5246376213,99250.93800584292
2026-09-04 07:00:00+00:00,5.292561794782061,0.0,6655.380818167905,-5.292561794782061,2515.99,10.0,0.0,0.0,1.246440231871468,348531.53534512187,265515.0275784565,0,2503.53,2503.53,2503.53,2503.53,0.0,2503.53,0.0,7146000.0,0.04879789855655625,1.0,1.246440231871468,881544.3088207599,2227732.901202961,57.6,0.00098686,0.9892618790782607,1.0,0.0,4.075057637999999e-06,0.9892618790782607,13250.087230090734,6721.326138130888,0.0,79273.93399509002,99245.34736331164
2026-09-04 08:00:00+00:00,5.292561794782061,0.0,6656.183630233092,-5.292561794782061,2515.99,10.0,0.0,0.0,1.2464466100904683,348531.53534512187,265516.11787716934,0,2526.43,2526.43,2526.43,2526.43,0.0,2526.43,6.004e-05,7142400.0,0.04879789860242045,1.0,1.2464466100904683,881544.3088207599,2227732.901202961,57.6,0.00098686,0.9892672595666324,1.0,0.0,4.106345633999999e-06,0.9892672595666324,13371.28689519124,6600.929285095567,0.0,79274.71896625025,99246.93514653706
2026-09-04 09:00:00+00:00,5.292561794782061,0.0,6656.183630233092,-5.292561794782061,2515.99,10.0,0.0,0.0,1.2464529611842081,348531.53534512187,265517.2084597635,0,2520.0,2520.0,2520.0,2520.0,0.0,2520.0,0.0,7138800.0,0.0490103300071556,1.0,1.2464529611842081,889479.2846540215,2221435.7195485723,57.6,0.00098686,0.9892272869306982,1.0,0.0,4.1073979356000005e-06,0.9892272869306982,13337.255722850792,6634.960457436015,0.0,79259.69665948214,99231.91283976895
2026-09-04 10:00:00+00:00,5.292561794782061,0.0,6656.183630233092,-5.292561794782061,2515.99,10.0,0.0,0.0,1.2464593203167569,348531.53534512187,265518.29932635045,0,2525.0,2525.0,2525.0,2525.0,0.0,2525.0,0.0,7135200.0,0.04901033005331734,1.0,1.2464593203167569,889479.2846540215,2221435.7195485723,57.6,0.00098686,0.9892326901014656,1.0,0.0,4.108450644e-06,0.9892326901014656,13363.718531824703,6608.497648462105,0.0,79260.48896829854,99232.70514858534
2026-09-04 11:00:00+00:00,5.292561794782061,0.0,6656.183630233092,-5.292561794782061,2515.99,10.0,0.0,0.0,1.2464656204926186,348531.53534512187,265519.3904770398,0,2521.89,2521.89,2521.89,2521.89,0.0,2521.89,0.0,7131600.0,0.049010330099525046,1.0,1.2464656204926186,889479.2846540215,2221435.7195485723,57.6,0.00098686,0.9892380933017455,1.0,0.0,4.109503752e-06,0.9892380933017455,13347.25866464293,6624.957515643878,0.0,79261.28100329847,99233.49718358528
2026-09-04 12:00:00+00:00,5.292561794782061,0.0,6656.183630233092,-5.292561794782061,2515.99,10.0,0.0,0.0,1.2464719000302698,348531.53534512187,265520.48191194393,0,2450.12,2450.12,2450.12,2450.12,0.0,2450.12,0.0,7128000.0,0.049010330145780046,1.0,1.2464719000302698,889479.2846540215,2221435.7195485723,57.6,0.00098686,0.9892434965315375,1.0,0.0,4.1105572704e-06,0.9892434965315375,12967.411504631422,7004.804675655386,0.0,79262.0727643696,99234.28894465641
2026-09-04 13:00:00+00:00,5.292561794782061,0.0,6656.183630233092,-5.292561794782061,2515.99,10.0,0.0,0.0,1.2464781801934572,348531.53534512187,265521.57363117347,0,2451.02,2451.02,2451.02,2451.02,0.0,2451.02,0.0,7124400.0,0.0490103301920819,1.0,1.2464781801934572,889479.2846540215,2221435.7195485723,57.6,0.00098686,0.989248899790842,1.0,0.0,4.1116111920000005e-06,0.989248899790842,12972.174810246726,7000.041370040081,0.0,79262.86425140128,99235.08043168808
2026-09-04 14:00:00+00:00,5.292561794782061,0.0,6656.183630233092,-5.292561794782061,2515.99,10.0,0.0,0.0,1.2464843763779079,348531.53534512187,265522.6656348379,0,2438.84,2438.84,2438.84,2438.84,0.0,2438.84,0.0,7120800.0,0.04900762377251855,1.0,1.2464843763779079,889377.8969838975,2221516.1880274517,57.6,0.00098686,0.9892548793862846,1.0,0.0,4.112665513200001e-06,0.9892548793862846,12907.711407586281,7064.504772700526,0.0,79263.85632531729,99236.0725056041
2026-09-04 15:00:00+00:00,5.292561794782061,0.0,6656.183630233092,-5.292561794782061,2515.99,10.0,0.0,0.0,1.2464906303276413,348531.53534512187,265523.7579230496,0,2450.95,2450.95,2450.95,2450.95,0.0,2450.95,0.0,7117200.0,0.04854684481406912,1.0,1.2464906303276413,872229.2419173848,2235127.9420633405,57.6,0.00098686,0.9893583767915949,1.0,0.0,4.1137202448e-06,0.9893583767915949,12971.80433092109,7000.411849365717,0.0,79298.83614668256,99271.05232696937
2026-09-04 16:00:00+00:00,5.292561794782061,0.0,6656.2609405409175,-5.292561794782061,2515.99,10.0,0.0,0.0,1.2464968230900553,348531.53534512187,265524.8504959183,0,2459.15,2459.15,2459.15,2459.15,0.0,2459.15,5.94e-06,7113600.0,0.048546844860061666,1.0,1.2464968230900553,872229.2419173848,2235127.9420633405,57.6,0.00098686,0.9893637307665558,1.0,0.0,4.114775376e-06,0.9893637307665558,13015.203337638304,6957.090152956328,0.0,79299.60960292717,99271.9030935218
2026-09-04 17:00:00+00:00,5.292561794782061,0.0,6656.2609405409175,-5.292561794782061,2515.99,10.0,0.0,0.0,1.2465030188351782,348531.53534512187,265525.9433535564,0,2444.07,2444.07,2444.07,2444.07,0.0,2444.07,0.0,7110000.0,0.04854673855013725,1.0,1.2465030188351782,872225.3095420026,2235131.0633900114,57.6,0.00098686,0.9893691073958432,1.0,0.0,4.1158309176e-06,0.9893691073958432,12935.391505772992,7036.901984821641,0.0,79300.39067014959,99272.68416074422
2026-09-04 18:00:00+00:00,5.292561794782061,0.0,6656.2609405409175,-5.292561794782061,2515.99,10.0,0.0,0.0,1.2465092235979036,348531.53534512187,265527.0364960724,0,2449.47,2449.47,2449.47,2449.47,0.0,2449.47,0.0,7106400.0,0.04854673859622305,1.0,1.2465092235979036,872225.3095420026,2235131.0633900114,57.6,0.00098686,0.9893744614174174,1.0,0.0,4.1168868551999995e-06,0.9893744614174174,12963.971339464813,7008.32215112982,0.0,79301.16357299307,99273.4570635877
2026-09-04 19:00:00+00:00,5.292561794782061,0.0,6656.2609405409175,-5.292561794782061,2515.99,10.0,0.0,0.0,1.2465154407560728,348531.53534512187,265528.12992357893,0,2454.67,2454.67,2454.67,2454.67,0.0,2454.67,0.0,7102800.0,0.04854673864235659,1.0,1.2465154407560728,872225.3095420026,2235131.0633900114,57.6,0.00098686,0.989379815467965,1.0,0.0,4.1179432032e-06,0.989379815467965,12991.492660797681,6980.800829796952,0.0,79301.9362009443,99274.22969153893
2026-09-04 20:00:00+00:00,5.292561794782061,0.0,6656.2609405409175,-5.292561794782061,2515.99,10.0,0.0,0.0,1.2465216170552427,348531.53534512187,265529.2236361855,0,2450.15,2450.15,2450.15,2450.15,0.0,2450.15,0.0,7099200.0,0.048854820445877634,1.0,1.2465216170552427,883666.4188962226,2226051.068090036,57.6,0.00098686,0.9893197408559359,1.0,0.0,4.1189999508000005e-06,0.9893197408559359,12967.570281485267,7004.7232091093665,0.0,79279.90459157189,99252.19808216652
2026-09-04 21:00:00+00:00,5.292561794782061,0.0,6656.2609405409175,-5.292561794782061,2515.99,10.0,0.0,0.0,1.2465278180134274,348531.53534512187,265530.3176340037,0,2450.7,2450.7,2450.7,2450.7,0.0,2450.7,0.0,7095600.0,0.04900573950636766,1.0,1.2465278180134274,889307.4975114577,2221574.2952553183,57.6,0.00098686,0.9892931011122859,1.0,0.0,4.1200571052e-06,0.9892931011122859,12970.481190472396,7001.812300122238,0.0,79269.52580299816,99241.8192935928
2026-09-04 22:00:00+00:00,5.292561794782061,0.0,6656.2609405409175,-5.292561794782061,2515.99,10.0,0.0,0.0,1.2465340409544845,348531.53534512187,265531.41191714496,0,2449.99,2449.99,2449.99,2449.99,0.0,2449.99,0.0,7092000.0,0.04900241618464585,1.0,1.2465340409544845,889183.0223361771,2221673.088067944,57.6,0.00098686,0.9892992089889191,1.0,0.0,4.1211146664e-06,0.9892992089889191,12966.7234715981,7005.570018996534,0.0,79270.5603074776,99242.85379807223
2026-09-04 23:00:00+00:00,5.292561794782061,0.0,6656.2609405409175,-5.292561794782061,2515.99,10.0,0.0,0.0,1.2465402640258656,348531.53534512187,265532.5111692592,0,2454.57,2454.57,2454.57,2454.57,0.0,2454.57,0.0,7088400.0,0.049002416231410884,1.0,1.2465402640258656,889183.0223361771,2221673.088067944,57.6,0.00098686,0.9893046117004731,1.0,0.0,4.1398109208e-06,0.9893046117004731,12990.963404618204,6981.3300859764295,0.0,79271.3440707163,99243.63756131093
2026-09-05 00:00:00+00:00,5.292561794782061,0.0,6656.52050634558,-5.292561794782061,2515.99,10.0,0.0,0.0,1.2465464885539925,348531.53534512187,265533.61070828885,0,2450.95,2450.95,2450.95,2450.95,0.0,2450.95,2.001e-05,7084800.0,0.04900241627822477,1.0,1.2465464885539925,889183.0223361771,2221673.088067944,57.6,0.00098686,0.9893100144415319,1.0,0.0,4.1408743068e-06,0.9893100144415319,12971.80433092109,7000.7487254782045,0.0,79272.12755732297,99244.68061372226
2026-09-05 01:00:00+00:00,5.292561794782061,0.0,6656.52050634558,-5.292561794782061,2515.99,10.0,0.0,0.0,1.2465527136287204,348531.53534512187,265534.7105343474,0,2450.71,2450.71,2450.71,2450.71,0.0,2450.71,0.0,7081200.0,0.049002416325085285,1.0,1.2465527136287204,889183.0223361771,2221673.088067944,57.6,0.00098686,0.989315417212096,1.0,0.0,4.1419381068e-06,0.989315417212096,12970.534116090344,7002.018940308952,0.0,79272.91076718422,99245.46382358352
2026-09-05 02:00:00+00:00,5.292561794782061,0.0,6656.52050634558,-5.292561794782061,2515.99,10.0,0.0,0.0,1.2465589182779024,348531.53534512187,265535.8106475473,0,2452.27,2452.27,2452.27,2452.27,0.0,2452.27,0.0,7077600.0,0.049002416371993096,1.0,1.2465589182779024,889183.0223361771,2221673.088067944,57.6,0.00098686,0.9893208200121656,1.0,0.0,4.1430023172e-06,0.9893208200121656,12978.790512490204,6993.762543909092,0.0,79273.69370018772,99246.24675658702
2026-09-05 03:00:00+00:00,5.292561794782061,0.0,6656.52050634558,-5.292561794782061,2515.99,10.0,0.0,0.0,1.2465651480224147,348531.53534512187,265536.91104800114,0,2451.57,2451.57,2451.57,2451.57,0.0,2451.57,0.0,7074000.0,0.049002416418949535,1.0,1.2465651480224147,889183.0223361771,2221673.088067944,57.6,0.00098686,0.9893262228417405,1.0,0.0,4.144066938e-06,0.9893262228417405,12975.085719233857,6997.467337165438,0.0,79274.47635622084,99247.02941262013
2026-09-05 04:00:00+00:00,5.292561794782061,0.0,6656.52050634558,-5.292561794782061,2515.99,10.0,0.0,0.0,1.2465713811122614,348531.53534512187,265538.01173581945,0,2448.01,2448.01,2448.01,2448.01,0.0,2448.01,0.0,7070400.0,0.049002416465953935,1.0,1.2465713811122614,889183.0223361771,2221673.088067944,57.6,0.00098686,0.989331625700821,1.0,0.0,4.145131962e-06,0.989331625700821,12956.244199244433,7016.3088571548615,0.0,79275.25873517315,99247.81179157244
2026-09-05 05:00:00+00:00,5.292561794782061,0.0,6656.52050634558,-5.292561794782061,2515.99,10.0,0.0,0.0,1.2465776143975278,348531.53534512187,265539.7064573712,0,2450.04,2450.04,2450.04,2450.04,0.0,2450.04,0.0,7066800.0,0.049002416513006075,1.0,1.2465776143975278,889183.0223361771,2221673.088067944,57.6,0.00098686,0.9893370285894074,1.0,0.0,6.3821979108e-06,0.9893370285894074,12966.98809968784,7005.564956711456,0.0,79275.4470906757,99248.000147075
2026-09-05 06:00:00+00:00,5.292561794782061,0.0,6656.52050634558,-5.292561794782061,2515.99,10.0,0.0,0.0,1.2465838481874039,348531.53534512187,265541.4027246022,0,2452.47,2452.47,2452.47,2452.47,0.0,2452.47,0.0,7063200.0,0.04900241656010618,1.0,1.2465838481874039,889183.0223361771,2221673.088067944,57.6,0.00098686,0.9893424315074998,1.0,0.0,6.3879780384e-06,0.9893424315074998,12979.84902484916,6992.704031550136,0.0,79275.63391078275,99248.18696718205
2026-09-05 07:00:00+00:00,5.292561794782061,0.0,6656.52050634558,-5.292561794782061,2515.99,10.0,0.0,0.0,1.2465900659014646,348531.53534512187,265543.10053962405,0,2456.23,2456.23,2456.23,2456.23,0.0,2456.23,0.0,7059600.0,0.04912481529047352,1.0,1.2465900659014646,893774.9380224439,2218029.002086148,57.6,0.00098686,0.9893219945005944,1.0,0.0,6.3937660068e-06,0.9893219945005944,12999.749057197541,6972.803999201755,0.0,79266.81315436633,99239.36621076563
2026-09-05 08:00:00+00:00,5.292561794782061,0.0,6657.313820423828,-5.292561794782061,2515.99,10.0,0.0,0.0,1.2465963007239926,348531.53534512187,265544.79990454554,0,2455.64,2455.64,2455.64,2455.64,0.0,2455.64,6.104e-05,7056000.0,0.04912481533779012,1.0,1.2465963007239926,893774.9380224439,2218029.002086148,57.6,0.00098686,0.9893274105133865,1.0,0.0,6.3995618052000005e-06,0.9893274105133865,12996.626445738619,6976.719924738924,0.0,79267.00144069869,99240.34781117624
2026-09-05 09:00:00+00:00,5.292561794782061,0.0,6657.313820423828,-5.292561794782061,2515.99,10.0,0.0,0.0,1.2466025546925004,348531.53534512187,265546.5008214764,0,2457.56,2457.56,2457.56,2457.56,0.0,2457.56,0.0,7052400.0,0.04906761821322503,1.0,1.2466025546925004,891627.2517589034,2219733.551906391,57.6,0.00098686,0.9893448889809924,1.0,0.0,6.4053654372e-06,0.9893448889809924,13006.788164384601,6966.558206092943,0.0,79271.39232091804,99244.73869139559
2026-09-05 10:00:00+00:00,5.292561794782061,0.0,6657.313820423828,-5.292561794782061,2515.99,10.0,0.0,0.0,1.2466087618302761,348531.53534512187,265547.61344623484,0,2453.11,2453.11,2453.11,2453.11,0.0,2453.11,0.0,7048800.0,0.049067683423490216,1.0,1.2466087618302761,891629.6966368068,2219731.6116553084,57.6,0.00098686,0.9893502852257666,1.0,0.0,4.1899344336e-06,0.9893502852257666,12983.236264397821,6990.110106079722,0.0,79272.16045763582,99245.50682811337
2026-09-05 11:00:00+00:00,5.292561794782061,0.0,6657.313820423828,-5.292561794782061,2515.99,10.0,0.0,0.0,1.2466150116699029,348531.53534512187,265548.7263615864,0,2452.6,2452.6,2452.6,2452.6,0.0,2452.6,0.0,7045200.0,0.04906768347089585,1.0,1.2466150116699029,891629.6966368068,2219731.6116553084,57.6,0.00098686,0.989355695242917,1.0,0.0,4.19101119e-06,0.989355695242917,12980.537057882482,6992.809312595062,0.0,79272.93310386792,99246.27947434547
2026-09-05 12:00:00+00:00,5.292561794782061,0.0,6657.313820423828,-5.292561794782061,2515.99,10.0,0.0,0.0,1.2466212628564604,348531.53534512187,265549.83956764557,0,2457.71,2457.71,2457.71,2457.71,0.0,2457.71,0.0,7041600.0,0.049067683518349225,1.0,1.2466212628564604,891629.6966368068,2219731.6116553084,57.6,0.00098686,0.9893611052896508,1.0,0.0,4.192088364e-06,0.9893611052896508,13007.582048653818,6965.7643218237245,0.0,79273.70546970319,99247.05184018073
2026-09-05 13:00:00+00:00,5.292561794782061,0.0,6657.313820423828,-5.292561794782061,2515.99,10.0,0.0,0.0,1.2466275164101197,348531.53534512187,265550.953064525,0,2452.91,2452.91,2452.91,2452.91,0.0,2452.91,0.0,7038000.0,0.04906768356585167,1.0,1.2466275164101197,891629.6966368068,2219731.6116553084,57.6,0.00098686,0.9893665153659681,1.0,0.0,4.1931659484e-06,0.9893665153659681,12982.177752038864,6991.16861843868,0.0,79274.47755502898,99247.82392550653
2026-09-05 14:00:00+00:00,5.292561794782061,0.0,6657.313820423828,-5.292561794782061,2515.99,10.0,0.0,0.0,1.2466337818334579,348531.53534512187,265552.06685233914,0,2456.11,2456.11,2456.11,2456.11,0.0,2456.11,0.0,7034400.0,0.04906768361340319,1.0,1.2466337818334579,891629.6966368068,2219731.6116553084,57.6,0.00098686,0.9893719254718689,1.0,0.0,4.1942439503999994e-06,0.9893719254718689,12999.113949782168,6974.232420695375,0.0,79275.2493597308,99248.59573020836
2026-09-05 15:00:00+00:00,5.292561794782061,0.0,6657.313820423828,-5.292561794782061,2515.99,10.0,0.0,0.0,1.246640049915854,348531.53534512187,265553.18093120155,0,2458.65,2458.65,2458.65,2458.65,0.0,2458.65,0.0,7030800.0,0.04906768366100267,1.0,1.246640049915854,891629.6966368068,2219731.6116553084,57.6,0.00098686,0.9893773356073537,1.0,0.0,4.1953223664e-06,0.9893773356073537,13012.557056740914,6960.789313736629,0.0,79276.02088369534,99249.36725417289
2026-09-05 16:00:00+00:00,5.292561794782061,0.0,6657.556977204303,-5.292561794782061,2515.99,10.0,0.0,0.0,1.2466463201992601,348531.53534512187,265554.2953012249,0,2470.06,2470.06,2470.06,2470.06,0.0,2470.06,1.86e-05,7027200.0,0.04906768370865211,1.0,1.2466463201992601,891629.6966368068,2219731.6116553084,57.6,0.00098686,0.9893827457724222,1.0,0.0,4.1964011928e-06,0.9893827457724222,13072.945186819377,6900.644340438642,0.0,79276.79212680977,99250.3816540678
2026-09-05 17:00:00+00:00,5.292561794782061,0.0,6657.556977204303,-5.292561794782061,2515.99,10.0,0.0,0.0,1.2466525948038254,348531.53534512187,265555.40996252466,0,2480.13,2480.13,2480.13,2480.13,0.0,2480.13,0.0,7023600.0,0.049067683756349956,1.0,1.2466525948038254,898940.2663189038,2237931.434612944,57.6,0.00098686,0.9893881559670751,1.0,0.0,4.1974804404e-06,0.9893881559670751,13126.241284092832,6847.3482431651855,0.0,79277.56308895891,99251.15261621692
2026-09-05 18:00:00+00:00,5.292561794782061,0.0,6657.556977204303,-5.292561794782061,2515.99,10.0,0.0,0.0,1.2466588566476742,348531.53534512187,265556.2879007983,0,2479.49,2479.49,2479.49,2479.49,0.0,2479.49,0.0,7020000.0,0.049067683804095985,1.0,1.2466588566476742,898940.2663189038,2237931.434612944,57.6,0.00098686,0.9893935661913122,1.0,0.0,3.3060400560000002e-06,0.9893935661913122,13122.85404454417,6850.735482713848,0.0,79278.57078444521,99252.16031170322
2026-09-05 19:00:00+00:00,5.292561794782061,0.0,6657.556977204303,-5.292561794782061,2515.99,10.0,0.0,0.0,1.2466651395874444,348531.53534512187,265557.16583591246,0,2476.54,2476.54,2476.54,2476.54,0.0,2476.54,0.0,7016400.0,0.04906768385189153,1.0,1.2466651395874444,898940.2663189038,2237931.434612944,57.6,0.00098686,0.9893989764451339,1.0,0.0,3.3060172284e-06,0.9893989764451339,13107.240987249565,6866.348540008454,0.0,79279.5784934021,99253.16802066012
2026-09-05 20:00:00+00:00,5.292561794782061,0.0,6657.556977204303,-5.292561794782061,2515.99,10.0,0.0,0.0,1.2466714231786102,348531.53534512187,265558.0437678689,0,2476.49,2476.49,2476.49,2476.49,0.0,2476.49,0.0,7012800.0,0.049067683899736814,1.0,1.2466714231786102,898940.2663189038,2237931.434612944,57.6,0.00098686,0.98940438672854,1.0,0.0,3.305994408e-06,0.98940438672854,13106.976359159824,6866.613168098194,0.0,79280.5862158279,99254.17574308591
2026-09-05 21:00:00+00:00,5.292561794782061,0.0,6657.556977204303,-5.292561794782061,2515.99,10.0,0.0,0.0,1.2466777177429544,348531.53534512187,265558.92169666576,0,2487.97,2487.97,2487.97,2487.97,0.0,2487.97,0.0,7009200.0,0.04906768394763006,1.0,1.2466777177429544,898940.2663189038,2237931.434612944,57.6,0.00098686,0.9894097970415311,1.0,0.0,3.3059715804e-06,0.9894097970415311,13167.734968563922,6805.854558694096,0.0,79281.59395172447,99255.18347898248
2026-09-05 22:00:00+00:00,5.292561794782061,0.0,6657.556977204303,-5.292561794782061,2515.99,10.0,0.0,0.0,1.246684020402633,348531.53534512187,265559.7996223048,0,2479.93,2479.93,2479.93,2479.93,0.0,2479.93,0.0,7005600.0,0.04906768399557304,1.0,1.246684020402633,898940.2663189038,2237931.434612944,57.6,0.00098686,0.9894152073841072,1.0,0.0,3.3059487600000002e-06,0.9894152073841072,13125.182771733875,6848.406755524144,0.0,79282.60170109023,99256.19122834824
2026-09-05 23:00:00+00:00,5.292561794782061,0.0,6657.556977204303,-5.292561794782061,2515.99,10.0,0.0,0.0,1.2466903240719387,348531.53534512187,265560.67754478514,0,2479.17,2479.17,2479.17,2479.17,0.0,2479.17,0.0,7002000.0,0.04906768404356532,1.0,1.2466903240719387,898940.2663189038,2237931.434612944,57.6,0.00098686,0.9894206177562682,1.0,0.0,3.3059259359999996e-06,0.9894206177562682,13121.160424769841,6852.429102488177,0.0,79283.609463926,99257.198991184
2026-09-06 00:00:00+00:00,5.292561794782061,0.0,6658.481746029204,-5.292561794782061,2515.99,10.0,0.0,0.0,1.2466966285380117,348531.53534512187,265561.5554641066,0,2489.03,2489.03,2489.03,2489.03,0.0,2489.03,7.02e-05,6998400.0,0.04906319794605585,1.0,1.2466966285380117,898770.5957887168,2238066.097644069,57.6,0.00098686,0.9894269671166727,1.0,0.0,3.3059031120000003e-06,0.9894269671166727,13173.345084066394,6801.169212016526,0.0,79284.94449693471,99259.45879301763
2026-09-06 01:00:00+00:00,5.292561794782061,0.0,6658.481746029204,-5.292561794782061,2515.99,10.0,0.0,0.0,1.2467029359086632,348531.53534512187,265562.4333361706,0,2504.67,2504.67,2504.67,2504.67,0.0,2504.67,0.0,6994800.0,0.04905710881219494,1.0,1.2467029359086632,898540.3309644216,2238248.8530102246,57.6,0.00098686,0.9894336509065235,1.0,0.0,3.3057142308e-06,0.9894336509065235,13256.120750536784,6718.393545546136,0.0,79286.39613640931,99260.91043249224
2026-09-06 02:00:00+00:00,5.292561794782061,0.0,6658.481746029204,-5.292561794782061,2515.99,10.0,0.0,0.0,1.2467092032556935,348531.53534512187,265563.31124772865,0,2502.32,2502.32,2502.32,2502.32,0.0,2502.32,0.0,6991200.0,0.049057108860325105,1.0,1.2467092032556935,898540.3309644216,2238248.8530102246,57.6,0.00098686,0.9894390602409241,1.0,0.0,3.3058520207999997e-06,0.9894390602409241,13243.683230319048,6730.831065763873,0.0,79287.40354847518,99261.9178445581
2026-09-06 03:00:00+00:00,5.292561794782061,0.0,6658.481746029204,-5.292561794782061,2515.99,10.0,0.0,0.0,1.2467155135870367,348531.53534512187,265564.1891562979,0,2508.57,2508.57,2508.57,2508.57,0.0,2508.57,0.0,6987600.0,0.049057108908505676,1.0,1.2467155135870367,898540.3309644216,2238248.8530102246,57.6,0.00098686,0.989444469604898,1.0,0.0,3.3058298376e-06,0.989444469604898,13276.761741536435,6697.752554546485,0.0,79288.41097383696,99262.92526991988
2026-09-06 04:00:00+00:00,5.292561794782061,0.0,6658.481746029204,-5.292561794782061,2515.99,10.0,0.0,0.0,1.24672182839946,348531.53534512187,265565.0670618773,0,2503.24,2503.24,2503.24,2503.24,0.0,2503.24,0.0,6984000.0,0.04905710895673443,1.0,1.24672182839946,898540.3309644216,2238248.8530102246,57.6,0.00098686,0.9894498789984456,1.0,0.0,3.3058076508e-06,0.9894498789984456,13248.552387170244,6725.961908912675,0.0,79289.41841249604,99263.93270857897
2026-09-06 05:00:00+00:00,5.292561794782061,0.0,6658.481746029204,-5.292561794782061,2515.99,10.0,0.0,0.0,1.2467281436486946,348531.53534512187,265565.9449644668,0,2512.43,2512.43,2512.43,2512.43,0.0,2512.43,0.0,6980400.0,0.049057109005014254,1.0,1.2467281436486946,898540.3309644216,2238248.8530102246,57.6,0.00098686,0.9894552884215666,1.0,0.0,3.305785464e-06,0.9894552884215666,13297.191030064292,6677.323266018628,0.0,79290.4258644522,99264.94016053513
2026-09-06 06:00:00+00:00,5.292561794782061,0.0,6658.481746029204,-5.292561794782061,2515.99,10.0,0.0,0.0,1.2467347934785282,348531.53534512187,265566.8228640664,0,2504.63,2504.63,2504.63,2504.63,0.0,2504.63,0.0,6976800.0,0.04905710902111782,1.0,1.2467347934785282,898540.3309644216,2238248.8530102246,57.6,0.00098686,0.989460697880986,1.0,0.0,3.3057632772e-06,0.989460697880986,13255.909048064994,6718.605248017927,0.0,79291.4333320494,99265.94762813233
2026-09-06 07:00:00+00:00,5.292561794782061,0.0,6658.481746029204,-5.292561794782061,2515.99,10.0,0.0,0.0,1.246740855601699,348531.53534512187,265567.700760677,0,2495.61,2495.61,2495.61,2495.61,0.0,2495.61,0.0,6973200.0,0.04905710909930194,1.0,1.246740855601699,898540.3309644216,2238248.8530102246,57.6,0.00098686,0.9894661073570357,1.0,0.0,3.3057410939999997e-06,0.9894661073570357,13208.170140676059,6766.34415540686,0.0,79292.44080843183,99266.95510451475
2026-09-06 08:00:00+00:00,5.292561794782061,0.0,6659.424340794997,-5.292561794782061,2515.99,10.0,0.0,0.0,1.246747235339646,348531.53534512187,265568.57865429757,0,2494.37,2494.37,2494.37,2494.37,0.0,2494.37,7.14e-05,6969600.0,0.04905694744150946,1.0,1.246747235339646,898534.2167731486,2238253.7057032078,57.6,0.00098686,0.9894715505768163,1.0,0.0,3.3057189072e-06,0.9894715505768163,13201.607364050527,6773.849526798184,0.0,79293.46004855866,99268.91693940737
2026-09-06 09:00:00+00:00,5.292561794782061,0.0,6659.424340794997,-5.292561794782061,2515.99,10.0,0.0,0.0,1.2467536172277176,348531.53534512187,265569.456544929,0,2497.99,2497.99,2497.99,2497.99,0.0,2497.99,0.0,6966000.0,0.049056947489986014,1.0,1.2467536172277176,898534.2167731486,2238253.7057032078,57.6,0.00098686,0.9894769601010073,1.0,0.0,3.305696724e-06,0.9894769601010073,13220.76643774764,6754.690453101074,0.0,79294.46754769894,99269.92443854765
2026-09-06 10:00:00+00:00,5.292561794782061,0.0,6659.424340794997,-5.292561794782061,2515.99,10.0,0.0,0.0,1.2467599588037321,348531.53534512187,265570.33443257137,0,2500.52,2500.52,2500.52,2500.52,0.0,2500.52,0.0,6962400.0,0.04905694753851342,1.0,1.2467599588037321,898534.2167731486,2238253.7057032078,57.6,0.00098686,0.9894823696547724,1.0,0.0,3.3056745408e-06,0.9894823696547724,13234.156619088439,6741.300271760275,0.0,79295.47506013588,99270.9319509846
2026-09-06 11:00:00+00:00,5.292561794782061,0.0,6659.424340794997,-5.292561794782061,2515.99,10.0,0.0,0.0,1.2467662835430298,348531.53534512187,265571.2123172245,0,2500.62,2500.62,2500.62,2500.62,0.0,2500.62,0.0,6958800.0,0.04905694758708967,1.0,1.2467662835430298,898534.2167731486,2238253.7057032078,57.6,0.00098686,0.9894877792381124,1.0,0.0,3.3056523576000003e-06,0.9894877792381124,13234.685875267916,6740.771015580797,0.0,79296.48258586985,99271.93947671856
2026-09-06 12:00:00+00:00,5.292561794782061,0.0,6659.424340794997,-5.292561794782061,2515.99,10.0,0.0,0.0,1.2467725837347727,348531.53534512187,265572.0901988884,0,2499.45,2499.45,2499.45,2499.45,0.0,2499.45,0.0,6955200.0,0.04905694763571744,1.0,1.2467725837347727,898534.2167731486,2238253.7057032078,57.6,0.00098686,0.9894931888510267,1.0,0.0,3.3056301744e-06,0.9894931888510267,13228.49357796802,6746.963312880692,0.0,79297.49012490053,99272.94701574925
2026-09-06 13:00:00+00:00,5.292561794782061,0.0,6659.424340794997,-5.292561794782061,2515.99,10.0,0.0,0.0,1.246778885393211,348531.53534512187,265572.9680775629,0,2493.61,2493.61,2493.61,2493.61,0.0,2493.61,0.0,6951600.0,0.0490569476843945,1.0,1.246778885393211,898534.2167731486,2238253.7057032078,57.6,0.00098686,0.989498598493516,1.0,0.0,3.3056079912e-06,0.989498598493516,13197.585017086494,6777.871873762218,0.0,79298.49767722847,99273.95456807718
2026-09-06 14:00:00+00:00,5.292561794782061,0.0,6659.424340794997,-5.292561794782061,2515.99,10.0,0.0,0.0,1.2467852017111367,348531.53534512187,265573.84595324716,0,2477.18,2477.18,2477.18,2477.18,0.0,2477.18,0.0,6948000.0,0.049044795576184574,1.0,1.2467852017111367,898379.1060592959,2239376.7713574897,57.6,0.00098686,0.9895065335537132,1.0,0.0,3.3055858044e-06,0.9895065335537132,13110.628226798224,6864.828664050488,0.0,79300.38542025787,99275.84231110658
2026-09-06 15:00:00+00:00,5.292561794782061,0.0,6659.424340794997,-5.292561794782061,2515.99,10.0,0.0,0.0,1.2467915179744489,348531.53534512187,265574.72382594296,0,2478.43,2478.43,2478.43,2478.43,0.0,2478.43,0.0,6944400.0,0.0490447956249509,1.0,1.2467915179744489,898379.1060592959,2239376.7713574897,57.6,0.00098686,0.9895119419606614,1.0,0.0,3.3055636248e-06,0.9895119419606614,13117.243929041702,6858.212961807011,0.0,79301.3925479395,99276.84943878821
2026-09-06 16:00:00+00:00,5.292561794782061,0.0,6659.667489578411,-5.292561794782061,2515.99,10.0,0.0,0.0,1.2467978310096177,348531.53534512187,265575.6016956493,0,2483.33,2483.33,2483.33,2483.33,0.0,2483.33,1.85e-05,6940800.0,0.04906970328963456,1.0,1.2467978310096177,899321.1792344364,2238629.134318751,57.6,0.00098686,0.9895121795920253,1.0,0.0,3.3055414416000003e-06,0.9895121795920253,13143.177481836134,6832.522557795992,0.0,79300.5975002572,99276.29753988932
2026-09-06 17:00:00+00:00,5.292561794782061,0.0,6659.667489578411,-5.292561794782061,2515.99,10.0,0.0,0.0,1.2468041515499617,348531.53534512187,265576.4189055422,0,2490.16,2490.16,2490.16,2490.16,0.0,2490.16,0.0,6937200.0,0.049069703338527226,1.0,1.2468041515499617,899321.1792344364,2238629.134318751,57.6,0.00098686,0.9895175907117889,1.0,0.0,3.07712241e-06,0.9895175907117889,13179.325678894495,6796.374360737631,0.0,79301.6662362435,99277.36627587563
2026-09-06 18:00:00+00:00,5.292561794782061,0.0,6659.667489578411,-5.292561794782061,2515.99,10.0,0.0,0.0,1.2468104339834634,348531.53534512187,265577.2358973203,0,2493.14,2493.14,2493.14,2493.14,0.0,2493.14,0.0,6933600.0,0.049069703387471186,1.0,1.2468104339834634,899321.1792344364,2238629.134318751,57.6,0.00098686,0.9895230018611431,1.0,0.0,3.076291656e-06,0.9895230018611431,13195.097513042947,6780.60252658918,0.0,79302.73520065774,99278.43524028987
2026-09-06 19:00:00+00:00,5.292561794782061,0.0,6659.667489578411,-5.292561794782061,2515.99,10.0,0.0,0.0,1.2468167667953964,348531.53534512187,265578.0526710707,0,2489.64,2489.64,2489.64,2489.64,0.0,2489.64,0.0,6930000.0,0.049069703436465995,1.0,1.2468167667953964,899321.1792344364,2238629.134318751,57.6,0.00098686,0.9895284130400879,1.0,0.0,3.0754612368e-06,0.9895284130400879,13176.573546761208,6799.126492870918,0.0,79303.80439341307,99279.5044330452
2026-09-06 20:00:00+00:00,5.292561794782061,0.0,6659.667489578411,-5.292561794782061,2515.99,10.0,0.0,0.0,1.2468233350813631,348531.53534512187,265578.86922688206,0,2498.52,2498.52,2498.52,2498.52,0.0,2498.52,0.0,6926400.0,0.04723407525539658,1.0,1.2468233350813631,831667.4468197399,2292339.426602108,57.6,0.00098686,0.9899145180018051,1.0,0.0,3.0746311596e-06,0.9899145180018051,13223.571495498874,6752.128544133252,0.0,79437.55759271333,99413.25763234546
2026-09-06 21:00:00+00:00,5.292561794782061,0.0,6659.667489578411,-5.292561794782061,2515.99,10.0,0.0,0.0,1.2468296645831112,348531.53534512187,265579.74565713544,0,2507.2,2507.2,2507.2,2507.2,0.0,2507.2,0.0,6922800.0,0.04731493686097932,1.0,1.2468296645831112,834571.7686956901,2290033.6712542716,57.6,0.00098686,0.989902954920218,1.0,0.0,3.3000698051999997e-06,0.989902954920218,13269.510931877581,6706.189107754545,0.0,79432.65106388106,99408.35110351318
2026-09-06 22:00:00+00:00,5.292561794782061,0.0,6659.667489578411,-5.292561794782061,2515.99,10.0,0.0,0.0,1.2468360175238091,348531.53534512187,265580.6220837128,0,2506.97,2506.97,2506.97,2506.97,0.0,2506.97,0.0,6919200.0,0.04731493690833033,1.0,1.2468360175238091,834571.7686956901,2290033.6712542716,57.6,0.00098686,0.9899081789998369,1.0,0.0,3.3000450732000002e-06,0.9899081789998369,13268.293642664781,6707.406396967345,0.0,79433.59539379406,99409.29543342619
2026-09-06 23:00:00+00:00,5.292561794782061,0.0,6659.667489578411,-5.292561794782061,2515.99,10.0,0.0,0.0,1.2468423724769957,348531.53534512187,265581.4985066121,0,2513.47,2513.47,2513.47,2513.47,0.0,2513.47,0.0,6915600.0,0.047314936955730635,1.0,1.2468423724769957,834571.7686956901,2290033.6712542716,57.6,0.00098686,0.9899134031070252,1.0,0.0,3.3000203340000004e-06,0.9899134031070252,13302.695294330864,6673.004745301261,0.0,79434.53973699396,99410.23977662608
2026-09-07 00:00:00+00:00,5.292561794782061,0.0,6660.565295203791,-5.292561794782061,2515.99,10.0,0.0,0.0,1.2468487274865272,348531.53534512187,265582.37492583523,0,2512.0,2512.0,2512.0,2512.0,0.0,2512.0,6.753e-05,6912000.0,0.04731493700317935,1.0,1.2468487274865272,834571.7686956901,2290033.6712542716,57.6,0.00098686,0.9899186272417833,1.0,0.0,3.299995602e-06,0.9899186272417833,13294.915228492537,6681.68261676497,0.0,79435.48409347888,99412.08193873639
2026-09-07 01:00:00+00:00,5.292561794782061,0.0,6660.565295203791,-5.292561794782061,2515.99,10.0,0.0,0.0,1.2468550830857046,348531.53534512187,265583.25134138117,0,2502.83,2502.83,2502.83,2502.83,0.0,2502.83,0.0,6908400.0,0.04731493705067891,1.0,1.2468550830857046,834571.7686956901,2290033.6712542716,57.6,0.00098686,0.9899238514041108,1.0,0.0,3.2999708664e-06,0.9899238514041108,13246.382436834385,6730.2154084231215,0.0,79436.42846324982,99413.02630850732
2026-09-07 02:00:00+00:00,5.292561794782061,0.0,6660.565295203791,-5.292561794782061,2515.99,10.0,0.0,0.0,1.2468613361511558,348531.53534512187,265584.1277532509,0,2510.81,2510.81,2510.81,2510.81,0.0,2510.81,0.0,6904800.0,0.04731493709822754,1.0,1.2468613361511558,834571.7686956901,2290033.6712542716,57.6,0.00098686,0.9899290755940081,1.0,0.0,3.2999461344e-06,0.9899290755940081,13288.617079956746,6687.980765300761,0.0,79437.37284630595,99413.97069156346
2026-09-07 03:00:00+00:00,5.292561794782061,0.0,6660.565295203791,-5.292561794782061,2515.99,10.0,0.0,0.0,1.2468676692434186,348531.53534512187,265585.00416144327,0,2496.01,2496.01,2496.01,2496.01,0.0,2496.01,0.0,6901200.0,0.0475241553634318,1.0,1.2468676692434186,842118.6839803377,2284042.1598908305,57.6,0.00098686,0.9898910291322669,1.0,0.0,3.2999213987999996e-06,0.9898910291322669,13210.287165393973,6766.3106798635345,0.0,79423.23604638845,99399.83389164596
2026-09-07 04:00:00+00:00,5.292561794782061,0.0,6660.565295203791,-5.292561794782061,2515.99,10.0,0.0,0.0,1.246874034011807,348531.53534512187,265585.88056596025,0,2496.83,2496.83,2496.83,2496.83,0.0,2496.83,0.0,6897600.0,0.047524155411295066,1.0,1.246874034011807,842118.6839803377,2284042.1598908305,57.6,0.00098686,0.9898962757206137,1.0,0.0,3.2998966704000002e-06,0.9898962757206137,13214.627066065692,6761.9707791918145,0.0,79424.18824336334,99400.78608862085
2026-09-07 05:00:00+00:00,5.292561794782061,0.0,6660.565295203791,-5.292561794782061,2515.99,10.0,0.0,0.0,1.246880400589267,348531.53534512187,265586.7569668007,0,2503.42,2503.42,2503.42,2503.42,0.0,2503.42,0.0,6894000.0,0.04752415545920807,1.0,1.246880400589267,842118.6839803377,2284042.1598908305,57.6,0.00098686,0.9899015223367682,1.0,0.0,3.2998719384e-06,0.9899015223367682,13249.505048293307,6727.0927969642,0.0,79425.14045370655,99401.73829896406
2026-09-07 06:00:00+00:00,5.292561794782061,0.0,6660.565295203791,-5.292561794782061,2515.99,10.0,0.0,0.0,1.2468867671861676,348531.53534512187,265587.6333639638,0,2496.86,2496.86,2496.86,2496.86,0.0,2496.86,0.0,6890400.0,0.04752415550717193,1.0,1.2468867671861676,842118.6839803377,2284042.1598908305,57.6,0.00098686,0.9899067689807306,1.0,0.0,3.2998472028000002e-06,0.9899067689807306,13214.785842919537,6761.81200233797,0.0,79426.09267741907,99402.69052267658
2026-09-07 07:00:00+00:00,5.292561794782061,0.0,6660.565295203791,-5.292561794782061,2515.99,10.0,0.0,0.0,1.246893134088951,348531.53534512187,265588.5097574513,0,2488.0,2488.0,2488.0,2488.0,0.0,2488.0,0.0,6886800.0,0.04752415555518508,1.0,1.246893134088951,842118.6839803377,2284042.1598908305,57.6,0.00098686,0.9899120156525012,1.0,0.0,3.2998224744e-06,0.9899120156525012,13167.893745417767,6808.70409983974,0.0,79427.04491449927,99403.64275975678
2026-09-07 08:00:00+00:00,5.292561794782061,0.0,6660.69247518586,-5.292561794782061,2515.99,10.0,0.0,0.0,1.2468995052410177,348531.53534512187,265589.3861472612,0,2490.15,2490.15,2490.15,2490.15,0.0,2490.15,9.65e-06,6883200.0,0.047524155603249296,1.0,1.2468995052410177,842118.6839803377,2284042.1598908305,57.6,0.00098686,0.9899172623520799,1.0,0.0,3.2997977388000004e-06,0.9899172623520799,13179.27275327655,6797.452271963027,0.0,79427.99716494902,99404.7221901886
2026-09-07 09:00:00+00:00,5.292561794782061,0.0,6660.69247518586,-5.292561794782061,2515.99,10.0,0.0,0.0,1.2469058788137084,348531.53534512187,265590.2625333954,0,2483.38,2483.38,2483.38,2483.38,0.0,2483.38,0.0,6879600.0,0.04752386878211445,1.0,1.2469058788137084,842108.304339569,2284050.4006752796,57.6,0.00098686,0.9899225682189879,1.0,0.0,3.2997730103999997e-06,0.9899225682189879,13143.442109925874,6833.282915313701,0.0,79428.97004075465,99405.69506599422
2026-09-07 10:00:00+00:00,5.292561794782061,0.0,6660.69247518586,-5.292561794782061,2515.99,10.0,0.0,0.0,1.2469122617943482,348531.53534512187,265591.17680858134,0,2487.76,2487.76,2487.76,2487.76,0.0,2487.76,0.0,6876000.0,0.04731043656338718,1.0,1.2469122617943482,834410.3165612272,2290162.275214507,57.6,0.00098686,0.989971797739427,1.0,0.0,3.4424214336e-06,0.989971797739427,13166.62353058702,6810.101494652555,0.0,79445.2138059116,99421.93883115117
2026-09-07 11:00:00+00:00,5.292561794782061,0.0,6660.69247518586,-5.292561794782061,2515.99,10.0,0.0,0.0,1.2469186397288468,348531.53534512187,265592.09112282406,0,2487.97,2487.97,2487.97,2487.97,0.0,2487.97,0.0,6872400.0,0.0473104366113799,1.0,1.2469186397288468,834410.3165612272,2290162.275214507,57.6,0.00098686,0.9899770216966809,1.0,0.0,3.4425566388e-06,0.9899770216966809,13167.734968563922,6808.990056675653,0.0,79446.12020551116,99422.84523075074
2026-09-07 12:00:00+00:00,5.292561794782061,0.0,6660.69247518586,-5.292561794782061,2515.99,10.0,0.0,0.0,1.2469250215394285,348531.53534512187,265593.0054761268,0,2504.38,2504.38,2504.38,2504.38,0.0,2504.38,0.0,6868800.0,0.047310436659423916,1.0,1.2469250215394285,834410.3165612272,2290162.275214507,57.6,0.00098686,0.9899822456815006,1.0,0.0,3.4426918548e-06,0.9899822456815006,13254.585907616298,6722.139117623277,0.0,79447.02657565824,99423.75160089781
2026-09-07 13:00:00+00:00,5.292561794782061,0.0,6660.69247518586,-5.292561794782061,2515.99,10.0,0.0,0.0,1.246931420878093,348531.53534512187,265593.9198684918,0,2497.86,2497.86,2497.86,2497.86,0.0,2497.86,0.0,6865200.0,0.04718658786823027,1.0,1.246931420878093,829965.9383759407,2293691.0678279633,57.6,0.00098686,0.9900129570075802,1.0,0.0,3.4428270779999996e-06,0.9900129570075802,13220.078404714319,6756.646620525256,0.0,79456.81604892423,99433.5410741638
2026-09-07 14:00:00+00:00,5.292561794782061,0.0,6660.69247518586,-5.292561794782061,2515.99,10.0,0.0,0.0,1.2469378066830952,348531.53534512187,265594.8342999205,0,2489.08,2489.08,2489.08,2489.08,0.0,2489.08,0.0,6861600.0,0.047186467230778684,1.0,1.2469378066830952,829961.6155737987,2293694.500104988,57.6,0.00098686,0.9900181926418811,1.0,0.0,3.4429623047999997e-06,0.9900181926418811,13173.60971215613,6803.115313083445,0.0,79457.72640115698,99434.45142639655
2026-09-07 15:00:00+00:00,5.292561794782061,0.0,6660.69247518586,-5.292561794782061,2515.99,10.0,0.0,0.0,1.2469441950740068,348531.53534512187,265595.912029774,0,2468.99,2468.99,2468.99,2468.99,0.0,2468.99,0.0,6858000.0,0.04718646727884512,1.0,1.2469441950740068,829961.6155737987,2293694.500104988,57.6,0.00098686,0.9900234034655065,1.0,0.0,4.0577885099999995e-06,0.9900234034655065,13067.282145698959,6909.442879540617,0.0,79458.46480766207,99435.18983290164
2026-09-07 16:00:00+00:00,5.292561794782061,0.0,6661.068001066549,-5.292561794782061,2515.99,10.0,0.0,0.0,1.2469505837581931,348531.53534512187,265596.98999659263,0,2481.76,2481.76,2481.76,2481.76,0.0,2481.76,2.859e-05,6854400.0,0.04718646732696197,1.0,1.2469505837581931,829961.6155737987,2293694.500104988,57.6,0.00098686,0.9900286143165583,1.0,0.0,4.0586642424e-06,0.9900286143165583,13134.868159818328,6842.232391301937,0.0,79459.20298676094,99436.3035378812
2026-09-07 17:00:00+00:00,5.292561794782061,0.0,6661.068001066549,-5.292561794782061,2515.99,10.0,0.0,0.0,1.2469569748306757,348531.53534512187,265598.06820045284,0,2494.31,2494.31,2494.31,2494.31,0.0,2494.31,0.0,6850800.0,0.04718646737512899,1.0,1.2469569748306757,829961.6155737987,2293694.500104988,57.6,0.00098686,0.9900338251950369,1.0,0.0,4.059540252e-06,0.9900338251950369,13201.289810342842,6775.810740777423,0.0,79459.9409383774,99437.04148949767
2026-09-07 18:00:00+00:00,5.292561794782061,0.0,6661.068001066549,-5.292561794782061,2515.99,10.0,0.0,0.0,1.2469632824309411,348531.53534512187,265599.14664143394,0,2490.69,2490.69,2490.69,2490.69,0.0,2490.69,0.0,6847200.0,0.04718646742334687,1.0,1.2469632824309411,829961.6155737987,2293694.500104988,57.6,0.00098686,0.9900390361009421,1.0,0.0,4.0604165496e-06,0.9900390361009421,13182.130736645731,6794.969814474533,0.0,79460.67866243195,99437.77921355222
2026-09-07 19:00:00+00:00,5.292561794782061,0.0,6661.068001066549,-5.292561794782061,2515.99,10.0,0.0,0.0,1.2469696780340973,348531.53534512187,265600.2253196134,0,2494.68,2494.68,2494.68,2494.68,0.0,2494.68,0.0,6843600.0,0.04718646747161537,1.0,1.2469696780340973,829961.6155737987,2293694.500104988,57.6,0.00098686,0.9900442470342743,1.0,0.0,4.061293128e-06,0.9900442470342743,13203.248058206911,6773.852492913355,0.0,79461.41615884734,99438.5167099676
2026-09-07 20:00:00+00:00,5.292561794782061,0.0,6661.068001066549,-5.292561794782061,2515.99,10.0,0.0,0.0,1.2469760764850206,348531.53534512187,265601.3042350696,0,2494.15,2494.15,2494.15,2494.15,0.0,2494.15,0.0,6840000.0,0.04718646751993427,1.0,1.2469760764850206,829961.6155737987,2293694.500104988,57.6,0.00098686,0.9900494579950335,1.0,0.0,4.0621699908e-06,0.9900494579950335,13200.443000455678,6776.657550664588,0.0,79462.15342754516,99439.25397866542
2026-09-07 21:00:00+00:00,5.292561794782061,0.0,6661.068001066549,-5.292561794782061,2515.99,10.0,0.0,0.0,1.2469824768195676,348531.53534512187,265602.38338788,0,2490.08,2490.08,2490.08,2490.08,0.0,2490.08,0.0,6836400.0,0.04718646756830558,1.0,1.2469824768195676,829961.6155737987,2293694.500104988,57.6,0.00098686,0.9900546689832196,1.0,0.0,4.063047134400001e-06,0.9900546689832196,13178.902273950913,6798.198277169352,0.0,79462.89046844793,99439.9910195682
2026-09-07 22:00:00+00:00,5.292561794782061,0.0,6661.068001066549,-5.292561794782061,2515.99,10.0,0.0,0.0,1.246988909198736,348531.53534512187,265603.4627781229,0,2481.69,2481.69,2481.69,2481.69,0.0,2481.69,0.0,6832800.0,0.047186467616726624,1.0,1.246988909198736,829961.6155737987,2293694.500104988,57.6,0.00098686,0.9900598799988333,1.0,0.0,4.0639245624e-06,0.9900598799988333,13134.497680492692,6842.602870627572,0.0,79463.62728147756,99440.72783259783
2026-09-07 23:00:00+00:00,5.292561794782061,0.0,6661.068001066549,-5.292561794782061,2515.99,10.0,0.0,0.0,1.2469953445924455,348531.53534512187,265604.54240587685,0,2488.92,2488.92,2488.92,2488.92,0.0,2488.92,0.0,6829200.0,0.047186467665199405,1.0,1.2469953445924455,829961.6155737987,2293694.500104988,57.6,0.00098686,0.9900650910418742,1.0,0.0,4.064802274800001e-06,0.9900650910418742,13172.762902268967,6804.337648851298,0.0,79464.36386655545,99441.46441767571
2026-09-08 00:00:00+00:00,5.292561794782061,0.0,6661.626984012791,-5.292561794782061,2515.99,10.0,0.0,0.0,1.24700179501176,348531.53534512187,265605.62227122014,0,2494.49,2494.49,2494.49,2494.49,0.0,2494.49,4.234e-05,6825600.0,0.047080531794353675,1.0,1.24700179501176,826173.3908069413,2296702.395679257,57.6,0.00098686,0.9900919814596044,1.0,0.0,4.065680271600001e-06,0.9900919814596044,13202.242471465901,6775.417062600605,0.0,79472.65615978971,99450.31569385622
2026-09-08 01:00:00+00:00,5.292561794782061,0.0,6661.626984012791,-5.292561794782061,2515.99,10.0,0.0,0.0,1.24700823454727,348531.53534512187,265606.70237423026,0,2503.33,2503.33,2503.33,2503.33,0.0,2503.33,0.0,6822000.0,0.04708053184281691,1.0,1.24700823454727,826173.3908069413,2296702.395679257,57.6,0.00098686,0.9900971812371886,1.0,0.0,4.0665585492e-06,0.9900971812371886,13249.028717731775,6728.630816334731,0.0,79473.3883432445,99451.04787731101
2026-09-08 02:00:00+00:00,5.292561794782061,0.0,6661.626984012791,-5.292561794782061,2515.99,10.0,0.0,0.0,1.2470146548509975,348531.53534512187,265607.78271498653,0,2483.43,2483.43,2483.43,2483.43,0.0,2483.43,0.0,6818400.0,0.04708053189133121,1.0,1.2470146548509975,826173.3908069413,2296702.395679257,57.6,0.00098686,0.9901023810420811,1.0,0.0,4.0674371148000006e-06,0.9901023810420811,13143.706738015611,6833.952796050894,0.0,79474.1202984709,99451.7798325374
2026-09-08 03:00:00+00:00,5.292561794782061,0.0,6661.626984012791,-5.292561794782061,2515.99,10.0,0.0,0.0,1.2470210995815387,348531.53534512187,265608.8632935655,0,2484.91,2484.91,2484.91,2484.91,0.0,2484.91,0.0,6814800.0,0.04708053193989703,1.0,1.2470210995815387,826173.3908069413,2296702.395679257,57.6,0.00098686,0.9901075808742821,1.0,0.0,4.0683159576e-06,0.9901075808742821,13151.53972947189,6826.119804594617,0.0,79474.8520253924,99452.51155945892
2026-09-08 04:00:00+00:00,5.292561794782061,0.0,6661.626984012791,-5.292561794782061,2515.99,10.0,0.0,0.0,1.2470275549571168,348531.53534512187,265609.9441100465,0,2477.81,2477.81,2477.81,2477.81,0.0,2477.81,0.0,6811200.0,0.047080463569470155,1.0,1.2470275549571168,826170.9481263672,2296704.335197215,57.6,0.00098686,0.99011279470708,1.0,0.0,4.0691950884e-06,0.99011279470708,13113.962540728937,6863.6969933375685,0.0,79475.58839406155,99453.24792812805
2026-09-08 05:00:00+00:00,5.292561794782061,0.0,6661.626984012791,-5.292561794782061,2515.99,10.0,0.0,0.0,1.2470340135872728,348531.53534512187,265611.0251645079,0,2472.23,2472.23,2472.23,2472.23,0.0,2472.23,0.0,6807600.0,0.04708046361813811,1.0,1.2470340135872728,826170.9481263672,2296704.335197215,57.6,0.00098686,0.9901179945865862,1.0,0.0,4.0700745036e-06,0.9901179945865862,13084.430045914054,6893.229488152452,0.0,79476.31966158806,99453.97919565457
2026-09-08 06:00:00+00:00,5.292561794782061,0.0,6661.626984012791,-5.292561794782061,2515.99,10.0,0.0,0.0,1.2470404743713845,348531.53534512187,265612.10645702627,0,2467.28,2467.28,2467.28,2467.28,0.0,2467.28,0.0,6804000.0,0.04708046366685825,1.0,1.2470404743713845,826170.9481263672,2296704.335197215,57.6,0.00098686,0.9901231944934009,1.0,0.0,4.070954196e-06,0.9901231944934009,13058.231865029884,6919.427669036622,0.0,79477.05070057546,99454.71023464197
2026-09-08 07:00:00+00:00,5.292561794782061,0.0,6661.626984012791,-5.292561794782061,2515.99,10.0,0.0,0.0,1.2470467501242761,348531.53534512187,265613.18798767996,0,2478.32,2478.32,2478.32,2478.32,0.0,2478.32,0.0,6800400.0,0.04855686849975194,1.0,1.2470467501242761,880056.2588492323,2253945.376477482,57.6,0.00098686,0.9898275979299566,1.0,0.0,4.0718341728e-06,0.9898275979299566,13116.661747244278,6860.997786822229,0.0,79372.94444582175,99350.60397988826
2026-09-08 08:00:00+00:00,5.292561794782061,0.0,6661.562883910625,-5.292561794782061,2515.99,10.0,0.0,0.0,1.2470532171179936,348531.53534512187,265614.2697565474,0,2476.76,2476.76,2476.76,2476.76,0.0,2476.76,-4.89e-06,6796800.0,0.04855686855014185,1.0,1.2470532171179936,880056.2588492323,2253945.376477482,57.6,0.00098686,0.9898329555238566,1.0,0.0,4.0727144340000005e-06,0.9898329555238566,13108.405350844418,6869.190083119923,0.0,79373.7299673821,99351.32540134643
2026-09-08 09:00:00+00:00,5.292561794782061,0.0,6661.562883910625,-5.292561794782061,2515.99,10.0,0.0,0.0,1.24705968909678,348531.53534512187,265615.351763707,0,2490.82,2490.82,2490.82,2490.82,0.0,2490.82,0.0,6793200.0,0.04855686860058528,1.0,1.24705968909678,880056.2588492323,2253945.376477482,57.6,0.00098686,0.9898383131467556,1.0,0.0,4.073594979599999e-06,0.9898383131467556,13182.818769679054,6794.776664285288,0.0,79374.51526075724,99352.11069472157
2026-09-08 10:00:00+00:00,5.292561794782061,0.0,6661.562883910625,-5.292561794782061,2515.99,10.0,0.0,0.0,1.2470661027598096,348531.53534512187,265616.4340092372,0,2480.13,2480.13,2480.13,2480.13,0.0,2480.13,0.0,6789600.0,0.048556868651082,1.0,1.2470661027598096,880056.2588492323,2253945.376477482,57.6,0.00098686,0.9898436707986534,1.0,0.0,4.0744758095999995e-06,0.9898436707986534,13126.241284092832,6851.354149871508,0.0,79375.30032586883,99352.89575983316
2026-09-08 11:00:00+00:00,5.292561794782061,0.0,6661.562883910625,-5.292561794782061,2515.99,10.0,0.0,0.0,1.247072584056783,348531.53534512187,265617.5164932164,0,2473.35,2473.35,2473.35,2473.35,0.0,2473.35,0.0,6786000.0,0.04855686870163156,1.0,1.247072584056783,880056.2588492323,2253945.376477482,57.6,0.00098686,0.9898490284795506,1.0,0.0,4.075356924e-06,0.9898490284795506,13090.35771512421,6887.2377188401315,0.0,79376.08516263863,99353.68059660296
2026-09-08 12:00:00+00:00,5.292561794782061,0.0,6661.562883910625,-5.292561794782061,2515.99,10.0,0.0,0.0,1.2470790677910444,348531.53534512187,265618.59921572113,0,2471.72,2471.72,2471.72,2471.72,0.0,2471.72,0.0,6782400.0,0.04855693427016461,1.0,1.2470790677910444,880058.7015298065,2253943.4377108975,57.6,0.00098686,0.9898543728874678,1.0,0.0,4.076238315600001e-06,0.9898543728874678,13081.730839398713,6895.864594565626,0.0,79376.86513483082,99354.46056879516
2026-09-08 13:00:00+00:00,5.292561794782061,0.0,6661.562883910625,-5.292561794782061,2515.99,10.0,0.0,0.0,1.2470855518062156,348531.53534512187,265619.6821768308,0,2458.37,2458.37,2458.37,2458.37,0.0,2458.37,0.0,6778800.0,0.04855693432082209,1.0,1.2470855518062156,880058.7015298065,2253943.4377108975,57.6,0.00098686,0.9898597306333521,1.0,0.0,4.0771199952e-06,0.9898597306333521,13011.075139438373,6966.520294525966,0.0,79377.64951712021,99355.24495108455
2026-09-08 14:00:00+00:00,5.292561794782061,0.0,6661.562883910625,-5.292561794782061,2515.99,10.0,0.0,0.0,1.247092042111644,348531.53534512187,265620.76537662273,0,2484.82,2484.82,2484.82,2484.82,0.0,2484.82,0.0,6775200.0,0.048556934371533744,1.0,1.247092042111644,880058.7015298065,2253943.4377108975,57.6,0.00098686,0.989865088408236,1.0,0.0,4.078001955599999e-06,0.989865088408236,13151.06339891036,6826.53203505398,0.0,79378.43367083452,99356.02910479886
2026-09-08 15:00:00+00:00,5.292561794782061,0.0,6661.562883910625,-5.292561794782061,2515.99,10.0,0.0,0.0,1.2470985132955055,348531.53534512187,265621.84881517646,0,2497.77,2497.77,2497.77,2497.77,0.0,2497.77,0.0,6771600.0,0.048557022570056674,1.0,1.2470985132955055,880058.7015298065,2253943.4377108975,57.6,0.00098686,0.9898704283438591,1.0,0.0,4.078884204000001e-06,0.9898704283438591,13219.602074152788,6757.993359811553,0.0,79379.21136824216,99356.8068022065
2026-09-08 16:00:00+00:00,5.292561794782061,0.0,6662.25264772068,-5.292561794782061,2515.99,10.0,0.0,0.0,1.2471050326123774,348531.53534512187,265622.9324925695,0,2495.73,2495.73,2495.73,2495.73,0.0,2495.73,5.222e-05,6768000.0,0.04855693447311871,1.0,1.2471050326123774,880058.7015298065,2253943.4377108975,57.6,0.00098686,0.9898758040450033,1.0,0.0,4.0797667332e-06,0.9898758040450033,13208.805248091432,6769.479949682964,0.0,79380.00129222253,99358.28648999693
2026-09-08 17:00:00+00:00,5.292561794782061,0.0,6662.25264772068,-5.292561794782061,2515.99,10.0,0.0,0.0,1.2471115322326047,348531.53534512187,265624.0164088792,0,2487.3,2487.3,2487.3,2487.3,0.0,2487.3,0.0,6764400.0,0.04855693452399268,1.0,1.2471115322326047,880058.7015298065,2253943.4377108975,57.6,0.00098686,0.9898811619068871,1.0,0.0,4.080649543200001e-06,0.9898811619068871,13164.188952161421,6814.0962456129755,0.0,79380.78475974133,99359.06995751573
2026-09-08 18:00:00+00:00,5.292561794782061,0.0,6662.25264772068,-5.292561794782061,2515.99,10.0,0.0,0.0,1.247118010612962,348531.53534512187,265625.10056418396,0,2485.68,2485.68,2485.68,2485.68,0.0,2485.68,0.0,6760800.0,0.04855693457492105,1.0,1.247118010612962,880058.7015298065,2253943.4377108975,57.6,0.00098686,0.9898865197977711,1.0,0.0,4.0815326375999995e-06,0.9898865197977711,13155.615002053872,6822.670195720524,0.0,79381.5679983726,99359.853196147
2026-09-08 19:00:00+00:00,5.292561794782061,0.0,6662.25264772068,-5.292561794782061,2515.99,10.0,0.0,0.0,1.2471245113147258,348531.53534512187,265626.1849585614,0,2480.99,2480.99,2480.99,2480.99,0.0,2480.99,0.0,6757200.0,0.04855693462590249,1.0,1.2471245113147258,880058.7015298065,2253943.4377108975,57.6,0.00098686,0.9898918777176557,1.0,0.0,4.0824160128e-06,0.9898918777176557,13130.792887236343,6847.492310538052,0.0,79382.3510080388,99360.63620581319
2026-09-08 20:00:00+00:00,5.292561794782061,0.0,6662.25264772068,-5.292561794782061,2515.99,10.0,0.0,0.0,1.2471310175288015,348531.53534512187,265627.2695920908,0,2481.95,2481.95,2481.95,2481.95,0.0,2481.95,0.0,6753600.0,0.048556934676939,1.0,1.2471310175288015,880058.7015298065,2253943.4377108975,57.6,0.00098686,0.9898972356665409,1.0,0.0,4.083299676e-06,0.9898972356665409,13135.873746559335,6842.411451215062,0.0,79383.13378866063,99361.41898643503
2026-09-08 21:00:00+00:00,5.292561794782061,0.0,6662.25264772068,-5.292561794782061,2515.99,10.0,0.0,0.0,1.247137563775533,348531.53534512187,265628.3544648497,0,2481.91,2481.91,2481.91,2481.91,0.0,2481.91,0.0,6750000.0,0.048257836046216473,1.0,1.247137563775533,868955.9623334376,2262757.0331915226,57.6,0.00098686,0.9899630423935305,1.0,0.0,4.084183620000001e-06,0.9899630423935305,13135.662044087543,6842.623153686853,0.0,79404.98463549546,99383.26983326986
2026-09-08 22:00:00+00:00,5.292561794782061,0.0,6662.25264772068,-5.292561794782061,2515.99,10.0,0.0,0.0,1.2471440732719623,348531.53534512187,265629.53513570974,0,2488.07,2488.07,2488.07,2488.07,0.0,2488.07,0.0,6746400.0,0.048257836097039375,1.0,1.2471440732719623,868955.9623334376,2262757.0331915226,57.6,0.00098686,0.9899683684871768,1.0,0.0,4.444812522e-06,0.9899683684871768,13168.264224743403,6810.020973030993,0.0,79405.66027623136,99383.94547400576
2026-09-08 23:00:00+00:00,5.292561794782061,0.0,6662.25264772068,-5.292561794782061,2515.99,10.0,0.0,0.0,1.2471505827679952,348531.53534512187,265630.7161777738,0,2483.87,2483.87,2483.87,2483.87,0.0,2483.87,0.0,6742800.0,0.04825783614791734,1.0,1.2471505827679952,868955.9623334376,2262757.0331915226,57.6,0.00098686,0.989973694609478,1.0,0.0,4.4461902096e-06,0.989973694609478,13146.035465205316,6832.249732569079,0.0,79406.33555575041,99384.62075352481
2026-09-09 00:00:00+00:00,5.292561794782061,0.0,6662.941302395023,-5.292561794782061,2515.99,10.0,0.0,0.0,1.247157093019847,348531.53534512187,265631.89759121794,0,2495.54,2495.54,2495.54,2495.54,0.0,2495.54,5.214e-05,6739200.0,0.04825783619884949,1.0,1.247157093019847,868955.9623334376,2262757.0331915226,57.6,0.00098686,0.9899790207604342,1.0,0.0,4.4475685416000006e-06,0.9899790207604342,13207.799661350424,6771.174191098315,0.0,79407.0104738765,99385.98432632524
2026-09-09 01:00:00+00:00,5.292561794782061,0.0,6662.941302395023,-5.292561794782061,2515.99,10.0,0.0,0.0,1.2471636063437148,348531.53534512187,265633.07937621634,0,2496.73,2496.73,2496.73,2496.73,0.0,2496.73,0.0,6735600.0,0.04825783624983626,1.0,1.2471636063437148,868955.9623334376,2262757.0331915226,57.6,0.00098686,0.9899843469400456,1.0,0.0,4.4489475108e-06,0.9899843469400456,13214.097809886214,6764.876042562524,0.0,79407.68503043556,99386.65888288431
2026-09-09 02:00:00+00:00,5.292561794782061,0.0,6662.941302395023,-5.292561794782061,2515.99,10.0,0.0,0.0,1.2471701037465104,348531.53534512187,265634.26153294416,0,2492.64,2492.64,2492.64,2492.64,0.0,2492.64,0.0,6732000.0,0.048257836300876544,1.0,1.2471701037465104,868955.9623334376,2262757.0331915226,57.6,0.00098686,0.9899896731483125,1.0,0.0,4.450327120800001e-06,0.9899896731483125,13192.451232145555,6786.522620303183,0.0,79408.35922525259,99387.33307770133
2026-09-09 03:00:00+00:00,5.292561794782061,0.0,6662.941302395023,-5.292561794782061,2515.99,10.0,0.0,0.0,1.247176625741514,348531.53534512187,265635.4440615765,0,2487.79,2487.79,2487.79,2487.79,0.0,2487.79,0.0,6728400.0,0.04825783635197234,1.0,1.247176625741514,868955.9623334376,2262757.0331915226,57.6,0.00098686,0.9899949993852347,1.0,0.0,4.4517073716e-06,0.9899949993852347,13166.782307440862,6812.191545007876,0.0,79409.03305815236,99388.0069106011
2026-09-09 04:00:00+00:00,5.292561794782061,0.0,6662.941302395023,-5.292561794782061,2515.99,10.0,0.0,0.0,1.2471831511006766,348531.53534512187,265636.6269622876,0,2508.68,2508.68,2508.68,2508.68,0.0,2508.68,0.0,6724800.0,0.04825783640312342,1.0,1.2471831511006766,868955.9623334376,2262757.0331915226,57.6,0.00098686,0.9900003256508125,1.0,0.0,4.4530882596e-06,0.9900003256508125,13277.34392333386,6701.62992911488,0.0,79409.70652896073,99388.68038140947
2026-09-09 05:00:00+00:00,5.292561794782061,0.0,6662.941302395023,-5.292561794782061,2515.99,10.0,0.0,0.0,1.2471896775724902,348531.53534512187,265637.8102352534,0,2495.45,2495.45,2495.45,2495.45,0.0,2495.45,0.0,6721200.0,0.04825783645432824,1.0,1.2471896775724902,868955.9623334376,2262757.0331915226,57.6,0.00098686,0.9900056519450463,1.0,0.0,4.454469792000001e-06,0.9900056519450463,13207.323330788893,6771.650521659846,0.0,79410.3796375019,99389.35348995065
2026-09-09 06:00:00+00:00,5.292561794782061,0.0,6662.941302395023,-5.292561794782061,2515.99,10.0,0.0,0.0,1.2471962188336059,348531.53534512187,265638.99388064834,0,2500.05,2500.05,2500.05,2500.05,0.0,2500.05,0.0,6717600.0,0.048257836505589013,1.0,1.2471962188336059,868955.9623334376,2262757.0331915226,57.6,0.00098686,0.9900109782679358,1.0,0.0,4.4558519616e-06,0.9900109782679358,13231.669115044891,6747.304737403847,0.0,79411.05238360143,99390.02623605018
2026-09-09 07:00:00+00:00,5.292561794782061,0.0,6662.941302395023,-5.292561794782061,2515.99,10.0,0.0,0.0,1.2472027719998675,348531.53534512187,265640.17789864837,0,2509.49,2509.49,2509.49,2509.49,0.0,2509.49,0.0,6714000.0,0.04825783655690419,1.0,1.2472027719998675,868955.9623334376,2262757.0331915226,57.6,0.00098686,0.9900163046194816,1.0,0.0,4.4572347756e-06,0.9900163046194816,13281.630898387632,6697.342954061106,0.0,79411.72476708342,99390.69861953215
2026-09-09 08:00:00+00:00,5.292561794782061,0.0,6664.079585409714,-5.292561794782061,2515.99,10.0,0.0,0.0,1.2472093359733152,348531.53534512187,265641.36228942766,0,2519.0,2519.0,2519.0,2519.0,0.0,2519.0,8.538e-05,6710400.0,0.04825783660827376,1.0,1.2472093359733152,868955.9623334376,2262757.0331915226,57.6,0.00098686,0.9900216309996838,1.0,0.0,4.4586182268e-06,0.9900216309996838,13331.96316105601,6648.148974407419,0.0,79412.39678777382,99392.50892323724
2026-09-09 09:00:00+00:00,5.292561794782061,0.0,6664.079585409714,-5.292561794782061,2515.99,10.0,0.0,0.0,1.2472159129327085,348531.53534512187,265642.5470531615,0,2489.13,2489.13,2489.13,2489.13,0.0,2489.13,0.0,6706800.0,0.048257836659699516,1.0,1.2472159129327085,868955.9623334376,2262757.0331915226,57.6,0.00098686,0.9900269574085422,1.0,0.0,4.4600023187999995e-06,0.9900269574085422,13173.874340245871,6806.237795217558,0.0,79413.06844549731,99393.18058096073
2026-09-09 10:00:00+00:00,5.292561794782061,0.0,6664.079585409714,-5.292561794782061,2515.99,10.0,0.0,0.0,1.2472224849644704,348531.53534512187,265643.732190024,0,2486.3,2486.3,2486.3,2486.3,0.0,2486.3,0.0,6703200.0,0.048257836711180335,1.0,1.2472224849644704,868955.9623334376,2262757.0331915226,57.6,0.00098686,0.9900322838460571,1.0,0.0,4.461387048e-06,0.9900322838460571,13158.896390366639,6821.215745096792,0.0,79413.73974007979,99393.85187554322
2026-09-09 11:00:00+00:00,5.292561794782061,0.0,6664.079585409714,-5.292561794782061,2515.99,10.0,0.0,0.0,1.247229082292679,348531.53534512187,265644.8102422899,0,2499.86,2499.86,2499.86,2499.86,0.0,2499.86,0.0,6699600.0,0.04829636935306625,1.0,1.247229082292679,868013.8891582971,2255475.486572729,57.6,0.00098686,0.9900298791574127,1.0,0.0,4.0582552788e-06,0.9900298791574127,13230.663528303883,6749.448607159547,0.0,79411.8235779886,99391.93571345203
2026-09-09 12:00:00+00:00,5.292561794782061,0.0,6664.079585409714,-5.292561794782061,2515.99,10.0,0.0,0.0,1.247235687992969,348531.53534512187,265645.88850531157,0,2510.66,2510.66,2510.66,2510.66,0.0,2510.66,0.0,6696000.0,0.04829636940469961,1.0,1.247235687992969,868013.8891582971,2255475.486572729,57.6,0.00098686,0.9900352097649464,1.0,0.0,4.0590321804e-06,0.9900352097649464,13287.823195687528,6692.288939775902,0.0,79412.603199795,99392.71533525843
2026-09-09 13:00:00+00:00,5.292561794782061,0.0,6664.079585409714,-5.292561794782061,2515.99,10.0,0.0,0.0,1.2472422936928276,348531.53534512187,265646.96697915177,0,2501.44,2501.44,2501.44,2501.44,0.0,2501.44,0.0,6692400.0,0.04829636945638871,1.0,1.2472422936928276,868013.8891582971,2255475.486572729,57.6,0.00098686,0.9900405404011817,1.0,0.0,4.0598093088e-06,0.9900405404011817,13239.025775939639,6741.0863595237915,0.0,79413.38262078626,99393.49475624968
2026-09-09 14:00:00+00:00,5.292561794782061,0.0,6664.079585409714,-5.292561794782061,2515.99,10.0,0.0,0.0,1.2472488922534086,348531.53534512187,265648.04566387227,0,2498.16,2498.16,2498.16,2498.16,0.0,2498.16,0.0,6688800.0,0.04829636950813354,1.0,1.2472488922534086,868013.8891582971,2255475.486572729,57.6,0.00098686,0.9900458710661186,1.0,0.0,4.0605866604e-06,0.9900458710661186,13221.666173252752,6758.445962210678,0.0,79414.1618409006,99394.27397636403
2026-09-09 15:00:00+00:00,5.292561794782061,0.0,6664.079585409714,-5.292561794782061,2515.99,10.0,0.0,0.0,1.2472554805605551,348531.53534512187,265649.12455953495,0,2488.97,2488.97,2488.97,2488.97,0.0,2488.97,0.0,6685200.0,0.04829616842648332,1.0,1.2472554805605551,868006.4676802221,2255481.377868131,57.6,0.00098686,0.9900512420282828,1.0,0.0,4.0613642352e-06,0.9900512420282828,13173.027530358704,6807.084605104726,0.0,79414.95489492727,99395.0670303907
2026-09-09 16:00:00+00:00,5.292561794782061,0.0,6664.484951122165,-5.292561794782061,2515.99,10.0,0.0,0.0,1.2472620754605974,348531.53534512187,265650.20366619976,0,2494.84,2494.84,2494.84,2494.84,0.0,2494.84,3.07e-05,6681600.0,0.048296168478339396,1.0,1.2472620754605974,868006.4676802221,2255481.377868131,57.6,0.00098686,0.9900565727291556,1.0,0.0,4.062142026e-06,0.9900565727291556,13204.094868094076,6776.422633081803,0.0,79415.73370562214,99396.25120679803
2026-09-09 17:00:00+00:00,5.292561794782061,0.0,6664.484951122165,-5.292561794782061,2515.99,10.0,0.0,0.0,1.247268675917135,348531.53534512187,265651.28298392944,0,2492.54,2492.54,2492.54,2492.54,0.0,2492.54,0.0,6678000.0,0.04829616853025165,1.0,1.247268675917135,868006.4676802221,2255481.377868131,57.6,0.00098686,0.9900619034587302,1.0,0.0,4.0629200436e-06,0.9900619034587302,13191.921975966077,6788.595525209803,0.0,79416.51231525565,99397.02981643153
2026-09-09 18:00:00+00:00,5.292561794782061,0.0,6664.484951122165,-5.292561794782061,2515.99,10.0,0.0,0.0,1.2472752350713192,348531.53534512187,265652.36251278676,0,2480.15,2480.15,2480.15,2480.15,0.0,2480.15,0.0,6674400.0,0.048296168582219856,1.0,1.2472752350713192,868006.4676802221,2255481.377868131,57.6,0.00098686,0.990067234217007,1.0,0.0,4.063698288e-06,0.990067234217007,13126.347135328728,6854.170365847152,0.0,79417.2907237651,99397.80822494098
2026-09-09 19:00:00+00:00,5.292561794782061,0.0,6664.484951122165,-5.292561794782061,2515.99,10.0,0.0,0.0,1.2472818400655246,348531.53534512187,265653.4422528326,0,2464.28,2464.28,2464.28,2464.28,0.0,2464.28,0.0,6670800.0,0.04829616863424402,1.0,1.2472818400655246,868006.4676802221,2255481.377868131,57.6,0.00098686,0.990072565003986,1.0,0.0,4.064476752000001e-06,0.990072565003986,13042.354179645537,6938.163321530343,0.0,79418.06893108966,99398.58643226554
2026-09-09 20:00:00+00:00,5.292561794782061,0.0,6664.484951122165,-5.292561794782061,2515.99,10.0,0.0,0.0,1.2472884501700736,348531.53534512187,265654.5222041288,0,2470.37,2470.37,2470.37,2470.37,0.0,2470.37,0.0,6667200.0,0.04829616868632458,1.0,1.2472884501700736,868006.4676802221,2255481.377868131,57.6,0.00098686,0.9900778958196674,1.0,0.0,4.0652554392e-06,0.9900778958196674,13074.58588097576,6905.931620200122,0.0,79418.84693716752,99399.3644383434
2026-09-09 21:00:00+00:00,5.292561794782061,0.0,6664.484951122165,-5.292561794782061,2515.99,10.0,0.0,0.0,1.2472950612610145,348531.53534512187,265655.6023667372,0,2460.58,2460.58,2460.58,2460.58,0.0,2460.58,0.0,6663600.0,0.048296168738461764,1.0,1.2472950612610145,868006.4676802221,2255481.377868131,57.6,0.00098686,0.9900832266640512,1.0,0.0,4.0660343496000005e-06,0.9900832266640512,13022.771701004842,6957.745800171037,0.0,79419.62474193686,99400.14224311274
2026-09-09 22:00:00+00:00,5.292561794782061,0.0,6664.484951122165,-5.292561794782061,2515.99,10.0,0.0,0.0,1.2473016724105994,348531.53534512187,265656.68274071964,0,2449.12,2449.12,2449.12,2449.12,0.0,2449.12,0.0,6660000.0,0.0482961687906549,1.0,1.2473016724105994,868006.4676802221,2255481.377868131,57.6,0.00098686,0.9900885575371379,1.0,0.0,4.0668134832e-06,0.9900885575371379,12962.11894283664,7018.3985583392405,0.0,79420.40234533604,99400.91984651193
2026-09-09 23:00:00+00:00,5.292561794782061,0.0,6664.484951122165,-5.292561794782061,2515.99,10.0,0.0,0.0,1.2473082866516572,348531.53534512187,265657.763326137,0,2466.97,2466.97,2466.97,2466.97,0.0,2466.97,0.0,6656400.0,0.04829616884290511,1.0,1.2473082866516572,868006.4676802221,2255481.377868131,57.6,0.00098686,0.9900938884389272,1.0,0.0,4.0675928364e-06,0.9900938884389272,13056.591170873498,6923.926330302381,0.0,79421.17974730412,99401.69724848
2026-09-10 00:00:00+00:00,5.292561794782061,0.0,6664.33264857025,-5.292561794782061,2515.99,10.0,0.0,0.0,1.247314901139936,348531.53534512187,265658.8441230521,0,2463.76,2463.76,2463.76,2463.76,0.0,2463.76,-1.168e-05,6652800.0,0.048296168895211045,1.0,1.247314901139936,868006.4676802221,2255481.377868131,57.6,0.00098686,0.9900992193694197,1.0,0.0,4.068372416400001e-06,0.9900992193694197,13039.602047512251,6940.763151111715,0.0,79421.95694777841,99402.32214640238
2026-09-10 01:00:00+00:00,5.292561794782061,0.0,6664.33264857025,-5.292561794782061,2515.99,10.0,0.0,0.0,1.2473215180560318,348531.53534512187,265659.92513152666,0,2463.0,2463.0,2463.0,2463.0,0.0,2463.0,0.0,6649200.0,0.04829616894757338,1.0,1.2473215180560318,868006.4676802221,2255481.377868131,57.6,0.00098686,0.9901045503286153,1.0,0.0,4.0691522196e-06,0.9901045503286153,13035.579700548216,6944.78549807575,0.0,79422.73394669715,99403.09914532112
2026-09-10 02:00:00+00:00,5.292561794782061,0.0,6664.33264857025,-5.292561794782061,2515.99,10.0,0.0,0.0,1.2473280712536492,348531.53534512187,265661.00635162264,0,2473.99,2473.99,2473.99,2473.99,0.0,2473.99,0.0,6645600.0,0.04829616899999345,1.0,1.2473280712536492,868006.4676802221,2255481.377868131,57.6,0.00098686,0.9901098813165141,1.0,0.0,4.069932246e-06,0.9901098813165141,13093.74495467287,6886.620243951096,0.0,79423.5107439984,99403.87594262237
2026-09-10 03:00:00+00:00,5.292561794782061,0.0,6664.33264857025,-5.292561794782061,2515.99,10.0,0.0,0.0,1.2473346911158474,348531.53534512187,265662.0877834019,0,2474.34,2474.34,2474.34,2474.34,0.0,2474.34,0.0,6642000.0,0.04829616905247058,1.0,1.2473346911158474,868006.4676802221,2255481.377868131,57.6,0.00098686,0.9901152123331164,1.0,0.0,4.0707124956e-06,0.9901152123331164,13095.597351301045,6884.767847322921,0.0,79424.28733962053,99404.6525382445
2026-09-10 04:00:00+00:00,5.292561794782061,0.0,6664.33264857025,-5.292561794782061,2515.99,10.0,0.0,0.0,1.247341313145617,348531.53534512187,265663.16942692525,0,2477.69,2477.69,2477.69,2477.69,0.0,2477.69,0.0,6638400.0,0.04829616910500367,1.0,1.247341313145617,883462.3338507172,2295642.8508805837,57.6,0.00098686,0.9901205433784224,1.0,0.0,4.071492964800001e-06,0.9901205433784224,13113.327433313565,6867.0377653104015,0.0,79425.06373350264,99405.42893212661
2026-09-10 05:00:00+00:00,5.292561794782061,0.0,6664.33264857025,-5.292561794782061,2515.99,10.0,0.0,0.0,1.247347913114953,348531.53534512187,265664.25128225464,0,2481.11,2481.11,2481.11,2481.11,0.0,2481.11,0.0,6634800.0,0.04829625862956366,1.0,1.247347913114953,883462.3338507172,2295642.8508805837,57.6,0.00098686,0.9901258566731339,1.0,0.0,4.0722736572e-06,0.9901258566731339,13131.42799465172,6848.937203972247,0.0,79425.83372893679,99406.19892756076
2026-09-10 06:00:00+00:00,5.292561794782061,0.0,6664.33264857025,-5.292561794782061,2515.99,10.0,0.0,0.0,1.2473545604364822,348531.53534512187,265665.33916573203,0,2479.25,2479.25,2479.25,2479.25,0.0,2479.25,0.0,6631200.0,0.048296169210241935,1.0,1.2473545604364822,883462.3338507172,2295642.8508805837,57.6,0.00098686,0.9901312055551458,1.0,0.0,4.0949478324e-06,0.9901312055551458,13121.583829713423,6858.7813689105415,0.0,79426.61009951937,99406.97529814334
2026-09-10 07:00:00+00:00,5.292561794782061,0.0,6664.33264857025,-5.292561794782061,2515.99,10.0,0.0,0.0,1.2473611611312858,348531.53534512187,265666.4272621267,0,2471.5,2471.5,2471.5,2471.5,0.0,2471.5,0.0,6627600.0,0.04850259063701268,1.0,1.2473611611312858,891237.0754889486,2289471.890018104,57.6,0.00098686,0.9900955669006776,1.0,0.0,4.09573251e-06,0.9900955669006776,13080.566475803864,6899.798722820103,0.0,79413.10080816527,99393.46600678924
2026-09-10 08:00:00+00:00,5.292561794782061,0.0,6664.998486014635,-5.292561794782061,2515.99,10.0,0.0,0.0,1.2473677080496601,348531.53534512187,265667.5155715006,0,2470.18,2470.18,2470.18,2470.18,0.0,2470.18,5.093e-05,6624000.0,0.04914242065392482,1.0,1.2473677080496601,915627.8450065645,2270114.951877417,57.6,0.00098686,0.9899740591475643,1.0,0.0,4.0965174108e-06,0.9899740591475643,13073.580294234749,6907.450741833601,0.0,79369.6632150425,99350.69425111085
2026-09-10 09:00:00+00:00,5.292561794782061,0.0,6664.998486014635,-5.292561794782061,2515.99,10.0,0.0,0.0,1.2473743478203347,348531.53534512187,265668.6040939174,0,2467.65,2467.65,2467.65,2467.65,0.0,2467.65,0.0,6620400.0,0.04914242070769137,1.0,1.2473743478203347,915627.8450065645,2270114.951877417,57.6,0.00098686,0.989979480625831,1.0,0.0,4.097302542e-06,0.989979480625831,13060.190112893952,6920.840923174398,0.0,79370.4642487698,99351.49528483815
2026-09-10 10:00:00+00:00,5.292561794782061,0.0,6664.998486014635,-5.292561794782061,2515.99,10.0,0.0,0.0,1.2473809297645306,348531.53534512187,265669.6928294382,0,2463.08,2463.08,2463.08,2463.08,0.0,2463.08,0.0,6616800.0,0.049142420761516314,1.0,1.2473809297645306,915627.8450065645,2270114.951877417,57.6,0.00098686,0.9899849021337879,1.0,0.0,4.098087892800001e-06,0.9899849021337879,13036.003105491798,6945.027930576553,0.0,79371.26507974113,99352.29611580948
2026-09-10 11:00:00+00:00,5.292561794782061,0.0,6664.998486014635,-5.292561794782061,2515.99,10.0,0.0,0.0,1.2473876052841015,348531.53534512187,265670.78177812573,0,2461.03,2461.03,2461.03,2461.03,0.0,2461.03,0.0,6613200.0,0.049142420815400545,1.0,1.2473876052841015,915627.8450065645,2270114.951877417,57.6,0.00098686,0.9899903236714348,1.0,0.0,4.098873470400001e-06,0.9899903236714348,13025.153353812495,6955.877682255855,0.0,79372.06570789358,99353.09674396193
2026-09-10 12:00:00+00:00,5.292561794782061,0.0,6664.998486014635,-5.292561794782061,2515.99,10.0,0.0,0.0,1.2473942786392462,348531.53534512187,265671.8709400438,0,2413.44,2413.44,2413.44,2413.44,0.0,2413.44,0.0,6609600.0,0.04920769706563055,1.0,1.2473942786392462,915627.8450065645,2261912.6496381275,57.6,0.00098686,0.9899828358420011,1.0,0.0,4.0996592784e-06,0.9899828358420011,12773.280337998816,7207.750698069534,0.0,79368.36680128658,99349.39783735493
2026-09-10 13:00:00+00:00,5.292561794782061,0.0,6664.998486014635,-5.292561794782061,2515.99,10.0,0.0,0.0,1.2474009619828113,348531.53534512187,265672.9603152534,0,2433.87,2433.87,2433.87,2433.87,0.0,2433.87,0.0,6606000.0,0.049207697119706184,1.0,1.2474009619828113,915627.8450065645,2261912.6496381275,57.6,0.00098686,0.9899882643995728,1.0,0.0,4.1004453059999995e-06,0.9899882643995728,12881.407375466213,7099.6236606021375,0.0,79369.16944958211,99350.20048565046
2026-09-10 14:00:00+00:00,5.292561794782061,0.0,6664.998486014635,-5.292561794782061,2515.99,10.0,0.0,0.0,1.2474076460758727,348531.53534512187,265674.04990381736,0,2442.29,2442.29,2442.29,2442.29,0.0,2442.29,0.0,6602400.0,0.04920769717383955,1.0,1.2474076460758727,915627.8450065645,2261912.6496381275,57.6,0.00098686,0.9899936929869122,1.0,0.0,4.1012315604e-06,0.9899936929869122,12925.970745778279,7055.060290290072,0.0,79369.97189489834,99351.00293096669
2026-09-10 15:00:00+00:00,5.292561794782061,0.0,6664.998486014635,-5.292561794782061,2515.99,10.0,0.0,0.0,1.2474143187910818,348531.53534512187,265675.1397057975,0,2440.01,2440.01,2440.01,2440.01,0.0,2440.01,0.0,6598800.0,0.049207697228032865,1.0,1.2474143187910818,915627.8450065645,2261912.6496381275,57.6,0.00098686,0.989999121604019,1.0,0.0,4.1020180379999994e-06,0.989999121604019,12913.903704886177,7067.127331182173,0.0,79370.77413717326,99351.8051732416
2026-09-10 16:00:00+00:00,5.292561794782061,0.0,6663.59813914581,-5.292561794782061,2515.99,10.0,0.0,0.0,1.2474209923875226,348531.53534512187,265676.22972125764,0,2447.62,2447.62,2447.62,2447.62,0.0,2447.62,-0.0001081,6595200.0,0.04920769728228458,1.0,1.2474209923875226,915627.8450065645,2261912.6496381275,57.6,0.00098686,0.9900045502508937,1.0,0.0,4.102804746e-06,0.9900045502508937,12954.180100144467,7025.450589055059,0.0,79371.5761763432,99351.20686554271
2026-09-10 17:00:00+00:00,5.292561794782061,0.0,6663.59813914581,-5.292561794782061,2515.99,10.0,0.0,0.0,1.2474276669166735,348531.53534512187,265677.30778634304,0,2464.85,2464.85,2464.85,2464.85,0.0,2464.85,0.0,6591600.0,0.049207697336596024,1.0,1.2474276669166735,915627.8450065645,2261912.6496381275,57.6,0.00098686,0.9900099789275362,1.0,0.0,4.0578071256e-06,0.9900099789275362,13045.370939868562,6934.259749330964,0.0,79372.39017626288,99352.0208654624
2026-09-10 18:00:00+00:00,5.292561794782061,0.0,6663.59813914581,-5.292561794782061,2515.99,10.0,0.0,0.0,1.247434301045247,348531.53534512187,265680.0764982184,0,2467.37,2467.37,2467.37,2467.37,0.0,2467.37,0.0,6588000.0,0.049207697390966754,1.0,1.247434301045247,915627.8450065645,2261912.6496381275,57.6,0.00098686,0.9900154076339468,1.0,0.0,1.0421279377200001e-05,0.9900154076339468,13058.708195591413,6920.922493608113,0.0,79371.51353976777,99351.14422896729
2026-09-10 19:00:00+00:00,5.292561794782061,0.0,6663.59813914581,-5.292561794782061,2515.99,10.0,0.0,0.0,1.247440985554258,348531.53534512187,265682.85062128806,0,2461.46,2461.46,2461.46,2461.46,0.0,2461.46,0.0,6584400.0,0.04920769744539766,1.0,1.247440985554258,915627.8450065645,2261912.6496381275,57.6,0.00098686,0.9900208363701255,1.0,0.0,1.04415378948e-05,0.9900208363701255,13027.42915538425,6952.201533815274,0.0,79370.63150245347,99350.26219165299
2026-09-10 20:00:00+00:00,5.292561794782061,0.0,6663.59813914581,-5.292561794782061,2515.99,10.0,0.0,0.0,1.2474476709228581,348531.53534512187,265683.928754866,0,2460.53,2460.53,2460.53,2460.53,0.0,2460.53,0.0,6580800.0,0.049207697499887404,1.0,1.2474476709228581,915627.8450065645,2261912.6496381275,57.6,0.00098686,0.9900262651360728,1.0,0.0,4.0579638012e-06,0.9900262651360728,13022.507072915105,6957.123616284421,0.0,79371.44546500617,99351.07615420569
2026-09-10 21:00:00+00:00,5.292561794782061,0.0,6663.59813914581,-5.292561794782061,2515.99,10.0,0.0,0.0,1.2474543596664567,348531.53534512187,265685.00707418885,0,2459.27,2459.27,2459.27,2459.27,0.0,2459.27,0.0,6577200.0,0.04920084390058954,1.0,1.2474543596664567,915364.520029008,2262121.6441739122,57.6,0.00098686,0.9900330427268008,1.0,0.0,4.0586464512e-06,0.9900330427268008,13015.838445053678,6963.792244145848,0.0,79372.72934978566,99352.36003898518
2026-09-10 22:00:00+00:00,5.292561794782061,0.0,6663.59813914581,-5.292561794782061,2515.99,10.0,0.0,0.0,1.2474610481349495,348531.53534512187,265686.0855793057,0,2443.84,2443.84,2443.84,2443.84,0.0,2443.84,0.0,6573600.0,0.04920084395519053,1.0,1.2474610481349495,915364.520029008,2262121.6441739122,57.6,0.00098686,0.9900384708214217,1.0,0.0,4.0593292776e-06,0.9900384708214217,12934.174216560192,7045.456472639334,0.0,79373.54270682106,99353.17339602057
2026-09-10 23:00:00+00:00,5.292561794782061,0.0,6663.59813914581,-5.292561794782061,2515.99,10.0,0.0,0.0,1.2474677360959951,348531.53534512187,265687.1642702628,0,2437.04,2437.04,2437.04,2437.04,0.0,2437.04,0.0,6570000.0,0.049200844009851696,1.0,1.2474677360959951,915364.520029008,2262121.6441739122,57.6,0.00098686,0.9900438989458035,1.0,0.0,4.0600122696e-06,0.9900438989458035,12898.184796355674,7081.445892843853,0.0,79374.35588838876,99353.98657758828
2026-09-11 00:00:00+00:00,5.292561794782061,0.0,6663.680141847391,-5.292561794782061,2515.99,10.0,0.0,0.0,1.2474744182063269,348531.53534512187,265688.24314710824,0,2455.46,2455.46,2455.46,2455.46,0.0,2455.46,6.31e-06,6566400.0,0.04920084406639824,1.0,1.2474744182063269,915364.520029008,2262121.6441739122,57.6,0.00098686,0.9900493270995875,1.0,0.0,4.0606954344e-06,0.9900493270995875,12995.67378461556,6984.038907285548,0.0,79375.16889431578,99354.88158621688
2026-09-11 01:00:00+00:00,5.292561794782061,0.0,6663.680141847391,-5.292561794782061,2515.99,10.0,0.0,0.0,1.2474811064701843,348531.53534512187,265689.3222098902,0,2453.25,2453.25,2453.25,2453.25,0.0,2453.25,0.0,6562800.0,0.04920084412118175,1.0,1.2474811064701843,915364.520029008,2262121.6441739122,57.6,0.00098686,0.9900547552834911,1.0,0.0,4.061378772000001e-06,0.9900547552834911,12983.97722304909,6995.735468852016,0.0,79375.98172480386,99355.69441670497
2026-09-11 02:00:00+00:00,5.292561794782061,0.0,6663.680141847391,-5.292561794782061,2515.99,10.0,0.0,0.0,1.2474878603404913,348531.53534512187,265690.4014586577,0,2445.86,2445.86,2445.86,2445.86,0.0,2445.86,0.0,6559200.0,0.04920084417602588,1.0,1.2474878603404913,915364.520029008,2262121.6441739122,57.6,0.00098686,0.9900601834971559,1.0,0.0,4.062062285999999e-06,0.9900601834971559,12944.865191385652,7034.847500515455,0.0,79376.79437967914,99356.50707158024
2026-09-11 03:00:00+00:00,5.292561794782061,0.0,6663.680141847391,-5.292561794782061,2515.99,10.0,0.0,0.0,1.247494756099799,348531.53534512187,265691.4808934571,0,2446.2,2446.2,2446.2,2446.2,0.0,2446.2,0.0,6555600.0,0.0492008442309293,1.0,1.247494756099799,915364.520029008,2262121.6441739122,57.6,0.00098686,0.9900656117405823,1.0,0.0,4.062745965600001e-06,0.9900656117405823,12946.664662395875,7033.04802950523,0.0,79377.6068588954,99357.3195507965
2026-09-11 04:00:00+00:00,5.292561794782061,0.0,6663.680141847391,-5.292561794782061,2515.99,10.0,0.0,0.0,1.247501670269587,348531.53534512187,265692.5605143383,0,2457.96,2457.96,2457.96,2457.96,0.0,2457.96,0.0,6552000.0,0.04909161874466572,1.0,1.247501670269587,911174.8985511423,2265446.91665198,57.6,0.00098686,0.9900924554298582,1.0,0.0,4.063429825200001e-06,0.9900924554298582,13008.905189102514,6970.807502798592,0.0,79385.8831102518,99365.59580215291
2026-09-11 05:00:00+00:00,5.292561794782061,0.0,6663.680141847391,-5.292561794782061,2515.99,10.0,0.0,0.0,1.2475085704571498,348531.53534512187,265693.64032134763,0,2467.78,2467.78,2467.78,2467.78,0.0,2467.78,0.0,6548400.0,0.04909161879956536,1.0,1.2475085704571498,911174.8985511423,2265446.91665198,57.6,0.00098686,0.9900978720833428,1.0,0.0,4.0641138504e-06,0.9900978720833428,13060.878145927274,6918.834545973831,0.0,79386.69117779791,99366.40386969902
2026-09-11 06:00:00+00:00,5.292561794782061,0.0,6663.680141847391,-5.292561794782061,2515.99,10.0,0.0,0.0,1.2475154716964636,348531.53534512187,265694.7203145333,0,2465.9,2465.9,2465.9,2465.9,0.0,2465.9,0.0,6544800.0,0.04909161885452584,1.0,1.2475154716964636,911174.8985511423,2265446.91665198,57.6,0.00098686,0.990103288766461,1.0,0.0,4.0647980484e-06,0.990103288766461,13050.928129753083,6928.784562148023,0.0,79387.49906949594,99367.21176139705
2026-09-11 07:00:00+00:00,5.292561794782061,0.0,6663.680141847391,-5.292561794782061,2515.99,10.0,0.0,0.0,1.247522374374914,348531.53534512187,265695.8004939443,0,2466.51,2466.51,2466.51,2466.51,0.0,2466.51,0.0,6541200.0,0.04909161890954605,1.0,1.247522374374914,911174.8985511423,2265446.91665198,57.6,0.00098686,0.9901087054792133,1.0,0.0,4.0654824228e-06,0.9901087054792133,13054.156592447902,6925.556099453204,0.0,79388.30678529694,99368.01947719805
2026-09-11 08:00:00+00:00,5.292561794782061,0.0,6664.4807549738225,-5.292561794782061,2515.99,10.0,0.0,0.0,1.247529303567696,348531.53534512187,265696.88085962785,0,2475.8,2475.8,2475.8,2475.8,0.0,2475.8,6.11e-05,6537600.0,0.04909161896462777,1.0,1.247529303567696,911174.8985511423,2265446.91665198,57.6,0.00098686,0.9901141222215994,1.0,0.0,4.0661669664e-06,0.9901141222215994,13103.324491521427,6877.188813506112,0.0,79389.11432515387,99369.6276301814
2026-09-11 09:00:00+00:00,5.292561794782061,0.0,6664.4807549738225,-5.292561794782061,2515.99,10.0,0.0,0.0,1.2475362456985752,348531.53534512187,265697.9614116321,0,2468.39,2468.39,2468.39,2468.39,0.0,2468.39,0.0,6534000.0,0.04909161901976966,1.0,1.2475362456985752,911174.8985511423,2265446.91665198,57.6,0.00098686,0.9901195389936198,1.0,0.0,4.0668516828e-06,0.9901195389936198,13064.10660862209,6916.406696405448,0.0,79389.92168901849,99370.43499404602
2026-09-11 10:00:00+00:00,5.292561794782061,0.0,6664.4807549738225,-5.292561794782061,2515.99,10.0,0.0,0.0,1.2475432714862327,348531.53534512187,265699.04215000424,0,2461.09,2461.09,2461.09,2461.09,0.0,2461.09,0.0,6530400.0,0.04829986758003102,1.0,1.2475432714862327,881189.3030427699,2289251.3542841305,57.6,0.00098686,0.9902797649147222,1.0,0.0,4.0675365684e-06,0.9902797649147222,13025.470907520183,6955.042397507355,0.0,79444.68473693024,99425.19804195777
2026-09-11 11:00:00+00:00,5.292561794782061,0.0,6664.4807549738225,-5.292561794782061,2515.99,10.0,0.0,0.0,1.2475502199609219,348531.53534512187,265700.12307479343,0,2457.19,2457.19,2457.19,2457.19,0.0,2457.19,0.0,6526800.0,0.0482998676343831,1.0,1.2475502199609219,881189.3030427699,2289251.3542841305,57.6,0.00098686,0.9902850972446848,1.0,0.0,4.0682216304e-06,0.9902850972446848,13004.829916520532,6975.683388507006,0.0,79445.46229728987,99425.9756023174
2026-09-11 12:00:00+00:00,5.292561794782061,0.0,6664.4807549738225,-5.292561794782061,2515.99,10.0,0.0,0.0,1.2475571706359203,348531.53534512187,265701.20418604586,0,2509.74,2509.74,2509.74,2509.74,0.0,2509.74,0.0,6523200.0,0.04829986768879513,1.0,1.2475571706359203,881189.3030427699,2289251.3542841305,57.6,0.00098686,0.9902904296033603,1.0,0.0,4.068906858e-06,0.9902904296033603,13282.954038836328,6697.559266191211,0.0,79446.23968119366,99426.7529862212
2026-09-11 13:00:00+00:00,5.292561794782061,0.0,6664.4807549738225,-5.292561794782061,2515.99,10.0,0.0,0.0,1.2475641225002834,348531.53534512187,265702.28548381064,0,2628.21,2628.21,2628.21,2628.21,0.0,2628.21,0.0,6519600.0,0.04829986774326711,1.0,1.2475641225002834,881189.3030427699,2289251.3542841305,57.6,0.00098686,0.9902957619907488,1.0,0.0,4.069592262e-06,0.9902957619907488,13909.96383466416,6070.5494703633785,0.0,79447.01688859239,99427.53019361992
2026-09-11 14:00:00+00:00,5.292561794782061,0.0,6664.4807549738225,-5.292561794782061,2515.99,10.0,0.0,0.0,1.2475710749246498,348531.53534512187,265703.36696813785,0,2606.52,2606.52,2606.52,2606.52,0.0,2606.52,0.0,6516000.0,0.04829714978625188,1.0,1.2475710749246498,881087.5259170193,2289332.147564453,57.6,0.00098686,0.9903016249346839,1.0,0.0,4.070277846e-06,0.9903016249346839,13795.168169335337,6185.345135692201,0.0,79447.97882511653,99428.49213014406
2026-09-11 15:00:00+00:00,5.292561794782061,0.0,6664.4807549738225,-5.292561794782061,2515.99,10.0,0.0,0.0,1.2475780286907798,348531.53534512187,265704.4486390728,0,2558.01,2558.01,2558.01,2558.01,0.0,2558.01,0.0,6512400.0,0.04829714984084066,1.0,1.2475780286907798,881087.5259170193,2289332.147564453,57.6,0.00098686,0.9903069570892452,1.0,0.0,4.070963592e-06,0.9903069570892452,13538.42599667046,6442.087308357078,0.0,79448.75557819754,99429.26888322507
2026-09-11 16:00:00+00:00,5.292561794782061,0.0,6665.162401135161,-5.292561794782061,2515.99,10.0,0.0,0.0,1.247584983083031,348531.53534512187,265705.5304966646,0,2576.38,2576.38,2576.38,2576.38,0.0,2576.38,4.999e-05,6508800.0,0.048296984155598244,1.0,1.247584983083031,881081.3200390146,2289337.073946973,57.6,0.00098686,0.9903123215878901,1.0,0.0,4.0716495144e-06,0.9903123215878901,13635.650356840606,6345.544594348271,0.0,79449.54341755481,99430.7383687437
2026-09-11 17:00:00+00:00,5.292561794782061,0.0,6665.162401135161,-5.292561794782061,2515.99,10.0,0.0,0.0,1.2475919432350926,348531.53534512187,265706.6125409603,0,2565.31,2565.31,2565.31,2565.31,0.0,2565.31,0.0,6505200.0,0.048296984210308924,1.0,1.2475919432350926,881081.3200390146,2289337.073946973,57.6,0.00098686,0.9903176537821723,1.0,0.0,4.072335606e-06,0.9903176537821723,13577.061697772368,6404.133253416509,0.0,79450.31981111906,99431.51476230794
2026-09-11 18:00:00+00:00,5.292561794782061,0.0,6665.162401135161,-5.292561794782061,2515.99,10.0,0.0,0.0,1.2475988810655483,348531.53534512187,265707.6947720083,0,2536.23,2536.23,2536.23,2536.23,0.0,2536.23,0.0,6501600.0,0.04829698426508,1.0,1.2475988810655483,881081.3200390146,2289337.073946973,57.6,0.00098686,0.9903229860051651,1.0,0.0,4.073021870399999e-06,0.9903229860051651,13423.154000780105,6558.040950408771,0.0,79451.09602793754,99432.29097912641
2026-09-11 19:00:00+00:00,5.292561794782061,0.0,6665.162401135161,-5.292561794782061,2515.99,10.0,0.0,0.0,1.2476058458620238,348531.53534512187,265708.77718985657,0,2538.3,2538.3,2538.3,2538.3,0.0,2538.3,0.0,6498000.0,0.04829698431991103,1.0,1.2476058458620238,881081.3200390146,2289337.073946973,57.6,0.00098686,0.9903283182568686,1.0,0.0,4.0737083076e-06,0.9903283182568686,13434.109603695306,6547.085347493571,0.0,79451.87206796231,99433.06701915119
2026-09-11 20:00:00+00:00,5.292561794782061,0.0,6665.162401135161,-5.292561794782061,2515.99,10.0,0.0,0.0,1.2476128141142266,348531.53534512187,265709.85979455337,0,2529.4,2529.4,2529.4,2529.4,0.0,2529.4,0.0,6494400.0,0.04829698437480401,1.0,1.2476128141142266,881081.3200390146,2289337.073946973,57.6,0.00098686,0.9903336505372826,1.0,0.0,4.0743949176e-06,0.9903336505372826,13387.005803721744,6594.189147467132,0.0,79452.6479311451,99433.84288233396
2026-09-11 21:00:00+00:00,5.292561794782061,0.0,6665.162401135161,-5.292561794782061,2515.99,10.0,0.0,0.0,1.2476197761305228,348531.53534512187,265710.9425861469,0,2515.07,2515.07,2515.07,2515.07,0.0,2515.07,0.0,6490800.0,0.04829698442975783,1.0,1.2476197761305228,881081.3200390146,2289337.073946973,57.6,0.00098686,0.9903389828464075,1.0,0.0,4.0750817004e-06,0.9903389828464075,13311.163393202518,6670.031557986359,0.0,79453.42361743783,99434.61856862671
2026-09-11 22:00:00+00:00,5.292561794782061,0.0,6665.162401135161,-5.292561794782061,2515.99,10.0,0.0,0.0,1.2476267372264815,348531.53534512187,265712.02074565715,0,2510.64,2510.64,2510.64,2510.64,0.0,2510.64,0.0,6487200.0,0.048296984484772265,1.0,1.2476267372264815,881081.3200390146,2289337.073946973,57.6,0.00098686,0.9903443151842436,1.0,0.0,4.0576323744e-06,0.9903443151842436,13287.717344451632,6693.477606737245,0.0,79454.20394582057,99435.39889700945
2026-09-11 23:00:00+00:00,5.292561794782061,0.0,6665.162401135161,-5.292561794782061,2515.99,10.0,0.0,0.0,1.2476337029111901,348531.53534512187,265713.0988690315,0,2515.47,2515.47,2515.47,2515.47,0.0,2515.47,0.0,6483600.0,0.048270239262636405,1.0,1.2476337029111901,880080.3067642109,2290131.7065811176,57.6,0.00098686,0.9903548423361076,1.0,0.0,4.0574799144e-06,0.9903548423361076,13313.280417920429,6667.914533268448,0.0,79456.79486684815,99437.98981803704
2026-09-12 00:00:00+00:00,5.292561794782061,0.0,6665.169706061265,-5.292561794782061,2515.99,10.0,0.0,0.0,1.247640665083159,348531.53534512187,265714.17716670857,0,2509.5,2509.5,2509.5,2509.5,0.0,2509.5,5.5e-07,6480000.0,0.04827023931774144,1.0,1.247640665083159,880080.3067642109,2290131.7065811176,57.6,0.00098686,0.9903601718749302,1.0,0.0,4.0581194292e-06,0.9903601718749302,13281.68382400558,6699.518432109399,0.0,79457.57408151962,99438.7763376346
2026-09-12 01:00:00+00:00,5.292561794782061,0.0,6665.169706061265,-5.292561794782061,2515.99,10.0,0.0,0.0,1.2476476272540575,348531.53534512187,265715.25563872955,0,2512.46,2512.46,2512.46,2512.46,0.0,2512.46,0.0,6476400.0,0.04827023937290864,1.0,1.2476476272540575,880080.3067642109,2290131.7065811176,57.6,0.00098686,0.9903655014424332,1.0,0.0,4.0587590916e-06,0.9903655014424332,13297.349806918137,6683.852449196845,0.0,79458.3531318432,99439.55538795819
2026-09-12 02:00:00+00:00,5.292561794782061,0.0,6665.169706061265,-5.292561794782061,2515.99,10.0,0.0,0.0,1.2476545719152998,348531.53534512187,265716.33428513573,0,2513.11,2513.11,2513.11,2513.11,0.0,2513.11,0.0,6472800.0,0.04822592549338656,1.0,1.2476545719152998,878423.4631062069,2291446.96650495,57.6,0.00098686,0.9903794243696786,1.0,0.0,4.0593989016e-06,0.9903794243696786,13300.789972084745,6680.412284030235,0.0,79462.1270646464,99443.32932076138
2026-09-12 03:00:00+00:00,5.292561794782061,0.0,6665.169706061265,-5.292561794782061,2515.99,10.0,0.0,0.0,1.247661534339552,348531.53534512187,265717.41310597036,0,2511.98,2511.98,2511.98,2511.98,0.0,2511.98,0.0,6469200.0,0.04822592554862415,1.0,1.247661534339552,878423.4631062069,2291446.96650495,57.6,0.00098686,0.9903847492613679,1.0,0.0,4.0600388664e-06,0.9903847492613679,13294.80937725664,6686.39287885834,0.0,79462.90413648775,99444.10639260273
2026-09-12 04:00:00+00:00,5.292561794782061,0.0,6665.169706061265,-5.292561794782061,2515.99,10.0,0.0,0.0,1.2476684968968206,348531.53534512187,265718.4921012748,0,2511.5,2511.5,2511.5,2511.5,0.0,2511.5,0.0,6465600.0,0.04822592560392325,1.0,1.2476684968968206,878423.4631062069,2291446.96650495,57.6,0.00098686,0.990390074181687,1.0,0.0,4.060678978800001e-06,0.990390074181687,13292.268947595145,6688.933308519835,0.0,79463.68104383774,99444.88329995272
2026-09-12 05:00:00+00:00,5.292561794782061,0.0,6665.169706061265,-5.292561794782061,2515.99,10.0,0.0,0.0,1.2476754594795718,348531.53534512187,265719.5712710922,0,2510.61,2510.61,2510.61,2510.61,0.0,2510.61,0.0,6462000.0,0.0482259256592843,1.0,1.2476754594795718,878423.4631062069,2291446.96650495,57.6,0.00098686,0.9903953991306362,1.0,0.0,4.061319245999999e-06,0.9903953991306362,13287.55856759779,6693.643688517191,0.0,79464.45778665319,99445.66004276817
2026-09-12 06:00:00+00:00,5.292561794782061,0.0,6665.169706061265,-5.292561794782061,2515.99,10.0,0.0,0.0,1.247682421093187,348531.53534512187,265720.6506154649,0,2518.21,2518.21,2518.21,2518.21,0.0,2518.21,0.0,6458400.0,0.04823778785331734,1.0,1.247682421093187,878866.7665707202,2291095.0947848936,57.6,0.00098686,0.9903984288348412,1.0,0.0,4.061959664399999e-06,0.9903984288348412,13327.782037238134,6653.420218876848,0.0,79464.43438973872,99445.6366458537
2026-09-12 07:00:00+00:00,5.292561794782061,0.0,6665.169706061265,-5.292561794782061,2515.99,10.0,0.0,0.0,1.2476893852378625,348531.53534512187,265721.73013443506,0,2522.99,2522.99,2522.99,2522.99,0.0,2522.99,0.0,6454800.0,0.0482377879088165,1.0,1.2476893852378625,878866.7665707202,2291095.0947848936,57.6,0.00098686,0.9904037551081295,1.0,0.0,4.062600234e-06,0.9904037551081295,13353.08048261719,6628.121773497791,0.0,79465.21124497539,99446.41350109037
2026-09-12 08:00:00+00:00,5.292561794782061,0.0,6665.255078720593,-5.292561794782061,2515.99,10.0,0.0,0.0,1.2476963492005588,348531.53534512187,265722.8098280441,0,2532.29,2532.29,2532.29,2532.29,0.0,2532.29,6.37e-06,6451200.0,0.048239162473800556,1.0,1.2476963492005588,878918.1431103469,2291054.3147261576,57.6,0.00098686,0.9904088157439989,1.0,0.0,4.0632409512e-06,0.9904088157439989,13402.301307308664,6578.986321465644,0.0,79465.89534255577,99447.18297133008
2026-09-12 09:00:00+00:00,5.292561794782061,0.0,6665.255078720593,-5.292561794782061,2515.99,10.0,0.0,0.0,1.2477033133432578,348531.53534512187,265723.8896963352,0,2529.99,2529.99,2529.99,2529.99,0.0,2529.99,0.0,6447600.0,0.048239162529425395,1.0,1.2477033133432578,878918.1431103469,2291054.3147261576,57.6,0.00098686,0.9904141422213986,1.0,0.0,4.0638818232000006e-06,0.9904141422213986,13390.128415180665,6591.159213593644,0.0,79466.67191961076,99447.95954838507
2026-09-12 10:00:00+00:00,5.292561794782061,0.0,6665.255078720593,-5.292561794782061,2515.99,10.0,0.0,0.0,1.2477102096712345,348531.53534512187,265724.9697393506,0,2532.52,2532.52,2532.52,2532.52,0.0,2532.52,0.0,6444000.0,0.04823916258511218,1.0,1.2477102096712345,878918.1431103469,2291054.3147261576,57.6,0.00098686,0.9904194687274445,1.0,0.0,4.0645228464e-06,0.9904194687274445,13403.518596521464,6577.769032252844,0.0,79467.44833192555,99448.73596069987
2026-09-12 11:00:00+00:00,5.292561794782061,0.0,6665.255078720593,-5.292561794782061,2515.99,10.0,0.0,0.0,1.2477171978827835,348531.53534512187,265726.0499571317,0,2535.21,2535.21,2535.21,2535.21,0.0,2535.21,0.0,6440400.0,0.04823916264086048,1.0,1.2477171978827835,878918.1431103469,2291054.3147261576,57.6,0.00098686,0.9904247952621367,1.0,0.0,4.0651640172000004e-06,0.9904247952621367,13417.755587749429,6563.5320410248805,0.0,79468.22457945882,99449.51220823314
2026-09-12 12:00:00+00:00,5.292561794782061,0.0,6665.255078720593,-5.292561794782061,2515.99,10.0,0.0,0.0,1.2477241967183306,348531.53534512187,265727.13034972164,0,2534.39,2534.39,2534.39,2534.39,0.0,2534.39,0.0,6436800.0,0.0482391626966725,1.0,1.2477241967183306,878918.1431103469,2291054.3147261576,57.6,0.00098686,0.9904301218254751,1.0,0.0,4.0658053428e-06,0.9904301218254751,13413.415687077706,6567.871941696602,0.0,79469.00066216727,99450.28829094158
2026-09-12 13:00:00+00:00,5.292561794782061,0.0,6665.255078720593,-5.292561794782061,2515.99,10.0,0.0,0.0,1.247731149018304,348531.53534512187,265728.20873337943,0,2543.62,2543.62,2543.62,2543.62,0.0,2543.62,0.0,6433200.0,0.04823934708768407,1.0,1.247731149018304,878918.1431103469,2291054.3147261576,57.6,0.00098686,0.9904354128875327,1.0,0.0,4.0582287108e-06,0.9904354128875327,13462.266032443544,6519.021596330764,0.0,79469.76638049202,99451.05400926631
2026-09-12 14:00:00+00:00,5.292561794782061,0.0,6665.255078720593,-5.292561794782061,2515.99,10.0,0.0,0.0,1.2477381941488044,348531.53534512187,265731.9378669888,0,2538.99,2538.99,2538.99,2538.99,0.0,2538.99,0.0,6429600.0,0.04823916280848195,1.0,1.2477381941488044,878918.1431103469,2291054.3147261576,57.6,0.00098686,0.9904407750380922,1.0,0.0,1.40335399872e-05,0.9904407750380922,13437.761471333703,6543.526157440605,0.0,79467.90612544992,99449.19375422422
2026-09-12 15:00:00+00:00,5.292561794782061,0.0,6665.255078720593,-5.292561794782061,2515.99,10.0,0.0,0.0,1.247745194604047,348531.53534512187,265733.01615516766,0,2534.0,2534.0,2534.0,2534.0,0.0,2534.0,0.0,6426000.0,0.048239162864481155,1.0,1.247745194604047,878918.1431103469,2291054.3147261576,57.6,0.00098686,0.990446101687371,1.0,0.0,4.0577959872e-06,0.990446101687371,13411.351587977742,6569.936040796567,0.0,79468.68434252247,99449.97197129678
2026-09-12 16:00:00+00:00,5.292561794782061,0.0,6665.946602329144,-5.292561794782061,2515.99,10.0,0.0,0.0,1.2477521971853145,348531.53534512187,265734.094605968,0,2530.69,2530.69,2530.69,2530.69,0.0,2530.69,5.163e-05,6422400.0,0.0482391629205432,1.0,1.2477521971853145,878918.1431103469,2291054.3147261576,57.6,0.00098686,0.9904514283652968,1.0,0.0,4.058391492e-06,0.9904514283652968,13393.833208437014,6588.145943945847,0.0,79469.46240695787,99451.44155934073
2026-09-12 17:00:00+00:00,5.292561794782061,0.0,6665.946602329144,-5.292561794782061,2515.99,10.0,0.0,0.0,1.2477591997376103,348531.53534512187,265735.173219427,0,2524.93,2524.93,2524.93,2524.93,0.0,2524.93,0.0,6418800.0,0.04823916297666764,1.0,1.2477591997376103,878918.1431103469,2291054.3147261576,57.6,0.00098686,0.9904567550718698,1.0,0.0,4.05898713e-06,0.9904567550718698,13363.348052499068,6618.631099883793,0.0,79470.24031871912,99452.21947110198
2026-09-12 18:00:00+00:00,5.292561794782061,0.0,6665.946602329144,-5.292561794782061,2515.99,10.0,0.0,0.0,1.2477661789519843,348531.53534512187,265736.25199558213,0,2521.58,2521.58,2521.58,2521.58,0.0,2521.58,0.0,6415200.0,0.04823916303285558,1.0,1.2477661789519843,878918.1431103469,2291054.3147261576,57.6,0.00098686,0.9904620818070901,1.0,0.0,4.0595829012e-06,0.9904620818070901,13345.617970486548,6636.361181896312,0.0,79471.01807776868,99452.99723015154
2026-09-12 19:00:00+00:00,5.292561794782061,0.0,6665.946602329144,-5.292561794782061,2515.99,10.0,0.0,0.0,1.2477731828158494,348531.53534512187,265739.2568160205,0,2518.15,2518.15,2518.15,2518.15,0.0,2518.15,0.0,6411600.0,0.048239163089106585,1.0,1.2477731828158494,878918.1431103469,2291054.3147261576,57.6,0.00098686,0.9904674085709578,1.0,0.0,1.1307465306e-05,0.9904674085709578,13327.464483530446,6654.514668852414,0.0,79469.8698025195,99451.84895490237
2026-09-12 20:00:00+00:00,5.292561794782061,0.0,6665.946602329144,-5.292561794782061,2515.99,10.0,0.0,0.0,1.2477801865238565,348531.53534512187,265742.4360242934,0,2519.44,2519.44,2519.44,2519.44,0.0,2519.44,0.0,6408000.0,0.04823916314542065,1.0,1.2477801865238565,878918.1431103469,2291054.3147261576,57.6,0.00098686,0.9904727353634732,1.0,0.0,1.19635664436e-05,0.9904727353634732,13334.291888245716,6647.687264137145,0.0,79468.54714942048,99450.52630180334
2026-09-12 21:00:00+00:00,5.292561794782061,0.0,6665.946602329144,-5.292561794782061,2515.99,10.0,0.0,0.0,1.2477871898899897,348531.53534512187,265745.6224903268,0,2523.01,2523.01,2523.01,2523.01,0.0,2523.01,0.0,6404400.0,0.04823916320179866,1.0,1.2477871898899897,878918.1431103469,2291054.3147261576,57.6,0.00098686,0.9904780621846364,1.0,0.0,1.1990734250400002e-05,0.9904780621846364,13353.186333853087,6628.7928185297715,0.0,79467.21724854561,99449.19640092847
2026-09-12 22:00:00+00:00,5.292561794782061,0.0,6665.946602329144,-5.292561794782061,2515.99,10.0,0.0,0.0,1.2477941933423604,348531.53534512187,265746.7007765325,0,2521.78,2521.78,2521.78,2521.78,0.0,2521.78,0.0,6400800.0,0.04823916325823907,1.0,1.2477941933423604,878918.1431103469,2291054.3147261576,57.6,0.00098686,0.9904833890344478,1.0,0.0,4.0575796056e-06,0.9904833890344478,13346.676482845505,6635.302669537354,0.0,79467.99553748319,99449.97468986605
2026-09-12 23:00:00+00:00,5.292561794782061,0.0,6665.946602329144,-5.292561794782061,2515.99,10.0,0.0,0.0,1.247801198228698,348531.53534512187,265747.7792098299,0,2524.76,2524.76,2524.76,2524.76,0.0,2524.76,0.0,6397200.0,0.04823916331474298,1.0,1.247801198228698,878918.1431103469,2291054.3147261576,57.6,0.00098686,0.9904887159129071,1.0,0.0,4.0581166428e-06,0.9904887159129071,13362.448316993956,6619.530835388903,0.0,79468.77368931385,99450.75284169671
2026-09-13 00:00:00+00:00,5.292561794782061,0.0,6666.553261326194,-5.292561794782061,2515.99,10.0,0.0,0.0,1.2478082041067797,348531.53534512187,265748.85779025045,0,2524.22,2524.22,2524.22,2524.22,0.0,2524.22,4.541e-05,6393600.0,0.04823916337131129,1.0,1.2478082041067797,878918.1431103469,2291054.3147261576,57.6,0.00098686,0.9904940428200146,1.0,0.0,4.0586537916e-06,0.9904940428200146,13359.590333624772,6622.9954777551375,0.0,79469.55170400615,99452.13751538607
2026-09-13 01:00:00+00:00,5.292561794782061,0.0,6666.553261326194,-5.292561794782061,2515.99,10.0,0.0,0.0,1.2478152101994269,348531.53534512187,265749.93651782355,0,2524.81,2524.81,2524.81,2524.81,0.0,2524.81,0.0,6390000.0,0.04823916342794354,1.0,1.2478152101994269,878918.1431103469,2291054.3147261576,57.6,0.00098686,0.9904993697557706,1.0,0.0,4.0591910448e-06,0.9904993697557706,13362.712945083695,6619.872866296215,0.0,79470.32958153076,99452.91539291068
2026-09-13 02:00:00+00:00,5.292561794782061,0.0,6666.553261326194,-5.292561794782061,2515.99,10.0,0.0,0.0,1.2478221943803283,348531.53534512187,265751.01539257966,0,2520.48,2520.48,2520.48,2520.48,0.0,2520.48,0.0,6386400.0,0.04823916348463975,1.0,1.2478221943803283,878918.1431103469,2291054.3147261576,57.6,0.00098686,0.990504696720175,1.0,0.0,4.059728406e-06,0.990504696720175,13339.796152512288,6642.789658867621,0.0,79471.10732185724,99453.69313323716
2026-09-13 03:00:00+00:00,5.292561794782061,0.0,6666.553261326194,-5.292561794782061,2515.99,10.0,0.0,0.0,1.2478292020290782,348531.53534512187,265752.09441454744,0,2519.76,2519.76,2519.76,2519.76,0.0,2519.76,0.0,6382800.0,0.04823916354139968,1.0,1.2478292020290782,878918.1431103469,2291054.3147261576,57.6,0.00098686,0.9905100237132284,1.0,0.0,4.060265867999999e-06,0.9905100237132284,13335.985508020047,6646.600303359864,0.0,79471.88492495712,99454.47073633704
2026-09-13 04:00:00+00:00,5.292561794782061,0.0,6666.553261326194,-5.292561794782061,2515.99,10.0,0.0,0.0,1.2478362147327733,348531.53534512187,265753.1735837582,0,2519.23,2519.23,2519.23,2519.23,0.0,2519.23,0.0,6379200.0,0.04823916359822289,1.0,1.2478362147327733,878918.1431103469,2291054.3147261576,57.6,0.00098686,0.9905153507349306,1.0,0.0,4.0608034416e-06,0.9905153507349306,13333.18045026881,6649.4053611110985,0.0,79472.66239079909,99455.24820217899
2026-09-13 05:00:00+00:00,5.292561794782061,0.0,6666.553261326194,-5.292561794782061,2515.99,10.0,0.0,0.0,1.2478432484263888,348531.53534512187,265754.25290024147,0,2521.59,2521.59,2521.59,2521.59,0.0,2521.59,0.0,6375600.0,0.04823916365511183,1.0,1.2478432484263888,878918.1431103469,2291054.3147261576,57.6,0.00098686,0.9905206777852816,1.0,0.0,4.0613411196e-06,0.9905206777852816,13345.670896104497,6636.914915275413,0.0,79473.43971935351,99456.02553073343
2026-09-13 06:00:00+00:00,5.292561794782061,0.0,6666.553261326194,-5.292561794782061,2515.99,10.0,0.0,0.0,1.2478502824714426,348531.53534512187,265755.33236402774,0,2511.73,2511.73,2511.73,2511.73,0.0,2511.73,0.0,6372000.0,0.048239163712063604,1.0,1.2478502824714426,878918.1431103469,2291054.3147261576,57.6,0.00098686,0.9905260048642821,1.0,0.0,4.0618789056e-06,0.9905260048642821,13293.486236807945,6689.099574571965,0.0,79474.21691059018,99456.8027219701
2026-09-13 07:00:00+00:00,5.292561794782061,0.0,6666.553261326194,-5.292561794782061,2515.99,10.0,0.0,0.0,1.2478573164776874,348531.53534512187,265756.4119751465,0,2516.62,2516.62,2516.62,2516.62,0.0,2516.62,0.0,6368400.0,0.04823916376908044,1.0,1.2478573164776874,878918.1431103469,2291054.3147261576,57.6,0.00098686,0.9905313319719319,1.0,0.0,4.062416796000001e-06,0.9905313319719319,13319.366863984429,6663.21894739548,0.0,79474.99396447954,99457.57977585946
2026-09-13 08:00:00+00:00,5.292561794782061,0.0,6667.319798359667,-5.292561794782061,2515.99,10.0,0.0,0.0,1.2478643504640115,348531.53534512187,265757.49173362914,0,2493.25,2493.25,2493.25,2493.25,0.0,2493.25,5.809e-05,6364800.0,0.04823916382616189,1.0,1.2478643504640115,878918.1431103469,2291054.3147261576,57.6,0.00098686,0.9905366591082311,1.0,0.0,4.062954798e-06,0.9905366591082311,13195.679694840373,6787.67265357301,0.0,79475.77088099025,99459.12322940363
2026-09-13 09:00:00+00:00,5.292561794782061,0.0,6667.319798359667,-5.292561794782061,2515.99,10.0,0.0,0.0,1.2478713857119732,348531.53534512187,265758.5716395042,0,2483.69,2483.69,2483.69,2483.69,0.0,2483.69,0.0,6361200.0,0.04823916388330818,1.0,1.2478713857119732,878918.1431103469,2291054.3147261576,57.6,0.00098686,0.9905419862731799,1.0,0.0,4.0634929008e-06,0.9905419862731799,13145.082804082256,6838.269544331127,0.0,79476.54766009381,99459.90000850719
2026-09-13 10:00:00+00:00,5.292561794782061,0.0,6667.319798359667,-5.292561794782061,2515.99,10.0,0.0,0.0,1.2478783995974063,348531.53534512187,265759.6648236109,0,2471.09,2471.09,2471.09,2471.09,0.0,2471.09,0.0,6357600.0,0.04823916394051886,1.0,1.2478783995974063,878918.1431103469,2291054.3147261576,57.6,0.00098686,0.9905473134667786,1.0,0.0,4.1134396968e-06,0.9905473134667786,13078.396525468002,6904.95582294538,0.0,79477.31117095111,99460.66351936449
2026-09-13 11:00:00+00:00,5.292561794782061,0.0,6667.319798359667,-5.292561794782061,2515.99,10.0,0.0,0.0,1.2478854376412978,348531.53534512187,265760.7581694305,0,2480.13,2480.13,2480.13,2480.13,0.0,2480.13,0.0,6354000.0,0.0482391639977946,1.0,1.2478854376412978,878918.1431103469,2291054.3147261576,57.6,0.00098686,0.9905526406890272,1.0,0.0,4.1140312668e-06,0.9905526406890272,13126.241284092832,6857.11106432055,0.0,79478.07453008101,99461.42687849439
2026-09-13 12:00:00+00:00,5.292561794782061,0.0,6667.319798359667,-5.292561794782061,2515.99,10.0,0.0,0.0,1.2478924772460886,348531.53534512187,265761.8516769993,0,2476.21,2476.21,2476.21,2476.21,0.0,2476.21,0.0,6350400.0,0.048238966557956564,1.0,1.2478924772460886,878910.7621710062,2291060.1738264197,57.6,0.00098686,0.9905580055214971,1.0,0.0,4.1146229663999995e-06,0.9905580055214971,13105.494441857287,6877.857906556096,0.0,79478.85083580978,99462.20318422315
2026-09-13 13:00:00+00:00,5.292561794782061,0.0,6667.319798359667,-5.292561794782061,2515.99,10.0,0.0,0.0,1.2478995191201394,348531.53534512187,265762.9453463528,0,2477.84,2477.84,2477.84,2477.84,0.0,2477.84,0.0,6346800.0,0.0482389666153622,1.0,1.2478995191201394,878910.7621710062,2291060.1738264197,57.6,0.00098686,0.9905633327799434,1.0,0.0,4.1152147919999995e-06,0.9905633327799434,13114.121317582782,6869.231030830601,0.0,79479.6138840217,99462.96623243508
2026-09-13 14:00:00+00:00,5.292561794782061,0.0,6667.319798359667,-5.292561794782061,2515.99,10.0,0.0,0.0,1.2479065620675092,348531.53534512187,265764.0391775265,0,2491.3,2491.3,2491.3,2491.3,0.0,2491.3,0.0,6343200.0,0.04823896667283267,1.0,1.2479065620675092,878910.7621710062,2291060.1738264197,57.6,0.00098686,0.9905686600670399,1.0,0.0,4.1158067436e-06,0.9905686600670399,13185.359199340548,6797.993149072834,0.0,79480.37678039906,99463.72912881244
2026-09-13 15:00:00+00:00,5.292561794782061,0.0,6667.319798359667,-5.292561794782061,2515.99,10.0,0.0,0.0,1.2479136093565477,348531.53534512187,265765.1331705567,0,2489.55,2489.55,2489.55,2489.55,0.0,2489.55,0.0,6339600.0,0.048219800138745716,1.0,1.2479136093565477,878910.7621710062,2293497.237497779,57.6,0.00098686,0.990577628473737,1.0,0.0,4.116398824800001e-06,0.990577628473737,13176.09721619968,6807.255132213703,0.0,79482.40855992457,99465.76090833795
2026-09-13 16:00:00+00:00,5.292561794782061,0.0,6666.712303699924,-5.292561794782061,2515.99,10.0,0.0,0.0,1.2479206553710653,348531.53534512187,265766.22732547985,0,2503.44,2503.44,2503.44,2503.44,0.0,2503.44,-4.585e-05,6336000.0,0.0482198001963241,1.0,1.2479206553710653,878910.7621710062,2293497.237497779,57.6,0.00098686,0.9905829537700787,1.0,0.0,4.1169910356e-06,0.9905829537700787,13249.610899529202,6733.133954224437,0.0,79483.17043871153,99465.91529246517
2026-09-13 17:00:00+00:00,5.292561794782061,0.0,6666.712303699924,-5.292561794782061,2515.99,10.0,0.0,0.0,1.2479277049922106,348531.53534512187,265767.32164233044,0,2503.99,2503.99,2503.99,2503.99,0.0,2503.99,0.0,6332400.0,0.048219800253967104,1.0,1.2479277049922106,878910.7621710062,2293497.237497779,57.6,0.00098686,0.990588279095049,1.0,0.0,4.1175833688e-06,0.990588279095049,13252.52180851633,6730.223045237309,0.0,79483.93216554908,99466.67701930272
2026-09-13 18:00:00+00:00,5.292561794782061,0.0,6666.712303699924,-5.292561794782061,2515.99,10.0,0.0,0.0,1.2479347317549836,348531.53534512187,265768.41612114676,0,2508.35,2508.35,2508.35,2508.35,0.0,2508.35,0.0,6328800.0,0.04821980031167672,1.0,1.2479347317549836,878910.7621710062,2293497.237497779,57.6,0.00098686,0.9905936044486477,1.0,0.0,4.1181758388e-06,0.9905936044486477,13275.597377941582,6707.147475812058,0.0,79484.6937403988,99467.43859415244
2026-09-13 19:00:00+00:00,5.292561794782061,0.0,6666.712303699924,-5.292561794782061,2515.99,10.0,0.0,0.0,1.24794178299678,348531.53534512187,265769.51076196245,0,2505.09,2505.09,2505.09,2505.09,0.0,2505.09,0.0,6325200.0,0.048219800369451615,1.0,1.24794178299678,878910.7621710062,2293497.237497779,57.6,0.00098686,0.9905989298308754,1.0,0.0,4.118768427599999e-06,0.9905989298308754,13258.343626490594,6724.401227263046,0.0,79485.45516322722,99468.20001698086
2026-09-13 20:00:00+00:00,5.292561794782061,0.0,6666.712303699924,-5.292561794782061,2515.99,10.0,0.0,0.0,1.2479487160042926,348531.53534512187,265770.60556481377,0,2511.98,2511.98,2511.98,2511.98,0.0,2511.98,0.0,6321600.0,0.04912035243409707,1.0,1.2479487160042926,913011.4589934835,2266434.2693378166,57.6,0.00098686,0.9904337439423169,1.0,0.0,4.119361146e-06,0.9904337439423169,13294.80937725664,6687.9354764969985,0.0,79426.7878690192,99409.53272277284
2026-09-13 21:00:00+00:00,5.292561794782061,0.0,6666.712303699924,-5.292561794782061,2515.99,10.0,0.0,0.0,1.2479557672715371,348531.53534512187,265771.6838558975,0,2507.94,2507.94,2507.94,2507.94,0.0,2507.94,0.0,6318000.0,0.04912035249311031,1.0,1.2479557672715371,913011.4589934835,2266434.2693378166,57.6,0.00098686,0.9904391655592184,1.0,0.0,4.0572165384e-06,0.9904391655592184,13273.427427605722,6709.317426147918,0.0,79427.59918239823,99410.34403615187
2026-09-13 22:00:00+00:00,5.292561794782061,0.0,6666.712303699924,-5.292561794782061,2515.99,10.0,0.0,0.0,1.2479628262960585,348531.53534512187,265772.76228624705,0,2474.41,2474.41,2474.41,2474.41,0.0,2474.41,0.0,6314400.0,0.04906170853545988,1.0,1.2479628262960585,910764.4589934835,2268217.6863134294,57.6,0.00098686,0.9904556730464409,1.0,0.0,4.0577240808e-06,0.9904556730464409,13095.967830626678,6886.7770231269615,0.0,79432.27413191501,99415.01898566865
2026-09-13 23:00:00+00:00,5.292561794782061,0.0,6666.712303699924,-5.292561794782061,2515.99,10.0,0.0,0.0,1.2479698789817855,348531.53534512187,265773.8408558899,0,2475.48,2475.48,2475.48,2475.48,0.0,2475.48,0.0,6310800.0,0.04906170859453618,1.0,1.2479698789817855,910764.4589934835,2268217.6863134294,57.6,0.00098686,0.9904610884630053,1.0,0.0,4.0582317204e-06,0.9904610884630053,13101.630871747097,6881.113982006544,0.0,79433.08300572191,99415.82785947555
2026-09-14 00:00:00+00:00,5.292561794782061,0.0,6667.404672349059,-5.292561794782061,2515.99,10.0,0.0,0.0,1.2479769331513153,348531.53534512187,265774.9195648536,0,2483.28,2483.28,2483.28,2483.28,0.0,2483.28,5.268e-05,6307200.0,0.04906170865367887,1.0,1.2479769331513153,910764.4589934835,2268217.6863134294,57.6,0.00098686,0.9904665039091793,1.0,0.0,4.058739457200001e-06,0.9904665039091793,13142.912853746397,6840.524368656378,0.0,79433.89175052784,99417.32897293061
2026-09-14 01:00:00+00:00,5.292561794782061,0.0,6667.404672349059,-5.292561794782061,2515.99,10.0,0.0,0.0,1.2479839873253558,348531.53534512187,265775.99841316364,0,2492.22,2492.22,2492.22,2492.22,0.0,2492.22,0.0,6303600.0,0.049061708712890395,1.0,1.2479839873253558,910764.4589934835,2268217.6863134294,57.6,0.00098686,0.9904719193849626,1.0,0.0,4.059247284e-06,0.9904719193849626,13190.228356191747,6793.208866211029,0.0,79434.70036630717,99418.13758870994
2026-09-14 02:00:00+00:00,5.292561794782061,0.0,6667.404672349059,-5.292561794782061,2515.99,10.0,0.0,0.0,1.2479909945300613,348531.53534512187,265777.07740084856,0,2510.0,2510.0,2510.0,2510.0,0.0,2510.0,0.0,6300000.0,0.04906170877216831,1.0,1.2479909945300613,910764.4589934835,2268217.6863134294,57.6,0.00098686,0.9904773348903557,1.0,0.0,4.0597552116e-06,0.9904773348903557,13284.330104902972,6699.107117499802,0.0,79435.50885303156,99418.94607543433
2026-09-14 03:00:00+00:00,5.292561794782061,0.0,6667.404672349059,-5.292561794782061,2515.99,10.0,0.0,0.0,1.2479980489134903,348531.53534512187,265778.1565279348,0,2511.98,2511.98,2511.98,2511.98,0.0,2511.98,0.0,6296400.0,0.049061708831514395,1.0,1.2479980489134903,910764.4589934835,2268217.6863134294,57.6,0.00098686,0.9904827504253586,1.0,0.0,4.0602632328e-06,0.9904827504253586,13294.80937725664,6688.627845146134,0.0,79436.31721067458,99419.75443307735
2026-09-14 04:00:00+00:00,5.292561794782061,0.0,6667.404672349059,-5.292561794782061,2515.99,10.0,0.0,0.0,1.2480051044074274,348531.53534512187,265779.23579444806,0,2513.72,2513.72,2513.72,2513.72,0.0,2513.72,0.0,6292800.0,0.04906170889092887,1.0,1.2480051044074274,910764.4589934835,2268217.6863134294,57.6,0.00098686,0.9904881659899714,1.0,0.0,4.060771344e-06,0.9904881659899714,13304.01843477956,6679.4187876232145,0.0,79437.12543921056,99420.56266161334
2026-09-14 05:00:00+00:00,5.292561794782061,0.0,6667.404672349059,-5.292561794782061,2515.99,10.0,0.0,0.0,1.2480121805689888,348531.53534512187,265780.31520041666,0,2515.48,2515.48,2515.48,2515.48,0.0,2515.48,0.0,6289200.0,0.04906170895041129,1.0,1.2480121805689888,959498.6576871463,2389588.0036482103,57.6,0.00098686,0.9904935815841943,1.0,0.0,4.0612795559999995e-06,0.9904935815841943,13313.333343538377,6670.103878864396,0.0,79437.93353861134,99421.37076101411
2026-09-14 06:00:00+00:00,5.292561794782061,0.0,6667.404672349059,-5.292561794782061,2515.99,10.0,0.0,0.0,1.248019259067222,348531.53534512187,265781.39474586723,0,2513.41,2513.41,2513.41,2513.41,0.0,2513.41,0.0,6285600.0,0.04906170900996143,1.0,1.248019259067222,959498.6576871463,2389588.0036482103,57.6,0.00098686,0.9904989972080277,1.0,0.0,4.061787861600001e-06,0.9904989972080277,13302.377740623178,6681.059481779596,0.0,79438.74150885025,99422.17873125302
2026-09-14 07:00:00+00:00,5.292561794782061,0.0,6667.404672349059,-5.292561794782061,2515.99,10.0,0.0,0.0,1.2480263375937721,348531.53534512187,265782.47443082725,0,2521.97,2521.97,2521.97,2521.97,0.0,2521.97,0.0,6282000.0,0.049061709069580406,1.0,1.2480263375937721,959498.6576871463,2389588.0036482103,57.6,0.00098686,0.9905044128614714,1.0,0.0,4.0622962644e-06,0.9905044128614714,13347.682069586512,6635.755152816262,0.0,79439.54934989987,99422.98657230265
2026-09-14 08:00:00+00:00,5.292561794782061,0.0,6668.430691501207,-5.292561794782061,2515.99,10.0,0.0,0.0,1.2480334178409505,348531.53534512187,265783.55425532325,0,2517.67,2517.67,2517.67,2517.67,0.0,2517.67,7.7e-05,6278400.0,0.049061709129267994,1.0,1.2480334178409505,959498.6576871463,2389588.0036482103,57.6,0.00098686,0.9905098285445256,1.0,0.0,4.0628047607999995e-06,0.9905098285445256,13324.924053868952,6659.539187685971,0.0,79440.35706173367,99424.8203032886
2026-09-14 09:00:00+00:00,5.292561794782061,0.0,6668.430691501207,-5.292561794782061,2515.99,10.0,0.0,0.0,1.2480405059905892,348531.53534512187,265784.6342193818,0,2522.82,2522.82,2522.82,2522.82,0.0,2522.82,0.0,6274800.0,0.04900158223982687,1.0,1.2480405059905892,957075.7262016442,2391511.0728602735,57.6,0.00098686,0.9905265405905559,1.0,0.0,4.063313350799999e-06,0.9905265405905559,13352.18074711208,6632.282494442843,0.0,79445.10177273682,99429.56501429173
2026-09-14 10:00:00+00:00,5.292561794782061,0.0,6668.430691501207,-5.292561794782061,2515.99,10.0,0.0,0.0,1.248047495371516,348531.53534512187,265785.7143230304,0,2512.25,2512.25,2512.25,2512.25,0.0,2512.25,0.0,6271200.0,0.049514121247270726,1.0,1.248047495371516,977860.3764256752,2375017.240083484,57.6,0.00098686,0.9904357363958113,1.0,0.0,4.063822038e-06,0.9904357363958113,13296.238368941233,6688.22487261369,0.0,79412.37354367814,99396.83678523307
2026-09-14 11:00:00+00:00,5.292561794782061,0.0,6668.430691501207,-5.292561794782061,2515.99,10.0,0.0,0.0,1.2480546896557634,348531.53534512187,265786.7945662955,0,2508.4,2508.4,2508.4,2508.4,0.0,2508.4,0.0,6267600.0,0.04864977433905371,1.0,1.2480546896557634,942982.3549922421,2402701.598741109,57.6,0.00098686,0.9906033955201787,1.0,0.0,4.0643308188e-06,0.9906033955201787,13275.862006031322,6708.601235523601,0.0,79469.72779244342,99454.19103399834
2026-09-14 12:00:00+00:00,5.292561794782061,0.0,6668.430691501207,-5.292561794782061,2515.99,10.0,0.0,0.0,1.2480617252699937,348531.53534512187,265787.87494920567,0,2504.49,2504.49,2504.49,2504.49,0.0,2504.49,0.0,6264000.0,0.04903704309142576,1.0,1.2480617252699937,958506.0670314905,2390381.517701287,57.6,0.00098686,0.9905361177485524,1.0,0.0,4.0648397003999995e-06,0.9905361177485524,13255.168089413723,6729.295152141201,0.0,79445.19898449373,99429.66222604866
2026-09-14 13:00:00+00:00,5.292561794782061,0.0,6668.430691501207,-5.292561794782061,2515.99,10.0,0.0,0.0,1.2480688692626236,348531.53534512187,265788.9554717855,0,2499.52,2499.52,2499.52,2499.52,0.0,2499.52,0.0,6260400.0,0.04863300256206138,1.0,1.2480688692626236,942314.5980397391,2403233.494124391,57.6,0.00098686,0.9906172844267556,1.0,0.0,4.0653486684e-06,0.9906172844267556,13228.864057293657,6755.599184261266,0.0,79472.40760888689,99456.8708504418
2026-09-14 14:00:00+00:00,5.292561794782061,0.0,6668.430691501207,-5.292561794782061,2515.99,10.0,0.0,0.0,1.2480759251261384,348531.53534512187,265790.03613406443,0,2500.38,2500.38,2500.38,2500.38,0.0,2500.38,0.0,6256800.0,0.04889609819053731,1.0,1.2480759251261384,952837.2238979115,2394882.205391916,57.6,0.00098686,0.9905733509024682,1.0,0.0,4.0658577408e-06,0.9905733509024682,13233.41566043717,6751.047581117753,0.0,79456.01472793496,99440.47796948988
2026-09-14 15:00:00+00:00,5.292561794782061,0.0,6668.430691501207,-5.292561794782061,2515.99,10.0,0.0,0.0,1.2480830158345226,348531.53534512187,265791.11693606706,0,2507.28,2507.28,2507.28,2507.28,0.0,2507.28,0.0,6253200.0,0.048896098250498454,1.0,1.2480830158345226,952837.2238979115,2394882.205391916,57.6,0.00098686,0.9905787491096125,1.0,0.0,4.0663668996e-06,0.9905787491096125,13269.934336821167,6714.5289047337565,0.0,79456.81537135644,99441.27861291137
2026-09-14 16:00:00+00:00,5.292561794782061,0.0,6668.9189400047535,-5.292561794782061,2515.99,10.0,0.0,0.0,1.2480901082190337,348531.53534512187,265792.17016592226,0,2528.14,2528.14,2528.14,2528.14,0.0,2528.14,3.649e-05,6249600.0,0.04889609831052977,1.0,1.2480901082190337,952837.2238979115,2394882.205391916,57.6,0.00098686,0.9905841473461746,1.0,0.0,3.9626146296000004e-06,0.9905841473461746,13380.337175860319,6604.614314198151,0.0,79457.6435971784,99442.59508723687
2026-09-14 17:00:00+00:00,5.292561794782061,0.0,6668.9189400047535,-5.292561794782061,2515.99,10.0,0.0,0.0,1.2480971447676263,348531.53534512187,265793.22350008594,0,2532.44,2532.44,2532.44,2532.44,0.0,2532.44,0.0,6246000.0,0.048896098370629915,1.0,1.2480971447676263,952837.2238979115,2394882.205391916,57.6,0.00098686,0.990589545612155,1.0,0.0,3.9629913695999995e-06,0.990589545612155,13403.095191577882,6581.856298480587,0.0,79458.47172894503,99443.42321900351
2026-09-14 18:00:00+00:00,5.292561794782061,0.0,6668.9189400047535,-5.292561794782061,2515.99,10.0,0.0,0.0,1.248104158154206,348531.53534512187,265794.27693857363,0,2537.48,2537.48,2537.48,2537.48,0.0,2537.48,0.0,6242400.0,0.04885976822641802,1.0,1.248104158154206,952837.2231855133,2399710.18149234,57.6,0.00098686,0.9906017357167266,1.0,0.0,3.9633681636e-06,0.9906017357167266,13429.769703023583,6555.181787034886,0.0,79461.66692631971,99446.61841637819
2026-09-14 19:00:00+00:00,5.292561794782061,0.0,6668.9189400047535,-5.292561794782061,2515.99,10.0,0.0,0.0,1.2481111916698295,348531.53534512187,265795.3304814,0,2538.48,2538.48,2538.48,2538.48,0.0,2538.48,0.0,6238800.0,0.04885976828661098,1.0,1.2481111916698295,952837.2231855133,2399710.18149234,57.6,0.00098686,0.9906071301616846,1.0,0.0,3.963745008e-06,0.9906071301616846,13435.062264818365,6549.889225240104,0.0,79462.49351767689,99447.44500773537
2026-09-14 20:00:00+00:00,5.292561794782061,0.0,6668.9189400047535,-5.292561794782061,2515.99,10.0,0.0,0.0,1.248118224934143,348531.53534512187,265796.38412858156,0,2569.67,2569.67,2569.67,2569.67,0.0,2569.67,0.0,6235200.0,0.04885966965214972,1.0,1.248118224934143,952833.2593886515,2399713.327615236,57.6,0.00098686,0.9906125430659675,1.0,0.0,3.96412191e-06,0.9906125430659675,13600.137267197619,6384.814222860851,0.0,79463.32643833576,99448.27792839424
2026-09-14 21:00:00+00:00,5.292561794782061,0.0,6668.9189400047535,-5.292561794782061,2515.99,10.0,0.0,0.0,1.2481252581961988,348531.53534512187,265797.4378801329,0,2545.54,2545.54,2545.54,2545.54,0.0,2545.54,0.0,6231600.0,0.04885966971248146,1.0,1.2481252581961988,952833.2593886515,2399713.327615236,57.6,0.00098686,0.9906179375591373,1.0,0.0,3.9644988624000005e-06,0.9906179375591373,13472.427751089526,6512.523738968943,0.0,79464.15283777134,99449.10432782982
2026-09-14 22:00:00+00:00,5.292561794782061,0.0,6668.9189400047535,-5.292561794782061,2515.99,10.0,0.0,0.0,1.2481322914803794,348531.53534512187,265798.4917360695,0,2532.2,2532.2,2532.2,2532.2,0.0,2532.2,0.0,6228000.0,0.04885966977288381,1.0,1.2481322914803794,952833.2593886515,2399713.327615236,57.6,0.00098686,0.9906233320816833,1.0,0.0,3.9648758688e-06,0.9906233320816833,13401.824976747133,6583.126513311336,0.0,79464.9791430601,99449.93063311858
2026-09-14 23:00:00+00:00,5.292561794782061,0.0,6668.9189400047535,-5.292561794782061,2515.99,10.0,0.0,0.0,1.2481393259741789,348531.53534512187,265799.54569640703,0,2513.93,2513.93,2513.93,2513.93,0.0,2513.93,0.0,6224400.0,0.04885966983335521,1.0,1.2481393259741789,952833.2593886515,2399713.327615236,57.6,0.00098686,0.990628726633606,1.0,0.0,3.9652529292e-06,0.990628726633606,13305.129872756464,6679.821617302005,0.0,79465.80535418668,99450.75684424516
2026-09-15 00:00:00+00:00,5.292561794782061,0.0,6669.089963290871,-5.292561794782061,2515.99,10.0,0.0,0.0,1.248146362697395,348531.53534512187,265800.599761161,0,2514.7,2514.7,2514.7,2514.7,0.0,2514.7,1.285e-05,6220800.0,0.048859669893896784,1.0,1.248146362697395,952833.2593886515,2399713.327615236,57.6,0.00098686,0.9906341212149052,1.0,0.0,3.9656300436e-06,0.9906341212149052,13309.205145338447,6675.91736800614,0.0,79466.63147113548,99451.75398448006
2026-09-15 01:00:00+00:00,5.292561794782061,0.0,6669.089963290871,-5.292561794782061,2515.99,10.0,0.0,0.0,1.2481534039082527,348531.53534512187,265801.6539303461,0,2514.11,2514.11,2514.11,2514.11,0.0,2514.11,0.0,6217200.0,0.04885841413497061,1.0,1.2481534039082527,952782.8252901761,2399753.357853948,57.6,0.00098686,0.9906397496630167,1.0,0.0,3.9660072084e-06,0.9906397496630167,13306.082533879528,6679.039979465059,0.0,79467.53899361234,99452.66150695692
2026-09-15 02:00:00+00:00,5.292561794782061,0.0,6669.089963290871,-5.292561794782061,2515.99,10.0,0.0,0.0,1.2481603877680811,348531.53534512187,265802.7104847695,0,2511.01,2511.01,2511.01,2511.01,0.0,2511.01,0.0,6213600.0,0.04885118256988252,1.0,1.2481603877680811,952492.4358504772,2399983.8442125777,57.6,0.00098686,0.9906464899538988,1.0,0.0,3.9749651964e-06,0.9906464899538988,13289.675592315703,6695.4469210288835,0.0,79468.8316431187,99453.95415646328
2026-09-15 03:00:00+00:00,5.292561794782061,0.0,6669.089963290871,-5.292561794782061,2515.99,10.0,0.0,0.0,1.2481673875015566,348531.53534512187,265803.7671454731,0,2497.64,2497.64,2497.64,2497.64,0.0,2497.64,0.0,6210000.0,0.04885118263062438,1.0,1.2481673875015566,952492.4358504772,2399983.8442125777,57.6,0.00098686,0.9906518837168115,1.0,0.0,3.9753492407999995e-06,0.9906518837168115,13218.914041119466,6766.208472225122,0.0,79469.65487888432,99454.7773922289
2026-09-15 04:00:00+00:00,5.292561794782061,0.0,6669.089963290871,-5.292561794782061,2515.99,10.0,0.0,0.0,1.2481743872350322,348531.53534512187,265804.82391210226,0,2489.43,2489.43,2489.43,2489.43,0.0,2489.43,0.0,6206400.0,0.048851182691436845,1.0,1.2481743872350322,952492.4358504772,2399983.8442125777,57.6,0.00098686,0.9906572775090915,1.0,0.0,3.9757319459999995e-06,0.9906572775090915,13175.462108784304,6809.660404560283,0.0,79470.47801895987,99455.60053230445
2026-09-15 05:00:00+00:00,5.292561794782061,0.0,6669.089963290871,-5.292561794782061,2515.99,10.0,0.0,0.0,1.2481813712101282,348531.53534512187,265805.88078467053,0,2495.0,2495.0,2495.0,2495.0,0.0,2495.0,0.0,6202800.0,0.04885118275231948,1.0,1.2481813712101282,952492.4358504772,2399983.8442125777,57.6,0.00098686,0.9906626713307392,1.0,0.0,3.976114698e-06,0.9906626713307392,13204.941677981242,6780.180835363346,0.0,79471.30106333183,99456.42357667642
2026-09-15 06:00:00+00:00,5.292561794782061,0.0,6669.089963290871,-5.292561794782061,2515.99,10.0,0.0,0.0,1.248188362578584,348531.53534512187,265806.9377631954,0,2484.63,2484.63,2484.63,2484.63,0.0,2484.63,0.0,6199200.0,0.048851182813273386,1.0,1.248188362578584,952492.4358504772,2399983.8442125777,57.6,0.00098686,0.9906680651817544,1.0,0.0,3.9764975112000005e-06,0.9906680651817544,13150.057812169352,6835.064701175235,0.0,79472.1240119827,99457.24652532728
2026-09-15 07:00:00+00:00,5.292561794782061,0.0,6669.089963290871,-5.292561794782061,2515.99,10.0,0.0,0.0,1.2481953545845426,348531.53534512187,265807.99484769354,0,2472.77,2472.77,2472.77,2472.77,0.0,2472.77,0.0,6195600.0,0.04885118287429835,1.0,1.2481953545845426,952492.4358504772,2399983.8442125777,57.6,0.00098686,0.9906734590621374,1.0,0.0,3.976880382e-06,0.9906734590621374,13087.288029283236,6897.834484061351,0.0,79472.94686489599,99458.06937824057
2026-09-15 08:00:00+00:00,5.292561794782061,0.0,6668.016945050497,-5.292561794782061,2515.99,10.0,0.0,0.0,1.248202325231393,348531.53534512187,265809.05203817756,0,2475.77,2475.77,2475.77,2475.77,0.0,2475.77,-8.189e-05,6192000.0,0.04901384108748341,1.0,1.248202325231393,959038.2593589805,2394788.875562402,57.6,0.00098686,0.9906486896679653,1.0,0.0,3.977263296e-06,0.9906486896679653,13103.165714667583,6880.88378043663,0.0,79463.25675943156,99447.30625453577
2026-09-15 09:00:00+00:00,5.292561794782061,0.0,6668.016945050497,-5.292561794782061,2515.99,10.0,0.0,0.0,1.2482093182047815,348531.53534512187,265810.1093346669,0,2472.87,2472.87,2472.87,2472.87,0.0,2472.87,0.0,6188400.0,0.04901384114885876,1.0,1.2482093182047815,959038.2593589805,2394788.875562402,57.6,0.00098686,0.9906541009794511,1.0,0.0,3.9776462784000005e-06,0.9906541009794511,13087.817285462714,6896.232209641499,0.0,79464.08547564253,99448.13497074673
2026-09-15 10:00:00+00:00,5.292561794782061,0.0,6668.016945050497,-5.292561794782061,2515.99,10.0,0.0,0.0,1.248216302133199,348531.53534512187,265811.1667371753,0,2482.24,2482.24,2482.24,2482.24,0.0,2482.24,0.0,6184800.0,0.048936915564414596,1.0,1.248216302133199,955938.9465193319,2397248.794768946,57.6,0.00098686,0.9906737602726295,1.0,0.0,3.9780293076e-06,0.9906737602726295,13137.40858947982,6846.640905624392,0.0,79469.87995676947,99453.92945187367
2026-09-15 11:00:00+00:00,5.292561794782061,0.0,6668.016945050497,-5.292561794782061,2515.99,10.0,0.0,0.0,1.2482233029514482,348531.53534512187,265812.2242457211,0,2475.15,2475.15,2475.15,2475.15,0.0,2475.15,0.0,6181200.0,0.04893691562583391,1.0,1.2482233029514482,955938.9465193319,2397248.794768946,57.6,0.00098686,0.990679163427637,1.0,0.0,3.9784124016e-06,0.990679163427637,13099.884326354819,6884.165168749395,0.0,79470.70561813412,99454.75511323832
2026-09-15 12:00:00+00:00,5.292561794782061,0.0,6668.016945050497,-5.292561794782061,2515.99,10.0,0.0,0.0,1.2482303038359177,348531.53534512187,265813.2818603181,0,2477.88,2477.88,2477.88,2477.88,0.0,2477.88,0.0,6177600.0,0.04893692752651191,1.0,1.2482303038359177,955939.4230072818,2397248.4166080705,57.6,0.00098686,0.990684564421725,1.0,0.0,3.9787955424e-06,0.990684564421725,13114.333020054573,6869.7164750496395,0.0,79471.53042029904,99455.57991540324
2026-09-15 13:00:00+00:00,5.292561794782061,0.0,6668.016945050497,-5.292561794782061,2515.99,10.0,0.0,0.0,1.248237305460077,348531.53534512187,265814.3395809827,0,2452.58,2452.58,2452.58,2452.58,0.0,2452.58,0.0,6174000.0,0.04893692758807422,1.0,1.248237305460077,955939.4230072818,2397248.4166080705,57.6,0.00098686,0.990689967636935,1.0,0.0,3.9791787408e-06,0.990689967636935,12980.431206646586,7003.618288457627,0.0,79472.35589052737,99456.40538563157
2026-09-15 14:00:00+00:00,5.292561794782061,0.0,6668.016945050497,-5.292561794782061,2515.99,10.0,0.0,0.0,1.2482443114791852,348531.53534512187,265815.3974077306,0,2406.73,2406.73,2406.73,2406.73,0.0,2406.73,0.0,6170400.0,0.04893692764970914,1.0,1.2482443114791852,955939.4230072818,2397248.4166080705,57.6,0.00098686,0.990695370881614,1.0,0.0,3.9795619932e-06,0.990695370881614,12737.767248355829,7246.282246748384,0.0,79473.18126494327,99457.23076004747
