timestamp,PT_amount,PT_cash,PT_py_index_high,LENDING_collateral,LENDING_borrowed,LENDING_liquidation_count,PT_seconds_to_expiry,PT_implied_apy,PT_asset_price,PT_sy_exchange_rate,PT_total_pt,PT_total_sy,PT_scalar_root,PT_ln_fee_rate_root,LENDING_collateral_price,LENDING_debt_price,LENDING_lending_rate,LENDING_borrowing_rate,LENDING_collateral_market_price,PT_balance,LENDING_balance,net_balance
2026-08-02 00:00:00+00:00,0.0,0.0,1.1049163316988413,438737.17412768566,331980.5148393017,0,10022400.0,0.05254060318860576,1.0,1.1049163316988413,1156867.8503629519,3114869.502320892,0.0,0.0,0.9838577433411293,1.0,0.0,5.853437189999999e-06,0.9838577433411293,0.0,99674.45121782721,99674.45121782721
2026-08-02 01:00:00+00:00,0.0,0.0,1.1049206952183488,438737.17412768566,331982.4585786504,0,10018800.0,0.05254044100489308,1.0,1.1049206952183488,1156867.8503629519,3114894.1382452925,0.0,0.0,0.9838635426931098,1.0,0.0,5.8549630824e-06,0.9838635426931098,0.0,99675.05186977825,99675.05186977825
2026-08-02 02:00:00+00:00,0.0,0.0,1.1049250587359736,438737.17412768566,331984.40283614694,0,10015200.0,0.05254044103004962,1.0,1.1049250587359736,1156867.8503629519,3114894.1382452925,0.0,0.0,0.983869293891345,1.0,0.0,5.8564895615999995e-06,0.983869293891345,0.0,99675.63087674323,99675.63087674323
2026-08-02 03:00:00+00:00,0.0,0.0,1.1049294222708308,438737.17412768566,331986.3476119927,0,10011600.0,0.05254044105522393,1.0,1.1049294222708308,1156867.8503629519,3114894.1382452925,0.0,0.0,0.9838750451231992,1.0,0.0,5.8580166204e-06,0.9838750451231992,0.0,99676.20938010898,99676.20938010898
2026-08-02 04:00:00+00:00,0.0,0.0,1.1049337858229207,438737.17412768566,331988.2929063915,0,10008000.0,0.052540441080416,1.0,1.1049337858229207,1156867.8503629519,3114894.1382452925,0.0,0.0,0.9838807963886725,1.0,0.0,5.859544266e-06,0.9838807963886725,0.0,99676.78737967159,99676.78737967159
2026-08-02 05:00:00+00:00,0.0,0.0,1.1049381493922428,438737.17412768566,331990.2387195483,0,10004400.0,0.0525404411056265,1.0,1.1049381493922428,1156867.8503629519,3114894.1382452925,0.0,0.0,0.9838865476877648,1.0,0.0,5.861072502e-06,0.9838865476877648,0.0,99677.3648752261,99677.3648752261
2026-08-02 06:00:00+00:00,0.0,0.0,1.104942512978797,438737.17412768566,331992.1850516657,0,10000800.0,0.052540441130854765,1.0,1.104942512978797,1156867.8503629519,3114894.1382452925,0.0,0.0,0.9838922990204766,1.0,0.0,5.8626013212e-06,0.9838922990204766,0.0,99677.9418665701,99677.9418665701
2026-08-02 07:00:00+00:00,0.0,0.0,1.104946876582584,438737.17412768566,331994.1319029464,0,9997200.0,0.0525404411561019,1.0,1.104946876582584,1156867.8503629519,3114894.1382452925,0.0,0.0,0.9838980503868077,1.0,0.0,5.864130723600001e-06,0.9838980503868077,0.0,99678.51835350087,99678.51835350087
2026-08-02 08:00:00+00:00,0.0,0.0,1.1049512278937244,438737.17412768566,331996.07927359524,0,9993600.0,0.05264490703897451,1.0,1.1049512278937244,1161301.5514845203,3110946.7065217644,0.0,0.0,0.9838728578762702,1.0,0.0,5.8656607164e-06,0.9838728578762702,0.0,99665.51809196966,99665.51809196966
2026-08-02 09:00:00+00:00,0.0,0.0,1.1049555933019635,438737.17412768566,331998.0271638138,0,9990000.0,0.0526298853560947,1.0,1.1049555933019635,1160663.359035395,3111515.0075710034,0.0,0.0,0.9838830680415991,1.0,0.0,5.8671912888e-06,0.9838830680415991,0.0,99668.04978083482,99668.04978083482
2026-08-02 10:00:00+00:00,0.0,0.0,1.104959956957407,438737.17412768566,331999.97557380586,0,9986400.0,0.052629885381440644,1.0,1.104959956957407,1160663.359035395,3111515.0075710034,0.0,0.0,0.9838888288980937,1.0,0.0,5.8687224479999995e-06,0.9838888288980937,0.0,99668.62887274183,99668.62887274183
2026-08-02 11:00:00+00:00,0.0,0.0,1.104964320630083,438737.17412768566,332001.92450377526,0,9982800.0,0.05262988540680458,1.0,1.104964320630083,1160663.359035395,3111515.0075710034,0.0,0.0,0.9838945897883197,1.0,0.0,5.870254193999999e-06,0.9838945897883197,0.0,99669.2074594706,99669.2074594706
2026-08-02 12:00:00+00:00,0.0,0.0,1.1049686843199922,438737.17412768566,332003.87395392585,0,9979200.0,0.052629885432186496,1.0,1.1049686843199922,1160663.359035395,3111515.0075710034,0.0,0.0,0.983900350712277,1.0,0.0,5.8717865268000005e-06,0.983900350712277,0.0,99669.78554081742,99669.78554081742
2026-08-02 13:00:00+00:00,0.0,0.0,1.104973048186843,438737.17412768566,332005.82392445905,0,9975600.0,0.05262853009674551,1.0,1.104973048186843,1160605.7897855006,3111566.2726095063,0.0,0.0,0.9839065124127248,1.0,0.0,5.8733194392e-06,0.9839065124127248,0.0,99670.53893732646,99670.53893732646
2026-08-02 14:00:00+00:00,0.0,0.0,1.1049774119112186,438737.17412768566,332007.7744155799,0,9972000.0,0.0526285301221634,1.0,1.1049774119112186,1160605.7897855006,3111566.2726095063,0.0,0.0,0.9839122732618708,1.0,0.0,5.874852942e-06,0.9839122732618708,0.0,99671.11594488053,99671.11594488053
2026-08-02 15:00:00+00:00,0.0,0.0,1.1049819225039008,438737.17412768566,332009.7254274935,0,9968400.0,0.051383031093271914,1.0,1.1049819225039008,1108514.2150939242,3158035.00130173,0.0,0.0,0.9842863194270535,1.0,0.0,5.8763870352e-06,0.9842863194270535,0.0,99833.2728904725,99833.2728904725
2026-08-02 16:00:00+00:00,0.0,0.0,1.104986281421901,438737.17412768566,332011.67696040135,0,9964800.0,0.05142406936792465,1.0,1.104986281421901,1110206.0051257266,3156528.121604842,0.0,0.0,0.9842798099204597,1.0,0.0,5.8779217080000005e-06,0.9842798099204597,0.0,99828.46539503674,99828.46539503674
2026-08-02 17:00:00+00:00,0.0,0.0,1.1049906451985367,438737.17412768566,332013.6290145061,0,9961200.0,0.05142406939280075,1.0,1.1049906451985367,1110206.0051257266,3156528.121604842,0.0,0.0,0.9842854443133635,1.0,0.0,5.8794569639999995e-06,0.9842854443133635,0.0,99828.98535855248,99828.98535855248
2026-08-02 18:00:00+00:00,0.0,0.0,1.1049948955191304,438737.17412768566,332015.5815900116,0,9957600.0,0.052386375485073744,1.0,1.1049948955191304,1150378.1495670339,3120777.7461908036,0.0,0.0,0.9840067992415835,1.0,0.0,5.8809928068e-06,0.9840067992415835,0.0,99704.78083166963,99704.78083166963
2026-08-02 19:00:00+00:00,0.0,0.0,1.1049992447762966,438737.17412768566,332017.5346871218,0,9954000.0,0.05238643849767333,1.0,1.1049992447762966,1150378.0733746015,3120777.8158231606,0.0,0.0,0.9840125162441306,1.0,0.0,5.882529236400001e-06,0.9840125162441306,0.0,99705.33599610144,99705.33599610144
2026-08-02 20:00:00+00:00,0.0,0.0,1.1050036231578868,438737.17412768566,332019.4883060418,0,9950400.0,0.05238637371990418,1.0,1.1050036231578868,1150378.0733746015,3120777.8158231606,0.0,0.0,0.9840182709949621,1.0,0.0,5.8840662564e-06,0.9840182709949621,0.0,99705.90720029903,99705.90720029903
2026-08-02 21:00:00+00:00,0.0,0.0,1.105007987003008,438737.17412768566,332021.4424469719,0,9946800.0,0.05238637374533073,1.0,1.105007987003008,1150378.0733746015,3120777.8158231606,0.0,0.0,0.9840240066537286,1.0,0.0,5.8856038524e-06,0.9840240066537286,0.0,99706.46950608795,99706.46950608795
2026-08-02 22:00:00+00:00,0.0,0.0,1.1050123541135242,438737.17412768566,332023.3971101172,0,9943200.0,0.052358816049072,1.0,1.1050123541135242,1149214.7691787994,3121813.8309608013,0.0,0.0,0.984037866971701,1.0,0.0,5.887142038800001e-06,0.984037866971701,0.0,99710.5958796824,99710.5958796824
2026-08-02 23:00:00+00:00,0.0,0.0,1.1050167179931254,438737.17412768566,332025.3522956804,0,9939600.0,0.05235881607452142,1.0,1.1050167179931254,1149214.7691787994,3121813.8309608013,0.0,0.0,0.9840435998030901,1.0,0.0,5.8886808084e-06,0.9840435998030901,0.0,99711.15590036259,99711.15590036259
2026-08-03 00:00:00+00:00,0.0,0.0,1.1050210818899606,438737.17412768566,332027.30800386664,0,9936000.0,0.05235881609999016,1.0,1.1050210818899606,1149214.7691787994,3121813.8309608013,0.0,0.0,0.9840493326678773,1.0,0.0,5.8902201684e-06,0.9840493326678773,0.0,99711.71541307273,99711.71541307273
2026-08-03 01:00:00+00:00,0.0,0.0,1.1050254458040294,438737.17412768566,332029.26423487876,0,9932400.0,0.05235881612547666,1.0,1.1050254458040294,1149214.7691787994,3121813.8309608013,0.0,0.0,0.9840550655660634,1.0,0.0,5.8917601116e-06,0.9840550655660634,0.0,99712.27441761032,99712.27441761032
2026-08-03 02:00:00+00:00,0.0,0.0,1.1050298097353322,438737.17412768566,332031.2209889194,0,9928800.0,0.05235881615098226,1.0,1.1050298097353322,1149214.7691787994,3121813.8309608013,0.0,0.0,0.984060798497648,1.0,0.0,5.893300638e-06,0.984060798497648,0.0,99712.83291377261,99712.83291377261
2026-08-03 03:00:00+00:00,0.0,0.0,1.1050341736838731,438737.17412768566,332033.17826619244,0,9925200.0,0.05235881613689042,1.0,1.1050341736838731,1149214.7691787994,3121813.837138657,0.0,0.0,0.9840665314742909,1.0,0.0,5.8948417512e-06,0.9840665314742909,0.0,99713.39090647118,99713.39090647118
2026-08-03 04:00:00+00:00,0.0,0.0,1.1050385376496439,438737.17412768566,332035.13606690196,0,9921600.0,0.05235881616243265,1.0,1.1050385376496439,1149214.7691787994,3121813.837138657,0.0,0.0,0.9840722644726698,1.0,0.0,5.8963834512e-06,0.9840722644726698,0.0,99713.94838526973,99713.94838526973
2026-08-03 05:00:00+00:00,0.0,0.0,1.105042903357693,438737.17412768566,332037.0943912495,0,9918000.0,0.05234418143506758,1.0,1.105042903357693,1148597.32779063,3122363.7274247357,0.0,0.0,0.9840823015071901,1.0,0.0,5.8979257308000004e-06,0.9840823015071901,0.0,99716.39368108421,99716.39368108421
2026-08-03 06:00:00+00:00,0.0,0.0,1.105047267637804,438737.17412768566,332039.0532394415,0,9914400.0,0.05234180719567405,1.0,1.105047267637804,1148497.1786476525,3122452.9200325804,0.0,0.0,0.9840887310518663,1.0,0.0,5.8994686044e-06,0.9840887310518663,0.0,99717.25571315445,99717.25571315445
2026-08-03 07:00:00+00:00,0.0,0.0,1.1050516213361172,438737.17412768566,332041.0126116794,0,9910800.0,0.05242935403167692,1.0,1.1050516213361172,1152193.897093601,3119161.1411389164,0.0,0.0,0.9840687348005364,1.0,0.0,5.9010120576e-06,0.9840687348005364,0.0,99706.52324211487,99706.52324211487
2026-08-03 08:00:00+00:00,0.0,0.0,1.1050559853707915,438737.17412768566,332042.97250816843,0,9907200.0,0.05242935405732885,1.0,1.1050559853707915,1152193.897093601,3119161.1411389164,0.0,0.0,0.9840744753412622,1.0,0.0,5.9025561012e-06,0.9840744753412622,0.0,99707.08193424187,99707.08193424187
2026-08-03 09:00:00+00:00,0.0,0.0,1.1050605298623517,438737.17412768566,332044.9329291114,0,9903600.0,0.05089958310330167,1.0,1.1050605298623517,1088733.054974561,3175704.005103635,0.0,0.0,0.984529856472568,1.0,0.0,5.904100728e-06,0.984529856472568,0.0,99904.91414399899,99904.91414399899
2026-08-03 10:00:00+00:00,0.0,0.0,1.1050646842893064,438737.17412768566,332046.8938747099,0,9900000.0,0.05267714211976671,1.0,1.1050646842893064,1162706.362717534,3109827.1960748783,0.0,0.0,0.9840132318480262,1.0,0.0,5.905645934400001e-06,0.9840132318480262,0.0,99676.29077054432,99676.29077054432
2026-08-03 11:00:00+00:00,0.0,0.0,1.1050690483755683,438737.17412768566,332048.85534517036,0,9896400.0,0.052677142145599154,1.0,1.1050690483755683,1162706.362717534,3109827.1960748783,0.0,0.0,0.9840189985094561,1.0,0.0,5.9071917348000004e-06,0.9840189985094561,0.0,99676.85934882372,99676.85934882372
2026-08-03 12:00:00+00:00,0.0,0.0,1.1050734124790647,438737.17412768566,332050.8173406956,0,9892800.0,0.05267714217145003,1.0,1.1050734124790647,1162706.362717534,3109827.1960748783,0.0,0.0,0.9840247652046807,1.0,0.0,5.9087381184e-06,0.9840247652046807,0.0,99677.42741686542,99677.42741686542
2026-08-03 13:00:00+00:00,0.0,0.0,1.105077776599796,438737.17412768566,332052.7798614884,0,9889200.0,0.052677142197320004,1.0,1.105077776599796,1162706.362717534,3109827.1960748783,0.0,0.0,0.9840305319337002,1.0,0.0,5.9102850852000006e-06,0.9840305319337002,0.0,99677.99497446656,99677.99497446656
2026-08-03 14:00:00+00:00,0.0,0.0,1.1050821407377613,438737.17412768566,332054.7429077539,0,9885600.0,0.052677142223209295,1.0,1.1050821407377613,1162706.362717534,3109827.1960748783,0.0,0.0,0.9840362986965144,1.0,0.0,5.911832642400001e-06,0.9840362986965144,0.0,99678.56202142203,99678.56202142203
2026-08-03 15:00:00+00:00,0.0,0.0,1.1050865048929623,438737.17412768566,332056.70647969394,0,9882000.0,0.052677142249117015,1.0,1.1050865048929623,1162706.362717534,3109827.1960748783,0.0,0.0,0.9840420654931241,1.0,0.0,5.9133807792e-06,0.9840420654931241,0.0,99679.12855753029,99679.12855753029
2026-08-03 16:00:00+00:00,0.0,0.0,1.1050908690653973,438737.17412768566,332058.6705775124,0,9878400.0,0.05267714227504383,1.0,1.1050908690653973,1162706.362717534,3109827.1960748783,0.0,0.0,0.9840478323235291,1.0,0.0,5.9149295028e-06,0.9840478323235291,0.0,99679.6945825874,99679.6945825874
2026-08-03 17:00:00+00:00,0.0,0.0,1.1050952332550672,438737.17412768566,332060.21946421236,0,9874800.0,0.05267714230098908,1.0,1.1050952332550672,1162706.362717534,3109827.1960748783,0.0,0.0,0.9840535991877299,1.0,0.0,4.6644862032e-06,0.9840535991877299,0.0,99680.6758335905,99680.6758335905
2026-08-03 18:00:00+00:00,0.0,0.0,1.1050995974619722,438737.17412768566,332061.7682630149,0,9871200.0,0.052677142326954085,1.0,1.1050995974619722,1162706.362717534,3109827.1960748783,0.0,0.0,0.9840593660857264,1.0,0.0,4.664199744000001e-06,0.9840593660857264,0.0,99681.65718731843,99681.65718731843
2026-08-03 19:00:00+00:00,0.0,0.0,1.1051039616863247,438737.17412768566,332063.3083032469,0,9867600.0,0.05267714054940709,1.0,1.1051039616863247,1162706.286529173,3109827.265684893,0.0,0.0,0.9840651335450611,1.0,0.0,4.6378017828e-06,0.9840651335450611,0.0,99682.64754589682,99682.64754589682
2026-08-03 20:00:00+00:00,0.0,0.0,1.1051083275092521,438737.17412768566,332064.84822452464,0,9864000.0,0.052663719896578254,1.0,1.1051083275092521,1162135.7728590847,3110335.328271182,0.0,0.0,0.9840748247523742,1.0,0.0,4.6374220476e-06,0.9840748247523742,0.0,99685.35951752949,99685.35951752949
2026-08-03 21:00:00+00:00,0.0,0.0,1.1051126917678686,438737.17412768566,332066.3867222805,0,9860400.0,0.052663719922592556,1.0,1.1051126917678686,1162135.7728590847,3110335.328271182,0.0,0.0,0.9840805903423532,1.0,0.0,4.633113682800001e-06,0.9840805903423532,0.0,99686.35059842817,99686.35059842817
2026-08-03 22:00:00+00:00,0.0,0.0,1.1051170560437258,438737.17412768566,332067.92509705585,0,9856800.0,0.05266371990126473,1.0,1.1051170560437258,1162135.7728590847,3110335.3354428494,0.0,0.0,0.9840863559799509,1.0,0.0,4.632721869599999e-06,0.9840863559799509,0.0,99687.34182319953,99687.34182319953
2026-08-03 23:00:00+00:00,0.0,0.0,1.1051213650947576,438737.17412768566,332069.49809070735,0,9853200.0,0.05313258679163568,1.0,1.1051213650947576,1156269.0071319228,3024722.901343549,0.0,0.0,0.9839552102982688,1.0,0.0,4.7369523132e-06,0.9839552102982688,0.0,99628.23034376779,99628.23034376779
2026-08-04 00:00:00+00:00,0.0,0.0,1.1051257294048615,438737.17412768566,332071.07109218783,0,9849600.0,0.053132586817945304,1.0,1.1051257294048615,1156269.0071319228,3024722.901343549,0.0,0.0,0.9839610252065939,1.0,0.0,4.7369534508e-06,0.9839610252065939,0.0,99629.20855873363,99629.20855873363
2026-08-04 01:00:00+00:00,0.0,0.0,1.1051300937322006,438737.17412768566,332072.64410111954,0,9846000.0,0.05313258684427424,1.0,1.1051300937322006,1156269.0071319228,3024722.901343549,0.0,0.0,0.9839668401492834,1.0,0.0,4.7369534508e-06,0.9839668401492834,0.0,99630.18678132526,99630.18678132526
2026-08-04 02:00:00+00:00,0.0,0.0,1.105134458076776,438737.17412768566,332074.2171175038,0,9842400.0,0.053132586870622056,1.0,1.105134458076776,1156269.0071319228,3024722.901343549,0.0,0.0,0.9839726551263378,1.0,0.0,4.7369534544e-06,0.9839726551263378,0.0,99631.16501154145,99631.16501154145
2026-08-04 03:00:00+00:00,0.0,0.0,1.1051388224385859,438737.17412768566,332075.7901413394,0,9838800.0,0.053132586896990075,1.0,1.1051388224385859,1156269.0071319228,3024722.901343549,0.0,0.0,0.9839784701377567,1.0,0.0,4.7369534544e-06,0.9839784701377567,0.0,99632.14324938331,99632.14324938331
2026-08-04 04:00:00+00:00,0.0,0.0,1.1051431868176322,438737.17412768566,332077.36317262636,0,9835200.0,0.053132586923376524,1.0,1.1051431868176322,1156269.0071319228,3024722.901343549,0.0,0.0,0.9839842851835412,1.0,0.0,4.7369534544e-06,0.9839842851835412,0.0,99633.12149485125,99633.12149485125
2026-08-04 05:00:00+00:00,0.0,0.0,1.1051475512139135,438737.17412768566,332078.93621136586,0,9831600.0,0.05313258694978251,1.0,1.1051475512139135,1156269.0071319228,3024722.901343549,0.0,0.0,0.9839901002636909,1.0,0.0,4.736953458e-06,0.9839901002636909,0.0,99634.09974794398,99634.09974794398
2026-08-04 06:00:00+00:00,0.0,0.0,1.105151915627431,438737.17412768566,332080.5092575568,0,9828000.0,0.053132586976208485,1.0,1.105151915627431,1156269.0071319228,3024722.901343549,0.0,0.0,0.983995915378206,1.0,0.0,4.736953458e-06,0.983995915378206,0.0,99635.07800866256,99635.07800866256
2026-08-04 07:00:00+00:00,0.0,0.0,1.1051562800581842,438737.17412768566,332082.0823111992,0,9824400.0,0.05313258700265311,1.0,1.1051562800581842,1156269.0071319228,3024722.901343549,0.0,0.0,0.9840017305270871,1.0,0.0,4.736953458e-06,0.9840017305270871,0.0,99636.05627700739,99636.05627700739
2026-08-04 08:00:00+00:00,0.0,0.0,1.105160644506173,438737.17412768566,332083.6553722943,0,9820800.0,0.05313258702911705,1.0,1.105160644506173,1156269.0071319228,3024722.901343549,0.0,0.0,0.984007545710334,1.0,0.0,4.7369534616e-06,0.984007545710334,0.0,99637.03455297713,99637.03455297713
2026-08-04 09:00:00+00:00,0.0,0.0,1.105165010480672,438737.17412768566,332085.2284408409,0,9817200.0,0.05311977482505115,1.0,1.105165010480672,1155730.575434601,3025202.341112453,0.0,0.0,0.9840170876515582,1.0,0.0,4.7369534616e-06,0.9840170876515582,0.0,99639.64788875892,99639.64788875892
2026-08-04 10:00:00+00:00,0.0,0.0,1.1051693749631393,438737.17412768566,332086.8015168403,0,9813600.0,0.053119774851547286,1.0,1.1051693749631393,1155730.575434601,3025202.341112453,0.0,0.0,0.9840229015589508,1.0,0.0,4.7369534652e-06,0.9840229015589508,0.0,99640.62559005956,99640.62559005956
2026-08-04 11:00:00+00:00,0.0,0.0,1.1051737394628418,438737.17412768566,332088.37460029125,0,9810000.0,0.053119774878064074,1.0,1.1051737394628418,1155730.575434601,3025202.341112453,0.0,0.0,0.9840287155006936,1.0,0.0,4.7369534652e-06,0.9840287155006936,0.0,99641.6032989794,99641.6032989794
2026-08-04 12:00:00+00:00,0.0,0.0,1.105178103979781,438737.17412768566,332089.94769119384,0,9806400.0,0.05311977490459907,1.0,1.105178103979781,1155730.575434601,3025202.341112453,0.0,0.0,0.9840345294767875,1.0,0.0,4.7369534652e-06,0.9840345294767875,0.0,99642.58101551869,99642.58101551869
2026-08-04 13:00:00+00:00,0.0,0.0,1.1051824685139566,438737.17412768566,332091.4197034314,0,9802800.0,0.053119774931154495,1.0,1.1051824685139566,1155730.575434601,3025202.341112453,0.0,0.0,0.9840403434872321,1.0,0.0,4.432561074000001e-06,0.9840403434872321,0.0,99643.65982579393,99643.65982579393
2026-08-04 14:00:00+00:00,0.0,0.0,1.1051868330653685,438737.17412768566,332092.9184509335,0,9799200.0,0.053119774957728794,1.0,1.1051868330653685,1155730.575434601,3025202.341112453,0.0,0.0,0.9840461575320281,1.0,0.0,4.513046803199999e-06,0.9840461575320281,0.0,99644.7119158759,99644.7119158759
2026-08-04 15:00:00+00:00,0.0,0.0,1.105191197634016,438737.17412768566,332097.09375651344,0,9795600.0,0.053119774984323076,1.0,1.105191197634016,1155730.575434601,3025202.341112453,0.0,0.0,0.9840519716111752,1.0,0.0,1.25726238072e-05,0.9840519716111752,0.0,99643.08746295114,99643.08746295114
2026-08-04 16:00:00+00:00,0.0,0.0,1.1051955622199006,438737.17412768566,332098.66703145334,0,9792000.0,0.05311977501093601,1.0,1.1051955622199006,1155730.575434601,3025202.341112453,0.0,0.0,0.9840577857246742,1.0,0.0,4.737383262e-06,0.9840577857246742,0.0,99644.0650557378,99644.0650557378
2026-08-04 17:00:00+00:00,0.0,0.0,1.1051999377214365,438737.17412768566,332100.92971393577,0,9788400.0,0.05302726592020646,1.0,1.1051999377214365,1151847.8934889303,3028659.7729873443,0.0,0.0,0.9840904323043785,1.0,0.0,6.8132606328e-06,0.9840904323043785,0.0,99656.1256413798,99656.1256413798
2026-08-04 18:00:00+00:00,0.0,0.0,1.1052043023418372,438737.17412768566,332103.1587139172,0,9784800.0,0.05302726594681162,1.0,1.1052043023418372,1151847.8934889303,3028659.7729873443,0.0,0.0,0.9840962367764438,1.0,0.0,6.7117924152e-06,0.9840962367764438,0.0,99656.44327906962,99656.44327906962
2026-08-04 19:00:00+00:00,0.0,0.0,1.1052086669796897,438737.17412768566,332105.3500725484,0,9781200.0,0.05302726414442649,1.0,1.1052086669796897,1151847.81730343,3028659.842575563,0.0,0.0,0.9841020418128996,1.0,0.0,6.5984057784e-06,0.9841020418128996,0.0,99656.79880572879,99656.79880572879
2026-08-04 20:00:00+00:00,0.0,0.0,1.1052130316386173,438737.17412768566,332107.1066316401,0,9777600.0,0.05302722976336427,1.0,1.1052130316386173,1151846.3747747054,3028661.1271189754,0.0,0.0,0.9841078563230009,1.0,0.0,5.289148296000001e-06,0.9841078563230009,0.0,99657.59328836779,99657.59328836779
2026-08-04 21:00:00+00:00,0.0,0.0,1.1052173963107275,438737.17412768566,332108.6841723347,0,9774000.0,0.05302722979002805,1.0,1.1052173963107275,1151846.3747747054,3028661.1271189754,0.0,0.0,0.9841136608939725,1.0,0.0,4.7500848863999995e-06,0.9841136608939725,0.0,99658.56242873834,99658.56242873834
2026-08-04 22:00:00+00:00,0.0,0.0,1.1052217610000752,438737.17412768566,332110.74463487114,0,9770400.0,0.053027229816711596,1.0,1.1052217610000752,1151846.3747747054,3028661.1271189754,0.0,0.0,0.9841194654991813,1.0,0.0,6.204162200399999e-06,0.9841194654991813,0.0,99659.04866228811,99659.04866228811
2026-08-04 23:00:00+00:00,0.0,0.0,1.105226125706659,438737.17412768566,332112.80760271655,0,9766800.0,0.0530272298434149,1.0,1.105226125706659,1151846.3747747054,3028661.1271189754,0.0,0.0,0.9841252701386273,1.0,0.0,6.2116672572e-06,0.9841252701386273,0.0,99659.53240555007,99659.53240555007
2026-08-05 00:00:00+00:00,0.0,0.0,1.1052306486033847,438737.17412768566,332114.8720120749,0,9763200.0,0.053027162971498454,1.0,1.1052306486033847,1151846.3747747054,3028661.1271189754,0.0,0.0,0.9841310941683382,1.0,0.0,6.2159690772e-06,0.9841310941683382,0.0,99660.0232145291,99660.0232145291
2026-08-05 01:00:00+00:00,0.0,0.0,1.1052350133450706,438737.17412768566,332116.96948741586,0,9759600.0,0.053027162973555475,1.0,1.1052350133450706,1151846.3747747054,3028661.1271189754,0.0,0.0,0.9841368988763763,1.0,0.0,6.3154917e-06,0.9841368988763763,0.0,99660.47248038946,99660.47248038946
2026-08-05 02:00:00+00:00,0.0,0.0,1.1052393781039933,438737.17412768566,332118.9969819613,0,9756000.0,0.05302716297561405,1.0,1.1052393781039933,1151846.3747747054,3028661.1271189754,0.0,0.0,0.9841427036186524,1.0,0.0,6.1047418319999995e-06,0.9841427036186524,0.0,99660.99174206675,99660.99174206675
2026-08-05 03:00:00+00:00,0.0,0.0,1.1052437428801531,438737.17412768566,332121.02068494406,0,9752400.0,0.05302716297767396,1.0,1.1052437428801531,1151846.3747747054,3028661.1271189754,0.0,0.0,0.9841485083951667,1.0,0.0,6.0932883564e-06,0.9841485083951667,0.0,99661.51481032831,99661.51481032831
2026-08-05 04:00:00+00:00,0.0,0.0,1.1052481076735505,438737.17412768566,332123.0426264653,0,9748800.0,0.053027162979735865,1.0,1.1052481076735505,1151846.3747747054,3028661.1271189754,0.0,0.0,0.9841543132059192,1.0,0.0,6.0879475871999994e-06,0.9841543132059192,0.0,99662.0396550729,99662.0396550729
2026-08-05 05:00:00+00:00,0.0,0.0,1.1052524724841852,438737.17412768566,332125.06429961126,0,9745200.0,0.05302716298179866,1.0,1.1052524724841852,1151846.3747747054,3028661.1271189754,0.0,0.0,0.9841601180509104,1.0,0.0,6.087102469200001e-06,0.9841601180509104,0.0,99662.56478321471,99662.56478321471
2026-08-05 06:00:00+00:00,0.0,0.0,1.1052567881790256,438737.17412768566,332127.0740523191,0,9741600.0,0.05347460303361373,1.0,1.1052567881790256,1170703.1930236747,3011873.547204257,0.0,0.0,0.9840367812170214,1.0,0.0,6.0511742208e-06,0.9840367812170214,0.0,99606.44257654052,99606.44257654052
2026-08-05 07:00:00+00:00,0.0,0.0,1.105261153023941,438737.17412768566,332129.09481542546,0,9738000.0,0.05347460303569851,1.0,1.105261153023941,1170703.1930236747,3011873.547204257,0.0,0.0,0.9840426330901293,1.0,0.0,6.0842885652e-06,0.9840426330901293,0.0,99606.98924770491,99606.98924770491
2026-08-05 08:00:00+00:00,0.0,0.0,1.1052655178860937,438737.17412768566,332131.1089164361,0,9734400.0,0.05347460303778373,1.0,1.1052655178860937,1170703.1930236747,3011873.547204257,0.0,0.0,0.9840484849980373,1.0,0.0,6.0641929152e-06,0.9840484849980373,0.0,99607.54259623308,99607.54259623308
2026-08-05 09:00:00+00:00,0.0,0.0,1.1052699157942236,438737.17412768566,332133.067427571,0,9730800.0,0.05317380265787586,1.0,1.1052699157942236,1158005.569062586,3023180.071592151,0.0,0.0,0.9841410523896637,1.0,0.0,5.896783854e-06,0.9841410523896637,0.0,99646.1968409167,99646.1968409167
2026-08-05 10:00:00+00:00,0.0,0.0,1.1052742831853175,438737.17412768566,332134.6570323294,0,9727200.0,0.05301861303430022,1.0,1.1052742831853175,1151486.5577377721,3028985.2943183496,0.0,0.0,0.9841916076168581,1.0,0.0,4.786036412400001e-06,0.9841916076168581,0.0,99666.78769367491,99666.78769367491
2026-08-05 11:00:00+00:00,0.0,0.0,1.1052786858131098,438737.17412768566,332136.43544978724,0,9723600.0,0.05280773671410044,1.0,1.1052786858131098,1142673.0026191073,3036834.208634763,0.0,0.0,0.9842581904639548,1.0,0.0,5.3544930012e-06,0.9842581904639548,0.0,99694.22164639767,99694.22164639767
2026-08-05 12:00:00+00:00,0.0,0.0,1.1052830507445028,438737.17412768566,332138.29631578125,0,9720000.0,0.052807736716165454,1.0,1.1052830507445028,1142673.0026191073,3036834.208634763,0.0,0.0,0.9842639725062362,1.0,0.0,5.6026999224e-06,0.9842639725062362,0.0,99694.8975772949,99694.8975772949
2026-08-05 13:00:00+00:00,0.0,0.0,1.1052874156931336,438737.17412768566,332140.1978877671,0,9716400.0,0.05280773671823202,1.0,1.1052874156931336,1142673.0026191073,3036834.208634763,0.0,0.0,0.9842697545824843,1.0,0.0,5.7252251952e-06,0.9842697545824843,0.0,99695.53281710274,99695.53281710274
2026-08-05 14:00:00+00:00,0.0,0.0,1.1052917967392608,438737.17412768566,332141.74442651914,0,9712800.0,0.052661374956012086,1.0,1.1052917967392608,1136579.8107095466,3042260.837472771,0.0,0.0,0.9843176842671539,1.0,0.0,4.6562721444e-06,0.9843176842671539,0.0,99715.01481275947,99715.01481275947
2026-08-05 15:00:00+00:00,0.0,0.0,1.105296161722431,438737.17412768566,332143.3328405359,0,9709200.0,0.052661374958075546,1.0,1.105296161722431,1136579.8107095466,3042260.837472771,0.0,0.0,0.9843234510367239,1.0,0.0,4.7823263568e-06,0.9843234510367239,0.0,99715.9564949277,99715.9564949277
2026-08-05 16:00:00+00:00,0.0,0.0,1.1053005267228388,438737.17412768566,332145.3946165632,0,9705600.0,0.052661374960141005,1.0,1.1053005267228388,1136579.8107095466,3042260.837472771,0.0,0.0,0.9843292178400792,1.0,0.0,6.20746956e-06,0.9843292178400792,0.0,99716.42482990824,99716.42482990824
2026-08-05 17:00:00+00:00,0.0,0.0,1.1053048917404853,438737.17412768566,332147.4110012871,0,9702000.0,0.05266137496220824,1.0,1.1053048917404853,1136579.8107095466,3042260.837472771,0.0,0.0,0.98433498467722,1.0,0.0,6.0707709216e-06,0.98433498467722,0.0,99716.9385710152,99716.9385710152
2026-08-05 18:00:00+00:00,0.0,0.0,1.10530925677537,438737.17412768566,332149.4279065865,0,9698400.0,0.052661374964276364,1.0,1.10530925677537,1136579.8107095466,3042260.837472771,0.0,0.0,0.984340751548147,1.0,0.0,6.072301360800001e-06,0.984340751548147,0.0,99717.45180636988,99717.45180636988
2026-08-05 19:00:00+00:00,0.0,0.0,1.1053136325779582,438737.17412768566,332151.4362372431,0,9694800.0,0.05256353800902347,1.0,1.1053136325779582,1132518.6941273215,3045877.8071846548,0.0,0.0,0.9843746452897483,1.0,0.0,6.0464490263999995e-06,0.9843746452897483,0.0,99730.31392012397,99730.31392012397
2026-08-05 20:00:00+00:00,0.0,0.0,1.105317997647362,438737.17412768566,332152.99049615115,0,9691200.0,0.05256353801109115,1.0,1.105317997647362,1132518.6941273215,3045877.8071846548,0.0,0.0,0.9843804019483983,1.0,0.0,4.6793573712e-06,0.9843804019483983,0.0,99731.28532136447,99731.28532136447
2026-08-05 21:00:00+00:00,0.0,0.0,1.1053223627340036,438737.17412768566,332154.7250833514,0,9687600.0,0.05256353801316038,1.0,1.1053223627340036,1132518.6941273215,3045877.8071846548,0.0,0.0,0.9843861586407133,1.0,0.0,5.2222401144000005e-06,0.9843861586407133,0.0,99732.0764090828,99732.0764090828
2026-08-05 22:00:00+00:00,0.0,0.0,1.1053267211276154,438737.17412768566,332156.3313738766,0,9684000.0,0.05262460448590511,1.0,1.1053267211276154,1132518.6941273215,3036827.290034702,0.0,0.0,0.9843743784093775,1.0,0.0,4.835959027199999e-06,0.9843743784093775,0.0,99725.30169315077,99725.30169315077
2026-08-05 23:00:00+00:00,0.0,0.0,1.1053310862487078,438737.17412768566,332157.9376819093,0,9680400.0,0.052624604487979454,1.0,1.1053310862487078,1132518.6941273215,3036827.290034702,0.0,0.0,0.9843801415857611,1.0,0.0,4.8359883492e-06,0.9843801415857611,0.0,99726.22390483867,99726.22390483867
2026-08-06 00:00:00+00:00,0.0,0.0,1.1053354678829987,438737.17412768566,332159.5440074473,0,9676800.0,0.052474491351310215,1.0,1.1053354678829987,1126311.1013462779,3042356.16352737,0.0,0.0,0.984428984846526,1.0,0.0,4.836017664e-06,0.984428984846526,0.0,99746.04693350376,99746.04693350376
2026-08-06 01:00:00+00:00,0.0,0.0,1.1053398330386335,438737.17412768566,332161.15035049315,0,9673200.0,0.05247449135338211,1.0,1.1053398330386335,1126311.1013462779,3042356.16352737,0.0,0.0,0.9844347323153643,1.0,0.0,4.836046986000001e-06,0.9844347323153643,0.0,99746.96221869445,99746.96221869445
2026-08-06 02:00:00+00:00,0.0,0.0,1.1053441982115069,438737.17412768566,332162.7937148717,0,9669600.0,0.052474491355455344,1.0,1.1053441982115069,1126311.1013462779,3042356.16352737,0.0,0.0,0.9844404798177586,1.0,0.0,4.947478992e-06,0.9844404798177586,0.0,99747.84049727471,99747.84049727471
2026-08-06 03:00:00+00:00,0.0,0.0,1.1053485634016194,438737.17412768566,332164.4371335276,0,9666000.0,0.05247449135752991,1.0,1.1053485634016194,1126311.1013462779,3042356.16352737,0.0,0.0,0.984446227353709,1.0,0.0,4.947617919599999e-06,0.984446227353709,0.0,99748.71873629984,99748.71873629984
2026-08-06 04:00:00+00:00,0.0,0.0,1.105352928693672,438737.17412768566,332166.0305779922,0,9662400.0,0.05247372064284783,1.0,1.105352928693672,1126279.3229295707,3042384.5910032843,0.0,0.0,0.9844521958032043,1.0,0.0,4.7971440179999996e-06,0.9844521958032043,0.0,99749.74387250072,99749.74387250072
2026-08-06 05:00:00+00:00,0.0,0.0,1.1053572939182623,438737.17412768566,332167.6240190013,0,9658800.0,0.05247372064492528,1.0,1.1053572939182623,1126279.3229295707,3042384.5910032843,0.0,0.0,0.9844579433252616,1.0,0.0,4.7971106028e-06,0.9844579433252616,0.0,99750.67208307725,99750.67208307725
2026-08-06 06:00:00+00:00,0.0,0.0,1.1053616591600919,438737.17412768566,332169.2174565537,0,9655200.0,0.05247372064700495,1.0,1.1053616591600919,1126279.3229295707,3042384.5910032843,0.0,0.0,0.9844636908808745,1.0,0.0,4.797077184e-06,0.9844636908808745,0.0,99751.60031183262,99751.60031183262
2026-08-06 07:00:00+00:00,0.0,0.0,1.1053660244191603,438737.17412768566,332170.81089064915,0,9651600.0,0.05247372064908529,1.0,1.1053660244191603,1126279.3229295707,3042384.5910032843,0.0,0.0,0.9844694384700434,1.0,0.0,4.797043765200001e-06,0.9844694384700434,0.0,99752.52855876723,99752.52855876723
2026-08-06 08:00:00+00:00,0.0,0.0,1.105370389695468,438737.17412768566,332172.40432128886,0,9648000.0,0.05247372065116784,1.0,1.105370389695468,1126279.3229295707,3042384.5910032843,0.0,0.0,0.9844751860927684,1.0,0.0,4.79701035e-06,0.9844751860927684,0.0,99753.4568238798,99753.4568238798
2026-08-06 09:00:00+00:00,0.0,0.0,1.10537478113553,438737.17412768566,332174.36581907247,0,9644400.0,0.05223584000784931,1.0,1.10537478113553,1116488.7247950567,3051105.357018972,0.0,0.0,0.9845489931089656,1.0,0.0,5.9050419804e-06,0.9845489931089656,0.0,99783.87720781338,99783.87720781338
2026-08-06 10:00:00+00:00,0.0,0.0,1.1053791493974068,438737.17412768566,332176.06640579813,0,9640800.0,0.05220899544942137,1.0,1.1053791493974068,1115387.3964283941,3052086.3730569743,0.0,0.0,0.9845623946506334,1.0,0.0,5.1195472848e-06,0.9845623946506334,0.0,99788.05637560802,99788.05637560802
2026-08-06 11:00:00+00:00,0.0,0.0,1.105383514725547,438737.17412768566,332178.19949901314,0,9637200.0,0.052208995451497486,1.0,1.105383514725547,1115387.3964283941,3052086.3730569743,0.0,0.0,0.984568114542518,1.0,0.0,6.4215534528e-06,0.984568114542518,0.0,99788.43281159474,99788.43281159474
2026-08-06 12:00:00+00:00,0.0,0.0,1.105387880070927,438737.17412768566,332180.6086072545,0,9633600.0,0.05220899545357516,1.0,1.105387880070927,1115387.3964283941,3052086.3730569743,0.0,0.0,0.9845738344676328,1.0,0.0,7.252431102e-06,0.9845738344676328,0.0,99788.53324713447,99788.53324713447
2026-08-06 13:00:00+00:00,0.0,0.0,1.1053922753503072,438737.17412768566,332182.3500018498,0,9630000.0,0.05193689036325222,1.0,1.1053922753503072,1104264.6316864146,3061994.652594699,0.0,0.0,0.9846573184030967,1.0,0.0,5.2422988752e-06,0.9846573184030967,0.0,99823.4193584696,99823.4193584696
2026-08-06 14:00:00+00:00,0.0,0.0,1.1053965249790598,438737.17412768566,332184.09279660165,0,9626400.0,0.05193695678540511,1.0,1.1053965249790598,1104264.6316864146,3061994.652594699,0.0,0.0,0.984662990796306,1.0,0.0,5.2464863952e-06,0.984662990796306,0.0,99824.16525348503,99824.16525348503
2026-08-06 15:00:00+00:00,0.0,0.0,1.1054009018621043,438737.17412768566,332185.8140738188,0,9622800.0,0.05183790634779806,1.0,1.1054009018621043,1100234.1295619654,3065585.2701210137,0.0,0.0,0.9846969751658606,1.0,0.0,5.181683274e-06,0.9846969751658606,0.0,99837.35418253078,99837.35418253078
2026-08-06 16:00:00+00:00,0.0,0.0,1.1054052672761456,438737.17412768566,332187.49692659953,0,9619200.0,0.05183790637469454,1.0,1.1054052672761456,1100234.1295619654,3065585.2701210137,0.0,0.0,0.9847026561815464,1.0,0.0,5.065985502e-06,0.9847026561815464,0.0,99838.16380251816,99838.16380251816
2026-08-06 17:00:00+00:00,0.0,0.0,1.1054096327074274,438737.17412768566,332189.54276259744,0,9615600.0,0.05183790640161123,1.0,1.1054096327074274,1100234.1295619654,3065585.2701210137,0.0,0.0,0.9847083372300077,1.0,0.0,6.1586595432e-06,0.9847083372300077,0.0,99838.61045366828,99838.61045366828
2026-08-06 18:00:00+00:00,0.0,0.0,1.1054139093802418,438737.17412768566,332191.14430517866,0,9612000.0,0.05260368537427906,1.0,1.1054139093802418,1131649.8123435334,3037607.888936492,0.0,0.0,0.9844956117562039,1.0,0.0,4.8211593516e-06,0.9844956117562039,0.0,99743.67833784543,99743.67833784543
2026-08-06 19:00:00+00:00,0.0,0.0,1.1054182748458667,438737.17412768566,332192.8267825009,0,9608400.0,0.05260368355064693,1.0,1.1054182748458667,1131649.7361889349,3037607.9584806086,0.0,0.0,0.9845013739291381,1.0,0.0,5.0647739724e-06,0.9845013739291381,0.0,99744.52393999312,99744.52393999312
2026-08-06 20:00:00+00:00,0.0,0.0,1.1054226403285168,438737.17412768566,332194.64861832355,0,9604800.0,0.0526036835780328,1.0,1.1054226403285168,1131649.7361889349,3037607.9584806086,0.0,0.0,0.9845071356081223,1.0,0.0,5.484256974e-06,0.9845071356081223,0.0,99745.22996692627,99745.22996692627
2026-08-06 21:00:00+00:00,0.0,0.0,1.1054270058284075,438737.17412768566,332196.42478778324,0,9601200.0,0.052603683605438656,1.0,1.1054270058284075,1131649.7361889349,3037607.9584806086,0.0,0.0,0.9845128973208261,1.0,0.0,5.346758952e-06,0.9845128973208261,0.0,99745.9816750164,99745.9816750164
2026-08-06 22:00:00+00:00,0.0,0.0,1.1054313712994055,438737.17412768566,332198.27579483483,0,9597600.0,0.05260408171152697,1.0,1.1054313712994055,1131649.7361889349,3037549.0422661654,0.0,0.0,0.9845185457531647,1.0,0.0,5.5720102823999995e-06,0.9845185457531647,0.0,99746.60884520726,99746.60884520726
2026-08-06 23:00:00+00:00,0.0,0.0,1.105435736833776,438737.17412768566,332200.1253786229,0,9594000.0,0.05260408173897413,1.0,1.105435736833776,1131649.7361889349,3037549.0422661654,0.0,0.0,0.9845243075751487,1.0,0.0,5.5676948796e-06,0.9845243075751487,0.0,99747.2871869143,99747.2871869143
2026-08-07 00:00:00+00:00,0.0,0.0,1.1054401023853868,438737.17412768566,332201.9753812269,0,9590400.0,0.0526040817664426,1.0,1.1054401023853868,1131649.7361889349,3037549.0422661654,0.0,0.0,0.9845300694308532,1.0,0.0,5.568924607200001e-06,0.9845300694308532,0.0,99747.96512459975,99747.96512459975
2026-08-07 01:00:00+00:00,0.0,0.0,1.105444467954238,438737.17412768566,332203.8258443691,0,9586800.0,0.0526040817939315,1.0,1.105444467954238,1131649.7361889349,3037549.0422661654,0.0,0.0,0.9845358313202786,1.0,0.0,5.5702799064e-06,0.9845358313202786,0.0,99748.64261654177,99748.64261654177
2026-08-07 02:00:00+00:00,0.0,0.0,1.1054488335403294,438737.17412768566,332205.4581971075,0,9583200.0,0.05260408182144083,1.0,1.1054488335403294,1131649.7361889349,3037549.0422661654,0.0,0.0,0.984541593243425,1.0,0.0,4.9136963544e-06,0.984541593243425,0.0,99749.53823368216,99749.53823368216
2026-08-07 03:00:00+00:00,0.0,0.0,1.1054531988752596,438737.17412768566,332207.36890469515,0,9579600.0,0.052606397843447006,1.0,1.1054531988752596,1129752.1631924422,3032113.4553655526,0.0,0.0,0.9845466971649428,1.0,0.0,5.7515674284e-06,0.9845466971649428,0.0,99749.86680619814,99749.86680619814
2026-08-07 04:00:00+00:00,0.0,0.0,1.1054575644958309,438737.17412768566,332209.2456833591,0,9576000.0,0.05260639787099919,1.0,1.1054575644958309,1129752.1631924422,3032113.4553655526,0.0,0.0,0.9845524593989705,1.0,0.0,5.6494031688e-06,0.9845524593989705,0.0,99750.51813380822,99750.51813380822
2026-08-07 05:00:00+00:00,0.0,0.0,1.1054619301336426,438737.17412768566,332210.9835978717,0,9572400.0,0.052606397898572466,1.0,1.1054619301336426,1129752.1631924422,3032113.4553655526,0.0,0.0,0.9845582216667226,1.0,0.0,5.2313714604e-06,0.9845582216667226,0.0,99751.30834036571,99751.30834036571
2026-08-07 06:00:00+00:00,0.0,0.0,1.1054662607176358,438737.17412768566,332212.8648005236,0,9568800.0,0.05260639792662536,1.0,1.1054662607176358,1129752.1631924422,3032113.4553655526,0.0,0.0,0.9845639839680692,1.0,0.0,5.6626584264e-06,0.9845639839680692,0.0,99751.95527352305,99751.95527352305
2026-08-07 07:00:00+00:00,0.0,0.0,1.1054706263897904,438737.17412768566,332214.51951825724,0,9565200.0,0.052606397954239936,1.0,1.1054706263897904,1129752.1631924422,3032113.4553655526,0.0,0.0,0.984569746303271,1.0,0.0,4.980883608e-06,0.984569746303271,0.0,99752.82870645227,99752.82870645227
2026-08-07 08:00:00+00:00,0.0,0.0,1.105475033497878,438737.17412768566,332216.1743813386,0,9561600.0,0.052255125340046726,1.0,1.105475033497878,1115296.0551750096,3044990.221802018,0.0,0.0,0.9846751514360982,1.0,0.0,4.9812963084e-06,0.9846751514360982,0.0,99797.41899348609,99797.41899348609
2026-08-07 09:00:00+00:00,0.0,0.0,1.1054793798398952,438737.17412768566,332217.79584461567,0,9558000.0,0.052419343178824906,1.0,1.1054793798398952,1122039.2382869262,3038984.5484917746,0.0,0.0,0.9846343063956685,1.0,0.0,4.8807356328e-06,0.9846343063956685,0.0,99777.87729259377,99777.87729259377
2026-08-07 10:00:00+00:00,0.0,0.0,1.1054837940422488,438737.17412768566,332219.37686777505,0,9554400.0,0.05200828516121048,1.0,1.1054837940422488,1105211.7475552429,3053976.631012203,0.0,0.0,0.9847565956481995,1.0,0.0,4.7589846696e-06,0.9847565956481995,0.0,99829.949110516,99829.949110516
2026-08-07 11:00:00+00:00,0.0,0.0,1.1054881797976042,438737.17412768566,332220.9578024656,0,9550800.0,0.0518386303001972,1.0,1.1054881797976042,1098315.2415122697,3060120.5763074607,0.0,0.0,0.9848103965806594,1.0,0.0,4.758695726399999e-06,0.9848103965806594,0.0,99851.97264489834,99851.97264489834
2026-08-07 12:00:00+00:00,0.0,0.0,1.1054925455563207,438737.17412768566,332222.538648693,0,9547200.0,0.05183863032750202,1.0,1.1054925455563207,1098315.2415122697,3060120.5763074607,0.0,0.0,0.9848160783280265,1.0,0.0,4.7584068047999995e-06,0.9848160783280265,0.0,99852.88459245488,99852.88459245488
2026-08-07 13:00:00+00:00,0.0,0.0,1.105496911332279,438737.17412768566,332224.1194064657,0,9543600.0,0.05183863035482705,1.0,1.105496911332279,1098315.2415122697,3060120.5763074607,0.0,0.0,0.984821760108174,1.0,0.0,4.758117912e-06,0.984821760108174,0.0,99853.79664284817,99853.79664284817
2026-08-07 14:00:00+00:00,0.0,0.0,1.1055012771254777,438737.17412768566,332225.70007579046,0,9540000.0,0.05183863038217251,1.0,1.1055012771254777,1098315.2415122697,3060120.5763074607,0.0,0.0,0.9848274419211018,1.0,0.0,4.7578290444e-06,0.9848274419211018,0.0,99854.70879607124,99854.70879607124
2026-08-07 15:00:00+00:00,0.0,0.0,1.1055056429359185,438737.17412768566,332227.3264195733,0,9536400.0,0.051838630409538844,1.0,1.1055056429359185,1098315.2415122697,3060120.5763074607,0.0,0.0,0.9848331237668102,1.0,0.0,4.8952859508e-06,0.9848331237668102,0.0,99855.57528921834,99855.57528921834
2026-08-07 16:00:00+00:00,0.0,0.0,1.1055100087635998,438737.17412768566,332229.0791394906,0,9532800.0,0.0518386304369256,1.0,1.1055100087635998,1098315.2415122697,3060120.5763074607,0.0,0.0,0.9848388056452994,1.0,0.0,5.2756506e-06,0.9848388056452994,0.0,99856.31542061304,99856.31542061304
2026-08-07 17:00:00+00:00,0.0,0.0,1.105514374608523,438737.17412768566,332230.8349677564,0,9529200.0,0.0518386304643339,1.0,1.105514374608523,1098315.2415122697,3060120.5763074607,0.0,0.0,0.9848444875565692,1.0,0.0,5.2849787580000005e-06,0.9848444875565692,0.0,99857.0524580414,99857.0524580414
2026-08-07 18:00:00+00:00,0.0,0.0,1.1055187404706874,438737.17412768566,332232.6106165507,0,9525600.0,0.05183863049176218,1.0,1.1055187404706874,1098315.2415122697,3060120.5763074607,0.0,0.0,0.9848501695006203,1.0,0.0,5.344609417200001e-06,0.9848501695006203,0.0,99857.76968932367,99857.76968932367
2026-08-07 19:00:00+00:00,0.0,0.0,1.1055231063503164,438737.17412768566,332234.4773181986,0,9522000.0,0.05183862863110478,1.0,1.1055231063503164,1098315.165384994,3060120.645829507,0.0,0.0,0.9848558520112443,1.0,0.0,5.6186429148e-06,0.9848558520112443,0.0,99858.39611632889,99858.39611632889
2026-08-07 20:00:00+00:00,0.0,0.0,1.1055274569690887,438737.17412768566,332236.45607865084,0,9518400.0,0.05184477245530861,1.0,1.1055274569690887,1098315.165384994,3059214.3987305816,0.0,0.0,0.9848597977453419,1.0,0.0,5.9558977007999995e-06,0.9848597977453419,0.0,99858.14849610452,99858.14849610452
2026-08-07 21:00:00+00:00,0.0,0.0,1.1055318374439036,438737.17412768566,332238.4352856221,0,9514800.0,0.05184470543072295,1.0,1.1055318374439036,1098315.165384994,3059214.3987305816,0.0,0.0,0.9848654993764165,1.0,0.0,5.9572062e-06,0.9848654993764165,0.0,99858.6708066389,99858.6708066389
2026-08-07 22:00:00+00:00,0.0,0.0,1.1055362033750318,438737.17412768566,332240.39612125134,0,9511200.0,0.05184470545823738,1.0,1.1055362033750318,1098315.165384994,3059214.3987305816,0.0,0.0,0.9848711820910153,1.0,0.0,5.9018753844e-06,0.9848711820910153,0.0,99859.20318915404,99859.20318915404
2026-08-07 23:00:00+00:00,0.0,0.0,1.1055405693234017,438737.17412768566,332242.35737685574,0,9507600.0,0.05184470548577291,1.0,1.1055405693234017,1098315.165384994,3059214.3987305816,0.0,0.0,0.9848768648384036,1.0,0.0,5.9031046152e-06,0.9848768648384036,0.0,99859.73516608012,99859.73516608012
2026-08-08 00:00:00+00:00,0.0,0.0,1.1055449352890134,438737.17412768566,332244.30013101496,0,9504000.0,0.051844705513329536,1.0,1.1055449352890134,1098315.165384994,3059214.3987305816,0.0,0.0,0.9848825476185815,1.0,0.0,5.847383502000001e-06,0.9848825476185815,0.0,99860.2856588373,99860.2856588373
2026-08-08 01:00:00+00:00,0.0,0.0,1.1055493017753684,438737.17412768566,332245.9804153965,0,9500400.0,0.051840438012510814,1.0,1.1055493017753684,1098142.0868930644,3059368.596919972,0.0,0.0,0.9848894342144565,1.0,0.0,5.057363307599999e-06,0.9848894342144565,0.0,99861.62678006932,99861.62678006932
2026-08-08 02:00:00+00:00,0.0,0.0,1.1055536776938215,438737.17412768566,332247.99364431086,0,9496800.0,0.0517563768204099,1.0,1.1055536776938215,1094736.5252106502,3062402.739366377,0.0,0.0,0.9849188210168384,1.0,0.0,6.059434676399999e-06,0.9849188210168384,0.0,99872.50663378864,99872.50663378864
2026-08-08 03:00:00+00:00,0.0,0.0,1.1055580689598814,438737.17412768566,332249.97041072557,0,9493200.0,0.0515424174013126,1.0,1.1055580689598814,1086100.2867152656,3070097.582252129,0.0,0.0,0.9849848175719766,1.0,0.0,5.9496537888e-06,0.9849848175719766,0.0,99899.48500947747,99899.48500947747
2026-08-08 04:00:00+00:00,0.0,0.0,1.1055624387796574,438737.17412768566,332251.6210130865,0,9489600.0,0.05151034643410268,1.0,1.1055624387796574,1084809.7086874226,3071247.49246838,0.0,0.0,0.9849995086381834,1.0,0.0,4.967941032e-06,0.9849995086381834,0.0,99904.27992398897,99904.27992398897
2026-08-08 05:00:00+00:00,0.0,0.0,1.1055668048316356,438737.17412768566,332253.27523181686,0,9486000.0,0.05151034646158181,1.0,1.1055668048316356,1084809.7086874226,3071247.49246838,0.0,0.0,0.9850051563769727,1.0,0.0,4.9788007272e-06,0.9850051563769727,0.0,99905.10357821529,99905.10357821529
2026-08-08 06:00:00+00:00,0.0,0.0,1.1055712675239786,438737.17412768566,332254.9279987864,0,9482400.0,0.05069199064646224,1.0,1.1055712675239786,1052226.8684278047,3100283.6939385924,0.0,0.0,0.9852414263876166,1.0,0.0,4.9744065204e-06,0.9852414263876166,0.0,100007.11124804674,100007.11124804674
2026-08-08 07:00:00+00:00,0.0,0.0,1.1055756367804226,438737.17412768566,332256.8133101403,0,9478800.0,0.050665156440735215,1.0,1.1055756367804226,1051169.841236094,3101225.7421760117,0.0,0.0,0.9852545512733757,1.0,0.0,5.674275522000001e-06,0.9852545512733757,0.0,100010.98431198153,100010.98431198153
2026-08-08 08:00:00+00:00,0.0,0.0,1.1055800028845217,438737.17412768566,332258.78135318955,0,9475200.0,0.050665156467813555,1.0,1.1055800028845217,1051169.841236094,3101225.7421760117,0.0,0.0,0.9852601100342859,1.0,0.0,5.923241125199999e-06,0.9852601100342859,0.0,100011.45510398567,100011.45510398567
2026-08-08 09:00:00+00:00,0.0,0.0,1.1055843026479362,438737.17412768566,332260.74611283065,0,9471600.0,0.05122708973376344,1.0,1.1055843026479362,1073456.5524851698,3081367.8261850676,0.0,0.0,0.9851074567974826,1.0,0.0,5.913324018e-06,0.9851074567974826,0.0,99942.51569460804,99942.51569460804
2026-08-08 10:00:00+00:00,0.0,0.0,1.1055886687862584,438737.17412768566,332262.5944801608,0,9468000.0,0.05122708976119128,1.0,1.1055886687862584,1073456.5524851698,3081367.8261850676,0.0,0.0,0.9851130748577231,1.0,0.0,5.5629869328e-06,0.9851130748577231,0.0,99943.13217915193,99943.13217915193
2026-08-08 11:00:00+00:00,0.0,0.0,1.1055930349418226,438737.17412768566,332264.46718851663,0,9464400.0,0.05122708978863977,1.0,1.1055930349418226,1073456.5524851698,3081367.8261850676,0.0,0.0,0.9851186929500034,1.0,0.0,5.636213974799999e-06,0.9851186929500034,0.0,99943.72433672711,99943.72433672711
2026-08-08 12:00:00+00:00,0.0,0.0,1.1055974011146303,438737.17412768566,332266.3380678548,0,9460800.0,0.05122708981610957,1.0,1.1055974011146303,1073456.5524851698,3081367.8261850676,0.0,0.0,0.9851243110743236,1.0,0.0,5.6306775348e-06,0.9851243110743236,0.0,99944.3183373771,99944.3183373771
2026-08-08 13:00:00+00:00,0.0,0.0,1.1056017673046803,438737.17412768566,332268.2002626481,0,9457200.0,0.05122708984360025,1.0,1.1056017673046803,1073456.5524851698,3081367.8261850676,0.0,0.0,0.985129929230684,1.0,0.0,5.6045086775999995e-06,0.985129929230684,0.0,99944.92103662912,99944.92103662912
2026-08-08 14:00:00+00:00,0.0,0.0,1.1056061335119733,438737.17412768566,332270.0547075291,0,9453600.0,0.05122708987111202,1.0,1.1056061335119733,1073456.5524851698,3081367.8261850676,0.0,0.0,0.9851355474190846,1.0,0.0,5.5811531303999995e-06,0.9851355474190846,0.0,99945.5314998508,99945.5314998508
2026-08-08 15:00:00+00:00,0.0,0.0,1.105610499736509,438737.17412768566,332271.9027180426,0,9450000.0,0.051227089898643996,1.0,1.105610499736509,1073456.5524851698,3081367.8261850676,0.0,0.0,0.9851411656395258,1.0,0.0,5.5617572160000005e-06,0.9851411656395258,0.0,99946.14841149724,99946.14841149724
2026-08-08 16:00:00+00:00,0.0,0.0,1.105614865978288,438737.17412768566,332273.74484431813,0,9446400.0,0.05122708992619751,1.0,1.105614865978288,1073456.5524851698,3081367.8261850676,0.0,0.0,0.9851467838920076,1.0,0.0,5.5440172764000005e-06,0.9851467838920076,0.0,99946.77122143912,99946.77122143912
2026-08-08 17:00:00+00:00,0.0,0.0,1.1056192322373097,438737.17412768566,332275.59137830057,0,9442800.0,0.051227089953771676,1.0,1.1056192322373097,1073456.5524851698,3081367.8261850676,0.0,0.0,0.9851524021765303,1.0,0.0,5.5572517548e-06,0.9851524021765303,0.0,99947.38963773166,99947.38963773166
2026-08-08 18:00:00+00:00,0.0,0.0,1.1056235985135745,438737.17412768566,332277.44932959805,0,9439200.0,0.05122708998136738,1.0,1.1056235985135745,1073456.5524851698,3081367.8261850676,0.0,0.0,0.985158020493094,1.0,0.0,5.5915816608e-06,0.985158020493094,0.0,99947.99665076664,99947.99665076664
2026-08-08 19:00:00+00:00,0.0,0.0,1.1056279648073088,438737.17412768566,332279.31075830554,0,9435600.0,0.051227088092287154,1.0,1.1056279648073088,1073456.476381761,3081367.895685065,0.0,0.0,0.9851636393791366,1.0,0.0,5.602015717200001e-06,0.9851636393791366,0.0,99948.60043624329,99948.60043624329
2026-08-08 20:00:00+00:00,0.0,0.0,1.1056323311180605,438737.17412768566,332281.16700884403,0,9432000.0,0.051227088119924824,1.0,1.1056323311180605,1073456.476381761,3081367.895685065,0.0,0.0,0.985169257759581,1.0,0.0,5.586400638e-06,0.985169257759581,0.0,99949.20917806408,99949.20917806408
2026-08-08 21:00:00+00:00,0.0,0.0,1.1056366974460545,438737.17412768566,332283.00481325336,0,9428400.0,0.05122708814758359,1.0,1.1056366974460545,1073456.476381761,3081367.895685065,0.0,0.0,0.9851748761720668,1.0,0.0,5.5308561228e-06,0.9851748761720668,0.0,99949.83638007188,99949.83638007188
2026-08-08 22:00:00+00:00,0.0,0.0,1.1056410637912928,438737.17412768566,332284.80672462896,0,9424800.0,0.05122708817526345,1.0,1.1056410637912928,1073456.476381761,3081367.895685065,0.0,0.0,0.9851804946165945,1.0,0.0,5.422806655200001e-06,0.9851804946165945,0.0,99950.49948917137,99950.49948917137
2026-08-08 23:00:00+00:00,0.0,0.0,1.105645430153774,438737.17412768566,332286.5532658698,0,9421200.0,0.05122708820296418,1.0,1.105645430153774,1073456.476381761,3081367.895685065,0.0,0.0,0.9851861130931642,1.0,0.0,5.2561435716e-06,0.9851861130931642,0.0,99951.2179824636,99951.2179824636
2026-08-09 00:00:00+00:00,0.0,0.0,1.1056496689580946,438737.17412768566,332288.3030141133,0,9417600.0,0.05230820474722675,1.0,1.1056496689580946,1117217.9172637297,3042384.410807748,0.0,0.0,0.9848893603690899,1.0,0.0,5.265767210399999e-06,0.9848893603690899,0.0,99819.27178264508,99819.27178264508
2026-08-09 01:00:00+00:00,0.0,0.0,1.1056540513887476,438737.17412768566,332290.0699310181,0,9414000.0,0.05217226517946849,1.0,1.1056540513887476,1111651.8261216697,3047343.0721056424,0.0,0.0,0.9849330764306485,1.0,0.0,5.3174071764e-06,0.9849330764306485,0.0,99836.68472705246,99836.68472705246
2026-08-09 02:00:00+00:00,0.0,0.0,1.105658417802519,438737.17412768566,332291.82744978595,0,9410400.0,0.052172265207758084,1.0,1.105658417802519,1111651.8261216697,3047343.0721056424,0.0,0.0,0.9849387945437731,1.0,0.0,5.2890961212e-06,0.9849387945437731,0.0,99837.43595707824,99837.43595707824
2026-08-09 03:00:00+00:00,0.0,0.0,1.105662784233534,438737.17412768566,332293.4973864865,0,9406800.0,0.05217226523606899,1.0,1.105662784233534,1111651.8261216697,3047343.0721056424,0.0,0.0,0.9849445126900948,1.0,0.0,5.025499776e-06,0.9849445126900948,0.0,99838.2747837361,99838.2747837361
2026-08-09 04:00:00+00:00,0.0,0.0,1.105667150681793,438737.17412768566,332295.3417709823,0,9403200.0,0.05217226526440211,1.0,1.105667150681793,1111651.8261216697,3047343.0721056424,0.0,0.0,0.9849502308696134,1.0,0.0,5.5504528128000006e-06,0.9849502308696134,0.0,99838.93917716347,99838.93917716347
2026-08-09 05:00:00+00:00,0.0,0.0,1.1056715171472957,438737.17412768566,332297.1780068032,0,9399600.0,0.05217226529275698,1.0,1.1056715171472957,1111651.8261216697,3047343.0721056424,0.0,0.0,0.9849559490823295,1.0,0.0,5.525899754399999e-06,0.9849559490823295,0.0,99839.61173383071,99839.61173383071
2026-08-09 06:00:00+00:00,0.0,0.0,1.1056758836300427,438737.17412768566,332299.01453795255,0,9396000.0,0.05217226532113317,1.0,1.1056758836300427,1111651.8261216697,3047343.0721056424,0.0,0.0,0.9849616673282433,1.0,0.0,5.526757962e-06,0.9849616673282433,0.0,99840.28400973452,99840.28400973452
2026-08-09 07:00:00+00:00,0.0,0.0,1.1056802501300331,438737.17412768566,332300.7099602372,0,9392400.0,0.052172265349531344,1.0,1.1056802501300331,1111651.8261216697,3047343.0721056424,0.0,0.0,0.9849673856073548,1.0,0.0,5.102085427199999e-06,0.9849673856073548,0.0,99841.09740906808,99841.09740906808
2026-08-09 08:00:00+00:00,0.0,0.0,1.1056846214470835,438737.17412768566,332302.5434280182,0,9388800.0,0.052131576560068726,1.0,1.1056846214470835,1109989.4367125223,3048824.081047022,0.0,0.0,0.9849844442830954,1.0,0.0,5.5174806071999995e-06,0.9849844442830954,0.0,99846.74821647588,99846.74821647588
2026-08-09 09:00:00+00:00,0.0,0.0,1.1056890700437232,438737.17412768566,332304.51523229945,0,9385200.0,0.051436168582494,1.0,1.1056890700437232,1081832.7412920159,3073913.6492972253,0.0,0.0,0.9851839900166928,1.0,0.0,5.9337446256e-06,0.9851839900166928,0.0,99932.32454346243,99932.32454346243
2026-08-09 10:00:00+00:00,0.0,0.0,1.1056934365957896,438737.17412768566,332306.48745109653,0,9381600.0,0.05143616861054667,1.0,1.1056934365957896,1081832.7412920159,3073913.6492972253,0.0,0.0,0.9851896308791848,1.0,0.0,5.9349568068e-06,0.9851896308791848,0.0,99932.82718073472,99932.82718073472
2026-08-09 11:00:00+00:00,0.0,0.0,1.1056978031651,438737.17412768566,332308.3748167659,0,9378000.0,0.051436168638619995,1.0,1.1056978031651,1081832.7412920159,3073913.6492972253,0.0,0.0,0.9851952717739748,1.0,0.0,5.6795770800000005e-06,0.9851952717739748,0.0,99933.41468530509,99933.41468530509
2026-08-09 12:00:00+00:00,0.0,0.0,1.1057021697516545,438737.17412768566,332309.99964547926,0,9374400.0,0.05143616866671574,1.0,1.1057021697516545,1081832.7412920159,3073913.6492972253,0.0,0.0,0.9852009127010626,1.0,0.0,4.8895088544e-06,0.9852009127010626,0.0,99934.26474100165,99934.26474100165
2026-08-09 13:00:00+00:00,0.0,0.0,1.1057065363554535,438737.17412768566,332311.6244900449,0,9370800.0,0.05143616869483281,1.0,1.1057065363554535,1081832.7412920159,3073913.6492972253,0.0,0.0,0.9852065536604487,1.0,0.0,4.8895326503999995e-06,0.9852065536604487,0.0,99935.11479501647,99935.11479501647
2026-08-09 14:00:00+00:00,0.0,0.0,1.1057107071809533,438737.17412768566,332313.24934869126,0,9367200.0,0.053096099960342036,1.0,1.1057107071809533,1149837.3107020902,3013341.4879348264,0.0,0.0,0.984750669030395,1.0,0.0,4.889551114800001e-06,0.984750669030395,0.0,99733.4764020521,99733.4764020521
2026-08-09 15:00:00+00:00,0.0,0.0,1.1057152600291098,438737.17412768566,332314.87426940346,0,9363600.0,0.0515173736867347,1.0,1.1057152600291098,1085100.780431131,3071017.6619291906,0.0,0.0,0.9851952441132714,1.0,0.0,4.889713975199999e-06,0.9851952441132714,0.0,99926.90309688868,99926.90309688868
2026-08-09 16:00:00+00:00,0.0,0.0,1.1057196266846043,438737.17412768566,332316.4992313695,0,9360000.0,0.05151737371496257,1.0,1.1057196266846043,1085100.780431131,3071017.6619291906,0.0,0.0,0.985200893725861,1.0,0.0,4.8898142064000005e-06,0.985200893725861,0.0,99927.75682998507,99927.75682998507
2026-08-09 17:00:00+00:00,0.0,0.0,1.105723993357344,438737.17412768566,332318.1242068348,0,9356400.0,0.0515173737432113,1.0,1.105723993357344,1085100.780431131,3071017.6619291906,0.0,0.0,0.9852065433708485,1.0,0.0,4.8898309176e-06,0.9852065433708485,0.0,99928.61056379642,99928.61056379642
2026-08-09 18:00:00+00:00,0.0,0.0,1.105728360047328,438737.17412768566,332319.7491957983,0,9352800.0,0.051517373771482244,1.0,1.105728360047328,1085100.780431131,3071017.6619291906,0.0,0.0,0.9852121930482338,1.0,0.0,4.889847625200001e-06,0.9852121930482338,0.0,99929.46429832373,99929.46429832373
2026-08-09 19:00:00+00:00,0.0,0.0,1.1057327267547816,438737.17412768566,332321.3741982887,0,9349200.0,0.051517371896670605,1.0,1.1057327267547816,1085100.7043302814,3071017.73140869,0.0,0.0,0.9852178432866406,1.0,0.0,4.8898644192e-06,0.9852178432866406,0.0,99930.31826546509,99930.31826546509
2026-08-09 20:00:00+00:00,0.0,0.0,1.1057370934792554,438737.17412768566,332322.9992144007,0,9345600.0,0.05151737192498573,1.0,1.1057370934792554,1085100.7043302814,3071017.73140869,0.0,0.0,0.9852234930286218,1.0,0.0,4.8898814976000005e-06,0.9852234930286218,0.0,99931.17200118443,99931.17200118443
2026-08-09 21:00:00+00:00,0.0,0.0,1.1057414602209739,438737.17412768566,332324.62424413924,0,9342000.0,0.05151737195332151,1.0,1.1057414602209739,1085100.7043302814,3071017.73140869,0.0,0.0,0.9852291428030017,1.0,0.0,4.889898590400001e-06,0.9852291428030017,0.0,99932.02573749179,99932.02573749179
2026-08-09 22:00:00+00:00,0.0,0.0,1.105745831448759,438737.17412768566,332326.2192941064,0,9338400.0,0.05147951468044254,1.0,1.105745831448759,1083578.7146075584,3072373.942200291,0.0,0.0,0.9852452964700926,1.0,0.0,4.799662808400001e-06,0.9852452964700926,0.0,99937.5179017759,99937.5179017759
2026-08-09 23:00:00+00:00,0.0,0.0,1.1057501982249849,438737.17412768566,332327.8441135408,0,9334800.0,0.05147951470880141,1.0,1.1057501982249849,1083578.7146075584,3072373.942200291,0.0,0.0,0.9852509423201744,1.0,0.0,4.8892183884e-06,0.9852509423201744,0.0,99938.37012665195,99938.37012665195
2026-08-10 00:00:00+00:00,0.0,0.0,1.1057545650184566,438737.17412768566,332329.4689463042,0,9331200.0,0.05147951473718204,1.0,1.1057545650184566,1083578.7146075584,3072373.942200291,0.0,0.0,0.9852565882026093,1.0,0.0,4.889234592e-06,0.9852565882026093,0.0,99939.2223523935,99939.2223523935
2026-08-10 01:00:00+00:00,0.0,0.0,1.1057589460585862,438737.17412768566,332331.0937924087,0,9327600.0,0.051358981815230464,1.0,1.1057589460585862,1078742.5315263155,3076683.5289676054,0.0,0.0,0.9852956422630362,1.0,0.0,4.8892508316e-06,0.9852956422630362,0.0,99954.73197439889,99954.73197439889
2026-08-10 02:00:00+00:00,0.0,0.0,1.105763315892471,438737.17412768566,332332.71865674417,0,9324000.0,0.051333521947120264,1.0,1.105763315892471,1077722.8533019156,3077592.1854340113,0.0,0.0,0.9853083301841967,1.0,0.0,4.8892817844e-06,0.9853083301841967,0.0,99958.67377273896,99958.67377273896
2026-08-10 03:00:00+00:00,0.0,0.0,1.1057677174411469,438737.17412768566,332334.34354700724,0,9320400.0,0.05103962759444802,1.0,1.1057677174411469,827850.355954981,2398158.269394129,0.0,0.0,0.9853953809470761,1.0,0.0,4.889335896e-06,0.9853953809470761,0.0,99995.24128818722,99995.24128818722
2026-08-10 04:00:00+00:00,0.0,0.0,1.1057720843038048,438737.17412768566,332335.96846167155,0,9316800.0,0.05103962762266745,1.0,1.1057720843038048,827850.355954981,2398158.269394129,0.0,0.0,0.9854009805876914,1.0,0.0,4.889385414e-06,0.9854009805876914,0.0,99996.07314402261,99996.07314402261
2026-08-10 05:00:00+00:00,0.0,0.0,1.105776451183708,438737.17412768566,332337.59339947754,0,9313200.0,0.05103962765090886,1.0,1.105776451183708,827850.355954981,2398158.269394129,0.0,0.0,0.9854065802601274,1.0,0.0,4.889431141199999e-06,0.9854065802601274,0.0,99996.90499067726,99996.90499067726
2026-08-10 06:00:00+00:00,0.0,0.0,1.105780818080857,438737.17412768566,332339.21835935477,0,9309600.0,0.05103962767917136,1.0,1.105780818080857,827850.355954981,2398158.269394129,0.0,0.0,0.9854121799643843,1.0,0.0,4.889473646399999e-06,0.9854121799643843,0.0,99997.73682922166,99997.73682922166
2026-08-10 07:00:00+00:00,0.0,0.0,1.1057851849952514,438737.17412768566,332340.8433403606,0,9306000.0,0.05103962770745607,1.0,1.1057851849952514,827850.355954981,2398158.269394129,0.0,0.0,0.9854177797004624,1.0,0.0,4.889513314799999e-06,0.9854177797004624,0.0,99998.56866059854,99998.56866059854
2026-08-10 08:00:00+00:00,0.0,0.0,1.1057895519268917,438737.17412768566,332342.5171479289,0,9302400.0,0.051039627735763204,1.0,1.1057895519268917,827850.355954981,2398158.269394129,0.0,0.0,0.9854233794683614,1.0,0.0,5.0364058068000004e-06,0.9854233794683614,0.0,99999.35167937406,99999.35167937406
2026-08-10 09:00:00+00:00,0.0,0.0,1.1057939188757775,438737.17412768566,332344.14224084996,0,9298800.0,0.05103962776409121,1.0,1.1057939188757775,827850.355954981,2398158.269394129,0.0,0.0,0.9854289792680823,1.0,0.0,4.8898015272e-06,0.9854289792680823,0.0,100000.18342675822,100000.18342675822
2026-08-10 10:00:00+00:00,0.0,0.0,1.1057982470497134,438737.17412768566,332345.81623366696,0,9295200.0,0.051368145479909755,1.0,1.1057982470497134,838031.8109175484,2389086.439752971,0.0,0.0,0.9853438113161929,1.0,0.0,5.0369132124e-06,0.9853438113161929,0.0,99961.14308740298,99961.14308740298
2026-08-10 11:00:00+00:00,0.0,0.0,1.1058026495130644,438737.17412768566,332347.4415616836,0,9291600.0,0.05106767376407384,1.0,1.1058026495130644,828716.7829103139,2397388.0024569375,0.0,0.0,0.9854324315336688,1.0,0.0,4.8904603668e-06,0.9854324315336688,0.0,99998.39874317229,99998.39874317229
2026-08-10 12:00:00+00:00,0.0,0.0,1.1058070165136749,438737.17412768566,332349.0669681273,0,9288000.0,0.05106767379248445,1.0,1.1058070165136749,828716.7829103139,2397388.0024569375,0.0,0.0,0.9854380343865462,1.0,0.0,4.8906724284e-06,0.9854380343865462,0.0,99999.23151656706,99999.23151656706
2026-08-10 13:00:00+00:00,0.0,0.0,1.1058114031169786,438737.17412768566,332350.7904177641,0,9284400.0,0.05090184798562403,1.0,1.1058114031169786,823606.0430643926,2401942.923059396,0.0,0.0,0.9854894140141438,1.0,0.0,5.1856476803999996e-06,0.9854894140141438,0.0,100020.0502195502,100020.0502195502
2026-08-10 14:00:00+00:00,0.0,0.0,1.1058156980548306,438737.17412768566,332352.513974725,0,9280800.0,0.051512407573033325,1.0,1.1058156980548306,842529.8305424951,2385082.13860055,0.0,0.0,0.9853265630737101,1.0,0.0,5.185943712000001e-06,0.9853265630737101,0.0,99946.87790117942,99946.87790117942
2026-08-10 15:00:00+00:00,0.0,0.0,1.1058200651069718,438737.17412768566,332354.17817783635,0,9277200.0,0.05151240760176412,1.0,1.1058200651069718,842529.8305424951,2385082.13860055,0.0,0.0,0.9853322129080538,1.0,0.0,5.007330694800001e-06,0.9853322129080538,0.0,99947.69249042228,99947.69249042228
2026-08-10 16:00:00+00:00,0.0,0.0,1.105824511257572,438737.17412768566,332355.8103207013,0,9273600.0,0.050842728850788665,1.0,1.105824511257572,821790.5479187875,2403565.580392436,0.0,0.0,0.9855224739864454,1.0,0.0,4.910842000799999e-06,0.9855224739864454,0.0,100029.53495543741,100029.53495543741
2026-08-10 17:00:00+00:00,0.0,0.0,1.105828878344518,438737.17412768566,332357.72368713625,0,9270000.0,0.05084272887918084,1.0,1.105828878344518,821790.5479187875,2403565.580392436,0.0,0.0,0.9855280532712727,1.0,0.0,5.7569654808e-06,0.9855280532712727,0.0,100030.0694286612,100030.0694286612
2026-08-10 18:00:00+00:00,0.0,0.0,1.1058332454487105,438737.17412768566,332359.34421552246,0,9266400.0,0.050842728907595,1.0,1.1058332454487105,821790.5479187875,2403565.580392436,0.0,0.0,0.9855336325876857,1.0,0.0,4.875844068e-06,0.9855336325876857,0.0,100030.89675379155,100030.89675379155
2026-08-10 19:00:00+00:00,0.0,0.0,1.1058376125704437,438737.17412768566,332361.0716749639,0,9262800.0,0.05084272644461252,1.0,1.1058376125704437,821790.4718439011,2403565.64984897,0.0,0.0,0.9855392126219918,1.0,0.0,5.1975519336e-06,0.9855392126219918,0.0,100031.61746283312,100031.61746283312
2026-08-10 20:00:00+00:00,0.0,0.0,1.1058419797091292,438737.17412768566,332362.7902018044,0,9259200.0,0.050842726473070865,1.0,1.1058419797091292,821790.4718439011,2403565.64984897,0.0,0.0,0.985544792001314,1.0,0.0,5.1706488636e-06,0.985544792001314,0.0,100032.34681710979,100032.34681710979
2026-08-10 21:00:00+00:00,0.0,0.0,1.1058463468650612,438737.17412768566,332365.0776754368,0,9255600.0,0.05084272650155186,1.0,1.1058463468650612,821790.4718439011,2403565.64984897,0.0,0.0,0.9855503714122222,1.0,0.0,6.882436386e-06,0.9855503714122222,0.0,100032.50723845261,100032.50723845261
2026-08-10 22:00:00+00:00,0.0,0.0,1.1058507140382396,438737.17412768566,332367.17584139673,0,9252000.0,0.050842726530054616,1.0,1.1058507140382396,821790.4718439011,2403565.64984897,0.0,0.0,0.9855559508547169,1.0,0.0,6.3128152692e-06,0.9855559508547169,0.0,100032.85698132601,100032.85698132601
2026-08-10 23:00:00+00:00,0.0,0.0,1.1058550812286652,438737.17412768566,332369.181776953,0,9248400.0,0.050842726558580464,1.0,1.1058550812286652,821790.4718439011,2403565.64984897,0.0,0.0,0.985561530328798,1.0,0.0,6.0352816068e-06,0.985561530328798,0.0,100033.29896846123,100033.29896846123
2026-08-11 00:00:00+00:00,0.0,0.0,1.1058594523400753,438737.17412768566,332371.1185117741,0,9244800.0,0.0508096808835381,1.0,1.1058594523400753,820776.1515179061,2404469.6985403537,0.0,0.0,0.9855761956355819,1.0,0.0,5.82704199e-06,0.9855761956355819,0.0,100037.79644889617,100037.79644889617
2026-08-11 01:00:00+00:00,0.0,0.0,1.1058638195650097,438737.17412768566,332373.0028536186,0,9241200.0,0.05080968091208926,1.0,1.1058638195650097,820776.1515179061,2404469.6985403537,0.0,0.0,0.9855817716861577,1.0,0.0,5.6693749788e-06,0.9855817716861577,0.0,100038.3585277241,100038.3585277241
2026-08-11 02:00:00+00:00,0.0,0.0,1.1058681981543463,438737.17412768566,332374.8482391612,0,9237600.0,0.05071363230696724,1.0,1.1058681981543463,817832.8624520492,2407093.087420953,0.0,0.0,0.9856137378329791,1.0,0.0,5.552136918e-06,0.9856137378329791,0.0,100050.53787910572,100050.53787910572
2026-08-11 03:00:00+00:00,0.0,0.0,1.1058725654138193,438737.17412768566,332376.78092319955,0,9234000.0,0.05071363233550685,1.0,1.1058725654138193,817832.8624520492,2407093.087420953,0.0,0.0,0.9856193038112601,1.0,0.0,5.8147553268e-06,0.9856193038112601,0.0,100051.0471966496,100051.0471966496
2026-08-11 04:00:00+00:00,0.0,0.0,1.1058769326905395,438737.17412768566,332378.54653546226,0,9230400.0,0.050713632364068895,1.0,1.1058769326905395,817832.8624520492,2407093.087420953,0.0,0.0,0.9856248698209732,1.0,0.0,5.3120665295999996e-06,0.9856248698209732,0.0,100051.72359975957,100051.72359975957
2026-08-11 05:00:00+00:00,0.0,0.0,1.1058812999845065,438737.17412768566,332380.3122939604,0,9226800.0,0.05071363239265336,1.0,1.1058812999845065,817832.8624520492,2407093.087420953,0.0,0.0,0.9856304358621187,1.0,0.0,5.312478276e-06,0.9856304358621187,0.0,100052.3998704247,100052.3998704247
2026-08-11 06:00:00+00:00,0.0,0.0,1.105885668932631,438737.17412768566,332381.9447759812,0,9223200.0,0.050699777647911004,1.0,1.105885668932631,817408.9025313646,2407470.971445907,0.0,0.0,0.9856398030438142,1.0,0.0,4.911476256e-06,0.9856398030438142,0.0,100054.87711923051,100054.87711923051
2026-08-11 07:00:00+00:00,0.0,0.0,1.105890036261099,438737.17412768566,332383.577972066,0,9219600.0,0.05069977767653211,1.0,1.105890036261099,817408.9025313646,2407470.971445907,0.0,0.0,0.9856453676856327,1.0,0.0,4.913600446800001e-06,0.9856453676856327,0.0,100055.68533837219,100055.68533837219
2026-08-11 08:00:00+00:00,0.0,0.0,1.1058944036068143,438737.17412768566,332385.21118640533,0,9216000.0,0.05069977770517564,1.0,1.1058944036068143,817408.9025313646,2407470.971445907,0.0,0.0,0.9856509323588676,1.0,0.0,4.9136312232e-06,0.9856509323588676,0.0,100056.49355304288,100056.49355304288
2026-08-11 09:00:00+00:00,0.0,0.0,1.1058987709697774,438737.17412768566,332386.84441786015,0,9212400.0,0.05069977773384182,1.0,1.1058987709697774,817408.9025313646,2407470.971445907,0.0,0.0,0.9856564970635189,1.0,0.0,4.9136585724e-06,0.9856564970635189,0.0,100057.30176438164,100057.30176438164
2026-08-11 10:00:00+00:00,0.0,0.0,1.1059031383499873,438737.17412768566,332388.4776657869,0,9208800.0,0.05069977776253021,1.0,1.1059031383499873,817408.9025313646,2407470.971445907,0.0,0.0,0.985662061799587,1.0,0.0,4.9136839848e-06,0.985662061799587,0.0,100058.10997303214,100058.10997303214
2026-08-11 11:00:00+00:00,0.0,0.0,1.1059075057474452,438737.17412768566,332390.1109324546,0,9205200.0,0.05069977779124035,1.0,1.1059075057474452,817408.9025313646,2407470.971445907,0.0,0.0,0.9856676265670723,1.0,0.0,4.9137162228000004e-06,0.9856676265670723,0.0,100058.91817672568,100058.91817672568
2026-08-11 12:00:00+00:00,0.0,0.0,1.1059118731621504,438737.17412768566,332391.74421323364,0,9201600.0,0.05069977781997381,1.0,1.1059118731621504,817408.9025313646,2407470.971445907,0.0,0.0,0.9856731913659744,1.0,0.0,4.913734532399999e-06,0.9856731913659744,0.0,100059.72638009151,100059.72638009151
2026-08-11 13:00:00+00:00,0.0,0.0,1.105916246101097,438737.17412768566,332393.3775084868,0,9198000.0,0.050653169396120745,1.0,1.105916246101097,815983.830800047,2408741.195472449,0.0,0.0,0.9856915094406609,1.0,0.0,4.913753932799999e-06,0.9856915094406609,0.0,100066.12990516174,100066.12990516174
2026-08-11 14:00:00+00:00,0.0,0.0,1.1059206145136378,438737.17412768566,332395.01088048157,0,9194400.0,0.05064501662212395,1.0,1.1059206145136378,815734.7303624632,2408963.230070485,0.0,0.0,0.985699299409178,1.0,0.0,4.9139606627999994e-06,0.985699299409178,0.0,100067.91428194073,100067.91428194073
2026-08-11 15:00:00+00:00,0.0,0.0,1.105924981980112,438737.17412768566,332396.6442757442,0,9190800.0,0.050645016650892716,1.0,1.105924981980112,815734.7303624632,2408963.230070485,0.0,0.0,0.985704858522163,1.0,0.0,4.914006516e-06,0.985704858522163,0.0,100068.71987619979,100068.71987619979
2026-08-11 16:00:00+00:00,0.0,0.0,1.1059293494638338,438737.17412768566,332398.27769083815,0,9187200.0,0.05064501667968435,1.0,1.1059293494638338,815734.7303624632,2408963.230070485,0.0,0.0,0.9857104176665,1.0,0.0,4.91404203e-06,0.9857104176665,0.0,100069.52546438284,100069.52546438284
2026-08-11 17:00:00+00:00,0.0,0.0,1.1059337169648034,438737.17412768566,332399.9111245562,0,9183600.0,0.050645016708498636,1.0,1.1059337169648034,815734.7303624632,2408963.230070485,0.0,0.0,0.9857159768421893,1.0,0.0,4.9140739116e-06,0.9857159768421893,0.0,100070.33104769717,100070.33104769717
2026-08-11 18:00:00+00:00,0.0,0.0,1.1059380844830211,438737.17412768566,332401.5445788407,0,9180000.0,0.05064501673733557,1.0,1.1059380844830211,815734.7303624632,2408963.230070485,0.0,0.0,0.985721536049231,1.0,0.0,4.9141116359999995e-06,0.985721536049231,0.0,100071.1366242005,100071.1366242005
2026-08-11 19:00:00+00:00,0.0,0.0,1.1059424520187828,438737.17412768566,332403.4807151891,0,9176400.0,0.05064501426254475,1.0,1.1059424520187828,815734.6543017852,2408963.299505175,0.0,0.0,0.9857270959711277,1.0,0.0,5.8246742267999995e-06,0.9857270959711277,0.0,100071.63983227353,100071.63983227353
2026-08-11 20:00:00+00:00,0.0,0.0,1.105946819571497,438737.17412768566,332405.4689713604,0,9172800.0,0.05064501429142676,1.0,1.105946819571497,815734.6543017852,2408963.299505175,0.0,0.0,0.9857326552406106,1.0,0.0,5.9814362376e-06,0.9857326552406106,0.0,100072.0906342853,100072.0906342853
2026-08-11 21:00:00+00:00,0.0,0.0,1.1059511871414593,438737.17412768566,332407.37359885336,0,9169200.0,0.050645014320331416,1.0,1.1059511871414593,815734.6543017852,2408963.299505175,0.0,0.0,0.9857382145414465,1.0,0.0,5.7298155839999995e-06,0.9857382145414465,0.0,100072.62507873122,100072.62507873122
2026-08-11 22:00:00+00:00,0.0,0.0,1.1059555547286697,438737.17412768566,332409.278536514,0,9165600.0,0.05064501434925894,1.0,1.1059555547286697,815734.6543017852,2408963.299505175,0.0,0.0,0.9857437738736355,1.0,0.0,5.730715843200001e-06,0.9857437738736355,0.0,100073.15922676527,100073.15922676527
2026-08-11 23:00:00+00:00,0.0,0.0,1.1059599223331287,438737.17412768566,332411.1837844169,0,9162000.0,0.05064501437820912,1.0,1.1059599223331287,815734.6543017852,2408963.299505175,0.0,0.0,0.9857493332371778,1.0,0.0,5.7316163112000004e-06,0.9857493332371778,0.0,100073.69307831285,100073.69307831285
2026-08-12 00:00:00+00:00,0.0,0.0,1.1059642899548356,438737.17412768566,332413.08934264036,0,9158400.0,0.0506450144071815,1.0,1.1059642899548356,815734.6543017852,2408963.299505175,0.0,0.0,0.9857548926320738,1.0,0.0,5.7325169988e-06,0.9857548926320738,0.0,100074.22663329588,100074.22663329588
2026-08-12 01:00:00+00:00,0.0,0.0,1.1059686575937915,438737.17412768566,332414.995211259,0,9154800.0,0.050645014436177416,1.0,1.1059686575937915,815734.6543017852,2408963.299505175,0.0,0.0,0.9857604520583233,1.0,0.0,5.7334178952e-06,0.9857604520583233,0.0,100074.75989163975,100074.75989163975
2026-08-12 02:00:00+00:00,0.0,0.0,1.1059730283619278,438737.17412768566,332416.63251420605,0,9151200.0,0.05061867908854922,1.0,1.1059730283619278,815593.6761704516,2411641.36314993,0.0,0.0,0.985773181791258,1.0,0.0,4.9254664752e-06,0.985773181791258,0.0,100078.70759574784,100078.70759574784
2026-08-12 03:00:00+00:00,0.0,0.0,1.1059773960353931,438737.17412768566,332418.2698738876,0,9147600.0,0.05061867911757445,1.0,1.1059773960353931,815593.6761704516,2411641.36314993,0.0,0.0,0.98577873849991,1.0,0.0,4.9256128871999995e-06,0.98577873849991,0.0,100079.50817071775,100079.50817071775
2026-08-12 04:00:00+00:00,0.0,0.0,1.1059817639495177,438737.17412768566,332419.9072502325,0,9144000.0,0.05061678852514473,1.0,1.1059817639495177,815535.9146509076,2411692.8503116877,0.0,0.0,0.9857848096049672,1.0,0.0,4.9256387532e-06,0.9857848096049672,0.0,100080.53441384941,100080.53441384941
2026-08-12 05:00:00+00:00,0.0,0.0,1.1059861335494108,438737.17412768566,332421.544641294,0,9140400.0,0.05060077824831333,1.0,1.1059861335494108,815046.8888425031,2412128.758157341,0.0,0.0,0.9857947203200366,1.0,0.0,4.925658761999999e-06,0.9857947203200366,0.0,100083.24522191106,100083.24522191106
2026-08-12 06:00:00+00:00,0.0,0.0,1.1059905012746303,438737.17412768566,332423.1820461135,0,9136800.0,0.05060077827739695,1.0,1.1059905012746303,815046.8888425031,2412128.758157341,0.0,0.0,0.9858002752326744,1.0,0.0,4.925675887199999e-06,0.9858002752326744,0.0,100084.04496376484,100084.04496376484
2026-08-12 07:00:00+00:00,0.0,0.0,1.1059948690170986,438737.17412768566,332424.819464155,0,9133200.0,0.050600778306504335,1.0,1.1059948690170986,815046.8888425031,2412128.758157341,0.0,0.0,0.9858058301766138,1.0,0.0,4.925691399600001e-06,0.9858058301766138,0.0,100084.84470612975,100084.84470612975
2026-08-12 08:00:00+00:00,0.0,0.0,1.1059991195367844,438737.17412768566,332426.4568972808,0,9129600.0,0.05159336231865663,1.0,1.1059991195367844,845743.671337925,2384776.962203985,0.0,0.0,0.9855419190875272,1.0,0.0,4.925712513599999e-06,0.9855419190875272,0.0,99967.41966755711,99967.41966755711
2026-08-12 09:00:00+00:00,0.0,0.0,1.1060034780903376,438737.17412768566,332428.0943472,0,9126000.0,0.051671485665282235,1.0,1.1060034780903376,845743.671337925,2375717.6836588765,0.0,0.0,0.9855263921094232,1.0,0.0,4.9257387684000004e-06,0.9855263921094232,0.0,99958.96995514183,99958.96995514183
2026-08-12 10:00:00+00:00,0.0,0.0,1.1060078458840539,438737.17412768566,332429.73181493714,0,9122400.0,0.051671485695090835,1.0,1.1060078458840539,845743.671337925,2375717.6836588765,0.0,0.0,0.9855320601082548,1.0,0.0,4.9257681048e-06,0.9855320601082548,0.0,99959.81924919499,99959.81924919499
2026-08-12 11:00:00+00:00,0.0,0.0,1.106012234543388,438737.17412768566,332431.3693034592,0,9118800.0,0.05149489855995948,1.0,1.106012234543388,840232.3113554715,2380629.240880636,0.0,0.0,0.9855855834769455,1.0,0.0,4.9258063656000005e-06,0.9855855834769455,0.0,99981.6644522021,99981.6644522021
2026-08-12 12:00:00+00:00,0.0,0.0,1.1060166023716846,438737.17412768566,332433.00357726304,0,9115200.0,0.05149489858971035,1.0,1.1060166023716846,840232.3113554715,2380629.240880636,0.0,0.0,0.9855912329229101,1.0,0.0,4.916111828400001e-06,0.9855912329229101,0.0,99982.50880035618,99982.50880035618
2026-08-12 13:00:00+00:00,0.0,0.0,1.1060209702172306,438737.17412768566,332435.3338501893,0,9111600.0,0.05149489861948431,1.0,1.1060209702172306,840232.3113554715,2380629.240880636,0.0,0.0,0.9855968824012579,1.0,0.0,7.009727475599999e-06,0.9855968824012579,0.0,99982.65716359549,99982.65716359549
2026-08-12 14:00:00+00:00,0.0,0.0,1.1060253380800262,438737.17412768566,332437.6192095463,0,9108000.0,0.051494898649282694,1.0,1.1060253380800262,840232.3113554715,2380629.240880636,0.0,0.0,0.9856025319119887,1.0,0.0,6.874574598e-06,0.9856025319119887,0.0,99982.8504546117,99982.8504546117
2026-08-12 15:00:00+00:00,0.0,0.0,1.106029719439524,438737.17412768566,332439.8210138611,0,9104400.0,0.05138074434271367,1.0,1.106029719439524,836682.3954157663,2383792.939217732,0.0,0.0,0.985639074779758,1.0,0.0,6.6231885204e-06,0.985639074779758,0.0,99996.68136483658,99996.68136483658
2026-08-12 16:00:00+00:00,0.0,0.0,1.1060340583114388,438737.17412768566,332441.4863443132,0,9100800.0,0.0516265684014614,1.0,1.1060340583114388,844339.6621540525,2376970.0232822374,0.0,0.0,0.9855782168163182,1.0,0.0,5.0094067428e-06,0.9855782168163182,0.0,99968.31538348173,99968.31538348173
2026-08-12 17:00:00+00:00,0.0,0.0,1.106038435817982,438737.17412768566,332443.12711577123,0,9097200.0,0.0515453247066171,1.0,1.106038435817982,841803.925906712,2379229.7878336194,0.0,0.0,0.9856058459861268,1.0,0.0,4.9355073792e-06,0.9856058459861268,0.0,99978.79655590898,99978.79655590898
2026-08-12 18:00:00+00:00,0.0,0.0,1.106042803749752,438737.17412768566,332444.7679135474,0,9093600.0,0.051545324736539166,1.0,1.106042803749752,841803.925906712,2379229.7878336194,0.0,0.0,0.9856115009438121,1.0,0.0,4.9355621856e-06,0.9856115009438121,0.0,99979.63679828751,99979.63679828751
2026-08-12 19:00:00+00:00,0.0,0.0,1.1060471716990614,438737.17412768566,332446.4087358289,0,9090000.0,0.05154532231285147,1.0,1.1060471716990614,841803.8498383259,2379229.857245901,0.0,0.0,0.9856171565968418,1.0,0.0,4.935611538e-06,0.9856171565968418,0.0,99980.47732123412,99980.47732123412
2026-08-12 20:00:00+00:00,0.0,0.0,1.106051539665331,438737.17412768566,332448.8361607503,0,9086400.0,0.051545322342821276,1.0,1.106051539665331,841803.8498383259,2379229.857245901,0.0,0.0,0.9856228116191597,1.0,0.0,7.301676286799999e-06,0.9856228116191597,0.0,99980.53096482408,99980.53096482408
2026-08-12 21:00:00+00:00,0.0,0.0,1.10605590764885,438737.17412768566,332450.4510146875,0,9082800.0,0.05154532237281484,1.0,1.10605590764885,841803.8498383259,2379229.857245901,0.0,0.0,0.9856284666739235,1.0,0.0,4.8574392192e-06,0.9856284666739235,0.0,99981.39719363349,99981.39719363349
2026-08-12 22:00:00+00:00,0.0,0.0,1.1060602756496198,438737.17412768566,332452.3765509973,0,9079200.0,0.05154532240283238,1.0,1.1060602756496198,841803.8498383259,2379229.857245901,0.0,0.0,0.9856341217611334,1.0,0.0,5.7919329864e-06,0.9856341217611334,0.0,99981.95275430562,99981.95275430562
2026-08-12 23:00:00+00:00,0.0,0.0,1.1060646436676385,438737.17412768566,332454.204299048,0,9075600.0,0.051545322432873686,1.0,1.1060646436676385,841803.8498383259,2379229.857245901,0.0,0.0,0.9856397768807895,1.0,0.0,5.4977589432000005e-06,0.9856397768807895,0.0,99982.60611747223,99982.60611747223
2026-08-13 00:00:00+00:00,0.0,0.0,1.106069011702908,438737.17412768566,332455.92947454547,0,9072000.0,0.051545322462938525,1.0,1.106069011702908,841803.8498383259,2379229.857245901,0.0,0.0,0.9856454320328923,1.0,0.0,5.1891989904e-06,0.9856454320328923,0.0,99983.3620674276,99983.3620674276
2026-08-13 01:00:00+00:00,0.0,0.0,1.1060734343598762,438737.17412768566,332457.5723628015,0,9068400.0,0.0510829628478795,1.0,1.1060734343598762,827470.8882558957,2392004.7151790876,0.0,0.0,0.9857757457902736,1.0,0.0,4.9416600852e-06,0.9857757457902736,0.0,100038.89266883495,100038.89266883495
2026-08-13 02:00:00+00:00,0.0,0.0,1.1060778460575276,438737.17412768566,332459.2152635854,0,9064800.0,0.050713696014744514,1.0,1.1060778460575276,816142.7970060774,2402102.568954029,0.0,0.0,0.9858809234431296,1.0,0.0,4.9416733476000005e-06,0.9858809234431296,0.0,100083.39511424652,100083.39511424652
2026-08-13 03:00:00+00:00,0.0,0.0,1.1060822141449351,438737.17412768566,332460.85818736255,0,9061200.0,0.050713696044383694,1.0,1.1060822141449351,816142.7970060774,2402102.568954029,0.0,0.0,0.9858864909369407,1.0,0.0,4.9417180884e-06,0.9858864909369407,0.0,100084.19485697098,100084.19485697098
2026-08-13 04:00:00+00:00,0.0,0.0,1.106086582249593,438737.17412768566,332462.50112415256,0,9057600.0,0.050713696074045966,1.0,1.106086582249593,816142.7970060774,2402102.568954029,0.0,0.0,0.9858920584621929,1.0,0.0,4.9417328088e-06,0.9858920584621929,0.0,100084.99460047699,100084.99460047699
2026-08-13 05:00:00+00:00,0.0,0.0,1.1060909548316633,438737.17412768566,332464.1440744487,0,9054000.0,0.05067595281634518,1.0,1.1060909548316633,814990.9095813324,2403129.3579849917,0.0,0.0,0.9859077939143956,1.0,0.0,4.9417490124e-06,0.9859077939143956,0.0,100090.25537801394,100090.25537801394
2026-08-13 06:00:00+00:00,0.0,0.0,1.1060953271377814,438737.17412768566,332465.7870378189,0,9050400.0,0.05064069224693046,1.0,1.1060953271377814,813680.4437023092,2403392.5356288045,0.0,0.0,0.9859228532871072,1.0,0.0,4.9417639164e-06,0.9859228532871072,0.0,100095.2195212713,100095.2195212713
2026-08-13 07:00:00+00:00,0.0,0.0,1.1060998270809492,438737.17412768566,332467.4300175189,0,9046800.0,0.04952612967407144,1.0,1.1060998270809492,780224.4700720479,2433291.455658772,0.0,0.0,0.9862286615239069,1.0,0.0,4.9417886124e-06,0.9862286615239069,0.0,100227.74598320975,100227.74598320975
2026-08-13 08:00:00+00:00,0.0,0.0,1.1061041961645315,438737.17412768566,332469.16790250305,0,9043200.0,0.04951844302994912,1.0,1.1061041961645315,779996.9842129814,2433494.3022899977,0.0,0.0,0.9862361749609179,1.0,0.0,5.2272201275999996e-06,0.9862361749609179,0.0,100229.30452234781,100229.30452234781
2026-08-13 09:00:00+00:00,0.0,0.0,1.106108565034466,438737.17412768566,332471.25996675127,0,9039600.0,0.049512708204305866,1.0,1.106108565034466,779827.2928491943,2433645.61373229,0.0,0.0,0.9862431610717184,1.0,0.0,6.2924862456e-06,0.9862431610717184,0.0,100230.2775246104,100230.2775246104
2026-08-13 10:00:00+00:00,0.0,0.0,1.106112892903753,438737.17412768566,332472.6722163817,0,9036000.0,0.04985373773307877,1.0,1.106112892903753,789963.3014084238,2424609.3917474872,0.0,0.0,0.9861567961816415,1.0,0.0,4.247725446e-06,0.9861567961816415,0.0,100190.97378716379,100190.97378716379
2026-08-13 11:00:00+00:00,0.0,0.0,1.1061172611295667,438737.17412768566,332474.2800918886,0,9032400.0,0.049853737762389994,1.0,1.1061172611295667,789963.3014084238,2424609.3917474872,0.0,0.0,0.9861622730580669,1.0,0.0,4.836101590800001e-06,0.9861622730580669,0.0,100191.76882094279,100191.76882094279
2026-08-13 12:00:00+00:00,0.0,0.0,1.1061216293812473,438737.17412768566,332475.9343013409,0,9028800.0,0.049853664937617115,1.0,1.1061216293812473,789961.1264411175,2424611.330963059,0.0,0.0,0.9861677695578439,1.0,0.0,4.9754385108000006e-06,0.9861677695578439,0.0,100192.52613027027,100192.52613027027
2026-08-13 13:00:00+00:00,0.0,0.0,1.1061260128917403,438737.17412768566,332477.5188760876,0,9025200.0,0.04972472851129184,1.0,1.1061260128917403,786118.428970747,2428037.630833281,0.0,0.0,0.9862079109687134,1.0,0.0,4.7659719311999994e-06,0.9862079109687134,0.0,100208.55308469391,100208.55308469391
2026-08-13 14:00:00+00:00,0.0,0.0,1.1061305273869757,438737.17412768566,332479.2022254614,0,9021600.0,0.04848930346059954,1.0,1.1061305273869757,749963.8521852713,2460296.459502218,0.0,0.0,0.9865456646023719,1.0,0.0,5.063034391199999e-06,0.9865456646023719,0.0,100355.0548101028,100355.0548101028
2026-08-13 15:00:00+00:00,0.0,0.0,1.1061349010791515,438737.17412768566,332480.8738514038,0,9018000.0,0.04844373341081454,1.0,1.1061349010791515,748653.0259871702,2461465.6490495196,0.0,0.0,0.9865632588886816,1.0,0.0,5.027748289199999e-06,0.9865632588886816,0.0,100361.10245161667,100361.10245161667
2026-08-13 16:00:00+00:00,0.0,0.0,1.1061392693918792,438737.17412768566,332482.5064211066,0,9014400.0,0.04844373343939101,1.0,1.1061392693918792,748653.0259871702,2461465.6490495196,0.0,0.0,0.9865685866642601,1.0,0.0,4.910254462799999e-06,0.9865685866642601,0.0,100361.80737511563,100361.80737511563
2026-08-13 17:00:00+00:00,0.0,0.0,1.1061436411521504,438737.17412768566,332484.40788872057,0,9010800.0,0.04841476923409194,1.0,1.1061436411521504,747820.725188336,2462208.0280034356,0.0,0.0,0.9865817022006962,1.0,0.0,5.7189841272e-06,0.9865817022006962,0.0,100365.66018089477,100365.66018089477
2026-08-13 18:00:00+00:00,0.0,0.0,1.1061480094993943,438737.17412768566,332486.196686981,0,9007200.0,0.04841476926269639,1.0,1.1061480094993943,747820.725188336,2462208.0280034356,0.0,0.0,0.9865870269644911,1.0,0.0,5.3800822116e-06,0.9865870269644911,0.0,100366.20755445462,100366.20755445462
2026-08-13 19:00:00+00:00,0.0,0.0,1.106152377863889,438737.17412768566,332487.9434303595,0,9003600.0,0.04841476929132371,1.0,1.106152377863889,747820.725188336,2462208.0280034356,0.0,0.0,0.9865923517570248,1.0,0.0,5.25356784e-06,0.9865923517570248,0.0,100366.79699550522,100366.79699550522
2026-08-13 20:00:00+00:00,0.0,0.0,1.1061567462456354,438737.17412768566,332489.69028886134,0,9000000.0,0.04841476931997435,1.0,1.1061567462456354,747820.725188336,2462208.0280034356,0.0,0.0,0.9865976765782972,1.0,0.0,5.253886486800001e-06,0.9865976765782972,0.0,100367.38633404113,100367.38633404113
2026-08-13 21:00:00+00:00,0.0,0.0,1.1061611146446335,438737.17412768566,332491.4088523653,0,8996400.0,0.04841476934864786,1.0,1.1061611146446335,747820.725188336,2462208.0280034356,0.0,0.0,0.9866030014283087,1.0,0.0,5.16875895e-06,0.9866030014283087,0.0,100368.00398018392,100368.00398018392
2026-08-13 22:00:00+00:00,0.0,0.0,1.106165483060883,438737.17412768566,332493.0344644167,0,8992800.0,0.04841476937734468,1.0,1.106165483060883,747820.725188336,2462208.0280034356,0.0,0.0,0.9866083263070594,1.0,0.0,4.889173176000001e-06,0.9866083263070594,0.0,100368.71459038818,100368.71459038818
2026-08-13 23:00:00+00:00,0.0,0.0,1.106169851494384,438737.17412768566,332494.65995668253,0,8989200.0,0.04841476940606393,1.0,1.106169851494384,747820.725188336,2462208.0280034356,0.0,0.0,0.9866136512145495,1.0,0.0,4.8887890092e-06,0.9866136512145495,0.0,100369.42533298698,100369.42533298698
2026-08-14 00:00:00+00:00,0.0,0.0,1.106174219945137,438737.17412768566,332496.40408520965,0,8985600.0,0.04841476943480583,1.0,1.106174219945137,747820.725188336,2462208.0280034356,0.0,0.0,0.9866189761507792,1.0,0.0,5.2455698172e-06,0.9866189761507792,0.0,100370.0174519337,100370.0174519337
2026-08-14 01:00:00+00:00,0.0,0.0,1.1061785884131414,438737.17412768566,332498.1483255136,0,8982000.0,0.048414769463571705,1.0,1.1061785884131414,747820.725188336,2462208.0280034356,0.0,0.0,0.9866243011157484,1.0,0.0,5.2458784740000005e-06,0.9866243011157484,0.0,100370.60947171267,100370.60947171267
2026-08-14 02:00:00+00:00,0.0,0.0,1.1061829568983974,438737.17412768566,332499.86558361497,0,8978400.0,0.048414769492360454,1.0,1.1061829568983974,747820.725188336,2462208.0280034356,0.0,0.0,0.9866296261094574,1.0,0.0,5.1647014440000004e-06,0.9866296261094574,0.0,100371.22848630341,100371.22848630341
2026-08-14 03:00:00+00:00,0.0,0.0,1.1061873254009058,438737.17412768566,332501.50902278704,0,8974800.0,0.04841476952117185,1.0,1.1061873254009058,747820.725188336,2462208.0280034356,0.0,0.0,0.9866349511319065,1.0,0.0,4.9426639848e-06,0.9866349511319065,0.0,100371.92133243283,100371.92133243283
2026-08-14 04:00:00+00:00,0.0,0.0,1.106191698901755,438737.17412768566,332503.2018281161,0,8971200.0,0.04837271415863831,1.0,1.106191698901755,746613.6591839337,2463285.3455232903,0.0,0.0,0.9866515352528283,1.0,0.0,5.0911077816000005e-06,0.9866515352528283,0.0,100377.50459745247,100377.50459745247
2026-08-14 05:00:00+00:00,0.0,0.0,1.1061960674387872,438737.17412768566,332504.8453810657,0,8967600.0,0.04837271418747058,1.0,1.1061960674387872,746613.6591839337,2463285.3455232903,0.0,0.0,0.9866568558753958,1.0,0.0,4.9429565748e-06,0.9866568558753958,0.0,100378.19539941271,100378.19539941271
2026-08-14 06:00:00+00:00,0.0,0.0,1.1062004359930708,438737.17412768566,332506.4889421393,0,8964000.0,0.04837271421632594,1.0,1.1062004359930708,746613.6591839337,2463285.3455232903,0.0,0.0,0.9866621765266552,1.0,0.0,4.9429565748e-06,0.9866621765266552,0.0,100378.88620583713,100378.88620583713
2026-08-14 07:00:00+00:00,0.0,0.0,1.106204804564607,438737.17412768566,332508.13255100057,0,8960400.0,0.048372714245204174,1.0,1.106204804564607,746613.6591839337,2463285.3455232903,0.0,0.0,0.9866674972066068,1.0,0.0,4.9430758608e-06,0.9866674972066068,0.0,100379.57697706233,100379.57697706233
2026-08-14 08:00:00+00:00,0.0,0.0,1.1062091986328075,438737.17412768566,332509.77371264814,0,8956800.0,0.04815762109308319,1.0,1.1062091986328075,740461.1543628933,2468773.5400489,0.0,0.0,0.9867303205279062,1.0,0.0,4.935691602000001e-06,0.9867303205279062,0.0,100405.49874187092,100405.49874187092
2026-08-14 09:00:00+00:00,0.0,0.0,1.1062135672389486,438737.17412768566,332511.49176246725,0,8953200.0,0.048157621121876604,1.0,1.1062135672389486,740461.1543628933,2468773.5400489,0.0,0.0,0.9867356184625847,1.0,0.0,5.166901897200001e-06,0.9867356184625847,0.0,100406.10509294138,100406.10509294138
2026-08-14 10:00:00+00:00,0.0,0.0,1.1062179469721392,438737.17412768566,332513.2547903623,0,8949600.0,0.048063848557615474,1.0,1.1062179469721392,737790.3108036261,2471156.081711554,0.0,0.0,0.9867659702729744,1.0,0.0,5.302142225999999e-06,0.9867659702729744,0.0,100417.65853256633,100417.65853256633
2026-08-14 11:00:00+00:00,0.0,0.0,1.1062223164224347,438737.17412768566,332515.14045947226,0,8946000.0,0.04805701543528551,1.0,1.1062223164224347,737595.9596441494,2471329.4562901794,0.0,0.0,0.9867730833671909,1.0,0.0,5.670943146000001e-06,0.9867730833671909,0.0,100418.89364231227,100418.89364231227
2026-08-14 12:00:00+00:00,0.0,0.0,1.1062266869882122,438737.17412768566,332516.94677310035,0,8942400.0,0.04804091342626471,1.0,1.1062266869882122,737244.5911133321,2472094.866189755,0.0,0.0,0.9867826697176099,1.0,0.0,5.4322600751999995e-06,0.9867826697176099,0.0,100421.29321697715,100421.29321697715
2026-08-14 13:00:00+00:00,0.0,0.0,1.1062310786733909,438737.17412768566,332518.6494343771,0,8938800.0,0.04784673027764974,1.0,1.1062310786733909,731738.6396006583,2477006.7530817124,0.0,0.0,0.9868397854200529,1.0,0.0,5.1205117032e-06,0.9868397854200529,0.0,100444.64933758863,100444.64933758863
2026-08-14 14:00:00+00:00,0.0,0.0,1.1062354473659401,438737.17412768566,332520.9644521264,0,8935200.0,0.04784673030636788,1.0,1.1062354473659401,731738.6396006583,2477006.7530817124,0.0,0.0,0.9868450505237225,1.0,0.0,6.9620446692e-06,0.9868450505237225,0.0,100444.64431654481,100444.64431654481
2026-08-14 15:00:00+00:00,0.0,0.0,1.1062397919285831,438737.17412768566,332522.5805207446,0,8931600.0,0.04805050964576951,1.0,1.1062397919285831,737517.4752448384,2471851.876304535,0.0,0.0,0.9867959678410917,1.0,0.0,4.8600385056e-06,0.9867959678410917,0.0,100421.49385045056,100421.49385045056
2026-08-14 16:00:00+00:00,0.0,0.0,1.1062441606555427,438737.17412768566,332524.27746062854,0,8928000.0,0.048050509674659736,1.0,1.1062441606555427,737517.4752448384,2471851.876304535,0.0,0.0,0.9868012546160708,1.0,0.0,5.1032190096e-06,0.9868012546160708,0.0,100422.1164152812,100422.1164152812
2026-08-14 17:00:00+00:00,0.0,0.0,1.1062485293997546,438737.17412768566,332525.94811782526,0,8924400.0,0.04805050970357372,1.0,1.1062485293997546,737517.4752448384,2471851.876304535,0.0,0.0,0.9868065414193739,1.0,0.0,5.0241534623999995e-06,0.9868065414193739,0.0,100422.7652752258,100422.7652752258
2026-08-14 18:00:00+00:00,0.0,0.0,1.1062528981612196,438737.17412768566,332527.7373882557,0,8920800.0,0.04805050973251124,1.0,1.1062528981612196,737517.4752448384,2471851.876304535,0.0,0.0,0.986811828251001,1.0,0.0,5.3808300575999995e-06,0.986811828251001,0.0,100423.29553436354,100423.29553436354
2026-08-14 19:00:00+00:00,0.0,0.0,1.1062572669399378,438737.17412768566,332529.3851993714,0,8917200.0,0.04805050976147163,1.0,1.1062572669399378,737517.4752448384,2471851.876304535,0.0,0.0,0.9868171151109525,1.0,0.0,4.9553972424e-06,0.9868171151109525,0.0,100423.967265243,100423.967265243
2026-08-14 20:00:00+00:00,0.0,0.0,1.1062616357359087,438737.17412768566,332531.0251231455,0,8913600.0,0.04805050979045533,1.0,1.1062616357359087,737517.4752448384,2471851.876304535,0.0,0.0,0.9868224019992285,1.0,0.0,4.931653572e-06,0.9868224019992285,0.0,100424.64689589106,100424.64689589106
2026-08-14 21:00:00+00:00,0.0,0.0,1.1062660063269498,438737.17412768566,332532.7220254648,0,8910000.0,0.04803550572172277,1.0,1.1062660063269498,737452.0960591871,2473443.925177393,0.0,0.0,0.9868316804888799,1.0,0.0,5.1029764488e-06,0.9868316804888799,0.0,100427.02081190154,100427.02081190154
2026-08-14 22:00:00+00:00,0.0,0.0,1.106270375157434,438737.17412768566,332534.42549198976,0,8906400.0,0.04803550575074467,1.0,1.106270375157434,737452.0960591871,2473443.925177393,0.0,0.0,0.9868369658424236,1.0,0.0,5.1226903368e-06,0.9868369658424236,0.0,100427.63622645463,100427.63622645463
2026-08-14 23:00:00+00:00,0.0,0.0,1.1062747440051717,438737.17412768566,332536.12902309676,0,8902800.0,0.048035505779789434,1.0,1.1062747440051717,737452.0960591871,2473443.925177393,0.0,0.0,0.9868422512242753,1.0,0.0,5.1228583055999996e-06,0.9868422512242753,0.0,100428.25158884539,100428.25158884539
2026-08-15 00:00:00+00:00,0.0,0.0,1.1062791128701626,438737.17412768566,332537.8214705123,0,8899200.0,0.04803550580885774,1.0,1.1062791128701626,737452.0960591871,2473443.925177393,0.0,0.0,0.9868475366344347,1.0,0.0,5.0895014436e-06,0.9868475366344347,0.0,100428.8780473473,100428.8780473473
2026-08-15 01:00:00+00:00,0.0,0.0,1.106283481752407,438737.17412768566,332539.51724304946,0,8895600.0,0.04803550583795024,1.0,1.106283481752407,737452.0960591871,2473443.925177393,0.0,0.0,0.9868528220729021,1.0,0.0,5.099474718e-06,0.9868528220729021,0.0,100429.50119314739,100429.50119314739
2026-08-15 02:00:00+00:00,0.0,0.0,1.1062878507128684,438737.17412768566,332541.2130719729,0,8892000.0,0.04803499136906919,1.0,1.1062878507128684,737452.0960591871,2473506.053138643,0.0,0.0,0.9868582441411529,1.0,0.0,5.0996182752e-06,0.9868582441411529,0.0,100430.18422712624,100430.18422712624
2026-08-15 03:00:00+00:00,0.0,0.0,1.1062922196296197,438737.17412768566,332542.90120949957,0,8888400.0,0.04803499139820855,1.0,1.1062922196296197,737452.0960591871,2473506.053138643,0.0,0.0,0.9868635295816638,1.0,0.0,5.0764632336e-06,0.9868635295816638,0.0,100430.8150088333,100430.8150088333
2026-08-15 04:00:00+00:00,0.0,0.0,1.1062965748435734,438737.17412768566,332544.6080341811,0,8884800.0,0.0480278763400146,1.0,1.1062965748435734,737247.8870334002,2473688.227477937,0.0,0.0,0.9868707026367884,1.0,0.0,5.1326318952000005e-06,0.9868707026367884,0.0,100432.25527008704,100432.25527008704
2026-08-15 05:00:00+00:00,0.0,0.0,1.1063009583875099,438737.17412768566,332546.3149262496,0,8881200.0,0.04802762713900388,1.0,1.1063009583875099,737242.6895027383,2473692.864184622,0.0,0.0,0.9868760534722039,1.0,0.0,5.1328081908e-06,0.9868760534722039,0.0,100432.89598842792,100432.89598842792
2026-08-15 06:00:00+00:00,0.0,0.0,1.1063053273601935,438737.17412768566,332548.0218857072,0,8877600.0,0.04802759199465467,1.0,1.1063053273601935,737241.6894448596,2473693.7563359747,0.0,0.0,0.986881347540372,1.0,0.0,5.13298449e-06,0.986881347540372,0.0,100433.51173347805,100433.51173347805
2026-08-15 07:00:00+00:00,0.0,0.0,1.1063096963459633,438737.17412768566,332549.74846388004,0,8874000.0,0.04802759202388396,1.0,1.1063096963459633,737241.6894448596,2473693.7563359747,0.0,0.0,0.9868866323092125,1.0,0.0,5.1919529724e-06,0.9868866323092125,0.0,100434.10377985222,100434.10377985222
2026-08-15 08:00:00+00:00,0.0,0.0,1.1063140653489867,438737.17412768566,332551.47512963397,0,8870400.0,0.04802759205313656,1.0,1.1063140653489867,737241.6894448596,2473693.7563359747,0.0,0.0,0.9868919171063532,1.0,0.0,5.1921893772e-06,0.9868919171063532,0.0,100434.6957510616,100434.6957510616
2026-08-15 09:00:00+00:00,0.0,0.0,1.106318435151536,438737.17412768566,332553.14787704597,0,8866800.0,0.048020990438269795,1.0,1.106318435151536,737054.0108549274,2473861.185243719,0.0,0.0,0.9868989498188625,1.0,0.0,5.0300279207999995e-06,0.9868989498188625,0.0,100436.10851606244,100436.10851606244
2026-08-15 10:00:00+00:00,0.0,0.0,1.1063228041932778,438737.17412768566,332554.82065674046,0,8863200.0,0.048020954961245144,1.0,1.1063228041932778,737053.0015458396,2473862.0856550443,0.0,0.0,0.9869042433694198,1.0,0.0,5.030099694e-06,0.9869042433694198,0.0,100436.75821378059,100436.75821378059
2026-08-15 11:00:00+00:00,0.0,0.0,1.1063271732480664,438737.17412768566,332556.54848002846,0,8859600.0,0.048020954990565023,1.0,1.1063271732480664,737053.0015458396,2473862.0856550443,0.0,0.0,0.9869095275473863,1.0,0.0,5.195590898400001e-06,0.9869095275473863,0.0,100437.34875580115,100437.34875580115
2026-08-15 12:00:00+00:00,0.0,0.0,1.1063315424114126,438737.17412768566,332558.27639173315,0,8856000.0,0.048020184516486264,1.0,1.1063315424114126,737031.0995656882,2473881.6246141307,0.0,0.0,0.9869150155120252,1.0,0.0,5.195829772800001e-06,0.9869150155120252,0.0,100438.02861819387,100438.02861819387
2026-08-15 13:00:00+00:00,0.0,0.0,1.10633591150071,438737.17412768566,332560.0043918607,0,8852400.0,0.048020184545854105,1.0,1.10633591150071,737031.0995656882,2473881.6246141307,0.0,0.0,0.9869202996648397,1.0,0.0,5.1960686616e-06,0.9869202996648397,0.0,100438.61897233984,100438.61897233984
2026-08-15 14:00:00+00:00,0.0,0.0,1.106340280607261,438737.17412768566,332561.66295052774,0,8848800.0,0.04802018457524482,1.0,1.106340280607261,737031.0995656882,2473881.6246141307,0.0,0.0,0.9869255838459469,1.0,0.0,4.9872339108e-06,0.9869255838459469,0.0,100439.27878035931,100439.27878035931
2026-08-15 15:00:00+00:00,0.0,0.0,1.1063446498480523,438737.17412768566,332563.32154095726,0,8845200.0,0.048019197388076584,1.0,1.1063446498480523,737003.0384530554,2473906.658280711,0.0,0.0,0.9869311288092628,1.0,0.0,4.9873045464e-06,0.9869311288092628,0.0,100440.05297146563,100440.05297146563
2026-08-15 16:00:00+00:00,0.0,0.0,1.106349018989113,438737.17412768566,332564.9801491253,0,8841600.0,0.04801919741751459,1.0,1.106349018989113,737003.0384530554,2473906.658280711,0.0,0.0,0.9869364129422242,1.0,0.0,4.987333011599999e-06,0.9869364129422242,0.0,100440.71270886087,100440.71270886087
2026-08-15 17:00:00+00:00,0.0,0.0,1.1063533881474283,438737.17412768566,332566.6387895173,0,8838000.0,0.048019197446977246,1.0,1.1063533881474283,737003.0384530554,2473906.658280711,0.0,0.0,0.9869416971034772,1.0,0.0,4.9874050332e-06,0.9869416971034772,0.0,100441.3724264446,100441.3724264446
2026-08-15 18:00:00+00:00,0.0,0.0,1.1063577573229983,438737.17412768566,332568.2974476495,0,8834400.0,0.04801919747646366,1.0,1.1063577573229983,737003.0384530554,2473906.658280711,0.0,0.0,0.9869469812930223,1.0,0.0,4.987433502e-06,0.9869469812930223,0.0,100442.03213870095,100442.03213870095
2026-08-15 19:00:00+00:00,0.0,0.0,1.1063621265161405,438737.17412768566,332569.9561235208,0,8830800.0,0.048019194821109945,1.0,1.1063621265161405,737002.9624838557,2473906.727517839,0.0,0.0,0.9869522662188747,1.0,0.0,4.9874619672000005e-06,0.9869522662188747,0.0,100442.69215626357,100442.69215626357
2026-08-15 20:00:00+00:00,0.0,0.0,1.10636649572622,438737.17412768566,332571.61481713265,0,8827200.0,0.048019194850644764,1.0,1.10636649572622,737002.9624838557,2473906.727517839,0.0,0.0,0.9869575504647192,1.0,0.0,4.987490436e-06,0.9869575504647192,0.0,100443.35185774096,100443.35185774096
2026-08-15 21:00:00+00:00,0.0,0.0,1.1063708649535535,438737.17412768566,332573.27352848393,0,8823600.0,0.04801919488020312,1.0,1.1063708649535535,737002.9624838557,2473906.727517839,0.0,0.0,0.9869628347388562,1.0,0.0,4.9875189012e-06,0.9869628347388562,0.0,100444.01155389188,100444.01155389188
2026-08-15 22:00:00+00:00,0.0,0.0,1.1063752341981423,438737.17412768566,332574.9224147366,0,8820000.0,0.04801919490978612,1.0,1.1063752341981423,737002.9624838557,2473906.727517839,0.0,0.0,0.9869681190412857,1.0,0.0,4.9579515144e-06,0.9869681190412857,0.0,100444.68108755437,100444.68108755437
2026-08-15 23:00:00+00:00,0.0,0.0,1.106379603459986,438737.17412768566,332576.5713121085,0,8816400.0,0.048019194939393106,1.0,1.106379603459986,737002.9624838557,2473906.727517839,0.0,0.0,0.9869734033720079,1.0,0.0,4.957960366799999e-06,0.9869734033720079,0.0,100445.35062251071,100445.35062251071
2026-08-16 00:00:00+00:00,0.0,0.0,1.106383972739084,438737.17412768566,332578.22022102354,0,8812800.0,0.048019194969024515,1.0,1.106383972739084,737471.387986064,2475479.097047194,0.0,0.0,0.9869786877310228,1.0,0.0,4.9579704936e-06,0.9869786877310228,0.0,100446.0201583369,100446.0201583369
2026-08-16 01:00:00+00:00,0.0,0.0,1.1063883572680606,438737.17412768566,332579.86913811386,0,8809200.0,0.04789066247082574,1.0,1.1063883572680606,733822.3730502678,2478734.5857379436,0.0,0.0,0.9870177877767472,1.0,0.0,4.9579704936e-06,0.9870177877767472,0.0,100461.52588481596,100461.52588481596
2026-08-16 02:00:00+00:00,0.0,0.0,1.1063927265817295,438737.17412768566,332581.5180670719,0,8805600.0,0.047890662500424286,1.0,1.1063927265817295,733822.3730502678,2478734.5857379436,0.0,0.0,0.9870230585538797,1.0,0.0,4.9579815959999995e-06,0.9870230585538797,0.0,100462.18944172253,100462.18944172253
2026-08-16 03:00:00+00:00,0.0,0.0,1.106397095912653,438737.17412768566,332583.1670079134,0,8802000.0,0.047890662530047035,1.0,1.106397095912653,733822.3730502678,2478734.5857379436,0.0,0.0,0.9870283293591587,1.0,0.0,4.9579927452e-06,0.9870283293591587,0.0,100462.85299909452,100462.85299909452
2026-08-16 04:00:00+00:00,0.0,0.0,1.1064014652608323,438737.17412768566,332584.81595999544,0,8798400.0,0.047890662559693986,1.0,1.1064014652608323,733822.3730502678,2478734.5857379436,0.0,0.0,0.9870336001925843,1.0,0.0,4.9580019612e-06,0.9870336001925843,0.0,100463.51655757491,100463.51655757491
2026-08-16 05:00:00+00:00,0.0,0.0,1.1064058346262666,438737.17412768566,332586.4649236941,0,8794800.0,0.047890662589364474,1.0,1.1064058346262666,733822.3730502678,2478734.5857379436,0.0,0.0,0.987038871054157,1.0,0.0,4.9580123076000005e-06,0.987038871054157,0.0,100464.18011678784,100464.18011678784
2026-08-16 06:00:00+00:00,0.0,0.0,1.1064102040089563,438737.17412768566,332588.11389800126,0,8791200.0,0.0478906626190605,1.0,1.1064102040089563,733822.3730502678,2478734.5857379436,0.0,0.0,0.9870441419438762,1.0,0.0,4.9580196228e-06,0.9870441419438762,0.0,100464.84367774124,100464.84367774124
2026-08-16 07:00:00+00:00,0.0,0.0,1.1064146503565402,438737.17412768566,332589.7628837277,0,8787600.0,0.04789066264729347,1.0,1.1064146503565402,733822.3730502678,2478734.5857379436,0.0,0.0,0.987049412862133,1.0,0.0,4.958029375200001e-06,0.987049412862133,0.0,100465.50723979587,100465.50723979587
2026-08-16 08:00:00+00:00,0.0,0.0,1.1064190197740449,438737.17412768566,332591.4118813619,0,8784000.0,0.04789066267703679,1.0,1.1064190197740449,733822.3730502678,2478734.5857379436,0.0,0.0,0.9870546838081468,1.0,0.0,4.9580405964e-06,0.9870546838081468,0.0,100466.1708021207,100466.1708021207
2026-08-16 09:00:00+00:00,0.0,0.0,1.106423363748437,438737.17412768566,332593.060887172,0,8780400.0,0.04811700907677641,1.0,1.106423363748437,740256.9343186707,2472994.8571950397,0.0,0.0,0.9870006009408214,1.0,0.0,4.9580405964e-06,0.9870006009408214,0.0,100440.79363193153,100440.79363193153
2026-08-16 10:00:00+00:00,0.0,0.0,1.1064277332003527,438737.17412768566,332594.70990477747,0,8776800.0,0.04811700910671246,1.0,1.1064277332003527,740256.9343186707,2472994.8571950397,0.0,0.0,0.9870058959608555,1.0,0.0,4.9580514792e-06,0.9870058959608555,0.0,100441.46773645282,100441.46773645282
2026-08-16 11:00:00+00:00,0.0,0.0,1.1064321666006525,438737.17412768566,332596.3589155226,0,8773200.0,0.047548749341074004,1.0,1.1064321666006525,724191.8748735999,2487381.3448382886,0.0,0.0,0.9871601138052216,1.0,0.0,4.958006270399999e-06,0.9871601138052216,0.0,100507.47982694494,100507.47982694494
2026-08-16 12:00:00+00:00,0.0,0.0,1.1064365360873312,438737.17412768566,332598.0079384007,0,8769600.0,0.04754874937069742,1.0,1.1064365360873312,724191.8748735999,2487381.3448382886,0.0,0.0,0.9871653485670914,1.0,0.0,4.9580181684e-06,0.9871653485670914,0.0,100508.12748869677,100508.12748869677
2026-08-16 13:00:00+00:00,0.0,0.0,1.106440920884725,438737.17412768566,332599.6569713263,0,8766000.0,0.047412858342951836,1.0,1.106440920884725,720384.8723685562,2490778.2680466487,0.0,0.0,0.9872061825126754,1.0,0.0,4.9580237951999995e-06,0.9872061825126754,0.0,100524.39382566523,100524.39382566523
2026-08-16 14:00:00+00:00,0.0,0.0,1.1064452904059765,438737.17412768566,332601.3060155122,0,8762400.0,0.04741285837253639,1.0,1.1064452904059765,720384.8723685562,2490778.2680466487,0.0,0.0,0.987211402898745,1.0,0.0,4.9580330688e-06,0.987211402898745,0.0,100525.03515891131,100525.03515891131
2026-08-16 15:00:00+00:00,0.0,0.0,1.106449659944484,438737.17412768566,332602.955070658,0,8758800.0,0.04741285840214515,1.0,1.106449659944484,720384.8723685562,2490778.2680466487,0.0,0.0,0.9872166233124202,1.0,0.0,4.9580414388e-06,0.9872166233124202,0.0,100525.67649330915,100525.67649330915
2026-08-16 16:00:00+00:00,0.0,0.0,1.1064540295002472,438737.17412768566,332604.60413676145,0,8755200.0,0.047412858431779004,1.0,1.1064540295002472,720384.8723685562,2490778.2680466487,0.0,0.0,0.987221843753701,1.0,0.0,4.9580498015999995e-06,0.987221843753701,0.0,100526.31782886095,100526.31782886095
2026-08-16 17:00:00+00:00,0.0,0.0,1.106458399073267,438737.17412768566,332606.2532149613,0,8751600.0,0.047412858461436835,1.0,1.106458399073267,720384.8723685562,2490778.2680466487,0.0,0.0,0.9872270642225879,1.0,0.0,4.958061588e-06,0.9872270642225879,0.0,100526.95916442812,100526.95916442812
2026-08-16 18:00:00+00:00,0.0,0.0,1.1064627686635427,438737.17412768566,332607.9023067293,0,8748000.0,0.04741285849111909,1.0,1.1064627686635427,720384.8723685562,2490778.2680466487,0.0,0.0,0.9872322847190808,1.0,0.0,4.9580777988e-06,0.9872322847190808,0.0,100527.60049853899,100527.60049853899
2026-08-16 19:00:00+00:00,0.0,0.0,1.1064671382713818,438737.17412768566,332609.55140667356,0,8744400.0,0.04741285579272159,1.0,1.1064671382713818,720384.796421304,2490778.3372628978,0.0,0.0,0.9872375059561774,1.0,0.0,4.9580777988e-06,0.9872375059561774,0.0,100528.24214940396,100528.24214940396
2026-08-16 20:00:00+00:00,0.0,0.0,1.10647150789617,438737.17412768566,332611.2005176225,0,8740800.0,0.04741285582245314,1.0,1.10647150789617,720384.796421304,2490778.3372628978,0.0,0.0,0.9872427265075929,1.0,0.0,4.958086302e-06,0.9872427265075929,0.0,100528.88348843041,100528.88348843041
2026-08-16 21:00:00+00:00,0.0,0.0,1.1064758775382146,438737.17412768566,332612.8496389727,0,8737200.0,0.04741285585220867,1.0,1.1064758775382146,720384.796421304,2490778.3372628978,0.0,0.0,0.9872479470866151,1.0,0.0,4.9580929908e-06,0.9872479470866151,0.0,100529.52482916776,100529.52482916776
2026-08-16 22:00:00+00:00,0.0,0.0,1.1064802471975157,438737.17412768566,332614.4987712475,0,8733600.0,0.04741285588198929,1.0,1.1064802471975157,720384.796421304,2490778.3372628978,0.0,0.0,0.9872531676932437,1.0,0.0,4.9581012528e-06,0.9872531676932437,0.0,100530.16617109237,100530.16617109237
2026-08-16 23:00:00+00:00,0.0,0.0,1.1064846168740734,438737.17412768566,332616.1479147906,0,8730000.0,0.047412855911793894,1.0,1.1064846168740734,720384.796421304,2490778.3372628978,0.0,0.0,0.9872583883274793,1.0,0.0,4.958110548e-06,0.9872583883274793,0.0,100530.80751386099,100530.80751386099
2026-08-17 00:00:00+00:00,0.0,0.0,1.1064889865678877,438737.17412768566,332617.7970696404,0,8726400.0,0.047412855941623366,1.0,1.1064889865678877,720384.796421304,2490778.3372628978,0.0,0.0,0.9872636089893216,1.0,0.0,4.958119958399999e-06,0.9872636089893216,0.0,100531.44885743497,100531.44885743497
2026-08-17 01:00:00+00:00,0.0,0.0,1.1064933562789585,438737.17412768566,332619.44623584015,0,8722800.0,0.04741285597147815,1.0,1.1064933562789585,720384.796421304,2490778.3372628978,0.0,0.0,0.9872688296787709,1.0,0.0,4.9581294984e-06,0.9872688296787709,0.0,100532.09020177124,100532.09020177124
2026-08-17 02:00:00+00:00,0.0,0.0,1.1064976772567223,438737.17412768566,332621.09541637986,0,8719200.0,0.04784607166856958,1.0,1.1064976772567223,732571.6282168983,2479906.452452869,0.0,0.0,0.9871611801724082,1.0,0.0,4.958148027600001e-06,0.9871611801724082,0.0,100483.21118101367,100483.21118101367
2026-08-17 03:00:00+00:00,0.0,0.0,1.1065020470021143,438737.17412768566,332622.7446123146,0,8715600.0,0.04784607169875299,1.0,1.1065020470021143,732571.6282168983,2479906.452452869,0.0,0.0,0.9871664469197979,1.0,0.0,4.9581697284e-06,0.9871664469197979,0.0,100483.87270294555,100483.87270294555
2026-08-17 04:00:00+00:00,0.0,0.0,1.106506416764763,438737.17412768566,332624.39382236695,0,8712000.0,0.04784607172896038,1.0,1.106506416764763,732571.6282168983,2479906.452452869,0.0,0.0,0.9871717136952872,1.0,0.0,4.958187588e-06,0.9871717136952872,0.0,100484.53422308812,100484.53422308812
2026-08-17 05:00:00+00:00,0.0,0.0,1.10651077477542,438737.17412768566,332626.04304651904,0,8708400.0,0.04795068329686436,1.0,1.10651077477542,732571.6282168983,2467275.7955348594,0.0,0.0,0.9871497671985865,1.0,0.0,4.9582053936e-06,0.9871497671985865,0.0,100473.25625499157,100473.25625499157
2026-08-17 06:00:00+00:00,0.0,0.0,1.1065151445725359,438737.17412768566,332627.6922846752,0,8704800.0,0.047950683327189436,1.0,1.1065151445725359,732571.6282168983,2467275.7955348594,0.0,0.0,0.9871550451347877,1.0,0.0,4.9582229112e-06,0.9871550451347877,0.0,100473.92264364957,100473.92264364957
2026-08-17 07:00:00+00:00,0.0,0.0,1.1065195143869089,438737.17412768566,332629.3415365182,0,8701200.0,0.04795068335754027,1.0,1.1065195143869089,732571.6282168983,2467275.7955348594,0.0,0.0,0.987160323099208,1.0,0.0,4.9582394748e-06,0.987160323099208,0.0,100474.58903100144,100474.58903100144
2026-08-17 08:00:00+00:00,0.0,0.0,1.1065238842185396,438737.17412768566,332630.9908006387,0,8697600.0,0.047950683387916415,1.0,1.1065238842185396,732571.6282168983,2467275.7955348594,0.0,0.0,0.9871656010918477,1.0,0.0,4.9582518012e-06,0.9871656010918477,0.0,100475.2554184568,100475.2554184568
2026-08-17 09:00:00+00:00,0.0,0.0,1.1065282540674268,438737.17412768566,332632.6400762429,0,8694000.0,0.047950683418316986,1.0,1.1065282540674268,732571.6282168983,2467275.7955348594,0.0,0.0,0.9871708791127071,1.0,0.0,4.9582617408e-06,0.9871708791127071,0.0,100475.92180680938,100475.92180680938
2026-08-17 10:00:00+00:00,0.0,0.0,1.1065326239335718,438737.17412768566,332634.2893634196,0,8690400.0,0.047950683448743314,1.0,1.1065326239335718,732571.6282168983,2467275.7955348594,0.0,0.0,0.987176157161786,1.0,0.0,4.9582719468e-06,0.987176157161786,0.0,100476.58819597051,100476.58819597051
2026-08-17 11:00:00+00:00,0.0,0.0,1.106536993816974,438737.17412768566,332635.93866216275,0,8686800.0,0.04795068347919429,1.0,1.106536993816974,732571.6282168983,2467275.7955348594,0.0,0.0,0.9871814352390849,1.0,0.0,4.958282134799999e-06,0.9871814352390849,0.0,100477.25458594627,100477.25458594627
2026-08-17 12:00:00+00:00,0.0,0.0,1.1065413637176333,438737.17412768566,332637.58796908363,0,8683200.0,0.04795068350967169,1.0,1.1065413637176333,732571.6282168983,2467275.7955348594,0.0,0.0,0.9871867133446034,1.0,0.0,4.958282134799999e-06,0.9871867133446034,0.0,100477.92098012532,100477.92098012532
2026-08-17 13:00:00+00:00,0.0,0.0,1.1065457336355502,438737.17412768566,332639.2372841823,0,8679600.0,0.04795068354017329,1.0,1.1065457336355502,732571.6282168983,2467275.7955348594,0.0,0.0,0.9871919914783425,1.0,0.0,4.958282134799999e-06,0.9871919914783425,0.0,100478.58737850806,100478.58737850806
2026-08-17 14:00:00+00:00,0.0,0.0,1.1065501035707248,438737.17412768566,332640.86539694975,0,8676000.0,0.047950683570700425,1.0,1.1065501035707248,732571.6282168983,2467275.7955348594,0.0,0.0,0.9871972696403016,1.0,0.0,4.8945181464e-06,0.9871972696403016,0.0,100479.2749916031,100479.2749916031
2026-08-17 15:00:00+00:00,0.0,0.0,1.1065544735231572,438737.17412768566,332642.49343831977,0,8672400.0,0.04795068360125332,1.0,1.1065544735231572,732571.6282168983,2467275.7955348594,0.0,0.0,0.9872025478304812,1.0,0.0,4.8942795528e-06,0.9872025478304812,0.0,100479.96268847701,100479.96268847701
2026-08-17 16:00:00+00:00,0.0,0.0,1.1065588434928468,438737.17412768566,332644.1214082971,0,8668800.0,0.047950683631831525,1.0,1.1065588434928468,732571.6282168983,2467275.7955348594,0.0,0.0,0.9872078260488815,1.0,0.0,4.8940409772000005e-06,0.9872078260488815,0.0,100480.65046912502,100480.65046912502
2026-08-17 17:00:00+00:00,0.0,0.0,1.1065632134797945,438737.17412768566,332645.7509533729,0,8665200.0,0.04795068366243482,1.0,1.1065632134797945,732571.6282168983,2467275.7955348594,0.0,0.0,0.9872131042955025,1.0,0.0,4.8987520884e-06,0.9872131042955025,0.0,100481.33668705606,100481.33668705606
2026-08-17 18:00:00+00:00,0.0,0.0,1.106567606584622,438737.17412768566,332647.4419255395,0,8661600.0,0.047745373099681965,1.0,1.106567606584622,726784.8255957464,2472438.895631476,0.0,0.0,0.9872715113077702,1.0,0.0,5.0833893527999996e-06,0.9872715113077702,0.0,100505.27104240109,100505.27104240109
2026-08-17 19:00:00+00:00,0.0,0.0,1.1065719766064819,438737.17412768566,332649.088960506,0,8658000.0,0.04774537041621718,1.0,1.1065719766064819,726784.7496514558,2472438.9648264223,0.0,0.0,0.9872767685145494,1.0,0.0,4.95128079e-06,0.9872767685145494,0.0,100505.93053948064,100505.93053948064
2026-08-17 20:00:00+00:00,0.0,0.0,1.1065763468559242,438737.17412768566,332650.73769478645,0,8654400.0,0.04774349863798655,1.0,1.1065763468559242,726784.7496514558,2472664.8765945346,0.0,0.0,0.9872825090830869,1.0,0.0,4.956364677599999e-06,0.9872825090830869,0.0,100506.80040601827,100506.80040601827
2026-08-17 21:00:00+00:00,0.0,0.0,1.1065806965462908,438737.17412768566,332652.3864403091,0,8650800.0,0.047924497661567145,1.0,1.1065806965462908,731884.7496514558,2468115.133084651,0.0,0.0,0.987240984735119,1.0,0.0,4.956373908e-06,0.987240984735119,0.0,100486.93338541064,100486.93338541064
2026-08-17 22:00:00+00:00,0.0,0.0,1.1065850666195398,438737.17412768566,332654.03519720945,0,8647200.0,0.04792449769228102,1.0,1.1065850666195398,731884.7496514558,2468115.133084651,0.0,0.0,0.9872462603428727,1.0,0.0,4.9563835452e-06,0.9872462603428727,0.0,100487.59923374798,100487.59923374798
2026-08-17 23:00:00+00:00,0.0,0.0,1.1065894367100468,438737.17412768566,332655.68396540254,0,8643600.0,0.04792449772302043,1.0,1.1065894367100468,731884.7496514558,2468115.133084651,0.0,0.0,0.9872515359788181,1.0,0.0,4.9563929268e-06,0.9872515359788181,0.0,100488.2650831613,100488.2650831613
2026-08-18 00:00:00+00:00,0.0,0.0,1.1065938068178125,438737.17412768566,332657.3327493817,0,8640000.0,0.047924497753784934,1.0,1.1065938068178125,731884.7496514558,2468115.133084651,0.0,0.0,0.9872568116429556,1.0,0.0,4.956415815599999e-06,0.9872568116429556,0.0,100488.93092915748,100488.93092915748
2026-08-18 01:00:00+00:00,0.0,0.0,1.1065981769428357,438737.17412768566,332658.98154153296,0,8636400.0,0.0479244977845763,1.0,1.1065981769428357,731884.7496514558,2468115.133084651,0.0,0.0,0.9872620873352849,1.0,0.0,4.956415815599999e-06,0.9872620873352849,0.0,100489.59677935031,100489.59677935031
2026-08-18 02:00:00+00:00,0.0,0.0,1.1066025470851175,438737.17412768566,332660.6303461676,0,8632800.0,0.04792449781539232,1.0,1.1066025470851175,731884.7496514558,2468115.133084651,0.0,0.0,0.9872673630558064,1.0,0.0,4.9564287756e-06,0.9872673630558064,0.0,100490.26262942882,100490.26262942882
2026-08-18 03:00:00+00:00,0.0,0.0,1.1066069172446582,438737.17412768566,332662.2791628295,0,8629200.0,0.047924497846234315,1.0,1.1066069172446582,731884.7496514558,2468115.133084651,0.0,0.0,0.9872726388045204,1.0,0.0,4.956440364e-06,0.9872726388045204,0.0,100490.92847984907,100490.92847984907
2026-08-18 04:00:00+00:00,0.0,0.0,1.106611287421457,438737.17412768566,332663.9279908996,0,8625600.0,0.04792449787710251,1.0,1.106611287421457,731884.7496514558,2468115.133084651,0.0,0.0,0.9872779145814267,1.0,0.0,4.9564500912e-06,0.9872779145814267,0.0,100491.59433123015,100491.59433123015
2026-08-18 05:00:00+00:00,0.0,0.0,1.1066156576155144,438737.17412768566,332665.57682714204,0,8622000.0,0.04792449790799558,1.0,1.1066156576155144,731884.7496514558,2468115.133084651,0.0,0.0,0.9872831903865259,1.0,0.0,4.9564500912e-06,0.9872831903865259,0.0,100492.26018680818,100492.26018680818
2026-08-18 06:00:00+00:00,0.0,0.0,1.1066200278268303,438737.17412768566,332667.2256715569,0,8618400.0,0.04792449793891507,1.0,1.1066200278268303,731884.7496514558,2468115.133084651,0.0,0.0,0.9872884662198177,1.0,0.0,4.9564500912e-06,0.9872884662198177,0.0,100492.92604658299,100492.92604658299
2026-08-18 07:00:00+00:00,0.0,0.0,1.1066243983149704,438737.17412768566,332668.87452414416,0,8614800.0,0.047922190993319624,1.0,1.1066243983149704,731819.5899550985,2468173.2694901167,0.0,0.0,0.9872943358246686,1.0,0.0,4.9564500912e-06,0.9872943358246686,0.0,100493.85240784124,100493.85240784124
2026-08-18 08:00:00+00:00,0.0,0.0,1.1066287482969388,438737.17412768566,332670.5233849039,0,8611200.0,0.04810230774915025,1.0,1.1066287482969388,736919.5899550985,2463623.6685959054,0.0,0.0,0.9872532792047506,1.0,0.0,4.9564500912e-06,0.9872532792047506,0.0,100474.1904816794,100474.1904816794
2026-08-18 09:00:00+00:00,0.0,0.0,1.1066331185599523,438737.17412768566,332672.1722538362,0,8607600.0,0.04810230778026514,1.0,1.1066331185599523,736919.5899550985,2463623.6685959054,0.0,0.0,0.9872585739993917,1.0,0.0,4.9564500912e-06,0.9872585739993917,0.0,100474.86463598558,100474.86463598558
2026-08-18 10:00:00+00:00,0.0,0.0,1.1066376312397963,438737.17412768566,332673.821130941,0,8604000.0,0.04683724510030385,1.0,1.1066376312397963,701646.4568381117,2495133.628918373,0.0,0.0,0.9875892325974255,1.0,0.0,4.9564500912e-06,0.9875892325974255,0.0,100618.28797778313,100618.28797778313
2026-08-18 11:00:00+00:00,0.0,0.0,1.1066419806263523,438737.17412768566,332675.47001621843,0,8600400.0,0.0470229245751399,1.0,1.1066419806263523,706746.4568381117,2490582.7307950994,0.0,0.0,0.9875466262180829,1.0,0.0,4.9564500912e-06,0.9875466262180829,0.0,100597.9460900331,100597.9460900331
2026-08-18 12:00:00+00:00,0.0,0.0,1.1066463509416224,438737.17412768566,332677.11890966847,0,8596800.0,0.047022924605616856,1.0,1.1066463509416224,706746.4568381117,2490582.7307950994,0.0,0.0,0.9875518064275215,1.0,0.0,4.9564500912e-06,0.9875518064275215,0.0,100598.56994703354,100598.56994703354
2026-08-18 13:00:00+00:00,0.0,0.0,1.1066505845188301,438737.17412768566,332678.7678112912,0,8593200.0,0.04823801644325876,1.0,1.1066505845188301,740787.9582748514,2460213.59580959,0.0,0.0,0.9872449232382465,1.0,0.0,4.9564500912e-06,0.9872449232382465,0.0,100462.27998216101,100462.27998216101
2026-08-18 14:00:00+00:00,0.0,0.0,1.1066549548680784,438737.17412768566,332680.41672108666,0,8589600.0,0.04823801647459436,1.0,1.1066549548680784,740787.9582748514,2460213.59580959,0.0,0.0,0.9872502325795033,1.0,0.0,4.9564500912e-06,0.9872502325795033,0.0,100462.96047774504,100462.96047774504
2026-08-18 15:00:00+00:00,0.0,0.0,1.1066593252345858,438737.17412768566,332682.1051746452,0,8586000.0,0.04823801650595616,1.0,1.1066593252345858,740787.9582748514,2460213.59580959,0.0,0.0,0.9872555419493134,1.0,0.0,5.0752890432e-06,0.9872555419493134,0.0,100463.60144209338,100463.60144209338
2026-08-18 16:00:00+00:00,0.0,0.0,1.1066636956183529,438737.17412768566,332683.7541880018,0,8582400.0,0.048238016537344386,1.0,1.1066636956183529,740787.9582748514,2460213.59580959,0.0,0.0,0.9872608513476769,1.0,0.0,4.95671166e-06,0.9872608513476769,0.0,100464.28185917111,100464.28185917111
2026-08-18 17:00:00+00:00,0.0,0.0,1.1066680660193786,438737.17412768566,332685.40321237536,0,8578800.0,0.04823801656875837,1.0,1.1066680660193786,740787.9582748514,2460213.59580959,0.0,0.0,0.9872661607745942,1.0,0.0,4.9567202064000004e-06,0.9872661607745942,0.0,100464.96227775945,100464.96227775945
2026-08-18 18:00:00+00:00,0.0,0.0,1.1066724364376643,438737.17412768566,332687.05224788573,0,8575200.0,0.04823801660019922,1.0,1.1066724364376643,740787.9582748514,2460213.59580959,0.0,0.0,0.9872714702300651,1.0,0.0,4.956729112800001e-06,0.9872714702300651,0.0,100465.6426977386,100465.6426977386
2026-08-18 19:00:00+00:00,0.0,0.0,1.1066768193840417,438737.17412768566,332688.70129463007,0,8571600.0,0.048126800039041795,1.0,1.1066768193840417,737624.2974599212,2463036.1558562946,0.0,0.0,0.9873052527118201,1.0,0.0,4.9567383107999995e-06,0.9873052527118201,0.0,100478.81528157444,100478.81528157444
2026-08-18 20:00:00+00:00,0.0,0.0,1.1066811898368958,438737.17412768566,332690.3503547283,0,8568000.0,0.04812680007046066,1.0,1.1066811898368958,737624.2974599212,2463036.1558562946,0.0,0.0,0.9873105504188867,1.0,0.0,4.9567538808e-06,0.9873105504188867,0.0,100479.49052250397,100479.49052250397
2026-08-18 21:00:00+00:00,0.0,0.0,1.1066855603070094,438737.17412768566,332691.9994296932,0,8564400.0,0.04812680010190662,1.0,1.1066855603070094,737624.2974599212,2463036.1558562946,0.0,0.0,0.9873158481543798,1.0,0.0,4.9567739976e-06,0.9873158481543798,0.0,100480.16576103854,100480.16576103854
2026-08-18 22:00:00+00:00,0.0,0.0,1.1066899307943827,438737.17412768566,332693.6485160804,0,8560800.0,0.048126800133378556,1.0,1.1066899307943827,737624.2974599212,2463036.1558562946,0.0,0.0,0.9873211459182997,1.0,0.0,4.9567837608e-06,0.9873211459182997,0.0,100480.84100062278,100480.84100062278
2026-08-18 23:00:00+00:00,0.0,0.0,1.106694301299016,438737.17412768566,332695.297631792,0,8557200.0,0.04812680016487825,1.0,1.106694301299016,737624.2974599212,2463036.1558562946,0.0,0.0,0.987326443710646,1.0,0.0,4.9568473332e-06,0.987326443710646,0.0,100481.51622335432,100481.51622335432
2026-08-19 00:00:00+00:00,0.0,0.0,1.1066986718209093,438737.17412768566,332696.9467668431,0,8553600.0,0.048126800196403474,1.0,1.1066986718209093,737624.2974599212,2463036.1558562946,0.0,0.0,0.9873317415314198,1.0,0.0,4.9568808924e-06,0.9873317415314198,0.0,100482.19143921859,100482.19143921859
2026-08-19 01:00:00+00:00,0.0,0.0,1.106703042360062,438737.17412768566,332698.5959307689,0,8550000.0,0.0481268002279549,1.0,1.106703042360062,737624.2974599212,2463036.1558562946,0.0,0.0,0.9873370393806207,1.0,0.0,4.9569431112e-06,0.9873370393806207,0.0,100482.8666386801,100482.8666386801
2026-08-19 02:00:00+00:00,0.0,0.0,1.1067074129175778,438737.17412768566,332700.6257175528,0,8546400.0,0.04812679045866597,1.0,1.1067074129175778,737624.01910115,2463036.404205078,0.0,0.0,0.9873423397602935,1.0,0.0,6.100959297600001e-06,0.9873423397602935,0.0,100483.16232549568,100483.16232549568
2026-08-19 03:00:00+00:00,0.0,0.0,1.1067117834912508,438737.17412768566,332702.5740914063,0,8542800.0,0.04812679049027113,1.0,1.1067117834912508,737624.01910115,2463036.404205078,0.0,0.0,0.9873476376653086,1.0,0.0,5.8562202708e-06,0.9873476376653086,0.0,100483.53833951731,100483.53833951731
2026-08-19 04:00:00+00:00,0.0,0.0,1.1067161540821842,438737.17412768566,332704.4619118241,0,8539200.0,0.048126790521902496,1.0,1.1067161540821842,737624.01910115,2463036.404205078,0.0,0.0,0.9873529355987516,1.0,0.0,5.6741823144e-06,0.9873529355987516,0.0,100483.97491944698,100483.97491944698
2026-08-19 05:00:00+00:00,0.0,0.0,1.1067205246903773,438737.17412768566,332706.11293623503,0,8535600.0,0.04812679055356117,1.0,1.1067205246903773,737624.01910115,2463036.404205078,0.0,0.0,0.987358233560622,1.0,0.0,4.962423121199999e-06,0.987358233560622,0.0,100484.6483078557,100484.6483078557
2026-08-19 06:00:00+00:00,0.0,0.0,1.1067248462719357,438737.17412768566,332707.7640586856,0,8532000.0,0.04856282097430897,1.0,1.1067248462719357,750082.4290511941,2451923.484842291,0.0,0.0,0.9872524327160204,1.0,0.0,4.9626931680000006e-06,0.9872524327160204,0.0,100436.57842182426,100436.57842182426
2026-08-19 07:00:00+00:00,0.0,0.0,1.106729216914456,438737.17412768566,332709.5554569985,0,8528400.0,0.04856282100631493,1.0,1.106729216914456,750082.4290511941,2451923.484842291,0.0,0.0,0.9872577770132993,1.0,0.0,5.3842852008e-06,0.9872577770132993,0.0,100437.13176539727,100437.13176539727
2026-08-19 08:00:00+00:00,0.0,0.0,1.106733587574237,438737.17412768566,332711.2068216153,0,8524800.0,0.04856282103834797,1.0,1.106733587574237,750082.4290511941,2451923.484842291,0.0,0.0,0.9872631213395087,1.0,0.0,4.9633696764e-06,0.9872631213395087,0.0,100437.82515535917,100437.82515535917
2026-08-19 09:00:00+00:00,0.0,0.0,1.1067379582512777,438737.17412768566,332712.8582180795,0,8521200.0,0.0485628210704081,1.0,1.1067379582512777,750082.4290511941,2451923.484842291,0.0,0.0,0.9872684656946484,1.0,0.0,4.963440762e-06,0.9872684656946484,0.0,100438.51852616656,100438.51852616656
2026-08-19 10:00:00+00:00,0.0,0.0,1.1067423289455796,438737.17412768566,332714.50964907935,0,8517600.0,0.0485628211024951,1.0,1.1067423289455796,750082.4290511941,2451923.484842291,0.0,0.0,0.9872738100787188,1.0,0.0,4.963519926e-06,0.9872738100787188,0.0,100439.21187513118,100439.21187513118
2026-08-19 11:00:00+00:00,0.0,0.0,1.1067466456428503,438737.17412768566,332716.16110831016,0,8514000.0,0.048562821135680556,1.0,1.1067466456428503,750082.4290511941,2451923.484842291,0.0,0.0,0.9872791544914477,1.0,0.0,4.9635801396e-06,0.9872791544914477,0.0,100439.9052084384,100439.9052084384
2026-08-19 12:00:00+00:00,0.0,0.0,1.106751031883093,438737.17412768566,332717.8125988375,0,8510400.0,0.04842965256751719,1.0,1.106751031883093,746261.9751147209,2455331.838646799,0.0,0.0,0.9873183387566818,1.0,0.0,4.9636495655999995e-06,0.9873183387566818,0.0,100455.44531171018,100455.44531171018
2026-08-19 13:00:00+00:00,0.0,0.0,1.1067554026290247,438737.17412768566,332719.4641238705,0,8506800.0,0.04842965259959664,1.0,1.1067554026290247,746261.9751147209,2455331.838646799,0.0,0.0,0.9873236690957833,1.0,0.0,4.963728636e-06,0.9873236690957833,0.0,100456.13240459171,100456.13240459171
2026-08-19 14:00:00+00:00,0.0,0.0,1.106759773392217,438737.17412768566,332721.1156735888,0,8503200.0,0.048429652631702735,1.0,1.106759773392217,746261.9751147209,2455331.838646799,0.0,0.0,0.9873289994636623,1.0,0.0,4.96377819e-06,0.9873289994636623,0.0,100456.81948541361,100456.81948541361
2026-08-19 15:00:00+00:00,0.0,0.0,1.1067641295952153,438737.17412768566,332722.7672589684,0,8499600.0,0.04842972269647472,1.0,1.1067641295952153,746261.9751147209,2455331.838646799,0.0,0.0,0.9873343120850043,1.0,0.0,4.9638607308e-06,0.9873343120850043,0.0,100457.49874450889,100457.49874450889
2026-08-19 16:00:00+00:00,0.0,0.0,1.1067685003928684,438737.17412768566,332724.4390286076,0,8496000.0,0.0484297227583228,1.0,1.1067685003928684,746261.9751147209,2455331.838646799,0.0,0.0,0.9873396425103395,1.0,0.0,5.0244996852e-06,0.9873396425103395,0.0,100458.16563061811,100458.16563061811
2026-08-19 17:00:00+00:00,0.0,0.0,1.1067729023978068,438737.17412768566,332726.09103002545,0,8492400.0,0.048287055127040235,1.0,1.1067729023978068,742186.515908413,2458967.849952331,0.0,0.0,0.9873811569646322,1.0,0.0,4.965061543200001e-06,0.9873811569646322,0.0,100474.72756356216,100474.72756356216
2026-08-19 18:00:00+00:00,0.0,0.0,1.1067772586524938,438737.17412768566,332727.7430549214,0,8488800.0,0.048287125069747416,1.0,1.1067772586524938,742186.515908413,2458967.849952331,0.0,0.0,0.9873864545862329,1.0,0.0,4.965107454e-06,0.9873864545862329,0.0,100475.39980219683,100475.39980219683
2026-08-19 19:00:00+00:00,0.0,0.0,1.1067816440799831,438737.17412768566,332730.0284345128,0,8485200.0,0.04828705251746235,1.0,1.1067816440799831,742186.43997303,2458967.9191057906,0.0,0.0,0.9873917883643626,1.0,0.0,6.8685938892e-06,0.9873917883643626,0.0,100475.4545493495,100475.4545493495
2026-08-19 20:00:00+00:00,0.0,0.0,1.1067860149468072,438737.17412768566,332732.40209682006,0,8481600.0,0.04828705254963506,1.0,1.1067860149468072,742186.43997303,2458967.9191057906,0.0,0.0,0.9873971037680439,1.0,0.0,7.133873223599999e-06,0.9873971037680439,0.0,100475.4129522327,100475.4129522327
2026-08-19 21:00:00+00:00,0.0,0.0,1.1067903858308925,438737.17412768566,332734.6585194036,0,8478000.0,0.04828705258183574,1.0,1.1067903858308925,742186.43997303,2458967.9191057906,0.0,0.0,0.9874024192003393,1.0,0.0,6.781470390000001e-06,0.9874024192003393,0.0,100475.48860739375,100475.48860739375
2026-08-19 22:00:00+00:00,0.0,0.0,1.1067947567322396,438737.17412768566,332736.31431118125,0,8474400.0,0.0482870526140633,1.0,1.1067947567322396,742186.43997303,2458967.9191057906,0.0,0.0,0.9874077346612494,1.0,0.0,4.9763005308e-06,0.9874077346612494,0.0,100476.16490591498,100476.16490591498
2026-08-19 23:00:00+00:00,0.0,0.0,1.106799127650848,438737.17412768566,332737.9701322941,0,8470800.0,0.048287052646318385,1.0,1.106799127650848,742186.43997303,2458967.9191057906,0.0,0.0,0.987413050150774,1.0,0.0,4.9763639304e-06,0.987413050150774,0.0,100476.84118765523,100476.84118765523
2026-08-20 00:00:00+00:00,0.0,0.0,1.106803498586718,438737.17412768566,332739.635954197,0,8467200.0,0.048287052678600784,1.0,1.106803498586718,742186.43997303,2458967.9191057906,0.0,0.0,0.9874183656689134,1.0,0.0,5.0063950691999996e-06,0.9874183656689134,0.0,100477.50748115988,100477.50748115988
2026-08-20 01:00:00+00:00,0.0,0.0,1.106807869539849,438737.17412768566,332741.29187891743,0,8463600.0,0.04828705271091116,1.0,1.106807869539849,742186.43997303,2458967.9191057906,0.0,0.0,0.9874236812156675,1.0,0.0,4.976625628800001e-06,0.9874236812156675,0.0,100478.18368440127,100478.18368440127
2026-08-20 02:00:00+00:00,0.0,0.0,1.106812240510242,438737.17412768566,332743.0311950378,0,8460000.0,0.048287052743248626,1.0,1.106812240510242,742186.43997303,2458967.9191057906,0.0,0.0,0.9874289967910368,1.0,0.0,5.2272189144e-06,0.9874289967910368,0.0,100478.77650879725,100478.77650879725
2026-08-20 03:00:00+00:00,0.0,0.0,1.1068166114978963,438737.17412768566,332744.8664717079,0,8456400.0,0.048287052775613404,1.0,1.1068166114978963,742186.43997303,2458967.9191057906,0.0,0.0,0.9874343123950214,1.0,0.0,5.5155824063999995e-06,0.9874343123950214,0.0,100479.2733851982,100479.2733851982
2026-08-20 04:00:00+00:00,0.0,0.0,1.1068209825028128,438737.17412768566,332746.66936035035,0,8452800.0,0.04828705280800638,1.0,1.1068209825028128,742186.43997303,2458967.9191057906,0.0,0.0,0.9874396280276212,1.0,0.0,5.4182165976e-06,0.9874396280276212,0.0,100479.80266218126,100479.80266218126
2026-08-20 05:00:00+00:00,0.0,0.0,1.1068253535249912,438737.17412768566,332748.4724103213,0,8449200.0,0.04828705284042645,1.0,1.1068253535249912,742186.43997303,2458967.9191057906,0.0,0.0,0.9874449436888367,1.0,0.0,5.4186720768e-06,0.9874449436888367,0.0,100480.33179039066,100480.33179039066
2026-08-20 06:00:00+00:00,0.0,0.0,1.106829777474975,438737.17412768566,332750.12948539126,0,8445600.0,0.04828705287179247,1.0,1.106829777474975,742186.43997303,2458967.9191057906,0.0,0.0,0.9874502593789407,1.0,0.0,4.9799505672e-06,0.9874502593789407,0.0,100481.0069061754,100481.0069061754
2026-08-20 07:00:00+00:00,0.0,0.0,1.106834148531886,438737.17412768566,332751.79654857144,0,8442000.0,0.0482870529042676,1.0,1.106834148531886,742186.43997303,2458967.9191057906,0.0,0.0,0.9874555750973876,1.0,0.0,5.009942466000001e-06,0.9874555750973876,0.0,100481.67204628506,100481.67204628506
2026-08-20 08:00:00+00:00,0.0,0.0,1.1068385196060595,438737.17412768566,332753.6953170347,0,8438400.0,0.048287052936769825,1.0,1.1068385196060595,742186.43997303,2458967.9191057906,0.0,0.0,0.9874608908444507,1.0,0.0,5.706244310400001e-06,0.9874608908444507,0.0,100482.1054936666,100482.1054936666
2026-08-20 09:00:00+00:00,0.0,0.0,1.1068428906974945,438737.17412768566,332755.3528460736,0,8434800.0,0.04828705296930025,1.0,1.1068428906974945,742186.43997303,2458967.9191057906,0.0,0.0,0.9874662066201297,1.0,0.0,4.9812366744e-06,0.9874662066201297,0.0,100482.78019302746,100482.78019302746
2026-08-20 10:00:00+00:00,0.0,0.0,1.1068472618061922,438737.17412768566,332757.01039242063,0,8431200.0,0.048287053001858204,1.0,1.1068472618061922,742186.43997303,2458967.9191057906,0.0,0.0,0.9874715224244252,1.0,0.0,4.981263876e-06,0.9874715224244252,0.0,100483.45488763525,100483.45488763525
2026-08-20 11:00:00+00:00,0.0,0.0,1.1068516329321518,438737.17412768566,332758.6679581555,0,8427600.0,0.048287053034443694,1.0,1.1068516329321518,742186.43997303,2458967.9191057906,0.0,0.0,0.9874768382573371,1.0,0.0,4.981297327200001e-06,0.9874768382573371,0.0,100484.12957541028,100484.12957541028
2026-08-20 12:00:00+00:00,0.0,0.0,1.106856004075374,438737.17412768566,332760.3355549535,0,8424000.0,0.048287053067057606,1.0,1.106856004075374,742186.43997303,2458967.9191057906,0.0,0.0,0.9874821541188655,1.0,0.0,5.0114175228e-06,0.9874821541188655,0.0,100484.79424467735,100484.79424467735
2026-08-20 13:00:00+00:00,0.0,0.0,1.1068603758097924,438737.17412768566,332761.99323007703,0,8420400.0,0.048281951393588374,1.0,1.1068603758097924,742186.439861465,2459579.900864026,0.0,0.0,0.9874887532087516,1.0,0.0,4.9815762804e-06,0.9874887532087516,0.0,100486.03183560225,100486.03183560225
2026-08-20 14:00:00+00:00,0.0,0.0,1.1068647469875412,438737.17412768566,332763.650920052,0,8416800.0,0.048281951426254466,1.0,1.1068647469875412,742186.439861465,2459579.900864026,0.0,0.0,0.9874940685858087,1.0,0.0,4.9815960948e-06,0.9874940685858087,0.0,100486.70619913668,100486.70619913668
2026-08-20 15:00:00+00:00,0.0,0.0,1.1068691181825527,438737.17412768566,332766.7920963199,0,8413200.0,0.048281951458948535,1.0,1.1068691181825527,742186.439861465,2459579.900864026,0.0,0.0,0.9874993839914769,1.0,0.0,9.439617078e-06,0.9874993839914769,0.0,100485.897088931,100485.897088931
2026-08-20 16:00:00+00:00,0.0,0.0,1.1068734893948273,438737.17412768566,332768.460788133,0,8409600.0,0.04828195149167036,1.0,1.1068734893948273,742186.439861465,2459579.900864026,0.0,0.0,0.9875046994257566,1.0,0.0,5.014585796399999e-06,0.9875046994257566,0.0,100486.56047573307,100486.56047573307
2026-08-20 17:00:00+00:00,0.0,0.0,1.106877860624364,438737.17412768566,332770.9236245935,0,8406000.0,0.048281951524420386,1.0,1.106877860624364,742186.439861465,2459579.900864026,0.0,0.0,0.9875100148886476,1.0,0.0,7.401023946e-06,0.9875100148886476,0.0,100486.4297304406,100486.4297304406
2026-08-20 18:00:00+00:00,0.0,0.0,1.1068822318711637,438737.17412768566,332773.3876124991,0,8402400.0,0.04828195155719861,1.0,1.1068822318711637,742186.439861465,2459579.900864026,0.0,0.0,0.9875153303801504,1.0,0.0,7.4044293192000005e-06,0.9875153303801504,0.0,100486.29784625594,100486.29784625594
2026-08-20 19:00:00+00:00,0.0,0.0,1.106886603135527,438737.17412768566,332775.05170701974,0,8398800.0,0.048281948914613126,1.0,1.106886603135527,742186.3638844606,2459579.9700434334,0.0,0.0,0.9875206465714869,1.0,0.0,5.0006713932e-06,0.9875206465714869,0.0,100486.96616249945,100486.96616249945
2026-08-20 20:00:00+00:00,0.0,0.0,1.1068909744168522,438737.17412768566,332777.3124780797,0,8395200.0,0.04828194894744753,1.0,1.1068909744168522,742186.3638844606,2459579.9700434334,0.0,0.0,0.9875259621199293,1.0,0.0,6.7936684824e-06,0.9875259621199293,0.0,100487.03752014204,100487.03752014204
2026-08-20 21:00:00+00:00,0.0,0.0,1.1068953457154407,438737.17412768566,332780.1735755474,0,8391600.0,0.048281948980309464,1.0,1.1068953457154407,742186.3638844606,2459579.9700434334,0.0,0.0,0.987531277696984,1.0,0.0,8.5975968348e-06,0.987531277696984,0.0,100486.50856393017,100486.50856393017
2026-08-20 22:00:00+00:00,0.0,0.0,1.1068997170312918,438737.17412768566,332781.92908263137,0,8388000.0,0.04828194901320049,1.0,1.1068997170312918,742186.3638844606,2459579.9700434334,0.0,0.0,0.9875365933026508,1.0,0.0,5.275261548e-06,0.9875365933026508,0.0,100487.08521065523,100487.08521065523
2026-08-20 23:00:00+00:00,0.0,0.0,1.1069039365299944,438737.17412768566,332784.6054738967,0,8384400.0,0.049632420102405206,1.0,1.1069039365299944,781417.3349665436,2424588.8090171088,0.0,0.0,0.9872039420345231,1.0,0.0,8.0424454248e-06,0.9872039420345231,0.0,100338.46234204154,100338.46234204154
2026-08-21 00:00:00+00:00,0.0,0.0,1.1069083078797717,438737.17412768566,332786.3611910745,0,8380800.0,0.049632420136294986,1.0,1.1069083078797717,781417.3349665436,2424588.8090171088,0.0,0.0,0.9872094009664188,1.0,0.0,5.2758226116e-06,0.9872094009664188,0.0,100339.10166121746,100339.10166121746
2026-08-21 01:00:00+00:00,0.0,0.0,1.1069126703198344,438737.17412768566,332789.00291922985,0,8377200.0,0.04971187350193418,1.0,1.1069126703198344,781417.3349665436,2415220.179319775,0.0,0.0,0.987195010041677,1.0,0.0,7.9381788984e-06,0.987195010041677,0.0,100330.14609940775,100330.14609940775
2026-08-21 02:00:00+00:00,0.0,0.0,1.1069170417041034,438737.17412768566,332790.7046179861,0,8373600.0,0.04971187353593809,1.0,1.1069170417041034,781417.3349665436,2415220.179319775,0.0,0.0,0.9872004774543777,1.0,0.0,5.1134334083999995e-06,0.9872004774543777,0.0,100330.84315784962,100330.84315784962
2026-08-21 03:00:00+00:00,0.0,0.0,1.1069214131056355,438737.17412768566,332793.0761996279,0,8370000.0,0.0497118735699722,1.0,1.1069214131056355,781417.3349665436,2415220.179319775,0.0,0.0,0.9872059448973584,1.0,0.0,7.126320412800001e-06,0.9872059448973584,0.0,100330.87034669088,100330.87034669088
2026-08-21 04:00:00+00:00,0.0,0.0,1.1069257845244311,438737.17412768566,332795.790165489,0,8366400.0,0.049711873604035395,1.0,1.1069257845244311,781417.3349665436,2415220.179319775,0.0,0.0,0.9872114123706197,1.0,0.0,8.155081908e-06,0.9872114123706197,0.0,100330.55516459804,100330.55516459804
2026-08-21 05:00:00+00:00,0.0,0.0,1.10693015596049,438737.17412768566,332797.385258856,0,8362800.0,0.04971187363812746,1.0,1.10693015596049,781417.3349665436,2415220.179319775,0.0,0.0,0.9872168798741618,1.0,0.0,4.7929979628e-06,0.9872168798741618,0.0,100331.35886828467,100331.35886828467
2026-08-21 06:00:00+00:00,0.0,0.0,1.1069345274138123,438737.17412768566,332799.13474174467,0,8359200.0,0.049711873672249274,1.0,1.1069345274138123,781417.3349665436,2415220.179319775,0.0,0.0,0.9872223474079846,1.0,0.0,5.2568871264e-06,0.9872223474079846,0.0,100332.00819573487,100332.00819573487
2026-08-21 07:00:00+00:00,0.0,0.0,1.1069388988843987,438737.17412768566,332800.81052026217,0,8355600.0,0.049711873706399734,1.0,1.1069388988843987,781417.3349665436,2415220.179319775,0.0,0.0,0.9872278149720888,1.0,0.0,5.035392593999999e-06,0.9872278149720888,0.0,100332.7312408418,100332.7312408418
2026-08-21 08:00:00+00:00,0.0,0.0,1.1069432703722484,438737.17412768566,332802.486336371,0,8352000.0,0.049711873740580614,1.0,1.1069432703722484,781417.3349665436,2415220.179319775,0.0,0.0,0.9872332825664737,1.0,0.0,5.0354801928e-06,0.9872332825664737,0.0,100333.4542616427,100333.4542616427
2026-08-21 09:00:00+00:00,0.0,0.0,1.1069476418773618,438737.17412768566,332804.1621882673,0,8348400.0,0.04971187377479058,1.0,1.1069476418773618,781417.3349665436,2415220.179319775,0.0,0.0,0.9872387501911402,1.0,0.0,5.03556237e-06,0.9872387501911402,0.0,100334.17725994176,100334.17725994176
2026-08-21 10:00:00+00:00,0.0,0.0,1.1069519837203923,438737.17412768566,332805.83807523624,0,8344800.0,0.04971502649926873,1.0,1.1069519837203923,781510.4928632439,2415137.100105154,0.0,0.0,0.9872434332533361,1.0,0.0,5.035642398e-06,0.9872434332533361,0.0,100334.55600644689,100334.55600644689
2026-08-21 11:00:00+00:00,0.0,0.0,1.1069563552599162,438737.17412768566,332807.5140316628,0,8341200.0,0.04971502653354043,1.0,1.1069563552599162,781510.4928632439,2415137.100105154,0.0,0.0,0.9872489012726998,1.0,0.0,5.0358257424e-06,0.9872489012726998,0.0,100335.27907338407,100335.27907338407
2026-08-21 12:00:00+00:00,0.0,0.0,1.1069607268167037,438737.17412768566,332809.2102866707,0,8337600.0,0.04971502656784166,1.0,1.1069607268167037,781510.4928632439,2415137.100105154,0.0,0.0,0.9872543693223491,1.0,0.0,5.0967920304e-06,0.9872543693223491,0.0,100335.98185502726,100335.98185502726
2026-08-21 13:00:00+00:00,0.0,0.0,1.1069650983907555,438737.17412768566,332811.8810656125,0,8334000.0,0.04971502660217264,1.0,1.1069650983907555,781510.4928632439,2415137.100105154,0.0,0.0,0.9872598374022842,1.0,0.0,8.024922817200002e-06,0.9872598374022842,0.0,100335.71012602409,100335.71012602409
2026-08-21 14:00:00+00:00,0.0,0.0,1.1069694699820716,438737.17412768566,332814.6660877113,0,8330400.0,0.0497150266365336,1.0,1.1069694699820716,781510.4928632439,2415137.100105154,0.0,0.0,0.987265305512505,1.0,0.0,8.368122067199998e-06,0.987265305512505,0.0,100335.32416715141,100335.32416715141
2026-08-21 15:00:00+00:00,0.0,0.0,1.1069738415906518,438737.17412768566,332816.2513684841,0,8326800.0,0.04971502667092409,1.0,1.1069738415906518,781510.4928632439,2415137.100105154,0.0,0.0,0.987270773653012,1.0,0.0,4.763242605599999e-06,0.987270773653012,0.0,100336.13796289236,100336.13796289236
2026-08-21 16:00:00+00:00,0.0,0.0,1.106978213216496,438737.17412768566,332817.87504931306,0,8323200.0,0.04971502670534411,1.0,1.106978213216496,781510.4928632439,2415137.100105154,0.0,0.0,0.9872762418238054,1.0,0.0,4.8785985108e-06,0.9872762418238054,0.0,100336.91337186494,100336.91337186494
2026-08-21 17:00:00+00:00,0.0,0.0,1.1069825848596049,438737.17412768566,332819.48443859274,0,8319600.0,0.04971502673979433,1.0,1.1069825848596049,781510.4928632439,2415137.100105154,0.0,0.0,0.987281710024885,1.0,0.0,4.8356338679999995e-06,0.987281710024885,0.0,100337.7030856745,100337.7030856745
2026-08-21 18:00:00+00:00,0.0,0.0,1.1069871142352192,438737.17412768566,332821.11345456267,0,8316000.0,0.04833687261454411,1.0,1.1069871142352192,741527.8020620004,2450806.0632257946,0.0,0.0,0.9876292665643771,1.0,0.0,4.8945811752e-06,0.9876292665643771,0.0,100488.5600436909,100488.5600436909
2026-08-21 19:00:00+00:00,0.0,0.0,1.1069914859134795,438737.17412768566,332822.7422942802,0,8312400.0,0.04833687264807596,1.0,1.1069914859134795,741527.8020620004,2450806.0632257946,0.0,0.0,0.9876345886043382,1.0,0.0,4.89402765e-06,0.9876345886043382,0.0,100489.26618074649,100489.26618074649
2026-08-21 20:00:00+00:00,0.0,0.0,1.1069958576090042,438737.17412768566,332824.3709577726,0,8308800.0,0.04833687268163578,1.0,1.1069958576090042,741527.8020620004,2450806.0632257946,0.0,0.0,0.9876399106729783,1.0,0.0,4.8934742148e-06,0.9876399106729783,0.0,100489.9725066098,100489.9725066098
2026-08-21 21:00:00+00:00,0.0,0.0,1.1070002443891716,438737.17412768566,332826.00176578684,0,8305200.0,0.04820530659165079,1.0,1.1070002443891716,737788.2140804969,2454142.7332891407,0.0,0.0,0.9876778781788862,1.0,0.0,4.8998936412e-06,0.9876778781788862,0.0,100504.99945484626,100504.99945484626
2026-08-21 22:00:00+00:00,0.0,0.0,1.1070046026876557,438737.17412768566,332827.6320307971,0,8301600.0,0.04832258837199932,1.0,1.1070046026876557,741121.2140804969,2451169.2315487303,0.0,0.0,0.9876540975009125,1.0,0.0,4.8982381451999995e-06,0.9876540975009125,0.0,100492.93572238297,100492.93572238297
2026-08-21 23:00:00+00:00,0.0,0.0,1.1070089425460659,438737.17412768566,332829.2621296114,0,8298000.0,0.04860108618157111,1.0,1.1070089425460659,749024.3613222744,2443893.092650147,0.0,0.0,0.9875903897137156,1.0,0.0,4.8977148096e-06,0.9875903897137156,0.0,100463.35464904399,100463.35464904399
2026-08-22 00:00:00+00:00,0.0,0.0,1.1070133143105299,438737.17412768566,332830.89206225594,0,8294400.0,0.04860108621543624,1.0,1.1070133143105299,749024.3613222744,2443893.092650147,0.0,0.0,0.9875957399543404,1.0,0.0,4.8971915604e-06,0.9875957399543404,0.0,100464.07206585206,100464.07206585206
2026-08-22 01:00:00+00:00,0.0,0.0,1.1070176860922585,438737.17412768566,332832.5218287571,0,8290800.0,0.04860108624933113,1.0,1.1070176860922585,749024.3613222744,2443893.092650147,0.0,0.0,0.9876010902239498,1.0,0.0,4.8966683976e-06,0.9876010902239498,0.0,100464.78966152022,100464.78966152022
2026-08-22 02:00:00+00:00,0.0,0.0,1.1070220578912524,438737.17412768566,332834.1514291385,0,8287200.0,0.048601086283255324,1.0,1.1070220578912524,749024.3613222744,2443893.092650147,0.0,0.0,0.9876064405225442,1.0,0.0,4.896145314e-06,0.9876064405225442,0.0,100465.50743602484,100465.50743602484
2026-08-22 03:00:00+00:00,0.0,0.0,1.107026352843615,438737.17412768566,332835.76789956,0,8283600.0,0.04927266091046101,1.0,1.107026352843615,768460.115418921,2426557.6850541136,0.0,0.0,0.9874457147336206,1.0,0.0,4.8566725775999996e-06,0.9874457147336206,0.0,100393.37458716158,100393.37458716158
2026-08-22 04:00:00+00:00,0.0,0.0,1.1070307246768354,438737.17412768566,332837.3841608091,0,8280000.0,0.04927266094492522,1.0,1.1070307246768354,768460.115418921,2426557.6850541136,0.0,0.0,0.9874511363603109,1.0,0.0,4.856020538400001e-06,0.9874511363603109,0.0,100394.13699508569,100394.13699508569
2026-08-22 05:00:00+00:00,0.0,0.0,1.1070350965273201,438737.17412768566,332839.0002129271,0,8276400.0,0.04927266097941896,1.0,1.1070350965273201,768460.115418921,2426557.6850541136,0.0,0.0,0.9874565580167689,1.0,0.0,4.8553686324e-06,0.9874565580167689,0.0,100394.89962520119,100394.89962520119
2026-08-22 06:00:00+00:00,0.0,0.0,1.1070394683950708,438737.17412768566,332840.61605595524,0,8272800.0,0.04927266101394201,1.0,1.1070394683950708,768460.115418921,2426557.6850541136,0.0,0.0,0.9874619797029951,1.0,0.0,4.854716859600001e-06,0.9874619797029951,0.0,100395.66247746692,100395.66247746692
2026-08-22 07:00:00+00:00,0.0,0.0,1.1070438402800862,438737.17412768566,332842.23168993345,0,8269200.0,0.04927266104849637,1.0,1.1070438402800862,768460.115418921,2426557.6850541136,0.0,0.0,0.987467401418989,1.0,0.0,4.8540652164e-06,0.987467401418989,0.0,100396.42555184284,100396.42555184284
2026-08-22 08:00:00+00:00,0.0,0.0,1.1070481570393154,438737.17412768566,332843.8471149029,0,8265600.0,0.049754711954486996,1.0,1.1070481570393154,782626.6166244498,2413923.388015801,0.0,0.0,0.9873539533565621,1.0,0.0,4.8534137064e-06,0.9873539533565621,0.0,100345.03624455386,100345.03624455386
2026-08-22 09:00:00+00:00,0.0,0.0,1.1070526907280673,438737.17412768566,332845.46233090374,0,8262000.0,0.048341185498184336,1.0,1.1070526907280673,741599.6449512459,2450523.90596961,0.0,0.0,0.9877080357320954,1.0,0.0,4.852762326e-06,0.9877080357320954,0.0,100498.77012940298,100498.77012940298
2026-08-22 10:00:00+00:00,0.0,0.0,1.1070570665444477,438737.17412768566,332847.10374375404,0,8258400.0,0.048307313409978736,1.0,1.1070570665444477,740635.6074748561,2451384.0664184624,0.0,0.0,0.9877217160152809,1.0,0.0,4.9314441348e-06,0.9877217160152809,0.0,100503.13076533878,100503.13076533878
2026-08-22 11:00:00+00:00,0.0,0.0,1.1070614384989614,438737.17412768566,332848.74504841893,0,8254800.0,0.048307313443958,1.0,1.1070614384989614,740635.6074748561,2451384.0664184624,0.0,0.0,0.9877270353740765,1.0,0.0,4.9310947872e-06,0.9877270353740765,0.0,100503.82326112001,100503.82326112001
2026-08-22 12:00:00+00:00,0.0,0.0,1.1070658104707407,438737.17412768566,332850.3955961756,0,8251200.0,0.04830731347796746,1.0,1.1070658104707407,740635.6074748561,2451384.0664184624,0.0,0.0,0.9877323547615193,1.0,0.0,4.95883998e-06,0.9877323547615193,0.0,100504.5065263781,100504.5065263781
2026-08-22 13:00:00+00:00,0.0,0.0,1.107070182459786,438737.17412768566,332852.0460712855,0,8247600.0,0.0483073135120069,1.0,1.107070182459786,740635.6074748561,2451384.0664184624,0.0,0.0,0.9877376741776095,1.0,0.0,4.9585971348e-06,0.9877376741776095,0.0,100505.18987685163,100505.18987685163
2026-08-22 14:00:00+00:00,0.0,0.0,1.1070745398844655,438737.17412768566,332853.71469009545,0,8244000.0,0.04830738556385272,1.0,1.1070745398844655,740635.6074748561,2451384.0664184624,0.0,0.0,0.9877429758834586,1.0,0.0,5.01308208e-06,0.9877429758834586,0.0,100505.84731348394,100505.84731348394
2026-08-22 15:00:00+00:00,0.0,0.0,1.107078926489673,438737.17412768566,332855.25759538286,0,8240400.0,0.04830731358017393,1.0,1.107078926489673,740635.6074748561,2451384.0664184624,0.0,0.0,0.9877483130957332,1.0,0.0,4.6353747708e-06,0.9877483130957332,0.0,100506.64604162762,100506.64604162762
2026-08-22 16:00:00+00:00,0.0,0.0,1.107083298530515,438737.17412768566,332856.9092647735,0,8236800.0,0.04830731361430263,1.0,1.107083298530515,740635.6074748561,2451384.0664184624,0.0,0.0,0.9877536325977667,1.0,0.0,4.9621126751999995e-06,0.9877536325977667,0.0,100507.32823552692,100507.32823552692
2026-08-22 17:00:00+00:00,0.0,0.0,1.1070876705886237,438737.17412768566,332858.5608682336,0,8233200.0,0.04830731364846064,1.0,1.1070876705886237,740635.6074748561,2451384.0664184624,0.0,0.0,0.9877589521284486,1.0,0.0,4.9618899792e-06,0.9877589521284486,0.0,100508.01050792582,100508.01050792582
2026-08-22 18:00:00+00:00,0.0,0.0,1.1070920426639974,438737.17412768566,332860.21225785644,0,8229600.0,0.04830731368264907,1.0,1.1070920426639974,740635.6074748561,2451384.0664184624,0.0,0.0,0.9877642716877784,1.0,0.0,4.9612229352000005e-06,0.9877642716877784,0.0,100508.69300673099,100508.69300673099
2026-08-22 19:00:00+00:00,0.0,0.0,1.107096414756638,438737.17412768566,332861.8786802004,0,8226000.0,0.04830731371686703,1.0,1.107096414756638,740635.6074748561,2451384.0664184624,0.0,0.0,0.9877695912757568,1.0,0.0,5.006360361600001e-06,0.9877695912757568,0.0,100509.36048538424,100509.36048538424
2026-08-22 20:00:00+00:00,0.0,0.0,1.1071007868665443,438737.17412768566,332863.5606097195,0,8222400.0,0.04830731375111519,1.0,1.1071007868665443,740635.6074748561,2451384.0664184624,0.0,0.0,0.9877749108923837,1.0,0.0,5.0529224807999995e-06,0.9877749108923837,0.0,100510.01246943144,100510.01246943144
2026-08-22 21:00:00+00:00,0.0,0.0,1.1071051589937166,438737.17412768566,332865.2425582681,0,8218800.0,0.04830731378539266,1.0,1.1071051589937166,740635.6074748561,2451384.0664184624,0.0,0.0,0.9877802305376594,1.0,0.0,5.0529541176e-06,0.9877802305376594,0.0,100510.66444701847,100510.66444701847
2026-08-22 22:00:00+00:00,0.0,0.0,1.1071095311381556,438737.17412768566,332866.91857283004,0,8215200.0,0.048307313819701436,1.0,1.1071095311381556,740635.6074748561,2451384.0664184624,0.0,0.0,0.9877855502115837,1.0,0.0,5.0351016816e-06,0.9877855502115837,0.0,100511.32237116131,100511.32237116131
2026-08-22 23:00:00+00:00,0.0,0.0,1.107113903299861,438737.17412768566,332868.59460063383,0,8211600.0,0.048307313854039746,1.0,1.107113903299861,740635.6074748561,2451384.0664184624,0.0,0.0,0.9877908699141571,1.0,0.0,5.035116110400001e-06,0.9877908699141571,0.0,100511.9802946318,100511.9802946318
2026-08-23 00:00:00+00:00,0.0,0.0,1.1071182754788325,438737.17412768566,332870.27064168075,0,8208000.0,0.048307313888407366,1.0,1.1071182754788325,740635.6074748561,2451384.0664184624,0.0,0.0,0.98779618964538,1.0,0.0,5.035130542799999e-06,0.98779618964538,0.0,100512.63821742876,100512.63821742876
2026-08-23 01:00:00+00:00,0.0,0.0,1.1071226476750706,438737.17412768566,332871.94669596973,0,8204400.0,0.04830731392280585,1.0,1.1071226476750706,740635.6074748561,2451384.0664184624,0.0,0.0,0.9878015094052519,1.0,0.0,5.035144971600001e-06,0.9878015094052519,0.0,100513.29613955301,100513.29613955301
2026-08-23 02:00:00+00:00,0.0,0.0,1.107127019888575,438737.17412768566,332873.53457879525,0,8200800.0,0.0483073139572352,1.0,1.107127019888575,740635.6074748561,2451384.0664184624,0.0,0.0,0.9878068291937732,1.0,0.0,4.770239889600001e-06,0.9878068291937732,0.0,100514.04224571027,100514.04224571027
2026-08-23 03:00:00+00:00,0.0,0.0,1.1071313921193462,438737.17412768566,332875.1221690781,0,8197200.0,0.04830731399169386,1.0,1.1071313921193462,740635.6074748561,2451384.0664184624,0.0,0.0,0.9878121490109444,1.0,0.0,4.7693382984e-06,0.9878121490109444,0.0,100514.78865697997,100514.78865697997
2026-08-23 04:00:00+00:00,0.0,0.0,1.1071357643673843,438737.17412768566,332876.7094669003,0,8193600.0,0.048307314026182935,1.0,1.1071357643673843,740635.6074748561,2451384.0664184624,0.0,0.0,0.9878174688567652,1.0,0.0,4.768436966400001e-06,0.9878174688567652,0.0,100515.53537328,100515.53537328
2026-08-23 05:00:00+00:00,0.0,0.0,1.1071401366326887,438737.17412768566,332878.2957368745,0,8190000.0,0.04830731406070288,1.0,1.1071401366326887,740635.6074748561,2451384.0664184624,0.0,0.0,0.987822788731236,1.0,0.0,4.7653264692e-06,0.987822788731236,0.0,100516.28312999778,100516.28312999778
2026-08-23 06:00:00+00:00,0.0,0.0,1.10714450891526,438737.17412768566,332879.9395603437,0,8186400.0,0.048307314095252574,1.0,1.10714450891526,740635.6074748561,2451384.0664184624,0.0,0.0,0.9878281086343569,1.0,0.0,4.9381994304000006e-06,0.9878281086343569,0.0,100516.97334579052,100516.97334579052
2026-08-23 07:00:00+00:00,0.0,0.0,1.1071488757617944,438737.17412768566,332881.5831607233,0,8182800.0,0.048354927910013945,1.0,1.1071488757617944,741990.872431569,2450174.9315992887,0.0,0.0,0.9878217870197321,1.0,0.0,4.937504868e-06,0.9878217870197321,0.0,100512.55621807452,100512.55621807452
2026-08-23 08:00:00+00:00,0.0,0.0,1.1071532479900736,438737.17412768566,332883.22667587054,0,8179200.0,0.04835570332947303,1.0,1.1071532479900736,741990.872431569,2450082.3029013607,0.0,0.0,0.9878269225457912,1.0,0.0,4.937224446e-06,0.9878269225457912,0.0,100513.16584911809,100513.16584911809
2026-08-23 09:00:00+00:00,0.0,0.0,1.1071575194830223,438737.17412768566,332884.8701057911,0,8175600.0,0.049236551396616646,1.0,1.1071575194830223,767381.6285102147,2427434.177524404,0.0,0.0,0.9876171880496033,1.0,0.0,4.9369440456e-06,0.9876171880496033,0.0,100419.504099023,100419.504099023
2026-08-23 10:00:00+00:00,0.0,0.0,1.1071618918342416,438737.17412768566,332886.51345049206,0,8172000.0,0.04923655143197059,1.0,1.1071618918342416,767381.6285102147,2427434.177524404,0.0,0.0,0.9876226067377074,1.0,0.0,4.9366636704000005e-06,0.9876226067377074,0.0,100420.23813422828,100420.23813422828
2026-08-23 11:00:00+00:00,0.0,0.0,1.1071662642027278,438737.17412768566,332888.15670997935,0,8168400.0,0.04923655146735584,1.0,1.1071662642027278,767381.6285102147,2427434.177524404,0.0,0.0,0.9876280254555418,1.0,0.0,4.9363833168e-06,0.9876280254555418,0.0,100420.9722676911,100420.9722676911
2026-08-23 12:00:00+00:00,0.0,0.0,1.107170636588481,438737.17412768566,332889.79988426116,0,8164800.0,0.049236551502773285,1.0,1.107170636588481,767381.6285102147,2427434.177524404,0.0,0.0,0.9876334442031066,1.0,0.0,4.936102992e-06,0.9876334442031066,0.0,100421.70649940317,100421.70649940317
2026-08-23 13:00:00+00:00,0.0,0.0,1.107175008991502,438737.17412768566,332891.4011366856,0,8161200.0,0.04923655153822071,1.0,1.107175008991502,767381.6285102147,2427434.177524404,0.0,0.0,0.9876388629804023,1.0,0.0,4.810146102e-06,0.9876388629804023,0.0,100422.48266601661,100422.48266601661
2026-08-23 14:00:00+00:00,0.0,0.0,1.1071793814117898,438737.17412768566,332893.0021552323,0,8157600.0,0.04923655157370077,1.0,1.1071793814117898,767381.6285102147,2427434.177524404,0.0,0.0,0.9876442817874284,1.0,0.0,4.8094204032e-06,0.9876442817874284,0.0,100423.25907955167,100423.25907955167
2026-08-23 15:00:00+00:00,0.0,0.0,1.1071837538493454,438737.17412768566,332894.6313924299,0,8154000.0,0.049236551609211476,1.0,1.1071837538493454,767381.6285102147,2427434.177524404,0.0,0.0,0.9876497006241857,1.0,0.0,4.894164792e-06,0.9876497006241857,0.0,100424.00728748011,100424.00728748011
2026-08-23 16:00:00+00:00,0.0,0.0,1.1071881263041685,438737.17412768566,332896.2848635009,0,8150400.0,0.04923655164475327,1.0,1.1071881263041685,767381.6285102147,2427434.177524404,0.0,0.0,0.9876551194906742,1.0,0.0,4.9669379099999995e-06,0.9876551194906742,0.0,100424.73127457919,100424.73127457919
2026-08-23 17:00:00+00:00,0.0,0.0,1.1071924785876317,438737.17412768566,332897.9382943884,0,8146800.0,0.04941298235285818,1.0,1.1071924785876317,772539.4911813716,2422833.58814572,0.0,0.0,0.9876176398100216,1.0,0.0,4.9667925312e-06,0.9876176398100216,0.0,100406.63411451498,100406.63411451498
2026-08-23 18:00:00+00:00,0.0,0.0,1.10719685107691,438737.17412768566,332899.59168509155,0,8143200.0,0.04941298238859315,1.0,1.10719685107691,772539.4911813716,2422833.58814572,0.0,0.0,0.9876230774567744,1.0,0.0,4.966647152399999e-06,0.9876230774567744,0.0,100407.36642158206,100407.36642158206
2026-08-23 19:00:00+00:00,0.0,0.0,1.107201223583456,438737.17412768566,332901.20453694335,0,8139600.0,0.04941298242436054,1.0,1.107201223583456,772539.4911813716,2422833.58814572,0.0,0.0,0.9876285151334655,1.0,0.0,4.844848071599999e-06,0.9876285151334655,0.0,100408.13928063551,100408.13928063551
2026-08-23 20:00:00+00:00,0.0,0.0,1.10720559610727,438737.17412768566,332902.8172011612,0,8136000.0,0.04941298246015968,1.0,1.10720559610727,772539.4911813716,2422833.58814572,0.0,0.0,0.9876339528400956,1.0,0.0,4.8442609692e-06,0.9876339528400956,0.0,100408.91234045831,100408.91234045831
2026-08-23 21:00:00+00:00,0.0,0.0,1.1072099686483516,438737.17412768566,332904.42967777816,0,8132400.0,0.049412982495990354,1.0,1.1072099686483516,772539.4911813716,2422833.58814572,0.0,0.0,0.9876393905766647,1.0,0.0,4.8436739747999995e-06,0.9876393905766647,0.0,100409.68560101732,100409.68560101732
2026-08-23 22:00:00+00:00,0.0,0.0,1.1072143412067013,438737.17412768566,332906.041966825,0,8128800.0,0.04941298253185189,1.0,1.1072143412067013,772539.4911813716,2422833.58814572,0.0,0.0,0.9876448283431734,1.0,0.0,4.8430870812e-06,0.9876448283431734,0.0,100410.45906228205,100410.45906228205
2026-08-23 23:00:00+00:00,0.0,0.0,1.107218713782319,438737.17412768566,332907.6540683361,0,8125200.0,0.04941298256774651,1.0,1.107218713782319,772539.4911813716,2422833.58814572,0.0,0.0,0.9876502661396209,1.0,0.0,4.8425002992e-06,0.9876502661396209,0.0,100411.23272421781,100411.23272421781
2026-08-24 00:00:00+00:00,0.0,0.0,1.1072230863752046,438737.17412768566,332909.2659823447,0,8121600.0,0.049412982603671995,1.0,1.1072230863752046,772539.4911813716,2422833.58814572,0.0,0.0,0.9876557039660084,1.0,0.0,4.8419136252000005e-06,0.9876557039660084,0.0,100412.00658679189,100412.00658679189
2026-08-24 01:00:00+00:00,0.0,0.0,1.1072274589853583,438737.17412768566,332910.9132696644,0,8118000.0,0.0494129826396299,1.0,1.1072274589853583,772539.4911813716,2422833.58814572,0.0,0.0,0.9876611418223353,1.0,0.0,4.948144772400001e-06,0.9876611418223353,0.0,100412.74508919037,100412.74508919037
2026-08-24 02:00:00+00:00,0.0,0.0,1.10723183161278,438737.17412768566,332912.57468286215,0,8114400.0,0.04941298267561933,1.0,1.10723183161278,772539.4911813716,2422833.58814572,0.0,0.0,0.9876665797086023,1.0,0.0,4.9905514836000004e-06,0.9876665797086023,0.0,100413.46947884664,100413.46947884664
2026-08-24 03:00:00+00:00,0.0,0.0,1.1072362042574702,438737.17412768566,332914.2360964185,0,8110800.0,0.04941298271164074,1.0,1.1072362042574702,772539.4911813716,2422833.58814572,0.0,0.0,0.9876720176248093,1.0,0.0,4.9905276552e-06,0.9876720176248093,0.0,100414.19388128002,100414.19388128002
2026-08-24 04:00:00+00:00,0.0,0.0,1.107240576919429,438737.17412768566,332915.89751033584,0,8107200.0,0.049412982747694345,1.0,1.107240576919429,772539.4911813716,2422833.58814572,0.0,0.0,0.9876774555709563,1.0,0.0,4.990503834e-06,0.9876774555709563,0.0,100414.91829648835,100414.91829648835
2026-08-24 05:00:00+00:00,0.0,0.0,1.1072449495986556,438737.17412768566,332917.55892461154,0,8103600.0,0.04941298278378059,1.0,1.1072449495986556,772539.4911813716,2422833.58814572,0.0,0.0,0.9876828935470436,1.0,0.0,4.9904800056e-06,0.9876828935470436,0.0,100415.6427244742,100415.6427244742
2026-08-24 06:00:00+00:00,0.0,0.0,1.1072493222951507,438737.17412768566,332919.2203392468,0,8100000.0,0.049412982819898366,1.0,1.1072493222951507,772539.4911813716,2422833.58814572,0.0,0.0,0.9876883315530717,1.0,0.0,4.9904561808e-06,0.9876883315530717,0.0,100416.36716523656,100416.36716523656
2026-08-24 07:00:00+00:00,0.0,0.0,1.1072536950089145,438737.17412768566,332920.88175424153,0,8096400.0,0.04941298285604767,1.0,1.1072536950089145,772539.4911813716,2422833.58814572,0.0,0.0,0.9876937695890404,1.0,0.0,4.990432355999999e-06,0.9876937695890404,0.0,100417.09161877556,100417.09161877556
2026-08-24 08:00:00+00:00,0.0,0.0,1.1072580677399468,438737.17412768566,332923.0413047997,0,8092800.0,0.049412982892230284,1.0,1.1072580677399468,772539.4911813716,2422833.58814572,0.0,0.0,0.9876992076549499,1.0,0.0,6.486656958e-06,0.9876992076549499,0.0,100417.31794988719,100417.31794988719
2026-08-24 09:00:00+00:00,0.0,0.0,1.1072624404882476,438737.17412768566,332924.70507647004,0,8089200.0,0.04941298292844465,1.0,1.1072624404882476,772539.4911813716,2422833.58814572,0.0,0.0,0.9877046457508004,1.0,0.0,4.9974537852e-06,0.9877046457508004,0.0,100418.04007302294,100418.04007302294
2026-08-24 10:00:00+00:00,0.0,0.0,1.1072668132538175,438737.17412768566,332926.3688631572,0,8085600.0,0.04941298296469099,1.0,1.1072668132538175,772539.4911813716,2422833.58814572,0.0,0.0,0.9877100838765922,1.0,0.0,4.9974739164e-06,0.9877100838765922,0.0,100418.7621942783,100418.7621942783
2026-08-24 11:00:00+00:00,0.0,0.0,1.1072711580122763,438737.17412768566,332928.0326610727,0,8082000.0,0.049657922954555955,1.0,1.1072711580122763,779739.4911813716,2416411.702569379,0.0,0.0,0.9876564484034696,1.0,0.0,4.997482668e-06,0.9876564484034696,0.0,100393.56652045192,100393.56652045192
2026-08-24 12:00:00+00:00,0.0,0.0,1.1072755308122726,438737.17412768566,332929.69646730303,0,8078400.0,0.049657922991050985,1.0,1.1072755308122726,779739.4911813716,2416411.702569379,0.0,0.0,0.9876619125766317,1.0,0.0,4.997482668e-06,0.9876619125766317,0.0,100394.3000501137,100394.3000501137
2026-08-24 13:00:00+00:00,0.0,0.0,1.1072799036295384,438737.17412768566,332931.36028738914,0,8074800.0,0.049657923027578876,1.0,1.1072799036295384,779739.4911813716,2416411.702569379,0.0,0.0,0.9876673767800241,1.0,0.0,4.997499310799999e-06,0.9876673767800241,0.0,100395.03357918281,100395.03357918281
2026-08-24 14:00:00+00:00,0.0,0.0,1.107284276464073,438737.17412768566,332933.02412227204,0,8071200.0,0.04965792306413985,1.0,1.107284276464073,779739.4911813716,2416411.702569379,0.0,0.0,0.987672841013647,1.0,0.0,4.9975187796e-06,0.987672841013647,0.0,100395.76710671844,100395.76710671844
2026-08-24 15:00:00+00:00,0.0,0.0,1.1072886493158762,438737.17412768566,332934.6879924221,0,8067600.0,0.049657923100732804,1.0,1.1072886493158762,779739.4911813716,2416411.702569379,0.0,0.0,0.9876783052775007,1.0,0.0,4.9975997328e-06,0.9876783052775007,0.0,100396.50061225018,100396.50061225018
2026-08-24 16:00:00+00:00,0.0,0.0,1.107293022184949,438737.17412768566,332936.35187874053,0,8064000.0,0.04965792313735928,1.0,1.107293022184949,779739.4911813716,2416411.702569379,0.0,0.0,0.987683769571585,1.0,0.0,4.99762332e-06,0.987683769571585,0.0,100397.23411487689,100397.23411487689
2026-08-24 17:00:00+00:00,0.0,0.0,1.1072973950712912,438737.17412768566,332938.0157819156,0,8060400.0,0.04965792317401729,1.0,1.1072973950712912,779739.4911813716,2416411.702569379,0.0,0.0,0.9876892338959007,1.0,0.0,4.9976489736e-06,0.9876892338959007,0.0,100397.96761391067,100397.96761391067
2026-08-24 18:00:00+00:00,0.0,0.0,1.107301767974902,438737.17412768566,332939.6797059326,0,8056800.0,0.0496579232107095,1.0,1.107301767974902,779739.4911813716,2416411.702569379,0.0,0.0,0.9876946982504471,1.0,0.0,4.9976865972e-06,0.9876946982504471,0.0,100398.7011053657,100398.7011053657
2026-08-24 19:00:00+00:00,0.0,0.0,1.1073061408957825,438737.17412768566,332941.3436431989,0,8053200.0,0.04965792324743301,1.0,1.1073061408957825,779739.4911813716,2416411.702569379,0.0,0.0,0.9877001626352252,1.0,0.0,4.9977014148000005e-06,0.9877001626352252,0.0,100399.43459683534,100399.43459683534
2026-08-24 20:00:00+00:00,0.0,0.0,1.1073105138339328,438737.17412768566,332943.00759241276,0,8049600.0,0.04965792328419005,1.0,1.1073105138339328,779739.4911813716,2416411.702569379,0.0,0.0,0.9877056270502347,1.0,0.0,4.9977123228e-06,0.9877056270502347,0.0,100400.168089621,100400.168089621
2026-08-24 21:00:00+00:00,0.0,0.0,1.107314886789352,438737.17412768566,332944.6715530218,0,8046000.0,0.04965792332097996,1.0,1.107314886789352,779739.4911813716,2416411.702569379,0.0,0.0,0.9877110914954759,1.0,0.0,4.9977215712e-06,0.9877110914954759,0.0,100400.90158427524,100400.90158427524
2026-08-24 22:00:00+00:00,0.0,0.0,1.107319259762041,438737.17412768566,332946.3355219469,0,8042400.0,0.04965792335780339,1.0,1.107319259762041,779739.4911813716,2416411.702569379,0.0,0.0,0.9877165559709488,1.0,0.0,4.9977215712e-06,0.9877165559709488,0.0,100401.63508387725,100401.63508387725
2026-08-24 23:00:00+00:00,0.0,0.0,1.1073236327519993,438737.17412768566,332947.9995018921,0,8038800.0,0.04965792339465924,1.0,1.1073236327519993,779739.4911813716,2416411.702569379,0.0,0.0,0.9877220204766537,1.0,0.0,4.9977296928e-06,0.9877220204766537,0.0,100402.36858572304,100402.36858572304
2026-08-25 00:00:00+00:00,0.0,0.0,1.1073280057592276,438737.17412768566,332949.6634901534,0,8035200.0,0.04965792343154818,1.0,1.1073280057592276,779739.4911813716,2416411.702569379,0.0,0.0,0.9877274850125909,1.0,0.0,4.9977296928e-06,0.9877274850125909,0.0,100403.10209251672,100403.10209251672
2026-08-25 01:00:00+00:00,0.0,0.0,1.1073323787837253,438737.17412768566,332951.3274936326,0,8031600.0,0.0496579234684702,1.0,1.1073323787837253,779739.4911813716,2416411.702569379,0.0,0.0,0.9877329495787605,1.0,0.0,4.9977504216e-06,0.9877329495787605,0.0,100403.83559735655,100403.83559735655
2026-08-25 02:00:00+00:00,0.0,0.0,1.1073367606380868,438737.17412768566,332952.99150542816,0,8028000.0,0.049580897674619484,1.0,1.1073367606380868,779739.4903489028,2425493.4895186755,0.0,0.0,0.9877568665086832,1.0,0.0,4.9977504216e-06,0.9877568665086832,0.0,100412.66483180918,100412.66483180918
2026-08-25 03:00:00+00:00,0.0,0.0,1.107341133697159,438737.17412768566,332954.6555291299,0,8024400.0,0.04958089771154883,1.0,1.107341133697159,779739.4903489028,2425493.4895186755,0.0,0.0,0.9877623229627062,1.0,0.0,4.9977612036e-06,0.9877623229627062,0.0,100413.39475732617,100413.39475732617
2026-08-25 04:00:00+00:00,0.0,0.0,1.1073455067735016,438737.17412768566,332956.31956485304,0,8020800.0,0.049580897748512376,1.0,1.1073455067735016,779739.4903489028,2425493.4895186755,0.0,0.0,0.9877677794468708,1.0,0.0,4.997772331200001e-06,0.9877677794468708,0.0,100414.12468404614,100414.12468404614
2026-08-25 05:00:00+00:00,0.0,0.0,1.107349879867114,438737.17412768566,332958.02375660266,0,8017200.0,0.049580897785507894,1.0,1.107349879867114,779739.4903489028,2425493.4895186755,0.0,0.0,0.9877732359611778,1.0,0.0,5.1183512316e-06,0.9877732359611778,0.0,100414.81446796417,100414.81446796417
2026-08-25 06:00:00+00:00,0.0,0.0,1.1073542529779965,438737.17412768566,332959.6880741893,0,8013600.0,0.049580897822537384,1.0,1.1073542529779965,779739.4903489028,2425493.4895186755,0.0,0.0,0.987778692505627,1.0,0.0,4.9985683128e-06,0.987778692505627,0.0,100415.54413926962,100415.54413926962
2026-08-25 07:00:00+00:00,0.0,0.0,1.1073585932273047,438737.17412768566,332961.3171069014,0,8010000.0,0.04986829611631727,1.0,1.1073585932273047,788253.4150610267,2417899.6091540144,0.0,0.0,0.9877154609617532,1.0,0.0,4.8925704384e-06,0.9877154609617532,0.0,100386.17307768267,100386.17307768267
2026-08-25 08:00:00+00:00,0.0,0.0,1.1073629663725972,438737.17412768566,332962.98121219897,0,8006400.0,0.04986829615363386,1.0,1.1073629663725972,788253.4150610267,2417899.6091540144,0.0,0.0,0.9877209480571602,1.0,0.0,4.997881296e-06,0.9877209480571602,0.0,100386.91636511806,100386.91636511806
2026-08-25 09:00:00+00:00,0.0,0.0,1.1073673395351609,438737.17412768566,332964.64533295523,0,8002800.0,0.04986829619098354,1.0,1.1073673395351609,788253.4150610267,2417899.6091540144,0.0,0.0,0.9877264351830499,1.0,0.0,4.9979027448000004e-06,0.9877264351830499,0.0,100387.65965046879,100387.65965046879
2026-08-25 10:00:00+00:00,0.0,0.0,1.1073718190185873,438737.17412768566,332966.30946780747,0,7999200.0,0.048939377714941834,1.0,1.1073718190185873,761930.2812771404,2445329.996043091,0.0,0.0,0.9879537229791492,1.0,0.0,4.9979201004e-06,0.9879537229791492,0.0,100485.71512099082,100485.71512099082
2026-08-25 11:00:00+00:00,0.0,0.0,1.1073762264184825,438737.17412768566,332967.97361614445,0,7995600.0,0.04864068129293697,1.0,1.1073762264184825,753288.5015290371,2453040.8504778277,0.0,0.0,0.9880304528024042,1.0,0.0,4.997935619999999e-06,0.9880304528024042,0.0,100517.71519848006,100517.71519848006
2026-08-25 12:00:00+00:00,0.0,0.0,1.107380585184556,438737.17412768566,332969.6377727987,0,7992000.0,0.048639558786068626,1.0,1.107380585184556,753254.002770991,2453071.6409729114,0.0,0.0,0.9880360777247518,1.0,0.0,4.997935619999999e-06,0.9880360777247518,0.0,100518.51890436129,100518.51890436129
2026-08-25 13:00:00+00:00,0.0,0.0,1.107384973002736,438737.17412768566,332971.3019377704,0,7988400.0,0.04863948401044538,1.0,1.107384973002736,753254.002770991,2453071.6409729114,0.0,0.0,0.9880414523732773,1.0,0.0,4.997935619999999e-06,0.9880414523732773,0.0,100519.21279749565,100519.21279749565
2026-08-25 14:00:00+00:00,0.0,0.0,1.1073893462522073,438737.17412768566,332972.9661160845,0,7984800.0,0.04863948404701768,1.0,1.1073893462522073,753254.002770991,2453071.6409729114,0.0,0.0,0.9880468091872999,1.0,0.0,4.9979507112000004e-06,0.9880468091872999,0.0,100519.89885262813,100519.89885262813
2026-08-25 15:00:00+00:00,0.0,0.0,1.1073936959515827,438737.17412768566,332974.6303060245,0,7981200.0,0.048845290222740534,1.0,1.1073936959515827,759200.7190426249,2447766.3169172574,0.0,0.0,0.9880030955643446,1.0,0.0,4.9979606472e-06,0.9880030955643446,0.0,100499.05587128183,100499.05587128183
2026-08-25 16:00:00+00:00,0.0,0.0,1.107398069235502,438737.17412768566,332976.2945042821,0,7977600.0,0.048845290259537766,1.0,1.107398069235502,759200.7190426249,2447766.3169172574,0.0,0.0,0.9880084743036684,1.0,0.0,4.9979606472e-06,0.9880084743036684,0.0,100499.75152591552,100499.75152591552
2026-08-25 17:00:00+00:00,0.0,0.0,1.1074024425366928,438737.17412768566,332977.95871442475,0,7974000.0,0.04884529029636808,1.0,1.1074024425366928,759200.7190426249,2447766.3169172574,0.0,0.0,0.9880138530722745,1.0,0.0,4.9979713608e-06,0.9880138530722745,0.0,100500.44718151138,100500.44718151138
2026-08-25 18:00:00+00:00,0.0,0.0,1.1074068158551538,438737.17412768566,332979.6229328851,0,7970400.0,0.048845290333231706,1.0,1.1074068158551538,759200.7190426249,2447766.3169172574,0.0,0.0,0.9880192318701628,1.0,0.0,4.9979713608e-06,0.9880192318701628,0.0,100501.14284163679,100501.14284163679
2026-08-25 19:00:00+00:00,0.0,0.0,1.107411189190886,438737.17412768566,332981.28715966316,0,7966800.0,0.04884529037012819,1.0,1.107411189190886,759200.7190426249,2447766.3169172574,0.0,0.0,0.9880246106973336,1.0,0.0,4.9979713608e-06,0.9880246106973336,0.0,100501.83850629174,100501.83850629174
2026-08-25 20:00:00+00:00,0.0,0.0,1.1074155625457376,438737.17412768566,332982.951394759,0,7963200.0,0.04884527426637231,1.0,1.1074155625457376,759200.2514023639,2447766.7342125177,0.0,0.0,0.9880299933931724,1.0,0.0,4.9979713608e-06,0.9880299933931724,0.0,100502.5358599574,100502.5358599574
2026-08-25 21:00:00+00:00,0.0,0.0,1.1074199359160117,438737.17412768566,332984.61563817266,0,7959600.0,0.04884527430333607,1.0,1.1074199359160117,759200.2514023639,2447766.7342125177,0.0,0.0,0.9880353722771937,1.0,0.0,4.9979713608e-06,0.9880353722771937,0.0,100503.23153291922,100503.23153291922
2026-08-25 22:00:00+00:00,0.0,0.0,1.1074243093035572,438737.17412768566,332986.27989316476,0,7956000.0,0.04884527434033337,1.0,1.1074243093035572,759200.2514023639,2447766.7342125177,0.0,0.0,0.9880407511904978,1.0,0.0,4.997981152799999e-06,0.9880407511904978,0.0,100503.92720715003,100503.92720715003
2026-08-25 23:00:00+00:00,0.0,0.0,1.1074286827083744,438737.17412768566,332987.9965778676,0,7952400.0,0.04884527437736397,1.0,1.1074286827083744,759200.2514023639,2447766.7342125177,0.0,0.0,0.9880461301330852,1.0,0.0,5.15540844e-06,0.9880461301330852,0.0,100504.57046451775,100504.57046451775
2026-08-26 00:00:00+00:00,0.0,0.0,1.1074330561304624,438737.17412768566,332989.7133228596,0,7948800.0,0.0488452744144281,1.0,1.1074330561304624,759200.2514023639,2447766.7342125177,0.0,0.0,0.9880515091049558,1.0,0.0,5.155562916000001e-06,0.9880515091049558,0.0,100505.21367444395,100505.21367444395
2026-08-26 01:00:00+00:00,0.0,0.0,1.1074374149830075,438737.17412768566,332991.43012814637,0,7945200.0,0.048845350030294554,1.0,1.1074374149830075,759200.2514023639,2447766.7342125177,0.0,0.0,0.9880568701683358,1.0,0.0,5.155717406400001e-06,0.9880568701683358,0.0,100505.84896695486,100505.84896695486
2026-08-26 02:00:00+00:00,0.0,0.0,1.1074418030264526,438737.17412768566,332993.1469937288,0,7941600.0,0.04884527448865761,1.0,1.1074418030264526,759200.2514023639,2447766.7342125177,0.0,0.0,0.988062267136547,1.0,0.0,5.1558718967999995e-06,0.988062267136547,0.0,100506.49995195429,100506.49995195429
2026-08-26 03:00:00+00:00,0.0,0.0,1.107446166284001,438737.17412768566,332994.81162478717,0,7938000.0,0.04893449893900459,1.0,1.107446166284001,759200.2514023639,2437149.134846769,0.0,0.0,0.9880464898669102,1.0,0.0,4.998982449600001e-06,0.9880464898669102,0.0,100497.91324620001,100497.91324620001
2026-08-26 04:00:00+00:00,0.0,0.0,1.1074505397751346,438737.17412768566,332996.47626761475,0,7934400.0,0.048934498976273444,1.0,1.1074505397751346,759200.2514023639,2437149.134846769,0.0,0.0,0.9880518784353801,1.0,0.0,4.9989928032e-06,0.9880518784353801,0.0,100498.61276867555,100498.61276867555
2026-08-26 05:00:00+00:00,0.0,0.0,1.1074548673866926,438737.17412768566,332998.14092397265,0,7930800.0,0.049335429116091456,1.0,1.1074548673866926,770867.2258626851,2426741.5324896546,0.0,0.0,0.9879623139768959,1.0,0.0,4.9990084452e-06,0.9879623139768959,0.0,100457.65285489999,100457.65285489999
2026-08-26 06:00:00+00:00,0.0,0.0,1.1074592409121884,438737.17412768566,332999.8055886522,0,7927200.0,0.04933542915374134,1.0,1.1074592409121884,770867.2258626851,2426741.5324896546,0.0,0.0,0.9879677451860899,1.0,0.0,4.9990084452e-06,0.9879677451860899,0.0,100458.3710635943,100458.3710635943
2026-08-26 07:00:00+00:00,0.0,0.0,1.107463614454956,438737.17412768566,333001.4702616535,0,7923600.0,0.049335429191424085,1.0,1.107463614454956,770867.2258626851,2426741.5324896546,0.0,0.0,0.9879731764251416,1.0,0.0,4.9990084452e-06,0.9879731764251416,0.0,100459.08927706658,100459.08927706658
2026-08-26 08:00:00+00:00,0.0,0.0,1.1074679880149951,438737.17412768566,333003.13494297647,0,7920000.0,0.04933542922914236,1.0,1.1074679880149951,770867.2258626851,2426741.5324896546,0.0,0.0,0.9879786076940505,1.0,0.0,4.9990084452e-06,0.9879786076940505,0.0,100459.8074953166,100459.8074953166
2026-08-26 09:00:00+00:00,0.0,0.0,1.1074723615923066,438737.17412768566,333004.79963262123,0,7916400.0,0.049335429266894826,1.0,1.1074723615923066,770867.2258626851,2426741.5324896546,0.0,0.0,0.9879840389928174,1.0,0.0,4.9990084452e-06,0.9879840389928174,0.0,100460.52571834467,100460.52571834467
2026-08-26 10:00:00+00:00,0.0,0.0,1.107476756348272,438737.17412768566,333006.4643305878,0,7912800.0,0.049150559493702284,1.0,1.107476756348272,765472.4218078464,2431554.7299077916,0.0,0.0,0.9880331495961208,1.0,0.0,4.9990084452e-06,0.9880331495961208,0.0,100480.40766769112,100480.40766769112
2026-08-26 11:00:00+00:00,0.0,0.0,1.1074811763820518,438737.17412768566,333008.13520892407,0,7909200.0,0.048745125309964665,1.0,1.1074811763820518,753734.2514258695,2442028.4434961127,0.0,0.0,0.9881343440957906,1.0,0.0,5.0175426708e-06,0.9881343440957906,0.0,100523.1345781773,100523.1345781773
2026-08-26 12:00:00+00:00,0.0,0.0,1.107485550011446,438737.17412768566,333009.79993854475,0,7905600.0,0.048745125347356755,1.0,1.107485550011446,753734.2514258695,2442028.4434961127,0.0,0.0,0.9881397127765136,1.0,0.0,4.9990534272000004e-06,0.9881397127765136,0.0,100523.82528836577,100523.82528836577
2026-08-26 13:00:00+00:00,0.0,0.0,1.1074899592350445,438737.17412768566,333011.47467771184,0,7902000.0,0.048434515813003065,1.0,1.1074899592350445,744828.0081066302,2449975.721527799,0.0,0.0,0.9882184274890514,1.0,0.0,5.0290860996e-06,0.9882184274890514,0.0,100556.68561973982,100556.68561973982
2026-08-26 14:00:00+00:00,0.0,0.0,1.1074943328991242,438737.17412768566,333013.14943486097,0,7898400.0,0.04843451585021885,1.0,1.1074943328991242,744828.0081066302,2449975.721527799,0.0,0.0,0.9882237632102107,1.0,0.0,5.0291148059999996e-06,0.9882237632102107,0.0,100557.351841814,100557.351841814
2026-08-26 15:00:00+00:00,0.0,0.0,1.1074987065804756,438737.17412768566,333014.8142853628,0,7894800.0,0.04843451588746883,1.0,1.1074987065804756,744828.0081066302,2449975.721527799,0.0,0.0,0.9882290989601791,1.0,0.0,4.9993411464e-06,0.9882290989601791,0.0,100558.02798317524,100558.02798317524
2026-08-26 16:00:00+00:00,0.0,0.0,1.1075030802631658,438737.17412768566,333016.479149886,0,7891200.0,0.048434655016942774,1.0,1.1075030802631658,744831.9795643016,2449972.177934174,0.0,0.0,0.9882344019326138,1.0,0.0,4.9993582572e-06,0.9882344019326138,0.0,100558.68972979247,100558.68972979247
2026-08-26 17:00:00+00:00,0.0,0.0,1.1075074539790621,438737.17412768566,333018.144031676,0,7887600.0,0.04843465505426159,1.0,1.1075074539790621,744831.9795643016,2449972.177934174,0.0,0.0,0.9882397377549906,1.0,0.0,4.999385113200001e-06,0.9882397377549906,0.0,100559.36587163375,100559.36587163375
2026-08-26 18:00:00+00:00,0.0,0.0,1.1075118277122313,438737.17412768566,333019.8089287944,0,7884000.0,0.048434655091613044,1.0,1.1075118277122313,744831.9795643016,2449972.177934174,0.0,0.0,0.9882450736061777,1.0,0.0,4.999406148e-06,0.9882450736061777,0.0,100560.04201078677,100560.04201078677
2026-08-26 19:00:00+00:00,0.0,0.0,1.1075162014626727,438737.17412768566,333021.47383838805,0,7880400.0,0.048434655128999804,1.0,1.1075162014626727,744831.9795643016,2449972.177934174,0.0,0.0,0.9882504094861747,1.0,0.0,4.9994186148000005e-06,0.9882504094861747,0.0,100560.71815010445,100560.71815010445
2026-08-26 20:00:00+00:00,0.0,0.0,1.1075205752303872,438737.17412768566,333023.13875953265,0,7876800.0,0.04843465516642009,1.0,1.1075205752303872,744831.9795643016,2449972.177934174,0.0,0.0,0.9882557453949821,1.0,0.0,4.999428305999999e-06,0.9882557453949821,0.0,100561.39429051138,100561.39429051138
2026-08-26 21:00:00+00:00,0.0,0.0,1.1075249490153745,438737.17412768566,333024.803691714,0,7873200.0,0.048434655203875465,1.0,1.1075249490153745,744831.9795643016,2449972.177934174,0.0,0.0,0.9882610813325997,1.0,0.0,4.9994364528e-06,0.9882610813325997,0.0,100562.0704325217,100562.0704325217
2026-08-26 22:00:00+00:00,0.0,0.0,1.1075293228176342,438737.17412768566,333026.4686351085,0,7869600.0,0.04843465524136459,1.0,1.1075293228176342,744831.9795643016,2449972.177934174,0.0,0.0,0.9882664172990281,1.0,0.0,4.999445128799999e-06,0.9882664172990281,0.0,100562.74657595926,100562.74657595926
2026-08-26 23:00:00+00:00,0.0,0.0,1.107533696637167,438737.17412768566,333028.13358390745,0,7866000.0,0.04843465527888746,1.0,1.107533696637167,744831.9795643016,2449972.177934174,0.0,0.0,0.9882717532942673,1.0,0.0,4.9994363628e-06,0.9882717532942673,0.0,100563.42272663274,100563.42272663274
2026-08-27 00:00:00+00:00,0.0,0.0,1.107538095434984,438737.17412768566,333029.7985549831,0,7862400.0,0.04821679393361933,1.0,1.107538095434984,738630.3469968991,2455506.506912677,0.0,0.0,0.9883282955150878,1.0,0.0,4.9994782596e-06,0.9883282955150878,0.0,100586.56492973876,100586.56492973876
2026-08-27 01:00:00+00:00,0.0,0.0,1.1075424692891616,438737.17412768566,333031.4635399062,0,7858800.0,0.04821679397103873,1.0,1.1075424692891616,738630.3469968991,2455506.506912677,0.0,0.0,0.9883336083976733,1.0,0.0,4.9994948448e-06,0.9883336083976733,0.0,100587.23090390768,100587.23090390768
2026-08-27 02:00:00+00:00,0.0,0.0,1.1075468431606117,438737.17412768566,333033.1285392463,0,7855200.0,0.04821679400849277,1.0,1.1075468431606117,738630.3469968991,2455506.506912677,0.0,0.0,0.9883389213088186,1.0,0.0,4.99951314e-06,0.9883389213088186,0.0,100587.89687618992,100587.89687618992
2026-08-27 03:00:00+00:00,0.0,0.0,1.1075512170493353,438737.17412768566,333034.7935469105,0,7851600.0,0.04821679404598078,1.0,1.1075512170493353,738630.3469968991,2455506.506912677,0.0,0.0,0.9883442342485244,1.0,0.0,4.99951314e-06,0.9883442342485244,0.0,100588.56285267847,100588.56285267847
2026-08-27 04:00:00+00:00,0.0,0.0,1.1075555963679409,438737.17412768566,333036.45856572496,0,7848000.0,0.04816955919034083,1.0,1.1075555963679409,737290.6576191058,2456702.071510649,0.0,0.0,0.9883606309738845,1.0,0.0,4.9995216252e-06,0.9883606309738845,0.0,100594.09168681345,100594.09168681345
2026-08-27 05:00:00+00:00,0.0,0.0,1.1075599702912322,438737.17412768566,333038.1335986665,0,7844400.0,0.04816955922786015,1.0,1.1075599702912322,737290.6576191058,2456702.071510649,0.0,0.0,0.9883659389459535,1.0,0.0,5.029565641200001e-06,0.9883659389459535,0.0,100594.74545853783,100594.74545853783
2026-08-27 06:00:00+00:00,0.0,0.0,1.107564344231797,438737.17412768566,333039.8086495932,0,7840800.0,0.048169559265413,1.0,1.107564344231797,737290.6576191058,2456702.071510649,0.0,0.0,0.9883712469465291,1.0,0.0,5.0295943476e-06,0.9883712469465291,0.0,100595.39922478393,100595.39922478393
2026-08-27 07:00:00+00:00,0.0,0.0,1.1075687245108037,438737.17412768566,333041.4837185052,0,7837200.0,0.048114398917648016,1.0,1.1075687245108037,735729.5480508985,2458099.854991274,0.0,0.0,0.9883894816489531,1.0,0.0,5.029623054e-06,0.9883894816489531,0.0,100601.7243976845,100601.7243976845
2026-08-27 08:00:00+00:00,0.0,0.0,1.1075730980652845,438737.17412768566,333043.1588054038,0,7833600.0,0.04811806961802678,1.0,1.1075730980652845,735833.435957163,2458007.150287232,0.0,0.0,0.9883939239932371,1.0,0.0,5.029651764e-06,0.9883939239932371,0.0,100601.99833236355,100601.99833236355
2026-08-27 09:00:00+00:00,0.0,0.0,1.107577468868861,438737.17412768566,333044.83391028806,0,7830000.0,0.04814589585984841,1.0,1.107577468868861,736621.3204115524,2457304.081788422,0.0,0.0,0.9883927114558866,1.0,0.0,5.0296804704e-06,0.9883927114558866,0.0,100599.79124226863,100599.79124226863
2026-08-27 10:00:00+00:00,0.0,0.0,1.1075818428785307,438737.17412768566,333046.4990935073,0,7826400.0,0.04814589589752161,1.0,1.1075818428785307,736621.3204115524,2457304.081788422,0.0,0.0,0.9883980170529455,1.0,0.0,4.9998645432000006e-06,0.9883980170529455,0.0,100600.45382171008,100600.45382171008
2026-08-27 11:00:00+00:00,0.0,0.0,1.107586216905474,438737.17412768566,333048.1642883446,0,7822800.0,0.048145895935229,1.0,1.107586216905474,736621.3204115524,2457304.081788422,0.0,0.0,0.9884033226784844,1.0,0.0,4.9998744288e-06,0.9884033226784844,0.0,100601.11640202865,100601.11640202865
2026-08-27 12:00:00+00:00,0.0,0.0,1.1075905909496913,438737.17412768566,333049.8295205577,0,7819200.0,0.048145895972971475,1.0,1.1075905909496913,736621.3204115524,2457304.081788422,0.0,0.0,0.9884086283325034,1.0,0.0,4.9999616532e-06,0.9884086283325034,0.0,100601.77895746677,100601.77895746677
2026-08-27 13:00:00+00:00,0.0,0.0,1.107594965011182,438737.17412768566,333051.49476109695,0,7815600.0,0.048145896010749034,1.0,1.107594965011182,736621.3204115524,2457304.081788422,0.0,0.0,0.9884139340150025,1.0,0.0,4.9999616532e-06,0.9884139340150025,0.0,100602.44151707401,100602.44151707401
2026-08-27 14:00:00+00:00,0.0,0.0,1.1075993390899466,438737.17412768566,333053.16000996233,0,7812000.0,0.04814589604856101,1.0,1.1075993390899466,736621.3204115524,2457304.081788422,0.0,0.0,0.9884192397259821,1.0,0.0,4.9999616532e-06,0.9884192397259821,0.0,100603.10408085055,100603.10408085055
2026-08-27 15:00:00+00:00,0.0,0.0,1.1076037131859853,438737.17412768566,333054.8252671539,0,7808400.0,0.04814589608640829,1.0,1.1076037131859853,736621.3204115524,2457304.081788422,0.0,0.0,0.9884245454654421,1.0,0.0,4.9999616532e-06,0.9884245454654421,0.0,100603.76664879633,100603.76664879633
2026-08-27 16:00:00+00:00,0.0,0.0,1.1076080872992984,438737.17412768566,333056.47942828335,0,7804800.0,0.048145896124289767,1.0,1.1076080872992984,736621.3204115524,2457304.081788422,0.0,0.0,0.9884298512333831,1.0,0.0,4.9666207968e-06,0.9884298512333831,0.0,100604.44032529992,100604.44032529992
2026-08-27 17:00:00+00:00,0.0,0.0,1.1076124614298852,438737.17412768566,333058.14460085286,0,7801200.0,0.04814589616220699,1.0,1.1076124614298852,736621.3204115524,2457304.081788422,0.0,0.0,0.9884351570298047,1.0,0.0,4.9996577447999995e-06,0.9884351570298047,0.0,100605.10300285887,100605.10300285887
2026-08-27 18:00:00+00:00,0.0,0.0,1.1076168355777463,438737.17412768566,333059.80975617864,0,7797600.0,0.048145896200158855,1.0,1.1076168355777463,736621.3204115524,2457304.081788422,0.0,0.0,0.9884404628547073,1.0,0.0,4.9995809748e-06,0.9884404628547073,0.0,100605.76571015728,100605.76571015728
2026-08-27 19:00:00+00:00,0.0,0.0,1.1076212097469833,438737.17412768566,333061.47492764355,0,7794000.0,0.0481458604479883,1.0,1.1076212097469833,736620.3067272025,2457304.9864475974,0.0,0.0,0.9884457770496751,1.0,0.0,4.999604436e-06,0.9884457770496751,0.0,100606.43207357533,100606.43207357533
2026-08-27 20:00:00+00:00,0.0,0.0,1.1076255839293925,438737.17412768566,333063.1401113713,0,7790400.0,0.04814586048601055,1.0,1.1076255839293925,736620.3067272025,2457304.9864475974,0.0,0.0,0.988451082927732,1.0,0.0,4.9996162584e-06,0.988451082927732,0.0,100607.0947757925,100607.0947757925
2026-08-27 21:00:00+00:00,0.0,0.0,1.1076297765688898,438737.17412768566,333064.805401058,0,7786800.0,0.04973132474368169,1.0,1.1076297765688898,782503.9357780968,2416370.2316049337,0.0,0.0,0.988087551096366,1.0,0.0,4.9999093956e-06,0.988087551096366,0.0,100445.93455770687,100445.93455770687
2026-08-27 22:00:00+00:00,0.0,0.0,1.1076341507851313,438737.17412768566,333066.470699071,0,7783200.0,0.04973132478305797,1.0,1.1076341507851313,782503.9357780968,2416370.2316049337,0.0,0.0,0.9880930255417051,1.0,0.0,4.9999093956e-06,0.9880930255417051,0.0,100446.67110237182,100446.67110237182
2026-08-27 23:00:00+00:00,0.0,0.0,1.1076385250186471,438737.17412768566,333068.1360145831,0,7779600.0,0.04973132482247067,1.0,1.1076385250186471,782503.9357780968,2416370.2316049337,0.0,0.0,0.9880985000173751,1.0,0.0,4.9999369356e-06,0.9880985000173751,0.0,100447.407642845,100447.407642845
2026-08-28 00:00:00+00:00,0.0,0.0,1.1076428992694376,438737.17412768566,333069.80134544574,0,7776000.0,0.04973132486192022,1.0,1.1076428992694376,782503.9357780968,2416370.2316049337,0.0,0.0,0.988103974523376,1.0,0.0,4.9999580244e-06,0.988103974523376,0.0,100448.14418127493,100448.14418127493
2026-08-28 01:00:00+00:00,0.0,0.0,1.1076472735375023,438737.17412768566,333071.46669063624,0,7772400.0,0.04973132490140553,1.0,1.1076472735375023,782503.9357780968,2416370.2316049337,0.0,0.0,0.9881094490597082,1.0,0.0,4.9999760424e-06,0.9881094490597082,0.0,100448.88071868452,100448.88071868452
2026-08-28 02:00:00+00:00,0.0,0.0,1.1076515323042533,438737.17412768566,333073.1320494569,0,7768800.0,0.05074131290719097,1.0,1.1076515323042533,812747.4563396745,2389395.7718522544,0.0,0.0,0.9878808607433047,1.0,0.0,4.9999919652000005e-06,0.9878808607433047,0.0,100346.92516788642,100346.92516788642
2026-08-28 03:00:00+00:00,0.0,0.0,1.1076560232115942,438737.17412768566,333074.7858103442,0,7765200.0,0.04972183344337888,1.0,1.1076560232115942,782225.2950363343,2416625.403549944,0.0,0.0,0.9881225981932898,1.0,0.0,4.9651461576e-06,0.9881225981932898,0.0,100451.33061268635,100451.33061268635
2026-08-28 04:00:00+00:00,0.0,0.0,1.1076603975314878,438737.17412768566,333076.451128151,0,7761600.0,0.04972183348296744,1.0,1.1076603975314878,782225.2950363343,2416625.403549944,0.0,0.0,0.9881280718128791,1.0,0.0,4.9998190032e-06,0.9881280718128791,0.0,100452.06677527045,100452.06677527045
2026-08-28 05:00:00+00:00,0.0,0.0,1.107664771868656,438737.17412768566,333078.1165261941,0,7758000.0,0.04972183352259241,1.0,1.107664771868656,782225.2950363343,2416625.403549944,0.0,0.0,0.988133545462789,1.0,0.0,5.0000348988e-06,0.988133545462789,0.0,100452.80287092098,100452.80287092098
2026-08-28 06:00:00+00:00,0.0,0.0,1.107669158150132,438737.17412768566,333079.7919374256,0,7754400.0,0.049617612500039376,1.0,1.107669158150132,779150.2463693384,2419368.8164802766,0.0,0.0,0.9881631441678044,1.0,0.0,5.0300723304e-06,0.9881631441678044,0.0,100464.11351188575,100464.11351188575
2026-08-28 07:00:00+00:00,0.0,0.0,1.1076735325218976,438737.17412768566,333081.4573874359,0,7750800.0,0.04961761253965302,1.0,1.1076735325218976,779150.2463693384,2419368.8164802766,0.0,0.0,0.9881686068117104,1.0,0.0,5.0001407676e-06,0.9881686068117104,0.0,100464.844726826,100464.844726826
2026-08-28 08:00:00+00:00,0.0,0.0,1.1076780078193627,438737.17412768566,333083.12284577364,0,7747200.0,0.04873627330430286,1.0,1.1076780078193627,753483.8214258025,2442271.98196581,0.0,0.0,0.9883780134411965,1.0,0.0,5.0001407676e-06,0.9883780134411965,0.0,100555.05374135263,100555.05374135263
2026-08-28 09:00:00+00:00,0.0,0.0,1.1076824313865195,438737.17412768566,333084.788312439,0,7743600.0,0.04830717340874613,1.0,1.1076824313865195,741205.8795143889,2453229.1843722663,0.0,0.0,0.9884827088674095,1.0,0.0,5.0001407676e-06,0.9884827088674095,0.0,100599.32205012807,100599.32205012807
2026-08-28 10:00:00+00:00,0.0,0.0,1.1076868058107034,438737.17412768566,333086.44671283517,0,7740000.0,0.048307173447396545,1.0,1.1076868058107034,741205.8795143889,2453229.1843722663,0.0,0.0,0.9884880323088915,1.0,0.0,4.9789012464e-06,0.9884880323088915,0.0,100599.99924140435,100599.99924140435
2026-08-28 11:00:00+00:00,0.0,0.0,1.1076911834119392,438737.17412768566,333088.11208970466,0,7736400.0,0.04827959940765658,1.0,1.1076911834119392,740421.7947759706,2453928.931248372,0.0,0.0,0.9884997343828194,1.0,0.0,4.9998212856e-06,0.9884997343828194,0.0,100603.46799938136,100603.46799938136
2026-08-28 12:00:00+00:00,0.0,0.0,1.1076955578706866,438737.17412768566,333089.78597390244,0,7732800.0,0.04827959944635718,1.0,1.1076955578706866,740421.7947759706,2453928.931248372,0.0,0.0,0.988505054947798,1.0,0.0,5.025336933599999e-06,0.988505054947798,0.0,100604.12844482705,100604.12844482705
2026-08-28 13:00:00+00:00,0.0,0.0,1.1076999323467092,438737.17412768566,333091.43981839897,0,7729200.0,0.04827959948509375,1.0,1.1076999323467092,740421.7947759706,2453928.931248372,0.0,0.0,0.9885103755414143,1.0,0.0,4.9651489188e-06,0.9885103755414143,0.0,100604.80894253845,100604.80894253845
2026-08-28 14:00:00+00:00,0.0,0.0,1.1077043068400079,438737.17412768566,333093.0954675614,0,7725600.0,0.048279599523865624,1.0,1.1077043068400079,740421.7947759706,2453928.931248372,0.0,0.0,0.9885156961636687,1.0,0.0,4.9705421688e-06,0.9885156961636687,0.0,100605.48764814856,100605.48764814856
2026-08-28 15:00:00+00:00,0.0,0.0,1.1077086813505819,438737.17412768566,333094.75452607486,0,7722000.0,0.048279599562675024,1.0,1.1077086813505819,740421.7947759706,2453928.931248372,0.0,0.0,0.988521016814561,1.0,0.0,4.9807528416e-06,0.988521016814561,0.0,100606.16295697208,100606.16295697208
2026-08-28 16:00:00+00:00,0.0,0.0,1.1077130558784314,438737.17412768566,333096.41971513553,0,7718400.0,0.048279599601520395,1.0,1.1077130558784314,740421.7947759706,2453928.931248372,0.0,0.0,0.9885263374940915,1.0,0.0,4.9991327568e-06,0.9885263374940915,0.0,100606.83214781305,100606.83214781305
2026-08-28 17:00:00+00:00,0.0,0.0,1.1077174304235566,438737.17412768566,333098.0849158101,0,7714800.0,0.048279599640401516,1.0,1.1077174304235566,740421.7947759706,2453928.931248372,0.0,0.0,0.9885316582022604,1.0,0.0,4.9991426315999995e-06,0.9885316582022604,0.0,100607.5013396049,100607.5013396049
2026-08-28 18:00:00+00:00,0.0,0.0,1.1077218032638438,438737.17412768566,333099.80397289945,0,7711200.0,0.04829462735900991,1.0,1.1077218032638438,740849.034440142,2453547.6801523566,0.0,0.0,0.9885335138117075,1.0,0.0,5.1608001708e-06,0.9885335138117075,0.0,100606.59640736063,100606.59640736063
2026-08-28 19:00:00+00:00,0.0,0.0,1.107726177843514,438737.17412768566,333101.45256638766,0,7707600.0,0.04829462739797652,1.0,1.107726177843514,740849.034440142,2453547.6801523566,0.0,0.0,0.9885388361762123,1.0,0.0,4.9492356012e-06,0.9885388361762123,0.0,100607.28293303493,100607.28293303493
2026-08-28 20:00:00+00:00,0.0,0.0,1.1077305524404601,438737.17412768566,333103.101104942,0,7704000.0,0.04829462743697932,1.0,1.1077305524404601,740849.034440142,2453547.6801523566,0.0,0.0,0.9885441585693734,1.0,0.0,4.949046190799999e-06,0.9885441585693734,0.0,100607.96952621569,100607.96952621569
2026-08-28 21:00:00+00:00,0.0,0.0,1.1077349270546824,438737.17412768566,333104.8194260444,0,7700400.0,0.048294627476018315,1.0,1.1077349270546824,740849.034440142,2453547.6801523566,0.0,0.0,0.9885494809911907,1.0,0.0,5.1585129792e-06,0.9885494809911907,0.0,100608.58634942089,100608.58634942089
2026-08-28 22:00:00+00:00,0.0,0.0,1.1077393189322218,438737.17412768566,333106.4846732193,0,7696800.0,0.04814414552079538,1.0,1.1077393189322218,740849.0319590962,2471604.3751658937,0.0,0.0,0.9885894407635157,1.0,0.0,4.9991561676e-06,0.9885894407635157,0.0,100624.45293983468,100624.45293983468
2026-08-28 23:00:00+00:00,0.0,0.0,1.1077436935810643,438737.17412768566,333108.14993094595,0,7693200.0,0.04814414555978308,1.0,1.1077436935810643,740849.0319590962,2471604.3751658937,0.0,0.0,0.988594747227988,1.0,0.0,4.9991628528000004e-06,0.988594747227988,0.0,100625.1158253352,100625.1158253352
2026-08-29 00:00:00+00:00,0.0,0.0,1.107748068247183,438737.17412768566,333109.8152031254,0,7689600.0,0.04814414559880742,1.0,1.107748068247183,740849.0319590962,2471604.3751658937,0.0,0.0,0.988600053720944,1.0,0.0,4.999181248799999e-06,0.988600053720944,0.0,100625.77870887978,100625.77870887978
2026-08-29 01:00:00+00:00,0.0,0.0,1.107752442930578,438737.17412768566,333111.45658654143,0,7686000.0,0.048144145637868174,1.0,1.107752442930578,740849.0319590962,2471604.3751658937,0.0,0.0,0.9886053602423835,1.0,0.0,4.9274422344e-06,0.9886053602423835,0.0,100626.46549368463,100626.46549368463
2026-08-29 02:00:00+00:00,0.0,0.0,1.1077568176312496,438737.17412768566,333113.1217408503,0,7682400.0,0.04814414567696601,1.0,1.1077568176312496,740849.0319590962,2471604.3751658937,0.0,0.0,0.988610666792307,1.0,0.0,4.9987777788000006e-06,0.988610666792307,0.0,100627.12852009351,100627.12852009351
2026-08-29 03:00:00+00:00,0.0,0.0,1.1077611923491972,438737.17412768566,333114.7754513902,0,7678800.0,0.048144145716099596,1.0,1.1077611923491972,740849.0319590962,2471604.3751658937,0.0,0.0,0.9886159733707147,1.0,0.0,4.9643989596e-06,0.9886159733707147,0.0,100627.80300276855,100627.80300276855
2026-08-29 04:00:00+00:00,0.0,0.0,1.1077655670844218,438737.17412768566,333116.44736303337,0,7675200.0,0.04814414575527093,1.0,1.1077655670844218,740849.0319590962,2471604.3751658937,0.0,0.0,0.9886212799776063,1.0,0.0,5.0190131772e-06,0.9886212799776063,0.0,100628.45929683716,100628.45929683716
2026-08-29 05:00:00+00:00,0.0,0.0,1.1077699418369225,438737.17412768566,333118.1153839322,0,7671600.0,0.04814414579447868,1.0,1.1077699418369225,740849.0319590962,2471604.3751658937,0.0,0.0,0.9886265866129823,1.0,0.0,5.007308212800001e-06,0.9886265866129823,0.0,100629.11949414737,100629.11949414737
2026-08-29 06:00:00+00:00,0.0,0.0,1.1077743166067,438737.17412768566,333119.9056812794,0,7668000.0,0.04814414583372262,1.0,1.1077743166067,740849.0319590962,2471604.3751658937,0.0,0.0,0.9886318932768431,1.0,0.0,5.3743475772e-06,0.9886318932768431,0.0,100629.65742750646,100629.65742750646
2026-08-29 07:00:00+00:00,0.0,0.0,1.1077786913937542,438737.17412768566,333121.6223245089,0,7664400.0,0.04814414587300453,1.0,1.1077786913937542,740849.0319590962,2471604.3751658937,0.0,0.0,0.9886371999691881,1.0,0.0,5.1532159356e-06,0.9886371999691881,0.0,100630.26902748033,100630.26902748033
2026-08-29 08:00:00+00:00,0.0,0.0,1.1077830661980852,438737.17412768566,333123.2890361531,0,7660800.0,0.04814414591232308,1.0,1.1077830661980852,740849.0319590962,2471604.3751658937,0.0,0.0,0.9886425066900181,1.0,0.0,5.0033001852e-06,0.9886425066900181,0.0,100630.930571537,100630.930571537
2026-08-29 09:00:00+00:00,0.0,0.0,1.107787441019693,438737.17412768566,333124.9757941747,0,7657200.0,0.04814414595167804,1.0,1.107787441019693,740849.0319590962,2471604.3751658937,0.0,0.0,0.9886478134393331,1.0,0.0,5.0634519011999995e-06,0.9886478134393331,0.0,100631.57208171365,100631.57208171365
2026-08-29 10:00:00+00:00,0.0,0.0,1.1077918158585776,438737.17412768566,333126.64259235567,0,7653600.0,0.048144145991070086,1.0,1.1077918158585776,740849.0319590962,2471604.3751658937,0.0,0.0,0.9886531202171333,1.0,0.0,5.00350959e-06,0.9886531202171333,0.0,100632.23356422846,100632.23356422846
2026-08-29 11:00:00+00:00,0.0,0.0,1.1077961907147393,438737.17412768566,333128.30940773065,0,7650000.0,0.0481441460305001,1.0,1.1077961907147393,740849.0319590962,2471604.3751658937,0.0,0.0,0.9886584270234184,1.0,0.0,5.003536168800001e-06,0.9886584270234184,0.0,100632.89504204667,100632.89504204667
2026-08-29 12:00:00+00:00,0.0,0.0,1.1078005655881782,438737.17412768566,333129.97218181414,0,7646400.0,0.048144146069965865,1.0,1.1078005655881782,740849.0319590962,2471604.3751658937,0.0,0.0,0.9886637338581893,1.0,0.0,4.991379858000001e-06,0.9886637338581893,0.0,100633.56057365413,100633.56057365413
2026-08-29 13:00:00+00:00,0.0,0.0,1.1078049404788939,438737.17412768566,333131.6932071256,0,7642800.0,0.04814414610947004,1.0,1.1078049404788939,740849.0319590962,2471604.3751658937,0.0,0.0,0.9886690407214455,1.0,0.0,5.1662144196000005e-06,0.9886690407214455,0.0,100634.16786653118,100634.16786653118
2026-08-29 14:00:00+00:00,0.0,0.0,1.1078092891955524,438737.17412768566,333133.36012616847,0,7639200.0,0.04814414614967011,1.0,1.1078092891955524,740849.0319590962,2471604.3751658937,0.0,0.0,0.988674347613037,1.0,0.0,5.0037715008e-06,0.988674347613037,0.0,100634.82927810855,100634.82927810855
2026-08-29 15:00:00+00:00,0.0,0.0,1.107813664120719,438737.17412768566,333135.0270560384,0,7635600.0,0.04814414618924978,1.0,1.107813664120719,740849.0319590962,2471604.3751658937,0.0,0.0,0.9886796545332646,1.0,0.0,5.0037789636e-06,0.9886796545332646,0.0,100635.4906914226,100635.4906914226
2026-08-29 16:00:00+00:00,0.0,0.0,1.1078180390631631,438737.17412768566,333136.6939974754,0,7632000.0,0.0481441462288652,1.0,1.1078180390631631,740849.0319590962,2471604.3751658937,0.0,0.0,0.9886849614819786,1.0,0.0,5.0037886476e-06,0.9886849614819786,0.0,100636.15210566769,100636.15210566769
2026-08-29 17:00:00+00:00,0.0,0.0,1.1078224140228847,438737.17412768566,333138.3609503116,0,7628400.0,0.04814414626851904,1.0,1.1078224140228847,740849.0319590962,2471604.3751658937,0.0,0.0,0.9886902684591785,1.0,0.0,5.0037978276e-06,0.9886902684591785,0.0,100636.81352101133,100636.81352101133
2026-08-29 18:00:00+00:00,0.0,0.0,1.1078267889998834,438737.17412768566,333140.0279148914,0,7624800.0,0.04814414630821018,1.0,1.1078267889998834,740849.0319590962,2471604.3751658937,0.0,0.0,0.9886955754648649,1.0,0.0,5.0038080407999995e-06,0.9886955754648649,0.0,100637.4749371094,100637.4749371094
2026-08-29 19:00:00+00:00,0.0,0.0,1.1078311639941598,438737.17412768566,333141.6948920232,0,7621200.0,0.04814414634793929,1.0,1.1078311639941598,740849.0319590962,2471604.3751658937,0.0,0.0,0.9887008824990375,1.0,0.0,5.0038206804e-06,0.9887008824990375,0.0,100638.1363531535,100638.1363531535
2026-08-29 20:00:00+00:00,0.0,0.0,1.1078355390057137,438737.17412768566,333143.36188208725,0,7617600.0,0.048144146387705256,1.0,1.1078355390057137,740849.0319590962,2471604.3751658937,0.0,0.0,0.9887061895616971,1.0,0.0,5.0038344612e-06,0.9887061895616971,0.0,100638.79776876362,100638.79776876362
2026-08-29 21:00:00+00:00,0.0,0.0,1.1078399140345456,438737.17412768566,333145.028884514,0,7614000.0,0.04814414642750875,1.0,1.1078399140345456,740849.0319590962,2471604.3751658937,0.0,0.0,0.9887114966528434,1.0,0.0,5.003846532e-06,0.9887114966528434,0.0,100639.45918450924,100639.45918450924
2026-08-29 22:00:00+00:00,0.0,0.0,1.1078442890806548,438737.17412768566,333146.69590125006,0,7610400.0,0.048144146467350435,1.0,1.1078442890806548,740849.0319590962,2471604.3751658937,0.0,0.0,0.9887168037724765,1.0,0.0,5.0038644456e-06,0.9887168037724765,0.0,100640.12059844378,100640.12059844378
2026-08-29 23:00:00+00:00,0.0,0.0,1.1078486644682466,438737.17412768566,333148.36293260014,0,7606800.0,0.04814136687732318,1.0,1.1078486644682466,740769.8772315289,2471675.0216669,0.0,0.0,0.9887227433853308,1.0,0.0,5.0038832735999994e-06,0.9887227433853308,0.0,100641.0594960528,100641.0594960528
2026-08-30 00:00:00+00:00,0.0,0.0,1.1078530395489128,438737.17412768566,333150.0299767486,0,7603200.0,0.04814136691723725,1.0,1.1078530395489128,740769.8772315289,2471675.0216669,0.0,0.0,0.9887280502660114,1.0,0.0,5.0038966512e-06,0.9887280502660114,0.0,100641.72077773756,100641.72077773756
2026-08-30 01:00:00+00:00,0.0,0.0,1.1078574146468576,438737.17412768566,333151.6970363929,0,7599600.0,0.048141366957189735,1.0,1.1078574146468576,740769.8772315289,2471675.0216669,0.0,0.0,0.9887333571751761,1.0,0.0,5.0039181252e-06,0.9887333571751761,0.0,100642.38205642352,100642.38205642352
2026-08-30 02:00:00+00:00,0.0,0.0,1.1078617897620795,438737.17412768566,333153.36410956987,0,7596000.0,0.048141366997180635,1.0,1.1078617897620795,740769.8772315289,2471675.0216669,0.0,0.0,0.988738664112825,1.0,0.0,5.003933706e-06,0.988738664112825,0.0,100643.04333407391,100643.04333407391
2026-08-30 03:00:00+00:00,0.0,0.0,1.1078661648945793,438737.17412768566,333155.0311960697,0,7592400.0,0.048141367037208393,1.0,1.1078661648945793,740769.8772315289,2471675.0216669,0.0,0.0,0.9887439710789586,1.0,0.0,5.0039486568000006e-06,0.9887439710789586,0.0,100643.70461089874,100643.70461089874
2026-08-30 04:00:00+00:00,0.0,0.0,1.107870540044358,438737.17412768566,333156.6982961432,0,7588800.0,0.04814136707727479,1.0,1.107870540044358,740769.8772315289,2471675.0216669,0.0,0.0,0.9887492780735768,1.0,0.0,5.00396436e-06,0.9887492780735768,0.0,100644.36588664714,100644.36588664714
2026-08-30 05:00:00+00:00,0.0,0.0,1.1078749152114145,438737.17412768566,333158.36540947866,0,7585200.0,0.04814136711737982,1.0,1.1078749152114145,740769.8772315289,2471675.0216669,0.0,0.0,0.9887545850966797,1.0,0.0,5.003979127200001e-06,0.9887545850966797,0.0,100645.02716163086,100645.02716163086
2026-08-30 06:00:00+00:00,0.0,0.0,1.1078792903957495,438737.17412768566,333160.03253881074,0,7581600.0,0.04814136715752193,1.0,1.1078792903957495,740769.8772315289,2471675.0216669,0.0,0.0,0.9887598921482678,1.0,0.0,5.0040021024e-06,0.9887598921482678,0.0,100645.68843311549,100645.68843311549
2026-08-30 07:00:00+00:00,0.0,0.0,1.1078836655973627,438737.17412768566,333161.6996812899,0,7578000.0,0.04814136719770201,1.0,1.1078836655973627,740769.8772315289,2471675.0216669,0.0,0.0,0.9887651992283409,1.0,0.0,5.004016524e-06,0.9887651992283409,0.0,100646.34970395052,100646.34970395052
2026-08-30 08:00:00+00:00,0.0,0.0,1.1078880408162541,438737.17412768566,333163.3668376575,0,7574400.0,0.04814136723792095,1.0,1.1078880408162541,740769.8772315289,2471675.0216669,0.0,0.0,0.9887705063368992,1.0,0.0,5.004033170400001e-06,0.9887705063368992,0.0,100647.01097339456,100647.01097339456
2026-08-30 09:00:00+00:00,0.0,0.0,1.1078924160524242,438737.17412768566,333165.0340071628,0,7570800.0,0.048141367278178526,1.0,1.1078924160524242,740769.8772315289,2471675.0216669,0.0,0.0,0.9887758134739429,1.0,0.0,5.0040475632e-06,0.9887758134739429,0.0,100647.67224219855,100647.67224219855
2026-08-30 10:00:00+00:00,0.0,0.0,1.1078967913058728,438737.17412768566,333166.701189891,0,7567200.0,0.04814136731847407,1.0,1.1078967913058728,740769.8772315289,2471675.0216669,0.0,0.0,0.9887811206394722,1.0,0.0,5.0040622115999995e-06,0.9887811206394722,0.0,100648.33351027727,100648.33351027727
2026-08-30 11:00:00+00:00,0.0,0.0,1.1079011665766,438737.17412768566,333168.36838784773,0,7563600.0,0.04814136735880781,1.0,1.1079011665766,740769.8772315289,2471675.0216669,0.0,0.0,0.9887864278334874,1.0,0.0,5.0040828792e-06,0.9887864278334874,0.0,100648.9947756253,100648.9947756253
2026-08-30 12:00:00+00:00,0.0,0.0,1.1079055418646058,438737.17412768566,333170.0356022829,0,7560000.0,0.0481413673991804,1.0,1.1079055418646058,740769.8772315289,2471675.0216669,0.0,0.0,0.9887917350559883,1.0,0.0,5.004107298e-06,0.9887917350559883,0.0,100649.65603699267,100649.65603699267
2026-08-30 13:00:00+00:00,0.0,0.0,1.1079099171698905,438737.17412768566,333171.7128503101,0,7556400.0,0.04814136743959052,1.0,1.1079099171698905,740769.8772315289,2471675.0216669,0.0,0.0,0.9887970423069754,1.0,0.0,5.0341976352e-06,0.9887970423069754,0.0,100650.30727726594,100650.30727726594
2026-08-30 14:00:00+00:00,0.0,0.0,1.1079142958579429,438737.17412768566,333173.38012728497,0,7552800.0,0.048112514993749134,1.0,1.1079142958579429,739948.683690123,2472407.967187656,0.0,0.0,0.9888088685966113,1.0,0.0,5.0042447748e-06,0.9888088685966113,0.0,100653.82863318635,100653.82863318635
2026-08-30 15:00:00+00:00,0.0,0.0,1.1079186711977984,438737.17412768566,333175.0474172787,0,7549200.0,0.048112515034211434,1.0,1.1079186711977984,739948.683690123,2472407.967187656,0.0,0.0,0.9888141728322898,1.0,0.0,5.0042588076e-06,0.9888141728322898,0.0,100654.48850856512,100654.48850856512
2026-08-30 16:00:00+00:00,0.0,0.0,1.1079230465549328,438737.17412768566,333176.7147221253,0,7545600.0,0.048112515074713036,1.0,1.1079230465549328,739948.683690123,2472407.967187656,0.0,0.0,0.9888194770964215,1.0,0.0,5.0042783448000005e-06,0.9888194770964215,0.0,100655.14838157443,100655.14838157443
2026-08-30 17:00:00+00:00,0.0,0.0,1.1079274219293465,438737.17412768566,333178.3820462941,0,7542000.0,0.048112515115253496,1.0,1.1079274219293465,739948.683690123,2472407.967187656,0.0,0.0,0.9888247813890066,1.0,0.0,5.0043112956000005e-06,0.9888247813890066,0.0,100655.80824774521,100655.80824774521
2026-08-30 18:00:00+00:00,0.0,0.0,1.107931796999052,438737.17412768566,333180.0493853641,0,7538400.0,0.04811527548687633,1.0,1.107931796999052,740027.2194730456,2472337.8772822865,0.0,0.0,0.9888294631993793,1.0,0.0,5.004330976800001e-06,0.9888294631993793,0.0,100656.19499292789,100656.19499292789
2026-08-30 19:00:00+00:00,0.0,0.0,1.1079361724080228,438737.17412768566,333181.7167384599,0,7534800.0,0.048115275527496504,1.0,1.1079361724080228,740027.2194730456,2472337.8772822865,0.0,0.0,0.9888347678428167,1.0,0.0,5.00434803e-06,0.9888347678428167,0.0,100656.85498410359,100656.85498410359
2026-08-30 20:00:00+00:00,0.0,0.0,1.1079405478342723,438737.17412768566,333183.38410494226,0,7531200.0,0.0481152755681562,1.0,1.1079405478342723,740027.2194730456,2472337.8772822865,0.0,0.0,0.988840072514711,1.0,0.0,5.0043631644e-06,0.988840072514711,0.0,100657.51497437782,100657.51497437782
2026-08-30 21:00:00+00:00,0.0,0.0,1.1079449232778016,438737.17412768566,333185.0514848965,0,7527600.0,0.04811527560885409,1.0,1.1079449232778016,740027.2194730456,2472337.8772822865,0.0,0.0,0.9888453772150627,1.0,0.0,5.0043785544e-06,0.9888453772150627,0.0,100658.17496366549,100658.17496366549
2026-08-30 22:00:00+00:00,0.0,0.0,1.10794929873861,438737.17412768566,333186.7188800559,0,7524000.0,0.04811527564959106,1.0,1.10794929873861,740027.2194730456,2472337.8772822865,0.0,0.0,0.9888506819438718,1.0,0.0,5.0043991464e-06,0.9888506819438718,0.0,100658.83495023334,100658.83495023334
2026-08-30 23:00:00+00:00,0.0,0.0,1.1079536742166975,438737.17412768566,333188.3862897693,0,7520400.0,0.04811527569036689,1.0,1.1079536742166975,740027.2194730456,2472337.8772822865,0.0,0.0,0.9888559867011385,1.0,0.0,5.0044177836e-06,0.9888559867011385,0.0,100659.4949347325,100659.4949347325
2026-08-31 00:00:00+00:00,0.0,0.0,1.107958049712065,438737.17412768566,333190.0637254215,0,7516800.0,0.04811527573118224,1.0,1.107958049712065,740027.2194730456,2472337.8772822865,0.0,0.0,0.988861291486863,1.0,0.0,5.0344834896e-06,0.988861291486863,0.0,100660.1449057784,100660.1449057784
2026-08-31 01:00:00+00:00,0.0,0.0,1.107962424877945,438737.17412768566,333191.7412012416,0,7513200.0,0.04811824846274848,1.0,1.107962424877945,740027.2194730456,2471979.8577991803,0.0,0.0,0.9888659281172136,1.0,0.0,5.0345786988e-06,0.9888659281172136,0.0,100660.50169205584,100660.50169205584
2026-08-31 02:00:00+00:00,0.0,0.0,1.10796680040787,438737.17412768566,333193.40870083653,0,7509600.0,0.048118248503644656,1.0,1.10796680040787,740027.2194730456,2471979.8577991803,0.0,0.0,0.9888712332764352,1.0,0.0,5.004612108000001e-06,0.9888712332764352,0.0,100661.16176302609,100661.16176302609
2026-08-31 03:00:00+00:00,0.0,0.0,1.107971175955075,438737.17412768566,333195.07621475135,0,7506000.0,0.04811824854457991,1.0,1.107971175955075,740027.2194730456,2471979.8577991803,0.0,0.0,0.9888765384641185,1.0,0.0,5.004630039599999e-06,0.9888765384641185,0.0,100661.82183216367,100661.82183216367
2026-08-31 04:00:00+00:00,0.0,0.0,1.1079755515195595,438737.17412768566,333196.873784079,0,7502400.0,0.04811824858555469,1.0,1.1079755515195595,740027.2194730456,2471979.8577991803,0.0,0.0,0.9888818436802634,1.0,0.0,5.3949310992e-06,0.9888818436802634,0.0,100662.3518583756,100662.3518583756
2026-08-31 05:00:00+00:00,0.0,0.0,1.1079799265083907,438737.17412768566,333198.5344656935,0,7498800.0,0.04812333153697956,1.0,1.1079799265083907,740027.2194730456,2471367.826354178,0.0,0.0,0.9888860085890517,1.0,0.0,4.9840728012e-06,0.9888860085890517,0.0,100662.51847707335,100662.51847707335
2026-08-31 06:00:00+00:00,0.0,0.0,1.107984302107433,438737.17412768566,333200.20186316455,0,7495200.0,0.04812333157803783,1.0,1.107984302107433,740027.2194730456,2471367.826354178,0.0,0.0,0.9888913144034532,1.0,0.0,5.004203579999999e-06,0.9888913144034532,0.0,100663.17893761926,100663.17893761926
2026-08-31 07:00:00+00:00,0.0,0.0,1.1079886777237549,438737.17412768566,333201.86949669896,0,7491600.0,0.048123331619134735,1.0,1.1079886777237549,740027.2194730456,2471367.826354178,0.0,0.0,0.988896620246323,1.0,0.0,5.0048870076e-06,0.988896620246323,0.0,100663.83917459188,100663.83917459188
2026-08-31 08:00:00+00:00,0.0,0.0,1.1079930533573568,438737.17412768566,333203.53714348696,0,7488000.0,0.048123331660271385,1.0,1.1079930533573568,740027.2194730456,2471367.826354178,0.0,0.0,0.9889019261176609,1.0,0.0,5.0049017352e-06,0.9889019261176609,0.0,100664.49941080099,100664.49941080099
2026-08-31 09:00:00+00:00,0.0,0.0,1.107997414413489,438737.17412768566,333205.2048026051,0,7484400.0,0.048123410723336146,1.0,1.107997414413489,740027.2194730456,2471367.826354178,0.0,0.0,0.9889072143228598,1.0,0.0,5.004913690799999e-06,0.9889072143228598,0.0,100665.151883888,100665.151883888
2026-08-31 10:00:00+00:00,0.0,0.0,1.1080018046764013,438737.17412768566,333206.8724743221,0,7480800.0,0.048123331742664144,1.0,1.1080018046764013,740027.2194730456,2471367.826354178,0.0,0.0,0.988912537945742,1.0,0.0,5.0049264528e-06,0.988912537945742,0.0,100665.81988343043,100665.81988343043
2026-08-31 11:00:00+00:00,0.0,0.0,1.1080061803618437,438737.17412768566,333208.54015438573,0,7477200.0,0.04812333178391981,1.0,1.1080061803618437,740027.2194730456,2471367.826354178,0.0,0.0,0.9889178439024854,1.0,0.0,5.0049264528e-06,0.9889178439024854,0.0,100666.48012383445,100666.48012383445
2026-08-31 12:00:00+00:00,0.0,0.0,1.1080105355440102,438737.17412768566,333210.2078477849,0,7473600.0,0.04829925434620508,1.0,1.1080105355440102,745043.8420510293,2466890.7690666337,0.0,0.0,0.9888838175502627,1.0,0.0,5.0049414252000005e-06,0.9888838175502627,0.0,100649.88380481524,100649.88380481524
2026-08-31 13:00:00+00:00,0.0,0.0,1.108014911263932,438737.17412768566,333211.8755527876,0,7470000.0,0.048299254387695,1.0,1.108014911263932,745043.8420510293,2466890.7690666337,0.0,0.0,0.9888891422988131,1.0,0.0,5.0049511992e-06,0.9888891422988131,0.0,100650.55226494448,100650.55226494448
2026-08-31 14:00:00+00:00,0.0,0.0,1.1080192624251481,438737.17412768566,333213.54331039166,0,7466400.0,0.04850998130624595,1.0,1.1080192624251481,751084.7293535586,2461499.794133649,0.0,0.0,0.9888474088808684,1.0,0.0,5.0050840104e-06,0.9888474088808684,0.0,100630.57450548466,100630.57450548466
2026-08-31 15:00:00+00:00,0.0,0.0,1.1080236381795345,438737.17412768566,333215.21107634896,0,7462800.0,0.04850998134800144,1.0,1.1080236381795345,751084.7293535586,2461499.794133649,0.0,0.0,0.9888527561224986,1.0,0.0,5.005084028399999e-06,0.9888527561224986,0.0,100631.25277320959,100631.25277320959
2026-08-31 16:00:00+00:00,0.0,0.0,1.1080280139512009,438737.17412768566,333216.8649448522,0,7459200.0,0.04850998138979756,1.0,1.1080280139512009,751084.7293535586,2461499.794133649,0.0,0.0,0.9888581033930441,1.0,0.0,4.9633520436000004e-06,0.9888581033930441,0.0,100631.94495107484,100631.94495107484
2026-08-31 17:00:00+00:00,0.0,0.0,1.1080323897401483,438737.17412768566,333218.5327179075,0,7455600.0,0.04850998143163343,1.0,1.1080323897401483,751084.7293535586,2461499.794133649,0.0,0.0,0.9888634506925055,1.0,0.0,5.0050554372e-06,0.9888634506925055,0.0,100632.62323707435,100632.62323707435
2026-08-31 18:00:00+00:00,0.0,0.0,1.108036765546376,438737.17412768566,333220.2005026366,0,7452000.0,0.04850998147351038,1.0,1.108036765546376,751084.7293535586,2461499.794133649,0.0,0.0,0.9888687980208825,1.0,0.0,5.00506542e-06,0.9888687980208825,0.0,100633.3015240865,100633.3015240865
2026-08-31 19:00:00+00:00,0.0,0.0,1.108041141369885,438737.17412768566,333221.8683030642,0,7448400.0,0.048509981515427514,1.0,1.108041141369885,751084.7293535586,2461499.794133649,0.0,0.0,0.9888741453781754,1.0,0.0,5.0050874808e-06,0.9888741453781754,0.0,100633.9798080867,100633.9798080867
2026-08-31 20:00:00+00:00,0.0,0.0,1.1080455172106747,438737.17412768566,333223.5361337393,0,7444800.0,0.048509981557385284,1.0,1.1080455172106747,751084.7293535586,2461499.794133649,0.0,0.0,0.9888794927643845,1.0,0.0,5.0051532024e-06,0.9888794927643845,0.0,100634.65807452594,100634.65807452594
2026-08-31 21:00:00+00:00,0.0,0.0,1.1080498930687455,438737.17412768566,333225.20399065316,0,7441200.0,0.04850998159938391,1.0,1.1080498930687455,751084.7293535586,2461499.794133649,0.0,0.0,0.9888848401795097,1.0,0.0,5.0052068928e-06,0.9888848401795097,0.0,100635.33632741298,100635.33632741298
2026-08-31 22:00:00+00:00,0.0,0.0,1.1080542919722713,438737.17412768566,333226.8718780815,0,7437600.0,0.0483125314718682,1.0,1.1080542919722713,745423.8279263261,2466552.351632812,0.0,0.0,0.9889341124203216,1.0,0.0,5.0052734136e-06,0.9889341124203216,0.0,100655.28600368137,100655.28600368137
2026-08-31 23:00:00+00:00,0.0,0.0,1.108058667864995,438737.17412768566,333228.5397887683,0,7434000.0,0.04831253151377268,1.0,1.108058667864995,745423.8279263261,2466552.351632812,0.0,0.0,0.9889394388694634,1.0,0.0,5.005318158e-06,0.9889394388694634,0.0,100655.95500423928,100655.95500423928
2026-09-01 00:00:00+00:00,0.0,0.0,1.1080630437749996,438737.17412768566,333230.2077223993,0,7430400.0,0.0483125315557178,1.0,1.1080630437749996,745423.8279263261,2466552.351632812,0.0,0.0,0.9889447653472938,1.0,0.0,5.0053619592e-06,0.9889447653472938,0.0,100656.62399443955,100656.62399443955
2026-09-01 01:00:00+00:00,0.0,0.0,1.108067419702286,438737.17412768566,333231.8756808668,0,7426800.0,0.04831253159770399,1.0,1.108067419702286,745423.8279263261,2466552.351632812,0.0,0.0,0.9889500918538129,1.0,0.0,5.0054114376e-06,0.9889500918538129,0.0,100657.29297239019,100657.29297239019
2026-09-01 02:00:00+00:00,0.0,0.0,1.1080717967282265,438737.17412768566,333233.54366305296,0,7423200.0,0.04807979567293619,1.0,1.1080717967282265,738790.5723821224,2472473.116465478,0.0,0.0,0.9890071068448488,1.0,0.0,5.0054575608e-06,0.9890071068448488,0.0,100680.63958625408,100680.63958625408
2026-09-01 03:00:00+00:00,0.0,0.0,1.1080761726900794,438737.17412768566,333235.21231895784,0,7419600.0,0.04807979571479715,1.0,1.1080761726900794,738790.5723821224,2472473.116465478,0.0,0.0,0.9890124086192499,1.0,0.0,5.0074542576e-06,0.9890124086192499,0.0,100681.29701586778,100681.29701586778
2026-09-01 04:00:00+00:00,0.0,0.0,1.1080805486692136,438737.17412768566,333236.88033763005,0,7416000.0,0.04807979575669874,1.0,1.1080805486692136,738790.5723821224,2472473.116465478,0.0,0.0,0.9890177104220723,1.0,0.0,5.005516932e-06,0.9890177104220723,0.0,100681.95509518369,100681.95509518369
2026-09-01 05:00:00+00:00,0.0,0.0,1.108084904032195,438737.17412768566,333238.54840330704,0,7412400.0,0.048253668815128714,1.0,1.108084904032195,743742.2364804047,2468053.8800952854,0.0,0.0,0.988984450924717,1.0,0.0,5.0056329312e-06,0.988984450924717,0.0,100665.69485162414,100665.69485162414
2026-09-01 06:00:00+00:00,0.0,0.0,1.1080892800458109,438737.17412768566,333240.2164842378,0,7408800.0,0.048253668857266785,1.0,1.1080892800458109,743742.2364804047,2468053.8800952854,0.0,0.0,0.988989771305552,1.0,0.0,5.005653649200001e-06,0.988989771305552,0.0,100666.36101954617,100666.36101954617
2026-09-01 07:00:00+00:00,0.0,0.0,1.108093656076708,438737.17412768566,333241.8845838764,0,7405200.0,0.048253668899445934,1.0,1.108093656076708,743742.2364804047,2468053.8800952854,0.0,0.0,0.9889950917150087,1.0,0.0,5.005684731599999e-06,0.9889950917150087,0.0,100667.0271813178,100667.0271813178
2026-09-01 08:00:00+00:00,0.0,0.0,1.108098032124887,438737.17412768566,333243.55270087096,0,7401600.0,0.04825366894166638,1.0,1.108098032124887,743742.2364804047,2468053.8800952854,0.0,0.0,0.9890004121530872,1.0,0.0,5.005711756800001e-06,0.9890004121530872,0.0,100667.69333829096,100667.69333829096
2026-09-01 09:00:00+00:00,0.0,0.0,1.1081024081903477,438737.17412768566,333245.22083394043,0,7398000.0,0.04825366898392747,1.0,1.1081024081903477,743742.2364804047,2468053.8800952854,0.0,0.0,0.989005732619788,1.0,0.0,5.005734937200001e-06,0.989005732619788,0.0,100668.35949174681,100668.35949174681
2026-09-01 10:00:00+00:00,0.0,0.0,1.1081067842730903,438737.17412768566,333247.761832169,0,7394400.0,0.04825366902623052,1.0,1.1081067842730903,743742.2364804047,2468053.8800952854,0.0,0.0,0.9890110531151106,1.0,0.0,7.6249811916e-06,0.9890110531151106,0.0,100668.15279260103,100668.15279260103
2026-09-01 11:00:00+00:00,0.0,0.0,1.1081111603731149,438737.17412768566,333250.3814571019,0,7390800.0,0.04825366906857442,1.0,1.1081111603731149,743742.2364804047,2468053.8800952854,0.0,0.0,0.9890163736390558,1.0,0.0,7.8608619072e-06,0.9890163736390558,0.0,100667.86747930874,100667.86747930874
2026-09-01 12:00:00+00:00,0.0,0.0,1.1081155364904207,438737.17412768566,333252.61307249864,0,7387200.0,0.04825366911095896,1.0,1.1081155364904207,743742.2364804047,2468053.8800952854,0.0,0.0,0.9890216941916236,1.0,0.0,6.6964902336e-06,0.9890216941916236,0.0,100667.97018811037,100667.97018811037
2026-09-01 13:00:00+00:00,0.0,0.0,1.108119902934672,438737.17412768566,333254.84402313235,0,7383600.0,0.048335334683935915,1.0,1.108119902934672,746075.9910422139,2465971.0736814467,0.0,0.0,0.9890089754085657,1.0,0.0,6.6944506320000005e-06,0.9890089754085657,0.0,100660.15903453954,100660.15903453954
2026-09-01 14:00:00+00:00,0.0,0.0,1.1081242790865042,438737.17412768566,333256.79385753424,0,7380000.0,0.04833533472647766,1.0,1.1081242790865042,746075.9910422139,2465971.0736814467,0.0,0.0,0.9890143047166845,1.0,0.0,5.850863783999999e-06,0.9890143047166845,0.0,100660.54736572172,100660.54736572172
2026-09-01 15:00:00+00:00,0.0,0.0,1.1081286552556184,438737.17412768566,333258.48751180054,0,7376400.0,0.048335334769060045,1.0,1.1081286552556184,746075.9910422139,2465971.0736814467,0.0,0.0,0.9890196340535207,1.0,0.0,5.0821168356e-06,0.9890196340535207,0.0,100661.1918896389,100661.1918896389
2026-09-01 16:00:00+00:00,0.0,0.0,1.108133031442015,438737.17412768566,333260.182922375,0,7372800.0,0.04833533481168484,1.0,1.108133031442015,746075.9910422139,2465971.0736814467,0.0,0.0,0.989024963419074,1.0,0.0,5.0873610888e-06,0.989024963419074,0.0,100661.83466984722,100661.83466984722
2026-09-01 17:00:00+00:00,0.0,0.0,1.108137407645694,438737.17412768566,333261.9398352306,0,7369200.0,0.04833533485435093,1.0,1.108137407645694,746075.9910422139,2465971.0736814467,0.0,0.0,0.9890302928133449,1.0,0.0,5.2718815944000005e-06,0.9890302928133449,0.0,100662.41596037382,100662.41596037382
2026-09-01 18:00:00+00:00,0.0,0.0,1.1081417838666552,438737.17412768566,333263.7328635239,0,7365600.0,0.04833533489705877,1.0,1.1081417838666552,746075.9910422139,2465971.0736814467,0.0,0.0,0.9890356222363333,1.0,0.0,5.380222748399999e-06,0.9890356222363333,0.0,100662.96114806226,100662.96114806226
2026-09-01 19:00:00+00:00,0.0,0.0,1.1081461601048987,438737.17412768566,333265.52602133655,0,7362000.0,0.04833533493980924,1.0,1.1081461601048987,746075.9910422139,2465971.0736814467,0.0,0.0,0.9890409516880394,1.0,0.0,5.3805824388e-06,0.9890409516880394,0.0,100663.5062188307,100663.5062188307
2026-09-01 20:00:00+00:00,0.0,0.0,1.1081505363604252,438737.17412768566,333267.3162278752,0,7358400.0,0.04833533498260012,1.0,1.1081505363604252,746075.9910422139,2465971.0736814467,0.0,0.0,0.9890462811684637,1.0,0.0,5.371697912399999e-06,0.9890462811684637,0.0,100664.054253473,100664.054253473
2026-09-01 21:00:00+00:00,0.0,0.0,1.1081549107711182,438737.17412768566,333269.11292063544,0,7354800.0,0.04835102827787252,1.0,1.1081549107711182,746525.0326036504,2465570.313948816,0.0,0.0,0.9890481577144624,1.0,0.0,5.391131471999999e-06,0.9890481577144624,0.0,100663.08087120135,100663.08087120135
2026-09-01 22:00:00+00:00,0.0,0.0,1.1081592870612023,438737.17412768566,333270.909522122,0,7351200.0,0.04835102832076177,1.0,1.1081592870612023,746525.0326036504,2465570.313948816,0.0,0.0,0.9890534889238631,1.0,0.0,5.390828535600001e-06,0.9890534889238631,0.0,100663.62326946197,100663.62326946197
2026-09-01 23:00:00+00:00,0.0,0.0,1.1081636633685688,438737.17412768566,333272.7027947703,0,7347600.0,0.04835102836369343,1.0,1.1081636633685688,746525.0326036504,2465570.313948816,0.0,0.0,0.9890588201620004,1.0,0.0,5.3808111432e-06,0.9890588201620004,0.0,100664.16900916863,100664.16900916863
2026-09-02 00:00:00+00:00,0.0,0.0,1.108168039693218,438737.17412768566,333274.4961959321,0,7344000.0,0.048351028406667496,1.0,1.108168039693218,746525.0326036504,2465570.313948816,0.0,0.0,0.9890641514288743,1.0,0.0,5.3811677988e-06,0.9890641514288743,0.0,100664.71463296958,100664.71463296958
2026-09-02 01:00:00+00:00,0.0,0.0,1.1081724585065424,438737.17412768566,333276.2897256214,0,7340400.0,0.047993158621633114,1.0,1.1081724585065424,736333.4099534292,2474667.7040434615,0.0,0.0,0.9891480876344493,1.0,0.0,5.3815244904e-06,0.9891480876344493,0.0,100699.74703692127,100699.74703692127
2026-09-02 02:00:00+00:00,0.0,0.0,1.1081768348659256,438737.17412768566,333278.08338385087,0,7336800.0,0.0479931586643656,1.0,1.1081768348659256,736333.4099534292,2474667.7040434615,0.0,0.0,0.9891533808301098,1.0,0.0,5.3818812144e-06,0.9891533808301098,0.0,100700.27570039802,100700.27570039802
2026-09-02 03:00:00+00:00,0.0,0.0,1.1081812112425913,438737.17412768566,333279.87717063574,0,7333200.0,0.04799315870714005,1.0,1.1081812112425913,736333.4099534292,2474667.7040434615,0.0,0.0,0.9891586740540957,1.0,0.0,5.382237978e-06,0.9891586740540957,0.0,100700.80424774671,100700.80424774671
2026-09-02 04:00:00+00:00,0.0,0.0,1.1081855876365403,438737.17412768566,333281.61780683475,0,7329600.0,0.04799315874995602,1.0,1.1081855876365403,736333.4099534292,2474667.7040434615,0.0,0.0,0.9891639673064072,1.0,0.0,5.2227325223999995e-06,0.9891639673064072,0.0,100701.38595810882,100701.38595810882
2026-09-02 05:00:00+00:00,0.0,0.0,1.1081899640477724,438737.17412768566,333283.2848938638,0,7326000.0,0.04799315879281418,1.0,1.1081899640477724,736333.4099534292,2474667.7040434615,0.0,0.0,0.9891692605870442,1.0,0.0,5.002024626e-06,0.9891692605870442,0.0,100702.04123006831,100702.04123006831
2026-09-02 06:00:00+00:00,0.0,0.0,1.1081943404762877,438737.17412768566,333285.04328545876,0,7322400.0,0.047993158835715644,1.0,1.1081943404762877,736333.4099534292,2474667.7040434615,0.0,0.0,0.9891745538960067,1.0,0.0,5.2759530288e-06,0.9891745538960067,0.0,100702.60520988936,100702.60520988936
2026-09-02 07:00:00+00:00,0.0,0.0,1.1081987169220862,438737.17412768566,333286.8320688181,0,7318800.0,0.04799315887865774,1.0,1.1081987169220862,736333.4099534292,2474667.7040434615,0.0,0.0,0.9891798472332956,1.0,0.0,5.3671132116000004e-06,0.9891798472332956,0.0,100703.13881037378,100703.13881037378
2026-09-02 08:00:00+00:00,0.0,0.0,1.108203093385168,438737.17412768566,333288.5504613417,0,7315200.0,0.04799315892164269,1.0,1.108203093385168,736333.4099534292,2474667.7040434615,0.0,0.0,0.9891851405989103,1.0,0.0,5.155883546400001e-06,0.9891851405989103,0.0,100703.74281412165,100703.74281412165
2026-09-02 09:00:00+00:00,0.0,0.0,1.1082074698655333,438737.17412768566,333290.22862997366,0,7311600.0,0.047993158964670934,1.0,1.1082074698655333,736333.4099534292,2474667.7040434615,0.0,0.0,0.989190433992851,1.0,0.0,5.0351696892e-06,0.989190433992851,0.0,100704.38705418876,100704.38705418876
2026-09-02 10:00:00+00:00,0.0,0.0,1.1082118463631818,438737.17412768566,333291.90681264806,0,7308000.0,0.04799315900774048,1.0,1.1082118463631818,736333.4099534292,2474667.7040434615,0.0,0.0,0.9891957274151183,1.0,0.0,5.0351864688e-06,0.9891957274151183,0.0,100705.03129264136,100705.03129264136
2026-09-02 11:00:00+00:00,0.0,0.0,1.1082162273172214,438737.17412768566,333293.5850102132,0,7304400.0,0.047955763048228794,1.0,1.1082162273172214,736333.4097752139,2479179.2659205114,0.0,0.0,0.9892091968260132,1.0,0.0,5.0352057936e-06,0.9892091968260132,0.0,100709.2626263494,100709.2626263494
2026-09-02 12:00:00+00:00,0.0,0.0,1.1082206038494549,438737.17412768566,333295.2632224389,0,7300800.0,0.04795576309134897,1.0,1.1082206038494549,736333.4097752139,2479179.2659205114,0.0,0.0,0.9892144863191027,1.0,0.0,5.0352244272e-06,0.9892144863191027,0.0,100709.90511137433,100709.90511137433
2026-09-02 13:00:00+00:00,0.0,0.0,1.1082249803989717,438737.17412768566,333296.9414476144,0,7297200.0,0.047955763134512,1.0,1.1082249803989717,736333.4097752139,2479179.2659205114,0.0,0.0,0.9892197758404762,1.0,0.0,5.0352379272e-06,0.9892197758404762,0.0,100710.54759585875,100710.54759585875
2026-09-02 14:00:00+00:00,0.0,0.0,1.1082293886348127,438737.17412768566,333298.6196848133,0,7293600.0,0.04768901819133786,1.0,1.1082293886348127,728799.4393156505,2485904.823080786,0.0,0.0,0.9892833094748879,1.0,0.0,5.035248648e-06,0.9892833094748879,0.0,100736.74392588373,100736.74392588373
2026-09-02 15:00:00+00:00,0.0,0.0,1.1082337652190224,438737.17412768566,333300.2979353762,0,7290000.0,0.04768901823434035,1.0,1.1082337652190224,728799.4393156505,2485904.823080786,0.0,0.0,0.9892885706150094,1.0,0.0,5.0352633899999994e-06,0.9892885706150094,0.0,100737.37393307046,100737.37393307046
2026-09-02 16:00:00+00:00,0.0,0.0,1.1082381418205158,438737.17412768566,333301.97619856626,0,7286400.0,0.047689018277385475,1.0,1.1082381418205158,728799.4393156505,2485904.823080786,0.0,0.0,0.9892938317831104,1.0,0.0,5.0352759216e-06,0.9892938317831104,0.0,100738.00393990561,100738.00393990561
2026-09-02 17:00:00+00:00,0.0,0.0,1.1082425184392932,438737.17412768566,333303.6544750077,0,7282800.0,0.04768901832047279,1.0,1.1082425184392932,728799.4393156505,2485904.823080786,0.0,0.0,0.9892990929791909,1.0,0.0,5.035290325200001e-06,0.9892990929791909,0.0,100738.63394576509,100738.63394576509
2026-09-02 18:00:00+00:00,0.0,0.0,1.1082468950753543,438737.17412768566,333305.33276488894,0,7279200.0,0.04768901836360295,1.0,1.1082468950753543,728799.4393156505,2485904.823080786,0.0,0.0,0.9893043542032512,1.0,0.0,5.035305294000001e-06,0.9893043542032512,0.0,100739.26395046053,100739.26395046053
2026-09-02 19:00:00+00:00,0.0,0.0,1.1082512717286999,438737.17412768566,333307.0110681945,0,7275600.0,0.047689018406775086,1.0,1.1082512717286999,728799.4393156505,2485904.823080786,0.0,0.0,0.9893096154552916,1.0,0.0,5.0353202159999995e-06,0.9893096154552916,0.0,100739.89395400748,100739.89395400748
2026-09-02 20:00:00+00:00,0.0,0.0,1.1082556483993293,438737.17412768566,333308.68938755477,0,7272000.0,0.04768901844999074,1.0,1.1082556483993293,728799.4393156505,2485904.823080786,0.0,0.0,0.9893148767353118,1.0,0.0,5.035343029200001e-06,0.9893148767353118,0.0,100740.52395377558,100740.52395377558
2026-09-02 21:00:00+00:00,0.0,0.0,1.1082600250872434,438737.17412768566,333310.3677249233,0,7268400.0,0.04768901849324947,1.0,1.1082600250872434,728799.4393156505,2485904.823080786,0.0,0.0,0.9893201380433121,1.0,0.0,5.0353717032e-06,0.9893201380433121,0.0,100741.15394781134,100741.15394781134
2026-09-02 22:00:00+00:00,0.0,0.0,1.1082644017924412,438737.17412768566,333312.04608196096,0,7264800.0,0.0476890185365515,1.0,1.1082644017924412,728799.4393156505,2485904.823080786,0.0,0.0,0.9893253993792928,1.0,0.0,5.035405359600001e-06,0.9893253993792928,0.0,100741.78393445397,100741.78393445397
2026-09-02 23:00:00+00:00,0.0,0.0,1.1082687785149237,438737.17412768566,333313.724459118,0,7261200.0,0.04768901857989505,1.0,1.1082687785149237,728799.4393156505,2485904.823080786,0.0,0.0,0.9893306607432542,1.0,0.0,5.035440366000001e-06,0.9893306607432542,0.0,100742.4139132534,100742.4139132534
2026-09-03 00:00:00+00:00,0.0,0.0,1.1082731581174101,438737.17412768566,333316.0471610649,0,7257600.0,0.047664910535970995,1.0,1.1082731581174101,728121.3078790951,2486510.2084411783,0.0,0.0,0.9893411613561024,1.0,0.0,6.968491495200001e-06,0.9893411613561024,0.0,100744.69822051411,100744.69822051411
2026-09-03 01:00:00+00:00,0.0,0.0,1.108277534874473,438737.17412768566,333317.7256312213,0,7254000.0,0.047664910579378494,1.0,1.108277534874473,728121.3078790951,2486510.2084411783,0.0,0.0,0.989346420205052,1.0,0.0,5.035658932799999e-06,0.989346420205052,0.0,100745.32700288505,100745.32700288505
2026-09-03 02:00:00+00:00,0.0,0.0,1.1082818669376788,438737.17412768566,333319.40414144745,0,7250400.0,0.048041501071673265,1.0,1.1082818669376788,738766.4482514862,2477008.622431734,0.0,0.0,0.9892699348773385,1.0,0.0,5.0357537892e-06,0.9892699348773385,0.0,100710.09153611568,100710.09153611568
2026-09-03 03:00:00+00:00,0.0,0.0,1.108286243729134,438737.17412768566,333321.08276506595,0,7246800.0,0.04804150111551864,1.0,1.108286243729134,738766.4482514862,2477008.622431734,0.0,0.0,0.9892752339341366,1.0,0.0,5.03606862e-06,0.9892752339341366,0.0,100710.73780570232,100710.73780570232
2026-09-03 04:00:00+00:00,0.0,0.0,1.1082906205378737,438737.17412768566,333322.7614193026,0,7243200.0,0.04804150115940797,1.0,1.1082906205378737,738766.4482514862,2477008.622431734,0.0,0.0,0.9892805330193193,1.0,0.0,5.0361351156e-06,0.9892805330193193,0.0,100711.38405712415,100711.38405712415
2026-09-03 05:00:00+00:00,0.0,0.0,1.1082949973638982,438737.17412768566,333324.44010446145,0,7239600.0,0.04804150120334083,1.0,1.1082949973638982,738766.4482514862,2477008.622431734,0.0,0.0,0.9892858321328867,1.0,0.0,5.036202522e-06,0.9892858321328867,0.0,100712.03029007727,100712.03029007727
2026-09-03 06:00:00+00:00,0.0,0.0,1.1082993742072076,438737.17412768566,333326.1188223056,0,7236000.0,0.0480415012473181,1.0,1.1082993742072076,738766.4482514862,2477008.622431734,0.0,0.0,0.9892911312748388,1.0,0.0,5.0362752168e-06,0.9892911312748388,0.0,100712.67650279851,100712.67650279851
2026-09-03 07:00:00+00:00,0.0,0.0,1.1083037352508398,438737.17412768566,333327.79757326253,0,7232400.0,0.0480518410558568,1.0,1.1083037352508398,739057.957544786,2476748.427145751,0.0,0.0,0.9892941920755368,1.0,0.0,5.0363491932e-06,0.9892941920755368,0.0,100712.34063889034,100712.34063889034
2026-09-03 08:00:00+00:00,0.0,0.0,1.1083081267279709,438737.17412768566,333329.4763694011,0,7228800.0,0.04805175944705775,1.0,1.1083081267279709,739057.957544786,2476748.427145751,0.0,0.0,0.9892995100439844,1.0,0.0,5.0364593748e-06,0.9892995100439844,0.0,100712.9950332006,100712.9950332006
2026-09-03 09:00:00+00:00,0.0,0.0,1.1083125036231303,438737.17412768566,333331.1551947523,0,7225200.0,0.04805175949117513,1.0,1.1083125036231303,739057.957544786,2476748.427145751,0.0,0.0,0.9893048103645841,1.0,0.0,5.0365216476e-06,0.9893048103645841,0.0,100713.64165553125,100713.64165553125
2026-09-03 10:00:00+00:00,0.0,0.0,1.1083168809576982,438737.17412768566,333332.83405775495,0,7221600.0,0.04804820354384942,1.0,1.1083168809576982,738956.8998493578,2476838.6376881124,0.0,0.0,0.9893108793804397,1.0,0.0,5.0366092356e-06,0.9893108793804397,0.0,100714.62549539487,100714.62549539487
2026-09-03 11:00:00+00:00,0.0,0.0,1.1083212578874295,438737.17412768566,333335.03833159193,0,7218000.0,0.04804820358805184,1.0,1.1083212578874295,738956.8998493578,2476838.6376881124,0.0,0.0,0.9893161793787668,1.0,0.0,6.6128095512e-06,0.9893161793787668,0.0,100714.74652784679,100714.74652784679
2026-09-03 12:00:00+00:00,0.0,0.0,1.1083256348344461,438737.17412768566,333336.7314980958,0,7214400.0,0.04804820363229867,1.0,1.1083256348344461,738956.8998493578,2476838.6376881124,0.0,0.0,0.9893214794054874,1.0,0.0,5.0794606296e-06,0.9893214794054874,0.0,100715.37868008914,100715.37868008914
2026-09-03 13:00:00+00:00,0.0,0.0,1.1083300117987478,438737.17412768566,333338.9156111976,0,7210800.0,0.04804820367659013,1.0,1.1083300117987478,738956.8998493578,2476838.6376881124,0.0,0.0,0.9893267794606014,1.0,0.0,6.552251042400001e-06,0.9893267794606014,0.0,100715.51989819075,100715.51989819075
2026-09-03 14:00:00+00:00,0.0,0.0,1.108334329662493,438737.17412768566,333340.5970824537,0,7207200.0,0.048546325538827206,1.0,1.108334329662493,753209.3253779847,2464117.830862787,0.0,0.0,0.9892246485492511,1.0,0.0,5.044316569199999e-06,0.9892246485492511,0.0,100669.02979949769,100669.02979949769
2026-09-03 15:00:00+00:00,0.0,0.0,1.1083387503177324,438737.17412768566,333342.77911846514,0,7203600.0,0.04854632558367711,1.0,1.1083387503177324,753209.3253779847,2464117.830862787,0.0,0.0,0.989230001744731,1.0,0.0,6.5459439648e-06,0.989230001744731,0.0,100669.19640934368,100669.19640934368
2026-09-03 16:00:00+00:00,0.0,0.0,1.1083432250728795,438737.17412768566,333344.5863195957,0,7200000.0,0.048546325628572085,1.0,1.1083432250728795,753209.3253779847,2464117.830862787,0.0,0.0,0.9892353549691797,1.0,0.0,5.421435066e-06,0.9892353549691797,0.0,100669.73786678025,100669.73786678025
2026-09-03 17:00:00+00:00,0.0,0.0,1.1083477523203022,438737.17412768566,333346.78608659015,0,7196400.0,0.04810417604976913,1.0,1.1083477523203022,740549.3326274959,2475418.9189325417,0.0,0.0,0.9893359230943617,1.0,0.0,6.5990564316e-06,0.9893359230943617,0.0,100711.66107483546,100711.66107483546
2026-09-03 18:00:00+00:00,0.0,0.0,1.1083522271117934,438737.17412768566,333348.98651058483,0,7192800.0,0.04810417609433548,1.0,1.1083522271117934,740549.3326274959,2475418.9189325417,0.0,0.0,0.98934122925829,1.0,0.0,6.6009837924e-06,0.98934122925829,0.0,100711.78866220813,100711.78866220813
2026-09-03 19:00:00+00:00,0.0,0.0,1.1083567019213507,438737.17412768566,333350.59989284986,0,7189200.0,0.048104176138945354,1.0,1.1083567019213507,740549.3326274959,2475418.9189325417,0.0,0.0,0.9893465354506776,1.0,0.0,4.8399078024000005e-06,0.9893465354506776,0.0,100712.50330379664,100712.50330379664
2026-09-03 20:00:00+00:00,0.0,0.0,1.1083611767489747,438737.17412768566,333352.763402542,0,7185600.0,0.04810417618360141,1.0,1.1083611767489747,740549.3326274959,2475418.9189325417,0.0,0.0,0.9893518416715239,1.0,0.0,6.4901718252000005e-06,0.9893518416715239,0.0,100712.66783044388,100712.66783044388
2026-09-03 21:00:00+00:00,0.0,0.0,1.108365651594665,438737.17412768566,333354.91063599964,0,7182000.0,0.048104176228301654,1.0,1.108365651594665,740549.3326274959,2475418.9189325417,0.0,0.0,0.9893571479208294,1.0,0.0,6.4413041616e-06,0.9893571479208294,0.0,100712.84864581178,100712.84864581178
2026-09-03 22:00:00+00:00,0.0,0.0,1.1083701115324023,438737.17412768566,333357.05844277656,0,7178400.0,0.048104258632244656,1.0,1.1083701115324023,740549.3326274959,2475418.9189325417,0.0,0.0,0.9893624365022275,1.0,0.0,6.4429825068e-06,0.9893624365022275,0.0,100713.0211362926,100713.0211362926
2026-09-03 23:00:00+00:00,0.0,0.0,1.1083746013402451,438737.17412768566,333359.20682310325,0,7174800.0,0.048104176317836256,1.0,1.1083746013402451,740549.3326274959,2475418.9189325417,0.0,0.0,0.9893677605048188,1.0,0.0,6.4446615108e-06,0.9893677605048188,0.0,100713.20859381784,100713.20859381784
2026-09-04 00:00:00+00:00,0.0,0.0,1.1083790762401349,438737.17412768566,333361.4343240706,0,7171200.0,0.04810417636267106,1.0,1.1083790762401349,740549.3326274959,2475418.9189325417,0.0,0.0,0.9893730668395028,1.0,0.0,6.6819619188000005e-06,0.9893730668395028,0.0,100713.30917913473,100713.30917913473
2026-09-04 01:00:00+00:00,0.0,0.0,1.108383551158092,438737.17412768566,333363.66251680517,0,7167600.0,0.04810417640755116,1.0,1.108383551158092,740549.3326274959,2475418.9189325417,0.0,0.0,0.9893783732026464,1.0,0.0,6.683992383599999e-06,0.9893783732026464,0.0,100713.40908517072,100713.40908517072
2026-09-04 02:00:00+00:00,0.0,0.0,1.1083880260941157,438737.17412768566,333365.8914016292,0,7164000.0,0.048104176452477,1.0,1.1083880260941157,740549.3326274959,2475418.9189325417,0.0,0.0,0.98938367959425,1.0,0.0,6.686023773600001e-06,0.98938367959425,0.0,100713.50831160363,100713.50831160363
2026-09-04 03:00:00+00:00,0.0,0.0,1.1083925010482059,438737.17412768566,333367.9682008259,0,7160400.0,0.04810417649744769,1.0,1.1083925010482059,740549.3326274959,2475418.9189325417,0.0,0.0,0.9893889860143136,1.0,0.0,6.2297696952e-06,0.9893889860143136,0.0,100713.75963615032,100713.75963615032
2026-09-04 04:00:00+00:00,0.0,0.0,1.1083969760203634,438737.17412768566,333370.0558781773,0,7156800.0,0.04810417654246257,1.0,1.1083969760203634,740549.3326274959,2475418.9189325417,0.0,0.0,0.9893942924628377,1.0,0.0,6.2623617551999995e-06,0.9893942924628377,0.0,100714.00009502913,100714.00009502913
2026-09-04 05:00:00+00:00,0.0,0.0,1.108401451010588,438737.17412768566,333372.14403360983,0,7153200.0,0.04810417658752386,1.0,1.108401451010588,740549.3326274959,2475418.9189325417,0.0,0.0,0.989399598939822,1.0,0.0,6.263756614800001e-06,0.989399598939822,0.0,100714.24008831324,100714.24008831324
2026-09-04 06:00:00+00:00,0.0,0.0,1.1084059260188794,438737.17412768566,333374.243976324,0,7149600.0,0.04810417663263,1.0,1.1084059260188794,740549.3326274959,2475418.9189325417,0.0,0.0,0.9894049054452669,1.0,0.0,6.2990748864e-06,0.9894049054452669,0.0,100714.46830680245,100714.46830680245
2026-09-04 07:00:00+00:00,0.0,0.0,1.1084103876595413,438737.17412768566,333375.9475108356,0,7146000.0,0.048216940960500665,1.0,1.1084103876595413,740549.3326274959,2461865.264605514,0.0,0.0,0.9893860923154604,1.0,0.0,5.1099633216e-06,0.9893860923154604,0.0,100704.51075288304,100704.51075288304
2026-09-04 08:00:00+00:00,0.0,0.0,1.108414862703913,438737.17412768566,333377.64091944194,0,7142400.0,0.04821694100580709,1.0,1.108414862703913,740549.3326274959,2461865.264605514,0.0,0.0,0.9893914108993234,1.0,0.0,5.079563532e-06,0.9893914108993234,0.0,100705.15080473106,100705.15080473106
2026-09-04 09:00:00+00:00,0.0,0.0,1.1084193377663525,438737.17412768566,333379.3343500403,0,7138800.0,0.048216941051158146,1.0,1.1084193377663525,740549.3326274959,2461865.264605514,0.0,0.0,0.9893967295117773,1.0,0.0,5.0796036972e-06,0.9893967295117773,0.0,100705.79084713105,100705.79084713105
2026-09-04 10:00:00+00:00,0.0,0.0,1.1084238128468595,438737.17412768566,333381.4019086567,0,7135200.0,0.04821694109655583,1.0,1.1084238128468595,740549.3326274959,2461865.264605514,0.0,0.0,0.9894020481528221,1.0,0.0,6.201800748e-06,0.9894020481528221,0.0,100706.05677405681,100706.05677405681
2026-09-04 11:00:00+00:00,0.0,0.0,1.1084282879454332,438737.17412768566,333383.0954009334,0,7131600.0,0.04821694114199904,1.0,1.1084282879454332,740549.3326274959,2461865.264605514,0.0,0.0,0.9894073668224579,1.0,0.0,5.0797314e-06,0.9894073668224579,0.0,100706.69677986624,100706.69677986624
2026-09-04 12:00:00+00:00,0.0,0.0,1.108432789876776,438737.17412768566,333384.78891775105,0,7128000.0,0.04799106454798174,1.0,1.108432789876776,734149.3274738503,2467578.5789819187,0.0,0.0,0.9894608820844553,1.0,0.0,5.079779208e-06,0.9894608820844553,0.0,100728.48239787004,100728.48239787004
2026-09-04 13:00:00+00:00,0.0,0.0,1.1084372650115937,438737.17412768566,333386.4824598349,0,7124400.0,0.04799106459329883,1.0,1.1084372650115937,734149.3274738503,2467578.5789819187,0.0,0.0,0.9894661767279833,1.0,0.0,5.0798291904e-06,0.9894661767279833,0.0,100729.11181272572,100729.11181272572
2026-09-04 14:00:00+00:00,0.0,0.0,1.1084419514628423,438737.17412768566,333388.17602355103,0,7120800.0,0.046212885790615665,1.0,1.1084419514628423,685154.4641876131,2511325.8323654532,0.0,0.0,0.98985095699163,1.0,0.0,5.0798682719999995e-06,0.98985095699163,0.0,100896.23565454199,100896.23565454199
2026-09-04 15:00:00+00:00,0.0,0.0,1.1084463842959422,438737.17412768566,333389.8696093029,0,7117200.0,0.04656894337688988,1.0,1.1084463842959422,694768.0864859435,2502741.4150234014,0.0,0.0,0.9897800494802051,1.0,0.0,5.0799085632e-06,0.9897800494802051,0.0,100863.43230760319,100863.43230760319
2026-09-04 16:00:00+00:00,0.0,0.0,1.1084507696372714,438737.17412768566,333391.5632262652,0,7113600.0,0.04732494341923266,1.0,1.1084507696372714,715507.7847998708,2484225.8589713373,0.0,0.0,0.9896239847851679,1.0,0.0,5.0799763728e-06,0.9896239847851679,0.0,100793.26730735914,100793.26730735914
2026-09-04 17:00:00+00:00,0.0,0.0,1.1084552448446798,438737.17412768566,333393.25686662854,0,7110000.0,0.04732494346408833,1.0,1.1084552448446798,715507.7847998708,2484225.8589713373,0.0,0.0,0.989629208472199,1.0,0.0,5.0800207572e-06,0.989629208472199,0.0,100793.86549268238,100793.86549268238
2026-09-04 18:00:00+00:00,0.0,0.0,1.1084597200701558,438737.17412768566,333394.9505318562,0,7106400.0,0.04732494350898908,1.0,1.1084597200701558,715507.7847998708,2484225.8589713373,0.0,0.0,0.9896344321868031,1.0,0.0,5.080069530000001e-06,0.9896344321868031,0.0,100794.46366523858,100794.46366523858
2026-09-04 19:00:00+00:00,0.0,0.0,1.1084641953137004,438737.17412768566,333396.64422452665,0,7102800.0,0.04732494355393446,1.0,1.1084641953137004,715507.7847998708,2484225.8589713373,0.0,0.0,0.9896396559289807,1.0,0.0,5.0801260356e-06,0.9896396559289807,0.0,100795.0618224495,100795.0618224495
2026-09-04 20:00:00+00:00,0.0,0.0,1.108468670575313,438737.17412768566,333398.3379392271,0,7099200.0,0.047324943598925584,1.0,1.108468670575313,715507.7847998708,2484225.8589713373,0.0,0.0,0.9896448796987315,1.0,0.0,5.080166305200001e-06,0.9896448796987315,0.0,100795.6599697278,100795.6599697278
2026-09-04 21:00:00+00:00,0.0,0.0,1.108473145854994,438737.17412768566,333400.03168512403,0,7095600.0,0.04732494364396289,1.0,1.108473145854994,715507.7847998708,2484225.8589713373,0.0,0.0,0.9896501034960555,1.0,0.0,5.080234068e-06,0.9896501034960555,0.0,100796.258097907,100796.258097907
2026-09-04 22:00:00+00:00,0.0,0.0,1.108477621152743,438737.17412768566,333401.72545401414,0,7092000.0,0.047324943689046384,1.0,1.108477621152743,715507.7847998708,2484225.8589713373,0.0,0.0,0.9896553273209532,1.0,0.0,5.0802772248000004e-06,0.9896553273209532,0.0,100796.85621519067,100796.85621519067
2026-09-04 23:00:00+00:00,0.0,0.0,1.10848209646856,438737.17412768566,333403.41924893437,0,7088400.0,0.04732494373417562,1.0,1.10848209646856,715507.7847998708,2484225.8589713373,0.0,0.0,0.9896605511734244,1.0,0.0,5.0803294896e-06,0.9896605511734244,0.0,100797.45431854174,100797.45431854174
2026-09-05 00:00:00+00:00,0.0,0.0,1.1084865718024457,438737.17412768566,333405.12327006395,0,7084800.0,0.04732494377935037,1.0,1.1084865718024457,715507.7847998708,2484225.8589713373,0.0,0.0,0.9896657750534698,1.0,0.0,5.1109757028e-06,0.9896657750534698,0.0,100798.04220778123,100798.04220778123
2026-09-05 01:00:00+00:00,0.0,0.0,1.1084910471544003,438737.17412768566,333406.8171774908,0,7081200.0,0.0473249438245702,1.0,1.1084910471544003,715507.7847998708,2484225.8589713373,0.0,0.0,0.9896709989610892,1.0,0.0,5.0806151603999995e-06,0.9896709989610892,0.0,100798.64022282121,100798.64022282121
2026-09-05 02:00:00+00:00,0.0,0.0,1.108495522524423,438737.17412768566,333408.51111060363,0,7077600.0,0.04732494386983732,1.0,1.108495522524423,715507.7847998708,2484225.8589713373,0.0,0.0,0.9896762228962827,1.0,0.0,5.0806663884e-06,0.9896762228962827,0.0,100799.23822427297,100799.23822427297
2026-09-05 03:00:00+00:00,0.0,0.0,1.1084995855973345,438737.17412768566,333410.20506633125,0,7074000.0,0.05080109171448055,1.0,1.1084995855973345,816583.0484005915,2394032.4984095716,0.0,0.0,0.9889461045768253,1.0,0.0,5.080708404e-06,0.9889461045768253,0.0,100477.2142202878,100477.2142202878
2026-09-05 04:00:00+00:00,0.0,0.0,1.108504072846515,438737.17412768566,333411.89904490794,0,7070400.0,0.05070107116858713,1.0,1.108504072846515,813544.3448957624,2396743.6515318495,0.0,0.0,0.9889728048042151,1.0,0.0,5.0807511216e-06,0.9889728048042151,0.0,100487.23462402466,100487.23462402466
2026-09-05 05:00:00+00:00,0.0,0.0,1.108508548269127,438737.17412768566,333413.59305146756,0,7066800.0,0.050701071217309046,1.0,1.108508548269127,813544.3448957624,2396743.6515318495,0.0,0.0,0.9889783883998002,1.0,0.0,5.0808092364e-06,0.9889783883998002,0.0,100487.99034841353,100487.99034841353
2026-09-05 06:00:00+00:00,0.0,0.0,1.1085130237098073,438737.17412768566,333415.28708532633,0,7063200.0,0.050701071266081144,1.0,1.1085130237098073,813544.3448957624,2396743.6515318495,0.0,0.0,0.9889839720269095,1.0,0.0,5.0808652992e-06,0.9889839720269095,0.0,100488.74605933408,100488.74605933408
2026-09-05 07:00:00+00:00,0.0,0.0,1.1085174991685574,438737.17412768566,333416.9811427913,0,7059600.0,0.05070107131490231,1.0,1.1085174991685574,813544.3448957624,2396743.6515318495,0.0,0.0,0.9889895556855431,1.0,0.0,5.080910284799999e-06,0.9889895556855431,0.0,100489.50176047935,100489.50176047935
2026-09-05 08:00:00+00:00,0.0,0.0,1.108521965677103,438737.17412768566,333418.6854262846,0,7056000.0,0.05077680043936317,1.0,1.108521965677103,815844.3448957624,2394691.7721371795,0.0,0.0,0.9889791912205975,1.0,0.0,5.1115547016e-06,0.9889791912205975,0.0,100483.2502009244,100483.2502009244
2026-09-05 09:00:00+00:00,0.0,0.0,1.1085265594286253,438737.17412768566,333420.3795829965,0,7052400.0,0.049778670649548884,1.0,1.1085265594286253,785885.5729742203,2421426.680165851,0.0,0.0,0.9891949908737403,1.0,0.0,5.0811561612e-06,0.9891949908737403,0.0,100576.23537421017,100576.23537421017
2026-09-05 10:00:00+00:00,0.0,0.0,1.1085310245534183,438737.17412768566,333422.07376377913,0,7048800.0,0.04986631599153646,1.0,1.1085310245534183,788485.5729742203,2419106.7083008057,0.0,0.0,0.9891820178271548,1.0,0.0,5.081202536400001e-06,0.9891820178271548,0.0,100568.84943562874,100568.84943562874
2026-09-05 11:00:00+00:00,0.0,0.0,1.1085355000848438,438737.17412768566,333423.76797664503,0,7045200.0,0.049866316039731684,1.0,1.1085355000848438,788485.5729742203,2419106.7083008057,0.0,0.0,0.9891875128555887,1.0,0.0,5.0812729416e-06,0.9891875128555887,0.0,100569.56609600969,100569.56609600969
2026-09-05 12:00:00+00:00,0.0,0.0,1.1085399756343386,438737.17412768566,333425.4622165892,0,7041600.0,0.04986631608797598,1.0,1.1085399756343386,788485.5729742203,2419106.7083008057,0.0,0.0,0.9891930079145483,1.0,0.0,5.0813283348e-06,0.9891930079145483,0.0,100570.28274270514,100570.28274270514
2026-09-05 13:00:00+00:00,0.0,0.0,1.1085444407600702,438737.17412768566,333427.1564839049,0,7038000.0,0.04995441679830459,1.0,1.1085444407600702,791105.028025277,2416769.412200227,0.0,0.0,0.9891799783976869,1.0,0.0,5.0813846064e-06,0.9891799783976869,0.0,100562.87194198137,100562.87194198137
2026-09-05 14:00:00+00:00,0.0,0.0,1.1085489102434116,438737.17412768566,333428.85077851324,0,7034400.0,0.05000590645165226,1.0,1.1085489102434116,792638.7051091876,2415400.949576049,0.0,0.0,0.9891746627154107,1.0,0.0,5.0814406404000005e-06,0.9891746627154107,0.0,100558.8454599526,100558.8454599526
2026-09-05 15:00:00+00:00,0.0,0.0,1.108553385847048,438737.17412768566,333430.54511275765,0,7030800.0,0.05000590650018455,1.0,1.108553385847048,792638.7051091876,2415400.949576049,0.0,0.0,0.9891801727158225,1.0,0.0,5.081533693199999e-06,0.9891801727158225,0.0,100559.56856771832,100559.56856771832
2026-09-05 16:00:00+00:00,0.0,0.0,1.1085578614687541,438737.17412768566,333432.2394740638,0,7027200.0,0.05000590654876591,1.0,1.1085578614687541,792638.7051091876,2415400.949576049,0.0,0.0,0.9891856827469269,1.0,0.0,5.081589032399999e-06,0.9891856827469269,0.0,100560.2916618883,100560.2916618883
2026-09-05 17:00:00+00:00,0.0,0.0,1.1085623371085296,438737.17412768566,333433.93386406684,0,7023600.0,0.05000590659739701,1.0,1.1085623371085296,792638.7051091876,2415400.949576049,0.0,0.0,0.9891911928087237,1.0,0.0,5.0816492748e-06,0.9891911928087237,0.0,100561.01474082726,100561.01474082726
2026-09-05 18:00:00+00:00,0.0,0.0,1.1085668127663748,438737.17412768566,333435.62828229304,0,7020000.0,0.05000590664607785,1.0,1.1085668127663748,792638.7051091876,2415400.949576049,0.0,0.0,0.9891967029012133,1.0,0.0,5.0817080952e-06,0.9891967029012133,0.0,100561.73780500912,100561.73780500912
2026-09-05 19:00:00+00:00,0.0,0.0,1.1085712884422896,438737.17412768566,333437.3227285867,0,7016400.0,0.05000590669480842,1.0,1.1085712884422896,792638.7051091876,2415400.949576049,0.0,0.0,0.9892022130243958,1.0,0.0,5.081766447599999e-06,0.9892022130243958,0.0,100562.4608545897,100562.4608545897
2026-09-05 20:00:00+00:00,0.0,0.0,1.1085757641362746,438737.17412768566,333439.0172065996,0,7012800.0,0.0500059067435894,1.0,1.1085757641362746,792638.7051091876,2415400.949576049,0.0,0.0,0.9892077231782713,1.0,0.0,5.0818357512e-06,0.9892077231782713,0.0,100563.18388591713,100563.18388591713
2026-09-05 21:00:00+00:00,0.0,0.0,1.1085802398483295,438737.17412768566,333440.71171320166,0,7009200.0,0.050005906792420785,1.0,1.1085802398483295,792638.7051091876,2415400.949576049,0.0,0.0,0.98921323336284,1.0,0.0,5.081895666e-06,0.98921323336284,0.0,100563.90690212161,100563.90690212161
2026-09-05 22:00:00+00:00,0.0,0.0,1.1085847155784543,438737.17412768566,333442.40624596964,0,7005600.0,0.05000590684130213,1.0,1.1085847155784543,792638.7051091876,2415400.949576049,0.0,0.0,0.989218743578102,1.0,0.0,5.0819483124e-06,0.989218743578102,0.0,100564.62990562653,100564.62990562653
2026-09-05 23:00:00+00:00,0.0,0.0,1.1085891913266492,438737.17412768566,333444.5962627417,0,7002000.0,0.050005906890234764,1.0,1.1085891913266492,792638.7051091876,2415400.949576049,0.0,0.0,0.9892242538240574,1.0,0.0,6.5678796072e-06,0.9892242538240574,0.0,100564.8574385937,100564.8574385937
2026-09-06 00:00:00+00:00,0.0,0.0,1.1085936670929144,438737.17412768566,333446.2918475477,0,6998400.0,0.05000590693921625,1.0,1.1085936670929144,792638.7051091876,2415400.949576049,0.0,0.0,0.9892297641007068,1.0,0.0,5.085044154e-06,0.9892297641007068,0.0,100565.57941699354,100565.57941699354
2026-09-06 01:00:00+00:00,0.0,0.0,1.10859814287725,438737.17412768566,333447.98745867825,0,6994800.0,0.05000590698824947,1.0,1.10859814287725,792638.7051091876,2415400.949576049,0.0,0.0,0.9892352744080499,1.0,0.0,5.0850972432e-06,0.9892352744080499,0.0,100566.30138253525,100566.30138253525
2026-09-06 02:00:00+00:00,0.0,0.0,1.1086026186796556,438737.17412768566,333449.68309721537,0,6991200.0,0.05000590703733221,1.0,1.1086026186796556,792638.7051091876,2415400.949576049,0.0,0.0,0.9892407847460873,1.0,0.0,5.085153576e-06,0.9892407847460873,0.0,100567.02333413716,100567.02333413716
2026-09-06 03:00:00+00:00,0.0,0.0,1.1086070945001316,438737.17412768566,333451.3889903348,0,6987600.0,0.05000590708646557,1.0,1.1086070945001316,792638.7051091876,2415400.949576049,0.0,0.0,0.9892462951148189,1.0,0.0,5.1158805732e-06,0.9892462951148189,0.0,100567.73504462338,100567.73504462338
2026-09-06 04:00:00+00:00,0.0,0.0,1.1086115703587731,438737.17412768566,333453.0847491507,0,6984000.0,0.050005737585602006,1.0,1.1086115703587731,792633.6520398665,2415405.458793545,0.0,0.0,0.9892518408904051,1.0,0.0,5.0854624092e-06,0.9892518408904051,0.0,100568.47242371656,100568.47242371656
2026-09-06 05:00:00+00:00,0.0,0.0,1.1086160462153904,438737.17412768566,333454.7805348885,0,6980400.0,0.05000573763483662,1.0,1.1086160462153904,792633.6520398665,2415405.458793545,0.0,0.0,0.9892573513024875,1.0,0.0,5.085517284e-06,0.9892573513024875,0.0,100569.19426060404,100569.19426060404
2026-09-06 06:00:00+00:00,0.0,0.0,1.108621655050613,438737.17412768566,333456.476347694,0,6976800.0,0.05000573765125993,1.0,1.108621655050613,792633.6520398665,2415405.458793545,0.0,0.0,0.9892628617521141,1.0,0.0,5.085572594400001e-06,0.9892628617521141,0.0,100569.91608689592,100569.91608689592
2026-09-06 07:00:00+00:00,0.0,0.0,1.1086250827283881,438737.17412768566,333458.17220923543,0,6973200.0,0.050007753782211006,1.0,1.1086250827283881,792693.737740861,2415351.84440113,0.0,0.0,0.9892679522195122,1.0,0.0,5.085692884800001e-06,0.9892679522195122,0.0,100570.45360263571,100570.45360263571
2026-09-06 08:00:00+00:00,0.0,0.0,1.10862955863956,438737.17412768566,333459.8680974024,0,6969600.0,0.05000775383159839,1.0,1.10862955863956,792693.737740861,2415351.84440113,0.0,0.0,0.9892734629381703,1.0,0.0,5.0857468667999996e-06,0.9892734629381703,0.0,100571.1754716002,100571.1754716002
2026-09-06 09:00:00+00:00,0.0,0.0,1.1086340345688024,438737.17412768566,333461.56402250106,0,6966000.0,0.050007753881037065,1.0,1.1086340345688024,792693.737740861,2415351.84440113,0.0,0.0,0.9892789736875257,1.0,0.0,5.0858317548e-06,0.9892789736875257,0.0,100571.89731710107,100571.89731710107
2026-09-06 10:00:00+00:00,0.0,0.0,1.1086385488350858,438737.17412768566,333463.25997408555,0,6962400.0,0.04966717854926683,1.0,1.1086385488350858,782588.3290268511,2424370.348270027,0.0,0.0,0.9893553410663273,1.0,0.0,5.0858853156e-06,0.9893553410663273,0.0,100603.70657348749,100603.70657348749
2026-09-06 11:00:00+00:00,0.0,0.0,1.1086430258700506,438737.17412768566,333464.9559586543,0,6958800.0,0.04965767526822917,1.0,1.1086430258700506,782307.6351730484,2424620.8522789534,0.0,0.0,0.9893627921887033,1.0,0.0,5.0859583632e-06,0.9893627921887033,0.0,100605.2796732941,100605.2796732941
2026-09-06 12:00:00+00:00,0.0,0.0,1.1086475018536652,438737.17412768566,333466.65197318123,0,6955200.0,0.04965767531746623,1.0,1.1086475018536652,782307.6351730484,2424620.8522789534,0.0,0.0,0.9893682657740758,1.0,0.0,5.0860223352e-06,0.9893682657740758,0.0,100605.98512414587,100605.98512414587
2026-09-06 13:00:00+00:00,0.0,0.0,1.1086519778553507,438737.17412768566,333468.3480147581,0,6951600.0,0.04965767536675392,1.0,1.1086519778553507,782307.6351730484,2424620.8522789534,0.0,0.0,0.9893737393897305,1.0,0.0,5.0860775844e-06,0.9893737393897305,0.0,100606.69056123361,100606.69056123361
2026-09-06 14:00:00+00:00,0.0,0.0,1.108656439043288,438737.17412768566,333470.0440867861,0,6948000.0,0.049789482797073514,1.0,1.108656439043288,786206.9964978986,2421141.2373523973,0.0,0.0,0.989351843038283,1.0,0.0,5.0861430324e-06,0.989351843038283,0.0,100595.38774584781,100595.38774584781
2026-09-06 15:00:00+00:00,0.0,0.0,1.108660915081056,438737.17412768566,333471.740198776,0,6944400.0,0.04978948284659812,1.0,1.108660915081056,786206.9964978986,2421141.2373523973,0.0,0.0,0.9893573307442816,1.0,0.0,5.086236999599999e-06,0.9893573307442816,0.0,100596.09929448017,100596.09929448017
2026-09-06 16:00:00+00:00,0.0,0.0,1.1086653911368956,438737.17412768566,333473.4363379322,0,6940800.0,0.049789482896173354,1.0,1.1086653911368956,786206.9964978986,2421141.2373523973,0.0,0.0,0.9893628184807194,1.0,0.0,5.0862925944e-06,0.9893628184807194,0.0,100596.81082930107,100596.81082930107
2026-09-06 17:00:00+00:00,0.0,0.0,1.1086698366628664,438737.17412768566,333475.13250694284,0,6937200.0,0.05006100517812717,1.0,1.1086698366628664,794281.8588782693,2413936.0280827684,0.0,0.0,0.9893120241507208,1.0,0.0,5.086356249599999e-06,0.9893120241507208,0.0,100572.82929948514,100572.82929948514
2026-09-06 18:00:00+00:00,0.0,0.0,1.1086743604837332,438737.17412768566,333476.82870275545,0,6933600.0,0.04963680340204424,1.0,1.1086743604837332,781691.9603545122,2425171.9954476506,0.0,0.0,0.9894054335647671,1.0,0.0,5.08641075e-06,0.9894054335647671,0.0,100612.11528602807,100612.11528602807
2026-09-06 19:00:00+00:00,0.0,0.0,1.108678836593857,438737.17412768566,333478.52493205486,0,6930000.0,0.04963680345161792,1.0,1.108678836593857,781691.9603545122,2425171.9954476506,0.0,0.0,0.9894109051401169,1.0,0.0,5.0864852952e-06,0.9894109051401169,0.0,100612.81964023568,100612.81964023568
2026-09-06 20:00:00+00:00,0.0,0.0,1.1086833127220517,438737.17412768566,333480.22118826734,0,6926400.0,0.04963680350124311,1.0,1.1086833127220517,781691.9603545122,2425171.9954476506,0.0,0.0,0.9894163767457254,1.0,0.0,5.0865401268e-06,0.9894163767457254,0.0,100613.52398080582,100613.52398080582
2026-09-06 21:00:00+00:00,0.0,0.0,1.1086877888683182,438737.17412768566,333481.91748110566,0,6922800.0,0.04963680355092093,1.0,1.1086877888683182,781691.9603545122,2425171.9954476506,0.0,0.0,0.9894218483815925,1.0,0.0,5.0866240824e-06,0.9894218483815925,0.0,100614.22829802573,100614.22829802573
2026-09-06 22:00:00+00:00,0.0,0.0,1.1086922650326567,438737.17412768566,333483.6138007978,0,6919200.0,0.04963680360065004,1.0,1.1086922650326567,781691.9603545122,2425171.9954476506,0.0,0.0,0.9894273200477188,1.0,0.0,5.086678734e-06,0.9894273200477188,0.0,100614.93260166759,100614.93260166759
2026-09-06 23:00:00+00:00,0.0,0.0,1.1086967412150672,438737.17412768566,333485.31014769827,0,6915600.0,0.04963680365043022,1.0,1.1086967412150672,781691.9603545122,2425171.9954476506,0.0,0.0,0.9894327917441046,1.0,0.0,5.0867344476e-06,0.9894327917441046,0.0,100615.6368913771,100615.6368913771
2026-09-07 00:00:00+00:00,0.0,0.0,1.1087012174155493,438737.17412768566,333487.0065356281,0,6912000.0,0.04963680370026369,1.0,1.1087012174155493,781691.9603545122,2425171.9954476506,0.0,0.0,0.9894382634707494,1.0,0.0,5.0868316044e-06,0.9894382634707494,0.0,100616.34115333296,100616.34115333296
2026-09-07 01:00:00+00:00,0.0,0.0,1.1087056936341038,438737.17412768566,333488.7029544228,0,6908400.0,0.049636803750147784,1.0,1.1087056936341038,781691.9603545122,2425171.9954476506,0.0,0.0,0.9894437352276539,1.0,0.0,5.086898279999999e-06,0.9894437352276539,0.0,100617.0453977001,100617.0453977001
2026-09-07 02:00:00+00:00,0.0,0.0,1.10871016987073,438737.17412768566,333490.3994096257,0,6904800.0,0.04963680380008473,1.0,1.10871016987073,781691.9603545122,2425171.9954476506,0.0,0.0,0.989449207014818,1.0,0.0,5.0869815768e-06,0.989449207014818,0.0,100617.74961893499,100617.74961893499
2026-09-07 03:00:00+00:00,0.0,0.0,1.1087146461254285,438737.17412768566,333492.09589580825,0,6901200.0,0.049636803850074074,1.0,1.1087146461254285,781691.9603545122,2425171.9954476506,0.0,0.0,0.989454678832242,1.0,0.0,5.087048594399999e-06,0.989454678832242,0.0,100618.45382246643,100618.45382246643
2026-09-07 04:00:00+00:00,0.0,0.0,1.1087191223981991,438737.17412768566,333493.79240865365,0,6897600.0,0.049636803900114934,1.0,1.1087191223981991,781691.9603545122,2425171.9954476506,0.0,0.0,0.9894601506799261,1.0,0.0,5.0871026663999996e-06,0.9894601506799261,0.0,100619.15801261115,100619.15801261115
2026-09-07 05:00:00+00:00,0.0,0.0,1.1087236017792832,438737.17412768566,333495.4889522178,0,6894000.0,0.04960934589489541,1.0,1.1087236017792832,780881.8713611581,2425894.9830863373,0.0,0.0,0.9894712810801445,1.0,0.0,5.0871688992e-06,0.9894712810801445,0.0,100622.34478938574,100622.34478938574
2026-09-07 06:00:00+00:00,0.0,0.0,1.1087280780882107,438737.17412768566,333497.1957340759,0,6890400.0,0.04960934594501332,1.0,1.1087280780882107,780881.8713611581,2425894.9830863373,0.0,0.0,0.9894767500647805,1.0,0.0,5.1178428108e-06,0.9894767500647805,0.0,100623.03745439224,100623.03745439224
2026-09-07 07:00:00+00:00,0.0,0.0,1.1087325544152113,438737.17412768566,333498.89237030875,0,6886800.0,0.04960934599518296,1.0,1.1087325544152113,780881.8713611581,2425894.9830863373,0.0,0.0,0.9894822190796447,1.0,0.0,5.087394853199999e-06,0.9894822190796447,0.0,100623.74027828616,100623.74027828616
2026-09-07 08:00:00+00:00,0.0,0.0,1.108737030760284,438737.17412768566,333500.5890132233,0,6883200.0,0.04960934604540479,1.0,1.108737030760284,780881.8713611581,2425894.9830863373,0.0,0.0,0.9894876881247372,1.0,0.0,5.0873890068e-06,0.9894876881247372,0.0,100624.44310876064,100624.44310876064
2026-09-07 09:00:00+00:00,0.0,0.0,1.1087415071234294,438737.17412768566,333502.28570716403,0,6879600.0,0.04960934609568035,1.0,1.1087415071234294,780881.8713611581,2425894.9830863373,0.0,0.0,0.9894931572000579,1.0,0.0,5.0875161264000006e-06,0.9894931572000579,0.0,100625.1459014712,100625.1459014712
2026-09-07 10:00:00+00:00,0.0,0.0,1.1087459835046474,438737.17412768566,333503.982423635,0,6876000.0,0.04960934614600743,1.0,1.1087459835046474,780881.8713611581,2425894.9830863373,0.0,0.0,0.9894986263056074,1.0,0.0,5.0875578000000004e-06,0.9894986263056074,0.0,100625.848684914,100625.848684914
2026-09-07 11:00:00+00:00,0.0,0.0,1.1087504599424927,438737.17412768566,333505.6791727854,0,6872400.0,0.049609003634325965,1.0,1.1087504599424927,780871.7688504463,2425903.999445989,0.0,0.0,0.9895041658184387,1.0,0.0,5.0876299044000006e-06,0.9895041658184387,0.0,100626.58232596924,100626.58232596924
2026-09-07 12:00:00+00:00,0.0,0.0,1.1087549363598566,438737.17412768566,333507.37594869174,0,6868800.0,0.04960900368475896,1.0,1.1087549363598566,780871.7688504463,2425903.999445989,0.0,0.0,0.9895096349479685,1.0,0.0,5.0876842464e-06,0.9895096349479685,0.0,100627.28506049782,100627.28506049782
2026-09-07 13:00:00+00:00,0.0,0.0,1.1087594127952933,438737.17412768566,333509.0727547053,0,6865200.0,0.04960900373295152,1.0,1.1087594127952933,780871.7689770682,2425904.000094129,0.0,0.0,0.9895151041081977,1.0,0.0,5.087748636e-06,0.9895151041081977,0.0,100627.98777838802,100627.98777838802
2026-09-07 14:00:00+00:00,0.0,0.0,1.1087638892488028,438737.17412768566,333510.7695876699,0,6861600.0,0.0496090037834902,1.0,1.1087638892488028,780871.7689770682,2425904.000094129,0.0,0.0,0.9895205732981848,1.0,0.0,5.0878035612e-06,0.9895205732981848,0.0,100628.69048238313,100628.69048238313
2026-09-07 15:00:00+00:00,0.0,0.0,1.1087683657203855,438737.17412768566,333512.4477253906,0,6858000.0,0.04960900383408173,1.0,1.1087683657203855,780871.7689770682,2425904.000094129,0.0,0.0,0.9895260425184009,1.0,0.0,5.031722066399999e-06,0.9895260425184009,0.0,100629.41189488478,100629.41189488478
2026-09-07 16:00:00+00:00,0.0,0.0,1.108772842210041,438737.17412768566,333514.1448308533,0,6854400.0,0.049609003884727,1.0,1.108772842210041,780871.7689770682,2425904.000094129,0.0,0.0,0.989531511768846,1.0,0.0,5.088569126399999e-06,0.989531511768846,0.0,100630.11435290688,100630.11435290688
2026-09-07 17:00:00+00:00,0.0,0.0,1.108777371596065,438737.17412768566,333515.84196594777,0,6850800.0,0.04913929287794927,1.0,1.108777371596065,767105.5480703462,2438191.4773403886,0.0,0.0,0.9896332061241931,1.0,0.0,5.088632079599999e-06,0.9896332061241931,0.0,100673.03431190219,100673.03431190219
2026-09-07 18:00:00+00:00,0.0,0.0,1.1087818481220804,438737.17412768566,333517.5391096783,0,6847200.0,0.049139292928209066,1.0,1.1087818481220804,767105.5480703462,2438191.4773403886,0.0,0.0,0.9896386253993693,1.0,0.0,5.088632079599999e-06,0.9896386253993693,0.0,100673.71480564825,100673.71480564825
2026-09-07 19:00:00+00:00,0.0,0.0,1.108786324666169,438737.17412768566,333519.2362807346,0,6843600.0,0.04913929297852171,1.0,1.108786324666169,767105.5480703462,2438191.4773403886,0.0,0.0,0.9896440447042218,1.0,0.0,5.0886881172e-06,0.9896440447042218,0.0,100674.39528508874,100674.39528508874
2026-09-07 20:00:00+00:00,0.0,0.0,1.1087908012283316,438737.17412768566,333520.93347932835,0,6840000.0,0.04913929302888764,1.0,1.1087908012283316,767105.5480703462,2438191.4773403886,0.0,0.0,0.9896494640387505,1.0,0.0,5.0887447884e-06,0.9896494640387505,0.0,100675.07575001172,100675.07575001172
2026-09-07 21:00:00+00:00,0.0,0.0,1.1087952778085672,438737.17412768566,333522.63070505887,0,6836400.0,0.04913929307930598,1.0,1.1087952778085672,767105.5480703462,2438191.4773403886,0.0,0.0,0.9896548834029559,1.0,0.0,5.0888002572e-06,0.9896548834029559,0.0,100675.75620081829,100675.75620081829
2026-09-07 22:00:00+00:00,0.0,0.0,1.1087997544068762,438737.17412768566,333524.32788548653,0,6832800.0,0.049139293129777606,1.0,1.1087997544068762,767105.5480703462,2438191.4773403886,0.0,0.0,0.9896603027968379,1.0,0.0,5.088638530799999e-06,0.9896603027968379,0.0,100676.43670994788,100676.43670994788
2026-09-07 23:00:00+00:00,0.0,0.0,1.1088042407991479,438737.17412768566,333526.4628058075,0,6829200.0,0.04905248035410881,1.0,1.1088042407991479,764580.0263972011,2440445.7715010224,0.0,0.0,0.9896834569411788,1.0,0.0,6.401072754e-06,0.9896834569411788,0.0,100684.46037348435,100684.46037348435
2026-09-08 00:00:00+00:00,0.0,0.0,1.1088087321412803,438737.17412768566,333528.6375898476,0,6825600.0,0.04892188624567617,1.0,1.1088087321412803,760791.8603574625,2443827.2033057353,0.0,0.0,0.9897155352585126,1.0,0.0,6.520552916399999e-06,0.9897155352585126,0.0,100696.35953974206,100696.35953974206
2026-09-08 01:00:00+00:00,0.0,0.0,1.1088132087939093,438737.17412768566,333530.5374499011,0,6822000.0,0.04892188629607874,1.0,1.1088132087939093,760791.8603574625,2443827.2033057353,0.0,0.0,0.9897209315695804,1.0,0.0,5.6962264356e-06,0.9897209315695804,0.0,100696.82724195713,100696.82724195713
2026-09-08 02:00:00+00:00,0.0,0.0,1.1088176854646121,438737.17412768566,333532.26256560214,0,6818400.0,0.04892188634653505,1.0,1.1088176854646121,760791.8603574625,2443827.2033057353,0.0,0.0,0.9897263279100708,1.0,0.0,5.172273737999999e-06,0.9897263279100708,0.0,100697.4697014335,100697.4697014335
2026-09-08 03:00:00+00:00,0.0,0.0,1.1088221621533891,438737.17412768566,333533.95722881256,0,6814800.0,0.04892188639704398,1.0,1.1088221621533891,760791.8603574625,2443827.2033057353,0.0,0.0,0.9897317242799842,1.0,0.0,5.0809444704e-06,0.9897317242799842,0.0,100698.14262630948,100698.14262630948
2026-09-08 04:00:00+00:00,0.0,0.0,1.10882663886024,438737.17412768566,333536.10824049637,0,6811200.0,0.04892188644760642,1.0,1.10882663886024,760791.8603574625,2443827.2033057353,0.0,0.0,0.9897371206793208,1.0,0.0,6.4491326928e-06,0.9897371206793208,0.0,100698.35921562108,100698.35921562108
2026-09-08 05:00:00+00:00,0.0,0.0,1.108831124395347,438737.17412768566,333537.80273721647,0,6807600.0,0.04884366722659794,1.0,1.108831124395347,758529.3374111371,2445846.846587598,0.0,0.0,0.9897584501962297,1.0,0.0,5.0803867224e-06,0.9897584501962297,0.0,100706.02277087502,100706.02277087502
2026-09-08 06:00:00+00:00,0.0,0.0,1.1088356011383815,438737.17412768566,333539.96120427805,0,6804000.0,0.04884366727718481,1.0,1.1088356011383815,758529.3374111371,2445846.846587598,0.0,0.0,0.9897638383154412,1.0,0.0,6.471410615999999e-06,0.9897638383154412,0.0,100706.22827201022,100706.22827201022
2026-09-08 07:00:00+00:00,0.0,0.0,1.1088400778994905,438737.17412768566,333541.67396407767,0,6800400.0,0.04884366732782475,1.0,1.1088400778994905,758529.3374111371,2445846.846587598,0.0,0.0,0.9897692264639852,1.0,0.0,5.1350830524e-06,0.9897692264639852,0.0,100706.87949327659,100706.87949327659
2026-09-08 08:00:00+00:00,0.0,0.0,1.1088445546786732,438737.17412768566,333543.37655542104,0,6796800.0,0.04884366737851864,1.0,1.1088445546786732,758529.3374111371,2445846.846587598,0.0,0.0,0.9897746146418614,1.0,0.0,5.1045705252e-06,0.9897746146418614,0.0,100707.54089586833,100707.54089586833
2026-09-08 09:00:00+00:00,0.0,0.0,1.1088490314759303,438737.17412768566,333545.07917426416,0,6793200.0,0.04884366742926738,1.0,1.1088490314759303,758529.3374111371,2445846.846587598,0.0,0.0,0.9897800028490701,1.0,0.0,5.1046269156000006e-06,0.9897800028490701,0.0,100708.20228382951,100708.20228382951
2026-09-08 10:00:00+00:00,0.0,0.0,1.108853508291262,438737.17412768566,333546.78181996377,0,6789600.0,0.04884366748006874,1.0,1.108853508291262,758529.3374111371,2445846.846587598,0.0,0.0,0.9897853910856116,1.0,0.0,5.1046813764e-06,0.9897853910856116,0.0,100708.86365780368,100708.86365780368
2026-09-08 11:00:00+00:00,0.0,0.0,1.108857985124668,438737.17412768566,333548.48451398156,0,6786000.0,0.048843667530924284,1.0,1.108857985124668,758529.3374111371,2445846.846587598,0.0,0.0,0.989790779351486,1.0,0.0,5.10480018e-06,0.989790779351486,0.0,100709.52499632904,100709.52499632904
2026-09-08 12:00:00+00:00,0.0,0.0,1.1088624619761493,438737.17412768566,333550.187234589,0,6782400.0,0.04884366758183423,1.0,1.1088624619761493,758529.3374111371,2445846.846587598,0.0,0.0,0.9897961676466933,1.0,0.0,5.104853838e-06,0.9897961676466933,0.0,100710.18632113421,100710.18632113421
2026-09-08 13:00:00+00:00,0.0,0.0,1.1088669388457044,438737.17412768566,333551.88998536224,0,6778800.0,0.04884366763279813,1.0,1.1088669388457044,758529.3374111371,2445846.846587598,0.0,0.0,0.9898015559712339,1.0,0.0,5.1049182168e-06,0.9898015559712339,0.0,100710.84762864321,100710.84762864321
2026-09-08 14:00:00+00:00,0.0,0.0,1.1088714157333348,438737.17412768566,333553.59276560525,0,6775200.0,0.04884366768381576,1.0,1.1088714157333348,758529.3374111371,2445846.846587598,0.0,0.0,0.9898069443251079,1.0,0.0,5.1049805076e-06,0.9898069443251079,0.0,100711.50891955208,100711.50891955208
2026-09-08 15:00:00+00:00,0.0,0.0,1.1088758773974274,438737.17412768566,333555.2955724448,0,6771600.0,0.04884649581126266,1.0,1.1088758773974274,758608.4921387044,2445776.1939662104,0.0,0.0,0.9898117596257291,1.0,0.0,5.1050341836e-06,0.9898117596257291,0.0,100711.91876409965,100711.91876409965
2026-09-08 16:00:00+00:00,0.0,0.0,1.1088803692542448,438737.17412768566,333557.0086499145,0,6768000.0,0.04884640717699895,1.0,1.1088803692542448,758608.4921387044,2445776.1939662104,0.0,0.0,0.9898171663015811,1.0,0.0,5.135799351600001e-06,0.9898171663015811,0.0,100712.57779631467,100712.57779631467
2026-09-08 17:00:00+00:00,0.0,0.0,1.108884846196098,438737.17412768566,333558.71154985303,0,6764400.0,0.048846407228182676,1.0,1.108884846196098,758608.4921387044,2445776.1939662104,0.0,0.0,0.9898225550355533,1.0,0.0,5.1052610124e-06,0.9898225550355533,0.0,100713.23913429125,100713.23913429125
2026-09-08 18:00:00+00:00,0.0,0.0,1.1088893231560264,438737.17412768566,333560.4144827334,0,6760800.0,0.04884640727942169,1.0,1.1088893231560264,758608.4921387044,2445776.1939662104,0.0,0.0,0.9898279437988625,1.0,0.0,5.1053337072e-06,0.9898279437988625,0.0,100713.90045219718,100713.90045219718
2026-09-08 19:00:00+00:00,0.0,0.0,1.10889380013403,438737.17412768566,333562.11744276696,0,6757200.0,0.04884640733071488,1.0,1.10889380013403,758608.4921387044,2445776.1939662104,0.0,0.0,0.9898333325915092,1.0,0.0,5.1053890464e-06,0.9898333325915092,0.0,100714.5617558214,100714.5617558214
2026-09-08 20:00:00+00:00,0.0,0.0,1.1088982771301084,438737.17412768566,333563.8204309855,0,6753600.0,0.04884640738206203,1.0,1.1088982771301084,758608.4921387044,2445776.1939662104,0.0,0.0,0.9898387214134935,1.0,0.0,5.105447478e-06,0.9898387214134935,0.0,100715.22304413217,100715.22304413217
2026-09-08 21:00:00+00:00,0.0,0.0,1.108902755563801,438737.17412768566,333565.52344611275,0,6750000.0,0.04883380569846163,1.0,1.108902755563801,758244.4315483382,2446101.180741231,0.0,0.0,0.9898466558379825,1.0,0.0,5.1055020828e-06,0.9898466558379825,0.0,100717.00115598348,100717.00115598348
2026-09-08 22:00:00+00:00,0.0,0.0,1.1089072292615216,438737.17412768566,333567.22648807714,0,6746400.0,0.048863407504252,1.0,1.1089072292615216,759099.8211625849,2445337.662486973,0.0,0.0,0.9898460669825492,1.0,0.0,5.1055564716e-06,0.9898460669825492,0.0,100715.03976125037,100715.03976125037
2026-09-08 23:00:00+00:00,0.0,0.0,1.1089117063118181,438737.17412768566,333568.9295569498,0,6742800.0,0.048863407555782334,1.0,1.1089117063118181,759099.8211625849,2445337.662486973,0.0,0.0,0.9898514577053286,1.0,0.0,5.1056110728e-06,0.9898514577053286,0.0,100715.7018028564,100715.7018028564
2026-09-09 00:00:00+00:00,0.0,0.0,1.1089161833801904,438737.17412768566,333570.6326527119,0,6739200.0,0.04886340760736885,1.0,1.1089161833801904,759099.8211625849,2445337.662486973,0.0,0.0,0.9898568484574657,1.0,0.0,5.105665616399999e-06,0.9898568484574657,0.0,100716.36383045343,100716.36383045343
2026-09-09 01:00:00+00:00,0.0,0.0,1.108920660466638,438737.17412768566,333572.3357789434,0,6735600.0,0.048863407659009095,1.0,1.108920660466638,759099.8211625849,2445337.662486973,0.0,0.0,0.9898622392389613,1.0,0.0,5.1057308916000005e-06,0.9898622392389613,0.0,100717.02584046166,100717.02584046166
2026-09-09 02:00:00+00:00,0.0,0.0,1.1089251375711613,438737.17412768566,333574.0491801425,0,6732000.0,0.048863407710706186,1.0,1.1089251375711613,759099.8211625849,2445337.662486973,0.0,0.0,0.9898676300498149,1.0,0.0,5.1365074824e-06,0.9898676300498149,0.0,100717.67758838268,100717.67758838268
2026-09-09 03:00:00+00:00,0.0,0.0,1.10892961469376,438737.17412768566,333575.7523985627,0,6728400.0,0.0488634077624579,1.0,1.10892961469376,759099.8211625849,2445337.662486973,0.0,0.0,0.9898730208900272,1.0,0.0,5.1059549628e-06,0.9898730208900272,0.0,100718.3395319634,100718.3395319634
2026-09-09 04:00:00+00:00,0.0,0.0,1.1089340918344346,438737.17412768566,333577.45564450923,0,6724800.0,0.048863407814265125,1.0,1.1089340918344346,759099.8211625849,2445337.662486973,0.0,0.0,0.9898784117595979,1.0,0.0,5.106011410800001e-06,0.9898784117595979,0.0,100719.00146089838,100719.00146089838
2026-09-09 05:00:00+00:00,0.0,0.0,1.1089385689931848,438737.17412768566,333579.15891738556,0,6721200.0,0.04886340786612742,1.0,1.1089385689931848,759099.8211625849,2445337.662486973,0.0,0.0,0.9898838026585276,1.0,0.0,5.1060660696e-06,0.9898838026585276,0.0,100719.66337578447,100719.66337578447
2026-09-09 06:00:00+00:00,0.0,0.0,1.1089430451996989,438737.17412768566,333580.8622164091,0,6717600.0,0.048872021629153606,1.0,1.1089430451996989,759348.8450817275,2445115.3830683655,0.0,0.0,0.9898874619240418,1.0,0.0,5.1061183812e-06,0.9898874619240418,0.0,100719.56553257199,100719.56553257199
2026-09-09 07:00:00+00:00,0.0,0.0,1.108947522394597,438737.17412768566,333582.56554398435,0,6714000.0,0.048872021681137356,1.0,1.108947522394597,759348.8450817275,2445115.3830683655,0.0,0.0,0.989892853800269,1.0,0.0,5.106177899999999e-06,0.989892853800269,0.0,100720.22782153595,100720.22782153595
2026-09-09 08:00:00+00:00,0.0,0.0,1.1089519996075712,438737.17412768566,333584.26889834995,0,6710400.0,0.04887202173317595,1.0,1.1089519996075712,759348.8450817275,2445115.3830683655,0.0,0.0,0.9898982457058658,1.0,0.0,5.1062321375999995e-06,0.9898982457058658,0.0,100720.89009659505,100720.89009659505
2026-09-09 09:00:00+00:00,0.0,0.0,1.1089564768386215,438737.17412768566,333585.97229706345,0,6706800.0,0.04887202178527161,1.0,1.1089564768386215,759348.8450817275,2445115.3830683655,0.0,0.0,0.9899036376408319,1.0,0.0,5.1063390072e-06,0.9899036376408319,0.0,100721.55234019167,100721.55234019167
2026-09-09 10:00:00+00:00,0.0,0.0,1.1089609540877483,438737.17412768566,333587.71673651395,0,6703200.0,0.048872021837422785,1.0,1.1089609540877483,759348.8450817275,2445115.3830683655,0.0,0.0,0.9899090296051677,1.0,0.0,5.229341261999999e-06,0.9899090296051677,0.0,100722.17355593684,100722.17355593684
2026-09-09 11:00:00+00:00,0.0,0.0,1.1089654313549508,438737.17412768566,333589.4203222078,0,6699600.0,0.04887202188962947,1.0,1.1089654313549508,759348.8450817275,2445115.3830683655,0.0,0.0,0.9899144215988733,1.0,0.0,5.1068467404e-06,0.9899144215988733,0.0,100722.83563832432,100722.83563832432
2026-09-09 12:00:00+00:00,0.0,0.0,1.1089699086402298,438737.17412768566,333591.96393382474,0,6696000.0,0.04887202194189255,1.0,1.1089699086402298,759348.8450817275,2445115.3830683655,0.0,0.0,0.9899198136219489,1.0,0.0,7.624947808799999e-06,0.9899198136219489,0.0,100722.65770767443,100722.65770767443
2026-09-09 13:00:00+00:00,0.0,0.0,1.1089743922495932,438737.17412768566,333594.50875710975,0,6692400.0,0.04881604478523305,1.0,1.1089743922495932,757731.6600583921,2446559.036631942,0.0,0.0,0.9899364176063765,1.0,0.0,7.628521827599999e-06,0.9899364176063765,0.0,100727.39766959642,100727.39766959642
2026-09-09 14:00:00+00:00,0.0,0.0,1.1089788695710503,438737.17412768566,333597.8725962575,0,6688800.0,0.048816044837547645,1.0,1.1089788695710503,757731.6600583921,2446559.036631942,0.0,0.0,0.9899418037180452,1.0,0.0,1.0083565825200001e-05,0.9899418037180452,0.0,100726.39691786171,100726.39691786171
2026-09-09 15:00:00+00:00,0.0,0.0,1.1089833469105845,438737.17412768566,333600.53959152306,0,6685200.0,0.048816044889919086,1.0,1.1089833469105845,757731.6600583921,2446559.036631942,0.0,0.0,0.9899471898590188,1.0,0.0,7.994609150400001e-06,0.9899471898590188,0.0,100726.09302286635,100726.09302286635
2026-09-09 16:00:00+00:00,0.0,0.0,1.108987824386431,438737.17412768566,333603.23135924246,0,6681600.0,0.04881499542184731,1.0,1.108987824386431,757701.363041455,2446586.0827574776,0.0,0.0,0.9899527859136794,1.0,0.0,8.068802475600001e-06,0.9899527859136794,0.0,100725.85645235504,100725.85645235504
2026-09-09 17:00:00+00:00,0.0,0.0,1.1089922542546073,438737.17412768566,333605.6822052038,0,6678000.0,0.04923677674126603,1.0,1.1089922542546073,757701.363041455,2396921.631147359,0.0,0.0,0.9898738891436073,1.0,0.0,7.346562408e-06,0.9898738891436073,0.0,100688.79066044447,100688.79066044447
2026-09-09 18:00:00+00:00,0.0,0.0,1.10899673164818,438737.17412768566,333608.17845470377,0,6674400.0,0.04923677679427052,1.0,1.10899673164818,757701.363041455,2396921.631147359,0.0,0.0,0.9898793202357195,1.0,0.0,7.4826068436e-06,0.9898793202357195,0.0,100688.67723295017,100688.67723295017
2026-09-09 19:00:00+00:00,0.0,0.0,1.109001209059829,438737.17412768566,333610.636683481,0,6670800.0,0.049236776847330965,1.0,1.109001209059829,757701.363041455,2396921.631147359,0.0,0.0,0.9898847513576304,1.0,0.0,7.3685835036e-06,0.9898847513576304,0.0,100688.60183925251,100688.60183925251
2026-09-09 20:00:00+00:00,0.0,0.0,1.1090056864895552,438737.17412768566,333613.00783804135,0,6667200.0,0.049236776900449586,1.0,1.1090056864895552,757701.363041455,2396921.631147359,0.0,0.0,0.9898901825093398,1.0,0.0,7.107525579600001e-06,0.9898901825093398,0.0,100688.6135328454,100688.6135328454
2026-09-09 21:00:00+00:00,0.0,0.0,1.1090101639373584,438737.17412768566,333615.33947339334,0,6663600.0,0.04923677695362505,1.0,1.1090101639373584,757701.363041455,2396921.631147359,0.0,0.0,0.9898956136908482,1.0,0.0,6.9890176619999986e-06,0.9898956136908482,0.0,100688.66475872061,100688.66475872061
2026-09-09 22:00:00+00:00,0.0,0.0,1.1090146414032385,438737.17412768566,333617.6719143275,0,6660000.0,0.049236777006859356,1.0,1.1090146414032385,757701.363041455,2396921.631147359,0.0,0.0,0.9899010449021554,1.0,0.0,6.9913835028e-06,0.9899010449021554,0.0,100688.71519208746,100688.71519208746
2026-09-09 23:00:00+00:00,0.0,0.0,1.1090191188871958,438737.17412768566,333620.00516125927,0,6656400.0,0.04923677706015028,1.0,1.1090191188871958,757701.363041455,2396921.631147359,0.0,0.0,0.9899064761432618,1.0,0.0,6.9937505387999995e-06,0.9899064761432618,0.0,100688.7648325307,100688.7648325307
2026-09-10 00:00:00+00:00,0.0,0.0,1.1090235955051038,438737.17412768566,333622.18380039535,0,6652800.0,0.04924462795247497,1.0,1.1090235955051038,757701.363041455,2396007.005035938,0.0,0.0,0.9899103448602696,1.0,0.0,6.5302799256e-06,0.9899103448602696,0.0,100688.28354336211,100688.28354336211
2026-09-10 01:00:00+00:00,0.0,0.0,1.1090280730252116,438737.17412768566,333624.4979108119,0,6649200.0,0.04924462800589002,1.0,1.1090280730252116,757701.363041455,2396007.005035938,0.0,0.0,0.9899157769979419,1.0,0.0,6.9362965152e-06,0.9899157769979419,0.0,100688.35271367733,100688.35271367733
2026-09-10 02:00:00+00:00,0.0,0.0,1.1090325505633971,438737.17412768566,333626.81279115425,0,6645600.0,0.04924462805936325,1.0,1.1090325505633971,757701.363041455,2396007.005035938,0.0,0.0,0.9899212091654228,1.0,0.0,6.9385561487999994e-06,0.9899212091654228,0.0,100688.421127145,100688.421127145
2026-09-10 03:00:00+00:00,0.0,0.0,1.1090370281196602,438737.17412768566,333628.9797642067,0,6642000.0,0.04924462811289465,1.0,1.1090370281196602,757701.363041455,2396007.005035938,0.0,0.0,0.9899266413627129,1.0,0.0,6.4951794396e-06,0.9899266413627129,0.0,100688.63746098091,100688.63746098091
2026-09-10 04:00:00+00:00,0.0,0.0,1.1090415056940002,438737.17412768566,333631.1472779405,0,6638400.0,0.049244628166484006,1.0,1.1090415056940002,757701.363041455,2396007.005035938,0.0,0.0,0.9899320735898122,1.0,0.0,6.4967578488e-06,0.9899320735898122,0.0,100688.85326721391,100688.85326721391
2026-09-10 05:00:00+00:00,0.0,0.0,1.1090459683508012,438737.17412768566,333633.31533255696,0,6634800.0,0.049244719490119104,1.0,1.1090459683508012,757701.363041455,2396007.005035938,0.0,0.0,0.9899374877299737,1.0,0.0,6.4983368304e-06,0.9899374877299737,0.0,100689.06059715222,100689.06059715222
2026-09-10 06:00:00+00:00,0.0,0.0,1.109050494499072,438737.17412768566,333635.48842659657,0,6631200.0,0.04894629739990264,1.0,1.109050494499072,749165.8780831198,2403626.5776307145,0.0,0.0,0.9900021340651612,1.0,0.0,6.51339918e-06,0.9900021340651612,0.0,100715.25025353051,100715.25025353051
2026-09-10 07:00:00+00:00,0.0,0.0,1.109054972127781,438737.17412768566,333637.21764757414,0,6627600.0,0.04894629745333301,1.0,1.109054972127781,749165.8780831198,2403626.5776307145,0.0,0.0,0.9900075345686827,1.0,0.0,5.1829513236e-06,0.9900075345686827,0.0,100715.89043420681,100715.89043420681
2026-09-10 08:00:00+00:00,0.0,0.0,1.1090594497745676,438737.17412768566,333638.9468971894,0,6624000.0,0.048946297506822445,1.0,1.1090594497745676,749165.8780831198,2403626.5776307145,0.0,0.0,0.9900129351016641,1.0,0.0,5.1830102952000005e-06,0.9900129351016641,0.0,100716.53059917054,100716.53059917054
2026-09-10 09:00:00+00:00,0.0,0.0,1.1090638919098756,438737.17412768566,333640.676170977,0,6620400.0,0.04926173925055455,1.0,1.1090638919098756,758193.1111399103,2395569.1588729555,0.0,0.0,0.9899558460707817,1.0,0.0,5.183055882e-06,0.9899558460707817,0.0,100689.7542452999,100689.7542452999
2026-09-10 10:00:00+00:00,0.0,0.0,1.1090683695926744,438737.17412768566,333642.40547127946,0,6616800.0,0.04926173930451361,1.0,1.1090683695926744,758193.1111399103,2395569.1588729555,0.0,0.0,0.9899612803010499,1.0,0.0,5.1831084888e-06,0.9899612803010499,0.0,100690.4091438289,100690.4091438289
2026-09-10 11:00:00+00:00,0.0,0.0,1.10907284733313,438737.17412768566,333644.13480446057,0,6613200.0,0.04926138791672896,1.0,1.10907284733313,758183.011865811,2395578.173920817,0.0,0.0,0.9899667840948441,1.0,0.0,5.1831801684e-06,0.9899667840948441,0.0,100691.09452958405,100691.09452958405
2026-09-10 12:00:00+00:00,0.0,0.0,1.109077325052085,438737.17412768566,333645.8641661883,0,6609600.0,0.04926138797080437,1.0,1.109077325052085,758183.011865811,2395578.173920817,0.0,0.0,0.9899722183473034,1.0,0.0,5.1832388628e-06,0.9899722183473034,0.0,100691.74937642383,100691.74937642383
2026-09-10 13:00:00+00:00,0.0,0.0,1.1090818027891183,438737.17412768566,333647.59356643836,0,6606000.0,0.049261388024939956,1.0,1.1090818027891183,758183.011865811,2395578.173920817,0.0,0.0,0.9899776526295928,1.0,0.0,5.1833274552e-06,0.9899776526295928,0.0,100692.40419782879,100692.40419782879
2026-09-10 14:00:00+00:00,0.0,0.0,1.1090862805442294,438737.17412768566,333649.3229954124,0,6602400.0,0.04926138807913438,1.0,1.1090862805442294,758183.011865811,2395578.173920817,0.0,0.0,0.9899830869417129,1.0,0.0,5.1833866788e-06,0.9899830869417129,0.0,100693.05900359765,100693.05900359765
2026-09-10 15:00:00+00:00,0.0,0.0,1.109090753566327,438737.17412768566,333651.0524513787,0,6598800.0,0.049303575861793236,1.0,1.109090753566327,759396.011865811,2394495.487971063,0.0,0.0,0.9899801925224646,1.0,0.0,5.183440711199999e-06,0.9899801925224646,0.0,100690.05965830962,100690.05965830962
2026-09-10 16:00:00+00:00,0.0,0.0,1.109095265669902,438737.17412768566,333652.78196885396,0,6595200.0,0.048998936041672714,1.0,1.109095265669902,750667.5414784858,2402287.3562471196,0.0,0.0,0.9900457504392051,1.0,0.0,5.1835981932e-06,0.9900457504392051,0.0,100717.09283596679,100717.09283596679
2026-09-10 17:00:00+00:00,0.0,0.0,1.109099743479368,438737.17412768566,333654.51152071555,0,6591600.0,0.0489989360957479,1.0,1.109099743479368,750667.5414784858,2402287.3562471196,0.0,0.0,0.9900511568520359,1.0,0.0,5.1836743836e-06,0.9900511568520359,0.0,100717.73527839279,100717.73527839279
2026-09-10 18:00:00+00:00,0.0,0.0,1.109104221306912,438737.17412768566,333656.7995628142,0,6588000.0,0.04899893614988304,1.0,1.109104221306912,750667.5414784858,2402287.3562471196,0.0,0.0,0.9900565632943898,1.0,0.0,6.857495326799999e-06,0.9900565632943898,0.0,100717.81924353458,100717.81924353458
2026-09-10 19:00:00+00:00,0.0,0.0,1.1091087105996058,438737.17412768566,333659.1737232389,0,6584400.0,0.04889732499937027,1.0,1.1091087105996058,747771.9627963682,2404872.2907869373,0.0,0.0,0.990081994371235,1.0,0.0,7.1155510128000005e-06,0.990081994371235,0.0,100726.6026418999,100726.6026418999
2026-09-10 20:00:00+00:00,0.0,0.0,1.1091131884633536,438737.17412768566,333660.90534859494,0,6580800.0,0.048897325053508744,1.0,1.1091131884633536,747771.9627963682,2404872.2907869373,0.0,0.0,0.990087390033447,1.0,0.0,5.1897894588e-06,0.990087390033447,0.0,100727.23829413531,100727.23829413531
2026-09-10 21:00:00+00:00,0.0,0.0,1.1091176663451798,438737.17412768566,333662.6370075584,0,6577200.0,0.048897325107706724,1.0,1.1091176663451798,747771.9627963682,2404872.2907869373,0.0,0.0,0.9900927857250637,1.0,0.0,5.189863248e-06,0.9900927857250637,0.0,100727.87392566417,100727.87392566417
2026-09-10 22:00:00+00:00,0.0,0.0,1.109122144245085,438737.17412768566,333664.36869751965,0,6573600.0,0.0488973251619631,1.0,1.109122144245085,747771.9627963682,2404872.2907869373,0.0,0.0,0.9900981814460855,1.0,0.0,5.189929214400001e-06,0.9900981814460855,0.0,100728.5095390965,100728.5095390965
2026-09-10 23:00:00+00:00,0.0,0.0,1.1091266221630693,438737.17412768566,333666.25413034606,0,6570000.0,0.04889732521627943,1.0,1.1091266221630693,747771.9627963682,2404872.2907869373,0.0,0.0,0.9901035771965124,1.0,0.0,5.6506707828e-06,0.9901035771965124,0.0,100728.99142256466,100728.99142256466
2026-09-11 00:00:00+00:00,0.0,0.0,1.1091310478825993,438737.17412768566,333668.534684207,0,6566400.0,0.048897325272469816,1.0,1.1091310478825993,747771.9627963682,2404872.2907869373,0.0,0.0,0.9901089729759879,1.0,0.0,6.8348118492e-06,0.9901089729759879,0.0,100729.07819774299,100729.07819774299
2026-09-11 01:00:00+00:00,0.0,0.0,1.1091355258365307,438737.17412768566,333670.8159404222,0,6562800.0,0.04889732532690716,1.0,1.1091355258365307,747771.9627963682,2404872.2907869373,0.0,0.0,0.9901143687852254,1.0,0.0,6.8368700664000005e-06,0.9901143687852254,0.0,100729.16428362485,100729.16428362485
2026-09-11 02:00:00+00:00,0.0,0.0,1.1091400038085404,438737.17412768566,333673.05730308563,0,6559200.0,0.048897325381404455,1.0,1.1091400038085404,747771.9627963682,2404872.2907869373,0.0,0.0,0.9901197646238684,1.0,0.0,6.717264526799999e-06,0.9901197646238684,0.0,100729.29027595965,100729.29027595965
2026-09-11 03:00:00+00:00,0.0,0.0,1.1091444817986298,438737.17412768566,333675.22532421513,0,6555600.0,0.04889732543596215,1.0,1.1091444817986298,747771.9627963682,2404872.2907869373,0.0,0.0,0.9901251604919171,1.0,0.0,6.4974202704e-06,0.9901251604919171,0.0,100729.48962272983,100729.48962272983
2026-09-11 04:00:00+00:00,0.0,0.0,1.109148974676605,438737.17412768566,333677.4013069473,0,6552000.0,0.04876990202889475,1.0,1.109148974676605,744152.1455439667,2408103.88865039,0.0,0.0,0.9901555487931478,1.0,0.0,6.521238234e-06,0.9901555487931478,0.0,100740.64611740614,100740.64611740614
2026-09-11 05:00:00+00:00,0.0,0.0,1.1091534527029125,438737.17412768566,333679.57782844437,0,6548400.0,0.04876990208342602,1.0,1.1091534527029125,744152.1455439667,2408103.88865039,0.0,0.0,0.9901609311238994,1.0,0.0,6.5228103252e-06,0.9901609311238994,0.0,100740.83102449327,100740.83102449327
2026-09-11 06:00:00+00:00,0.0,0.0,1.1091579307472998,438737.17412768566,333681.316436952,0,6544800.0,0.04876990213801724,1.0,1.1091579307472998,744152.1455439667,2408103.88865039,0.0,0.0,0.9901663134839084,1.0,0.0,5.210399717999999e-06,0.9901663134839084,0.0,100741.4538574061,100741.4538574061
2026-09-11 07:00:00+00:00,0.0,0.0,1.1091624088097662,438737.17412768566,333683.054184598,0,6541200.0,0.04876990219266952,1.0,1.1091624088097662,744152.1455439667,2408103.88865039,0.0,0.0,0.9901716958731748,1.0,0.0,5.2077926916e-06,0.9901716958731748,0.0,100742.07756401692,100742.07756401692
2026-09-11 08:00:00+00:00,0.0,0.0,1.1091668868903124,438737.17412768566,333684.7919832143,0,6537600.0,0.048769902247381314,1.0,1.1091668868903124,744152.1455439667,2408103.88865039,0.0,0.0,0.9901770782916992,1.0,0.0,5.2079183208e-06,0.9901770782916992,0.0,100742.70123249397,100742.70123249397
2026-09-11 09:00:00+00:00,0.0,0.0,1.1091713126477125,438737.17412768566,333686.52980904904,0,6534000.0,0.04921848827422348,1.0,1.1091713126477125,756950.412068179,2396680.068733568,0.0,0.0,0.9900947321547943,1.0,0.0,5.2079727672000005e-06,0.9900947321547943,0.0,100704.83509525325,100704.83509525325
2026-09-11 10:00:00+00:00,0.0,0.0,1.1091757907642066,438737.17412768566,333688.26766027656,0,6530400.0,0.04921848832957165,1.0,1.1091757907642066,756950.412068179,2396680.068733568,0.0,0.0,0.9901001624882908,1.0,0.0,5.208021741600001e-06,0.9901001624882908,0.0,100705.47973319853,100705.47973319853
2026-09-11 11:00:00+00:00,0.0,0.0,1.1091802688987804,438737.17412768566,333690.00554037007,0,6526800.0,0.04921848838498177,1.0,1.1091802688987804,756950.412068179,2396680.068733568,0.0,0.0,0.9901055928515707,1.0,0.0,5.2080811236e-06,0.9901055928515707,0.0,100706.12435534497,100706.12435534497
2026-09-11 12:00:00+00:00,0.0,0.0,1.109184747051434,438737.17412768566,333691.7434460035,0,6523200.0,0.049218488440452735,1.0,1.109184747051434,756950.412068179,2396680.068733568,0.0,0.0,0.9901110232446343,1.0,0.0,5.2081305372e-06,0.9901110232446343,0.0,100706.76896501868,100706.76896501868
2026-09-11 13:00:00+00:00,0.0,0.0,1.1091892252221671,438737.17412768566,333693.48136068817,0,6519600.0,0.049218488495985424,1.0,1.1091892252221671,756950.412068179,2396680.068733568,0.0,0.0,0.9901164536674817,1.0,0.0,5.2081305372e-06,0.9901164536674817,0.0,100707.41357870837,100707.41357870837
2026-09-11 14:00:00+00:00,0.0,0.0,1.1091937034109807,438737.17412768566,333695.2193042108,0,6516000.0,0.04921848855157962,1.0,1.1091937034109807,756950.412068179,2396680.068733568,0.0,0.0,0.9901218841201131,1.0,0.0,5.2081898328e-06,0.9901218841201131,0.0,100708.0581766275,100708.0581766275
2026-09-11 15:00:00+00:00,0.0,0.0,1.109198181617874,438737.17412768566,333696.95728703396,0,6512400.0,0.04921848860723377,1.0,1.109198181617874,756950.412068179,2396680.068733568,0.0,0.0,0.990127314602529,1.0,0.0,5.2082804808e-06,0.990127314602529,0.0,100708.7027483136,100708.7027483136
2026-09-11 16:00:00+00:00,0.0,0.0,1.1092026599017444,438737.17412768566,333698.6953047409,0,6508800.0,0.049217983795345255,1.0,1.1092026599017444,756935.9230154402,2396693.003118308,0.0,0.0,0.9901328434477632,1.0,0.0,5.2083578916e-06,0.9901328434477632,0.0,100709.39044054091,100709.39044054091
2026-09-11 17:00:00+00:00,0.0,0.0,1.1092071381447983,438737.17412768566,333700.43335361406,0,6505200.0,0.049217983851123526,1.0,1.1092071381447983,756935.9230154402,2396693.003118308,0.0,0.0,0.990138273935899,1.0,0.0,5.2084241604e-06,0.990138273935899,0.0,100710.0349486866,100710.0349486866
2026-09-11 18:00:00+00:00,0.0,0.0,1.1092116164059322,438737.17412768566,333702.17142775166,0,6501600.0,0.049217983906963525,1.0,1.1092116164059322,756935.9230154402,2396693.003118308,0.0,0.0,0.990143704453819,1.0,0.0,5.2084727424e-06,0.990143704453819,0.0,100710.67944463529,100710.67944463529
2026-09-11 19:00:00+00:00,0.0,0.0,1.1092160946851468,438737.17412768566,333703.9095326549,0,6498000.0,0.04921798396286481,1.0,1.1092160946851468,756935.9230154402,2396693.003118308,0.0,0.0,0.9901491350015234,1.0,0.0,5.2085378088e-06,0.9901491350015234,0.0,100711.32392288576,100711.32392288576
2026-09-11 20:00:00+00:00,0.0,0.0,1.1092205729824418,438737.17412768566,333705.6476625638,0,6494400.0,0.04921798401882849,1.0,1.1092205729824418,756935.9230154402,2396693.003118308,0.0,0.0,0.9901545655790119,1.0,0.0,5.2085856132e-06,0.9901545655790119,0.0,100711.96838919813,100711.96838919813
2026-09-11 21:00:00+00:00,0.0,0.0,1.109225063327542,438737.17412768566,333707.3858201792,0,6490800.0,0.04911487241454937,1.0,1.109225063327542,753980.8956431345,2399331.0270934296,0.0,0.0,0.9901800254407527,1.0,0.0,5.208641510400001e-06,0.9901800254407527,0.0,100721.40041937656,100721.40041937656
2026-09-11 22:00:00+00:00,0.0,0.0,1.1092294594158432,438737.17412768566,333709.12400300143,0,6487200.0,0.04982002892681736,1.0,1.1092294594158432,768663.2285020215,2363657.886039543,0.0,0.0,0.990048592263774,1.0,0.0,5.208689915999999e-06,0.990048592263774,0.0,100661.9976159,100661.9976159
2026-09-11 23:00:00+00:00,0.0,0.0,1.1092339377670963,438737.17412768566,333710.86221162195,0,6483600.0,0.04982002898367033,1.0,1.1092339377670963,768663.2285020215,2363657.886039543,0.0,0.0,0.9900540871222763,1.0,0.0,5.2087400928000005e-06,0.9900540871222763,0.0,100662.67020597105,100662.67020597105
2026-09-12 00:00:00+00:00,0.0,0.0,1.1092384161364297,438737.17412768566,333712.6109002155,0,6480000.0,0.0498200290405868,1.0,1.1092384161364297,768663.2285020215,2363657.886039543,0.0,0.0,0.9900595820112755,1.0,0.0,5.2401171492e-06,0.9900595820112755,0.0,100663.33232944919,100663.33232944919
2026-09-12 01:00:00+00:00,0.0,0.0,1.1092428949306825,438737.17412768566,333714.34919451666,0,6476400.0,0.049816539809239835,1.0,1.1092428949306825,768562.2523591396,2363748.0180664104,0.0,0.0,0.9900657527237458,1.0,0.0,5.2089424164e-06,0.9900657527237458,0.0,100664.30135609955,100664.30135609955
2026-09-12 02:00:00+00:00,0.0,0.0,1.1092473733361794,438737.17412768566,333716.0875144467,0,6472800.0,0.04981653986627932,1.0,1.1092473733361794,768562.2523591396,2363748.0180664104,0.0,0.0,0.9900712473018394,1.0,0.0,5.208992082e-06,0.9900712473018394,0.0,100664.97371183534,100664.97371183534
2026-09-12 03:00:00+00:00,0.0,0.0,1.1092518517597567,438737.17412768566,333717.8258603687,0,6469200.0,0.049816539923382086,1.0,1.1092518517597567,768562.2523591396,2363748.0180664104,0.0,0.0,0.9900767419104263,1.0,0.0,5.2090428348e-06,0.9900767419104263,0.0,100665.64605495764,100665.64605495764
2026-09-12 04:00:00+00:00,0.0,0.0,1.1092563302014151,438737.17412768566,333719.56423237926,0,6465600.0,0.049816539980548136,1.0,1.1092563302014151,768562.2523591396,2363748.0180664104,0.0,0.0,0.9900822365495068,1.0,0.0,5.209093875600001e-06,0.9900822365495068,0.0,100666.31838537019,100666.31838537019
2026-09-12 05:00:00+00:00,0.0,0.0,1.109260808661155,438737.17412768566,333721.32354324905,0,6462000.0,0.049816540037778356,1.0,1.109260808661155,768562.2523591396,2363748.0180664104,0.0,0.0,0.9900877312190809,1.0,0.0,5.2718102892e-06,0.9900877312190809,0.0,100666.9697903021,100666.9697903021
2026-09-12 06:00:00+00:00,0.0,0.0,1.109265287175115,438737.17412768566,333723.0620535837,0,6458400.0,0.04981623015065484,1.0,1.109265287175115,768553.2835967214,2363756.023703082,0.0,0.0,0.990093285783035,1.0,0.0,5.2094537676e-06,0.990093285783035,0.0,100667.66827366018,100667.66827366018
2026-09-12 07:00:00+00:00,0.0,0.0,1.1092697656787056,438737.17412768566,333724.8005858926,0,6454800.0,0.04981616426625424,1.0,1.1092697656787056,768551.375621261,2363757.7273574597,0.0,0.0,0.9900987932097851,1.0,0.0,5.2094924748e-06,0.9900987932097851,0.0,100668.34605420037,100668.34605420037
2026-09-12 08:00:00+00:00,0.0,0.0,1.109274478278799,438737.17412768566,333726.53914057603,0,6451200.0,0.04781048223616313,1.0,1.109274478278799,712035.7972138101,2414224.233708522,0.0,0.0,0.990491691683812,1.0,0.0,5.2095323808e-06,0.990491691683812,0.0,100838.98666573054,100838.98666573054
2026-09-12 09:00:00+00:00,0.0,0.0,1.1092788694206541,438737.17412768566,333728.27771771484,0,6447600.0,0.04855881005913787,1.0,1.1092788694206541,732767.8076131017,2395715.9227242055,0.0,0.0,0.9903524060717042,1.0,0.0,5.209572528e-06,0.9903524060717042,0.0,100776.13831273891,100776.13831273891
2026-09-12 10:00:00+00:00,0.0,0.0,1.1092833479713928,438737.17412768566,333730.01631723595,0,6444000.0,0.04855881011520191,1.0,1.1092833479713928,732767.8076131017,2395715.9227242055,0.0,0.0,0.9903577667149834,1.0,0.0,5.209612455599999e-06,0.9903577667149834,0.0,100776.75162670162,100776.75162670162
2026-09-12 11:00:00+00:00,0.0,0.0,1.109287826551039,438737.17412768566,333731.7549392501,0,6440400.0,0.04855871743406737,1.0,1.109287826551039,732765.2122354583,2395718.239978789,0.0,0.0,0.9903631452752959,1.0,0.0,5.2096527144e-06,0.9903631452752959,0.0,100777.37277903984,100777.37277903984
2026-09-12 12:00:00+00:00,0.0,0.0,1.109292305137941,438737.17412768566,333733.4935833768,0,6436800.0,0.048558717490256864,1.0,1.109292305137941,732765.2122354583,2395718.239978789,0.0,0.0,0.9903685059667061,1.0,0.0,5.2096918319999995e-06,0.9903685059667061,0.0,100777.98606951383,100777.98606951383
2026-09-12 13:00:00+00:00,0.0,0.0,1.1092967538638323,438737.17412768566,333735.23224994185,0,6433200.0,0.04855890313081357,1.0,1.1092967538638323,732765.2122354583,2395718.239978789,0.0,0.0,0.9903738309295578,1.0,0.0,5.2097319252e-06,0.9903738309295578,0.0,100778.58366210264,100778.58366210264
2026-09-12 14:00:00+00:00,0.0,0.0,1.1093012623763758,438737.17412768566,333736.9709387028,0,6429600.0,0.04855862863254212,1.0,1.1093012623763758,732762.7223275235,2395720.4630742697,0.0,0.0,0.9903792445694856,1.0,0.0,5.2097712912e-06,0.9903792445694856,0.0,100779.22013842536,100779.22013842536
2026-09-12 15:00:00+00:00,0.0,0.0,1.1093057410254767,438737.17412768566,333738.7096675845,0,6426000.0,0.04855856055651819,1.0,1.1093057410254767,732760.8155975281,2395722.165485517,0.0,0.0,0.9903846184513534,1.0,0.0,5.2098643656e-06,0.9903846184513534,0.0,100779.83913128846,100779.83913128846
2026-09-12 16:00:00+00:00,0.0,0.0,1.109310221369483,438737.17412768566,333740.4484055248,0,6422400.0,0.04854412927273799,1.0,1.109310221369483,732357.026617519,2396082.6872835187,0.0,0.0,0.9903927552106839,1.0,0.0,5.2098643656e-06,0.9903927552106839,0.0,100781.67029214342,100781.67029214342
2026-09-12 17:00:00+00:00,0.0,0.0,1.1093147000468004,438737.17412768566,333742.1871655908,0,6418800.0,0.048544129329225694,1.0,1.1093147000468004,732357.026617519,2396082.6872835187,0.0,0.0,0.9903981144893854,1.0,0.0,5.2099035192e-06,0.9903981144893854,0.0,100782.28284687025,100782.28284687025
2026-09-12 18:00:00+00:00,0.0,0.0,1.1093191787421997,438737.17412768566,333743.92595473945,0,6415200.0,0.048544129385776236,1.0,1.1093191787421997,732357.026617519,2396082.6872835187,0.0,0.0,0.9904034737970874,1.0,0.0,5.2099635168e-06,0.9904034737970874,0.0,100782.89538523805,100782.89538523805
2026-09-12 19:00:00+00:00,0.0,0.0,1.1093236574556813,438737.17412768566,333745.67522287933,0,6411600.0,0.04854412944239139,1.0,1.1093236574556813,732357.026617519,2396082.6872835187,0.0,0.0,0.9904088331337899,1.0,0.0,5.241334507200001e-06,0.9904088331337899,0.0,100783.4974573382,100783.4974573382
2026-09-12 20:00:00+00:00,0.0,0.0,1.1093281361872447,438737.17412768566,333747.41409056,0,6408000.0,0.048544129499070277,1.0,1.1093281361872447,732357.026617519,2396082.6872835187,0.0,0.0,0.9904141924994931,1.0,0.0,5.210144370000001e-06,0.9904141924994931,0.0,100784.10994262132,100784.10994262132
2026-09-12 21:00:00+00:00,0.0,0.0,1.1093326149368907,438737.17412768566,333749.1529829848,0,6404400.0,0.04854412955581222,1.0,1.1093326149368907,732357.026617519,2396082.6872835187,0.0,0.0,0.9904195518941975,1.0,0.0,5.2101913643999996e-06,0.9904195518941975,0.0,100784.72241588414,100784.72241588414
2026-09-12 22:00:00+00:00,0.0,0.0,1.1093370937046187,438737.17412768566,333750.8918977461,0,6400800.0,0.048544129612617226,1.0,1.1093370937046187,732357.026617519,2396082.6872835187,0.0,0.0,0.9904249113179031,1.0,0.0,5.2102311444e-06,0.9904249113179031,0.0,100785.33487953438,100785.33487953438
2026-09-12 23:00:00+00:00,0.0,0.0,1.109341572498855,438737.17412768566,333752.6308442558,0,6397200.0,0.04854405750137225,1.0,1.109341572498855,732355.0078282367,2396084.4897703384,0.0,0.0,0.9904302845988174,1.0,0.0,5.2102991232e-06,0.9904302845988174,0.0,100785.95339110884,100785.95339110884
2026-09-13 00:00:00+00:00,0.0,0.0,1.109346051302748,438737.17412768566,333754.36981228803,0,6393600.0,0.0485440575583056,1.0,1.109346051302748,732355.0078282367,2396084.4897703384,0.0,0.0,0.9904356440728187,1.0,0.0,5.2103364624e-06,0.9904356440728187,0.0,100786.5658235547,100786.5658235547
2026-09-13 01:00:00+00:00,0.0,0.0,1.1093505301247235,438737.17412768566,333756.10880219995,0,6390000.0,0.048544057615304226,1.0,1.1093505301247235,732355.0078282367,2396084.4897703384,0.0,0.0,0.9904410035758212,1.0,0.0,5.2103748708e-06,0.9904410035758212,0.0,100787.17824684485,100787.17824684485
2026-09-13 02:00:00+00:00,0.0,0.0,1.1093550089647812,438737.17412768566,333757.8478140398,0,6386400.0,0.04854405767236658,1.0,1.1093550089647812,732355.0078282367,2396084.4897703384,0.0,0.0,0.9904463631078254,1.0,0.0,5.2104134232e-06,0.9904463631078254,0.0,100787.7906609312,100787.7906609312
2026-09-13 03:00:00+00:00,0.0,0.0,1.109359487822922,438737.17412768566,333759.5868493423,0,6382800.0,0.04854405772949355,1.0,1.109359487822922,732355.0078282367,2396084.4897703384,0.0,0.0,0.9904517226688314,1.0,0.0,5.2104565728e-06,0.9904517226688314,0.0,100788.40306427906,100788.40306427906
2026-09-13 04:00:00+00:00,0.0,0.0,1.109363966699145,438737.17412768566,333761.3259095122,0,6379200.0,0.048544057786684025,1.0,1.109363966699145,732355.0078282367,2396084.4897703384,0.0,0.0,0.9904570822588397,1.0,0.0,5.2105039308e-06,0.9904570822588397,0.0,100789.01545548387,100789.01545548387
2026-09-13 05:00:00+00:00,0.0,0.0,1.1093684455934516,438737.17412768566,333763.064992011,0,6375600.0,0.04854405784393978,1.0,1.1093684455934516,732355.0078282367,2396084.4897703384,0.0,0.0,0.9904624418778498,1.0,0.0,5.210543682000001e-06,0.9904624418778498,0.0,100789.62783708394,100789.62783708394
2026-09-13 06:00:00+00:00,0.0,0.0,1.1093729245058408,438737.17412768566,333764.80409689905,0,6372000.0,0.04854405790126082,1.0,1.1093729245058408,732355.0078282367,2396084.4897703384,0.0,0.0,0.9904678015258621,1.0,0.0,5.2105836132e-06,0.9904678015258621,0.0,100790.2402090191,100790.2402090191
2026-09-13 07:00:00+00:00,0.0,0.0,1.1093774034363126,438737.17412768566,333766.54322656884,0,6368400.0,0.04854405795864691,1.0,1.1093774034363126,732355.0078282367,2396084.4897703384,0.0,0.0,0.9904731612028769,1.0,0.0,5.210630712e-06,0.9904731612028769,0.0,100790.85256889701,100790.85256889701
2026-09-13 08:00:00+00:00,0.0,0.0,1.1093818823848676,438737.17412768566,333768.2823832412,0,6364800.0,0.048544058016096736,1.0,1.1093818823848676,732355.0078282367,2396084.4897703384,0.0,0.0,0.9904785209088944,1.0,0.0,5.2106844636e-06,0.9904785209088944,0.0,100791.46491449693,100791.46491449693
2026-09-13 09:00:00+00:00,0.0,0.0,1.1093863613515058,438737.17412768566,333770.0215624707,0,6361200.0,0.04854405807361206,1.0,1.1093863613515058,732355.0078282367,2396084.4897703384,0.0,0.0,0.9904838806439147,1.0,0.0,5.2107248952e-06,0.9904838806439147,0.0,100792.0772502643,100792.0772502643
2026-09-13 10:00:00+00:00,0.0,0.0,1.1093908403362274,438737.17412768566,333771.7607647177,0,6357600.0,0.04854405813119311,1.0,1.1093908403362274,732355.0078282367,2396084.4897703384,0.0,0.0,0.9904892404079377,1.0,0.0,5.210766705600001e-06,0.9904892404079377,0.0,100792.6895757388,100792.6895757388
2026-09-13 11:00:00+00:00,0.0,0.0,1.10939531938389,438737.17412768566,333773.499990689,0,6354000.0,0.048543673976132684,1.0,1.10939531938389,732344.2608343137,2396094.085297528,0.0,0.0,0.9904946733279797,1.0,0.0,5.2108106328e-06,0.9904946733279797,0.0,100793.33397375396,100793.33397375396
2026-09-13 12:00:00+00:00,0.0,0.0,1.109399798466151,438737.17412768566,333775.2392412633,0,6350400.0,0.04854314837640916,1.0,1.109399798466151,732329.557727166,2396107.2130948305,0.0,0.0,0.9905001331010032,1.0,0.0,5.2108571916e-06,0.9905001331010032,0.0,100793.99012856733,100793.99012856733
2026-09-13 13:00:00+00:00,0.0,0.0,1.1094042775051227,438737.17412768566,333776.9785220139,0,6346800.0,0.048543148434184724,1.0,1.1094042775051227,732329.557727166,2396107.2130948305,0.0,0.0,0.9905054928548553,1.0,0.0,5.2109204472e-06,0.9905054928548553,0.0,100794.60237107589,100794.60237107589
2026-09-13 14:00:00+00:00,0.0,0.0,1.1094087565621777,438737.17412768566,333778.7178372993,0,6343200.0,0.048543148492026233,1.0,1.1094087565621777,732329.557727166,2396107.2130948305,0.0,0.0,0.99051085263771,1.0,0.0,5.21099676e-06,0.99051085263771,0.0,100795.2145917741,100795.2145917741
2026-09-13 15:00:00+00:00,0.0,0.0,1.1094132356373163,438737.17412768566,333780.4571952188,0,6339600.0,0.048543148549933246,1.0,1.1094132356373163,732329.557727166,2396107.2130948305,0.0,0.0,0.9905162124495673,1.0,0.0,5.2110973368e-06,0.9905162124495673,0.0,100795.82678256265,100795.82678256265
2026-09-13 16:00:00+00:00,0.0,0.0,1.1094177147305389,438737.17412768566,333782.19657915964,0,6336000.0,0.04854314860790665,1.0,1.1094177147305389,732329.557727166,2396107.2130948305,0.0,0.0,0.9905215722904274,1.0,0.0,5.21114814e-06,0.9905215722904274,0.0,100796.43896005454,100796.43896005454
2026-09-13 17:00:00+00:00,0.0,0.0,1.109422193966846,438737.17412768566,333783.9359892349,0,6332400.0,0.04854207805578481,1.0,1.109422193966846,732299.6132495219,2396133.9494566275,0.0,0.0,0.9905271352431835,1.0,0.0,5.2111992816e-06,0.9905271352431835,0.0,100797.14022415137,100797.14022415137
2026-09-13 18:00:00+00:00,0.0,0.0,1.1094266730962363,438737.17412768566,333785.6754253788,0,6328800.0,0.048542078113889,1.0,1.1094266730962363,732299.6132495219,2396133.9494566275,0.0,0.0,0.9905324950276945,1.0,0.0,5.2112502251999995e-06,0.9905324950276945,0.0,100797.75232471776,100797.75232471776
2026-09-13 19:00:00+00:00,0.0,0.0,1.1094311522437101,438737.17412768566,333787.4148875484,0,6325200.0,0.04854207817205869,1.0,1.1094311522437101,732299.6132495219,2396133.9494566275,0.0,0.0,0.9905378548412075,1.0,0.0,5.2113010392e-06,0.9905378548412075,0.0,100798.36441198265,100798.36441198265
2026-09-13 20:00:00+00:00,0.0,0.0,1.109435631409268,438737.17412768566,333789.15437568526,0,6321600.0,0.04854207823029477,1.0,1.109435631409268,732299.6132495219,2396133.9494566275,0.0,0.0,0.9905432146837228,1.0,0.0,5.2113516768e-06,0.9905432146837228,0.0,100798.97648600471,100798.97648600471
2026-09-13 21:00:00+00:00,0.0,0.0,1.10944011059291,438737.17412768566,333790.8938897475,0,6318000.0,0.048542078288597246,1.0,1.10944011059291,732299.6132495219,2396133.9494566275,0.0,0.0,0.9905485745552404,1.0,0.0,5.211402188400001e-06,0.9905485745552404,0.0,100799.5885468258,100799.5885468258
2026-09-13 22:00:00+00:00,0.0,0.0,1.1094445897946357,438737.17412768566,333792.633429965,0,6314400.0,0.048542078346967,1.0,1.1094445897946357,732299.6132495219,2396133.9494566275,0.0,0.0,0.9905539344557602,1.0,0.0,5.2114533876000004e-06,0.9905539344557602,0.0,100800.200594216,100800.200594216
2026-09-13 23:00:00+00:00,0.0,0.0,1.1094490690144458,438737.17412768566,333794.37299703143,0,6310800.0,0.04854207840540248,1.0,1.1094490690144458,732299.6132495219,2396133.9494566275,0.0,0.0,0.990559294385283,1.0,0.0,5.211506664e-06,0.990559294385283,0.0,100800.81262748194,100800.81262748194
2026-09-14 00:00:00+00:00,0.0,0.0,1.1094535482523398,438737.17412768566,333796.11259021045,0,6307200.0,0.048542078463905014,1.0,1.1094535482523398,732299.6132495219,2396133.9494566275,0.0,0.0,0.9905646543438084,1.0,0.0,5.211557733600001e-06,0.9905646543438084,0.0,100801.42464735976,100801.42464735976
2026-09-14 01:00:00+00:00,0.0,0.0,1.1094580275083181,438737.17412768566,333797.8522124585,0,6303600.0,0.04854207852247394,1.0,1.1094580275083181,732299.6132495219,2396133.9494566275,0.0,0.0,0.990570014331337,1.0,0.0,5.2116176592e-06,0.990570014331337,0.0,100802.03665089334,100802.03665089334
2026-09-14 02:00:00+00:00,0.0,0.0,1.1094625067823811,438737.17412768566,333799.5918961312,0,6300000.0,0.04854207858111059,1.0,1.1094625067823811,732299.6132495219,2396133.9494566275,0.0,0.0,0.9905753743478684,1.0,0.0,5.211774514799999e-06,0.9905753743478684,0.0,100802.64860572689,100802.64860572689
2026-09-14 03:00:00+00:00,0.0,0.0,1.1094669860745283,438737.17412768566,333801.3315888708,0,6296400.0,0.04854207863981319,1.0,1.1094669860745283,732299.6132495219,2396133.9494566275,0.0,0.0,0.9905807343934033,1.0,0.0,5.211774514799999e-06,0.9905807343934033,0.0,100803.26056421857,100803.26056421857
2026-09-14 04:00:00+00:00,0.0,0.0,1.10947146538476,438737.17412768566,333803.0713076163,0,6292800.0,0.04854207869858418,1.0,1.10947146538476,732299.6132495219,2396133.9494566275,0.0,0.0,0.9905860944679415,1.0,0.0,5.2118252604e-06,0.9905860944679415,0.0,100803.87250942906,100803.87250942906
2026-09-14 05:00:00+00:00,0.0,0.0,1.1094759447130764,438737.17412768566,333804.8110525447,0,6289200.0,0.048542078757422225,1.0,1.1094759447130764,732299.6132495219,2396133.9494566275,0.0,0.0,0.9905914545714833,1.0,0.0,5.2118765352e-06,0.9905914545714833,0.0,100804.48444118164,100804.48444118164
2026-09-14 06:00:00+00:00,0.0,0.0,1.109480424059477,438737.17412768566,333806.5508260429,0,6285600.0,0.048542078816326883,1.0,1.109480424059477,732299.6132495219,2396133.9494566275,0.0,0.0,0.990596814704029,1.0,0.0,5.2119349595999995e-06,0.990596814704029,0.0,100805.09635708947,100805.09635708947
2026-09-14 07:00:00+00:00,0.0,0.0,1.1094849034239627,438737.17412768566,333808.29065954196,0,6282000.0,0.048542078875300376,1.0,1.1094849034239627,732299.6132495219,2396133.9494566275,0.0,0.0,0.9906021748655783,1.0,0.0,5.212087542e-06,0.9906021748655783,0.0,100805.70822572138,100805.70822572138
2026-09-14 08:00:00+00:00,0.0,0.0,1.1094893828112145,438737.17412768566,333810.03052215144,0,6278400.0,0.048542038837689594,1.0,1.1094893828112145,732298.4918776115,2396134.9507102193,0.0,0.0,0.9906075425977797,1.0,0.0,5.212147582800001e-06,0.9906075425977797,0.0,100806.32338676945,100806.32338676945
2026-09-14 09:00:00+00:00,0.0,0.0,1.1094938622118697,438737.17412768566,333811.7704140784,0,6274800.0,0.048542038896797646,1.0,1.1094938622118697,732298.4918776115,2396134.9507102193,0.0,0.0,0.990612902813054,1.0,0.0,5.2122082428000005e-06,0.990612902813054,0.0,100806.93522054469,100806.93522054469
2026-09-14 10:00:00+00:00,0.0,0.0,1.1094983416306101,438737.17412768566,333813.5103344855,0,6271200.0,0.04854203895597409,1.0,1.1094983416306101,732298.4918776115,2396134.9507102193,0.0,0.0,0.9906182630573325,1.0,0.0,5.2122663936000005e-06,0.9906182630573325,0.0,100807.54703856492,100807.54703856492
2026-09-14 11:00:00+00:00,0.0,0.0,1.109502821067435,438737.17412768566,333815.2502827267,0,6267600.0,0.04854203901521781,1.0,1.109502821067435,732298.4918776115,2396134.9507102193,0.0,0.0,0.9906236233306156,1.0,0.0,5.2123226076e-06,0.9906236233306156,0.0,100808.15884147648,100808.15884147648
2026-09-14 12:00:00+00:00,0.0,0.0,1.1095073005223453,438737.17412768566,333816.99025826156,0,6264000.0,0.048542039074530585,1.0,1.1095073005223453,732298.4918776115,2396134.9507102193,0.0,0.0,0.9906289836329031,1.0,0.0,5.2123772016e-06,0.9906289836329031,0.0,100808.77062981972,100808.77062981972
2026-09-14 13:00:00+00:00,0.0,0.0,1.1095117799953402,438737.17412768566,333818.73026338324,0,6260400.0,0.04854203913391131,1.0,1.1095117799953402,732298.4918776115,2396134.9507102193,0.0,0.0,0.9906343439641955,1.0,0.0,5.2124386644e-06,0.9906343439641955,0.0,100809.38240130164,100809.38240130164
2026-09-14 14:00:00+00:00,0.0,0.0,1.109516259486421,438737.17412768566,333820.4702942958,0,6256800.0,0.048542039193359754,1.0,1.109516259486421,732298.4918776115,2396134.9507102193,0.0,0.0,0.990639704324493,1.0,0.0,5.212488754799999e-06,0.990639704324493,0.0,100809.99415971834,100809.99415971834
2026-09-14 15:00:00+00:00,0.0,0.0,1.1095207389955866,438737.17412768566,333822.2103544595,0,6253200.0,0.0485420392528777,1.0,1.1095207389955866,732298.4918776115,2396134.9507102193,0.0,0.0,0.9906450647137953,1.0,0.0,5.212549209600001e-06,0.9906450647137953,0.0,100810.60590160935,100810.60590160935
2026-09-14 16:00:00+00:00,0.0,0.0,1.1095252185228377,438737.17412768566,333823.9504424132,0,6249600.0,0.048542039312462926,1.0,1.1095252185228377,732298.4918776115,2396134.9507102193,0.0,0.0,0.9906504251321032,1.0,0.0,5.2126052868e-06,0.9906504251321032,0.0,100811.21762843616,100811.21762843616
2026-09-14 17:00:00+00:00,0.0,0.0,1.1095296980681744,438737.17412768566,333825.690554915,0,6246000.0,0.04854203937211765,1.0,1.1095296980681744,732298.4918776115,2396134.9507102193,0.0,0.0,0.9906557855794165,1.0,0.0,5.2126516512e-06,0.9906557855794165,0.0,100811.82934344065,100811.82934344065
2026-09-14 18:00:00+00:00,0.0,0.0,1.1095341776315961,438737.17412768566,333827.4306932955,0,6242400.0,0.04854203943184121,1.0,1.1095341776315961,732298.4918776115,2396134.9507102193,0.0,0.0,0.9906611460557352,1.0,0.0,5.2127020008e-06,0.9906611460557352,0.0,100812.44104529225,100812.44104529225
2026-09-14 19:00:00+00:00,0.0,0.0,1.1095386572131036,438737.17412768566,333829.17086362524,0,6238800.0,0.04854203949163405,1.0,1.1095386572131036,732298.4918776115,2396134.9507102193,0.0,0.0,0.9906665065610596,1.0,0.0,5.212770534e-06,0.9906665065610596,0.0,100813.05272792041,100813.05272792041
2026-09-14 20:00:00+00:00,0.0,0.0,1.109543136812697,438737.17412768566,333830.9110604881,0,6235200.0,0.048542039551495275,1.0,1.109543136812697,732298.4918776115,2396134.9507102193,0.0,0.0,0.99067186709539,1.0,0.0,5.212822842e-06,0.99067186709539,0.0,100813.66439674149,100813.66439674149
2026-09-14 21:00:00+00:00,0.0,0.0,1.1095476164303757,438737.17412768566,333832.6512835948,0,6231600.0,0.048542039611426446,1.0,1.1095476164303757,732298.4918776115,2396134.9507102193,0.0,0.0,0.9906772276587265,1.0,0.0,5.2128742824000005e-06,0.9906772276587265,0.0,100814.27605204476,100814.27605204476
2026-09-14 22:00:00+00:00,0.0,0.0,1.1095520960661407,438737.17412768566,333834.39153232554,0,6228000.0,0.048542039671426895,1.0,1.1095520960661407,732298.4918776115,2396134.9507102193,0.0,0.0,0.990682588251069,1.0,0.0,5.2129238652e-06,0.990682588251069,0.0,100814.88769445004,100814.88769445004
2026-09-14 23:00:00+00:00,0.0,0.0,1.1095565757199914,438737.17412768566,333836.1318111189,0,6224400.0,0.04854203973149662,1.0,1.1095565757199914,732298.4918776115,2396134.9507102193,0.0,0.0,0.990687948872418,1.0,0.0,5.2129867428e-06,0.990687948872418,0.0,100815.49931951886,100815.49931951886
2026-09-15 00:00:00+00:00,0.0,0.0,1.109561055391928,438737.17412768566,333837.8721154204,0,6220800.0,0.048542039791635405,1.0,1.109561055391928,732298.4918776115,2396134.9507102193,0.0,0.0,0.9906933095227736,1.0,0.0,5.213035976399999e-06,0.9906933095227736,0.0,100816.11093180586,100816.11093180586
2026-09-15 01:00:00+00:00,0.0,0.0,1.1095655350819502,438737.17412768566,333839.61244584084,0,6217200.0,0.048542039851844354,1.0,1.1095655350819502,732298.4918776115,2396134.9507102193,0.0,0.0,0.9906986702021358,1.0,0.0,5.2130870388000005e-06,0.9906986702021358,0.0,100816.72253070021,100816.72253070021
2026-09-15 02:00:00+00:00,0.0,0.0,1.1095700147900591,438737.17412768566,333841.35280231445,0,6213600.0,0.048542039912123025,1.0,1.1095700147900591,732298.4918776115,2396134.9507102193,0.0,0.0,0.9907040309105047,1.0,0.0,5.2131379032e-06,0.9907040309105047,0.0,100817.33411626774,100817.33411626774
2026-09-15 03:00:00+00:00,0.0,0.0,1.1095744945162538,438737.17412768566,333843.0929350605,0,6210000.0,0.048542039972471196,1.0,1.1095744945162538,732298.4918776115,2396134.9507102193,0.0,0.0,0.9907093916478809,1.0,0.0,5.212440568799999e-06,0.9907093916478809,0.0,100817.94593828934,100817.94593828934
2026-09-15 04:00:00+00:00,0.0,0.0,1.1095789742605349,438737.17412768566,333844.8333417567,0,6206400.0,0.04854204003288998,1.0,1.1095789742605349,732298.4918776115,2396134.9507102193,0.0,0.0,0.990714752414264,1.0,0.0,5.2132339908e-06,0.990714752414264,0.0,100818.55749908718,100818.55749908718
2026-09-15 05:00:00+00:00,0.0,0.0,1.1095834540229021,438737.17412768566,333846.5737575261,0,6202800.0,0.048542040093379146,1.0,1.1095834540229021,732298.4918776115,2396134.9507102193,0.0,0.0,0.9907201132096544,1.0,0.0,5.2132339908e-06,0.9907201132096544,0.0,100819.16906353849,100819.16906353849
2026-09-15 06:00:00+00:00,0.0,0.0,1.109587933803356,438737.17412768566,333848.31419930165,0,6199200.0,0.048542040153938704,1.0,1.109587933803356,732298.4918776115,2396134.9507102193,0.0,0.0,0.9907254740340522,1.0,0.0,5.2132847111999996e-06,0.9907254740340522,0.0,100819.78061471024,100819.78061471024
2026-09-15 07:00:00+00:00,0.0,0.0,1.109592413601896,438737.17412768566,333850.0546675043,0,6195600.0,0.04854204021456798,1.0,1.109592413601896,732298.4918776115,2396134.9507102193,0.0,0.0,0.9907308348874578,1.0,0.0,5.2133366916e-06,0.9907308348874578,0.0,100820.39215218171,100820.39215218171
2026-09-15 08:00:00+00:00,0.0,0.0,1.1095968934185227,438737.17412768566,333851.7951617317,0,6192000.0,0.048542040275268095,1.0,1.1095968934185227,732298.4918776115,2396134.9507102193,0.0,0.0,0.9907361957698712,1.0,0.0,5.213387466e-06,0.9907361957698712,0.0,100821.00367635512,100821.00367635512
2026-09-15 09:00:00+00:00,0.0,0.0,1.109601373253236,438737.17412768566,333853.53569022554,0,6188400.0,0.04854204033603904,1.0,1.109601373253236,732298.4918776115,2396134.9507102193,0.0,0.0,0.9907415566812923,1.0,0.0,5.213462925599999e-06,0.9907415566812923,0.0,100821.61517898896,100821.61517898896
2026-09-15 10:00:00+00:00,0.0,0.0,1.1096058531265371,438737.17412768566,333855.27624538663,0,6184800.0,0.04854186483716405,1.0,1.1096058531265371,732293.5828085209,2396139.3340913,0.0,0.0,0.9907469501544772,1.0,0.0,5.2135156224000006e-06,0.9907469501544772,0.0,100822.24094101175,100822.24094101175
2026-09-15 11:00:00+00:00,0.0,0.0,1.1096103329974238,438737.17412768566,333857.0168266998,0,6181200.0,0.04854186489807599,1.0,1.1096103329974238,732293.5828085209,2396139.3340913,0.0,0.0,0.9907523111051544,1.0,0.0,5.213566774799999e-06,0.9907523111051544,0.0,100822.85240804934,100822.85240804934
2026-09-15 12:00:00+00:00,0.0,0.0,1.1096148128825292,438737.17412768566,333858.7574342855,0,6177600.0,0.04854189808285825,1.0,1.1096148128825292,732294.5090323408,2396138.5071115852,0.0,0.0,0.990757665953788,1.0,0.0,5.2136182872e-06,0.990757665953788,0.0,100823.46117162105,100823.46117162105
2026-09-15 13:00:00+00:00,0.0,0.0,1.1096192927895896,438737.17412768566,333860.49807103816,0,6174000.0,0.048541898143912965,1.0,1.1096192927895896,732294.5090323408,2396138.5071115852,0.0,0.0,0.9907630269660214,1.0,0.0,5.2136784684e-06,0.9907630269660214,0.0,100824.07261022605,100824.07261022605
2026-09-15 14:00:00+00:00,0.0,0.0,1.1096237727147373,438737.17412768566,333862.23873380566,0,6170400.0,0.04854189820503829,1.0,1.1096237727147373,732294.5090323408,2396138.5071115852,0.0,0.0,0.9907683880072634,1.0,0.0,5.2137292068e-06,0.9907683880072634,0.0,100824.68403554353,100824.68403554353
2026-09-15 15:00:00+00:00,0.0,0.0,1.1096282526579715,438737.17412768566,333863.98990413104,0,6166800.0,0.04854189826623645,1.0,1.1096282526579715,732294.5090323408,2396138.5071115852,0.0,0.0,0.9907737490775139,1.0,0.0,5.2451745948e-06,0.9907737490775139,0.0,100825.2849660301,100825.2849660301
